time,movement
08:00:00.000,0.076352
08:00:00.100,0.189551
08:00:00.200,-0.080255
08:00:00.300,-0.065454
08:00:00.400,-0.025064
08:00:00.500,0.034946
08:00:00.600,0.011642
08:00:00.700,0.072517
08:00:00.800,-0.135022
08:00:00.900,0.047622
08:00:01.000,-0.089066
08:00:01.100,-0.0172
08:00:01.200,0.204962
08:00:01.300,-0.167789
08:00:01.400,-0.033536
08:00:01.500,-0.152957
08:00:01.600,0.018368
08:00:01.700,0.125788
08:00:01.800,0.020359
08:00:01.900,-0.014006
08:00:02.000,0.159408
08:00:02.100,0.03966
08:00:02.200,0.098348
08:00:02.300,0.085831
08:00:02.400,-0.345149
08:00:02.500,-0.0092
08:00:02.600,-0.129369
08:00:02.700,-0.099518
08:00:02.800,0.17695
08:00:02.900,-0.044977
08:00:03.000,0.227108
08:00:03.100,-0.168923
08:00:03.200,-0.13004
08:00:03.300,0.091482
08:00:03.400,-0.040965
08:00:03.500,0.036879
08:00:03.600,-0.013477
08:00:03.700,-0.017109
08:00:03.800,-0.036508
08:00:03.900,0.021539
08:00:04.000,0.076997
08:00:04.100,0.193731
08:00:04.200,-0.024302
08:00:04.300,-0.047237
08:00:04.400,-0.062695
08:00:04.500,0.176374
08:00:04.600,0.082839
08:00:04.700,-0.227884
08:00:04.800,-0.233174
08:00:04.900,-0.099607
08:00:05.000,0.027617
08:00:05.100,-0.004016
08:00:05.200,0.061773
08:00:05.300,-0.021053
08:00:05.400,0.16769
08:00:05.500,0.092653
08:00:05.600,0.009309
08:00:05.700,0.137441
08:00:05.800,-0.197869
08:00:05.900,-0.010209
08:00:06.000,0.016501
08:00:06.100,0.072244
08:00:06.200,-0.20582
08:00:06.300,-0.031249
08:00:06.400,0.048055
08:00:06.500,0.057259
08:00:06.600,0.142336
08:00:06.700,0.091381
08:00:06.800,-0.007302
08:00:06.900,0.080997
08:00:07.000,-0.024164
08:00:07.100,0.017613
08:00:07.200,0.095376
08:00:07.300,-0.005436
08:00:07.400,0.043439
08:00:07.500,0.115357
08:00:07.600,0.08546
08:00:07.700,0.148017
08:00:07.800,0.279414
08:00:07.900,0.084351
08:00:08.000,-0.055355
08:00:08.100,0.061419
08:00:08.200,0.056258
08:00:08.300,0.073621
08:00:08.400,0.179402
08:00:08.500,-0.202093
08:00:08.600,0.181661
08:00:08.700,0.22205
08:00:08.800,0.068168
08:00:08.900,0.071056
08:00:09.000,-0.028997
08:00:09.100,0.000759
08:00:09.200,0.083754
08:00:09.300,0.076026
08:00:09.400,0.086485
08:00:09.500,0.0752
08:00:09.600,0.107807
08:00:09.700,0.094398
08:00:09.800,-0.122922
08:00:09.900,0.099872
08:00:10.000,0.22303
08:00:10.100,-0.003195
08:00:10.200,0.179938
08:00:10.300,-0.110075
08:00:10.400,-0.003572
08:00:10.500,-0.076939
08:00:10.600,0.165507
08:00:10.700,0.196857
08:00:10.800,-0.011904
08:00:10.900,0.140527
08:00:11.000,0.198075
08:00:11.100,-0.00395
08:00:11.200,0.01557
08:00:11.300,0.088034
08:00:11.400,-0.101105
08:00:11.500,0.013212
08:00:11.600,0.257134
08:00:11.700,-0.060002
08:00:11.800,0.102459
08:00:11.900,0.062857
08:00:12.000,-0.019652
08:00:12.100,0.026599
08:00:12.200,0.210314
08:00:12.300,0.066432
08:00:12.400,0.085178
08:00:12.500,0.192103
08:00:12.600,-0.034729
08:00:12.700,-0.12563
08:00:12.800,0.212202
08:00:12.900,0.016383
08:00:13.000,0.107232
08:00:13.100,-0.09148
08:00:13.200,0.046623
08:00:13.300,-0.131632
08:00:13.400,0.007649
08:00:13.500,-0.077751
08:00:13.600,-0.105319
08:00:13.700,-0.036375
08:00:13.800,-0.275207
08:00:13.900,-0.139188
08:00:14.000,0.09389
08:00:14.100,0.04172
08:00:14.200,-0.128902
08:00:14.300,0.065745
08:00:14.400,-0.105386
08:00:14.500,0.086636
08:00:14.600,-0.013877
08:00:14.700,-0.039015
08:00:14.800,-0.010928
08:00:14.900,0.307143
08:00:15.000,-0.091056
08:00:15.100,0.027187
08:00:15.200,0.093764
08:00:15.300,-0.11549
08:00:15.400,-0.191311
08:00:15.500,-0.072132
08:00:15.600,0.091136
08:00:15.700,-0.04104
08:00:15.800,-0.027733
08:00:15.900,0.109292
08:00:16.000,-0.096761
08:00:16.100,-0.010651
08:00:16.200,-0.181661
08:00:16.300,0.038486
08:00:16.400,0.027541
08:00:16.500,0.095464
08:00:16.600,-0.137431
08:00:16.700,-0.023027
08:00:16.800,-0.153416
08:00:16.900,-0.029533
08:00:17.000,0.177815
08:00:17.100,-0.03849
08:00:17.200,-0.16391
08:00:17.300,-0.081586
08:00:17.400,-0.193314
08:00:17.500,-0.155493
08:00:17.600,0.080518
08:00:17.700,-0.173554
08:00:17.800,0.037479
08:00:17.900,0.003089
08:00:18.000,-0.063783
08:00:18.100,0.027282
08:00:18.200,-0.112519
08:00:18.300,0.100901
08:00:18.400,-0.083801
08:00:18.500,-0.046364
08:00:18.600,-0.060642
08:00:18.700,0.082737
08:00:18.800,0.065333
08:00:18.900,-0.314604
08:00:19.000,0.030509
08:00:19.100,-0.209351
08:00:19.200,-0.040959
08:00:19.300,-0.012981
08:00:19.400,-0.042247
08:00:19.500,0.060098
08:00:19.600,0.086409
08:00:19.700,-0.092816
08:00:19.800,-0.097176
08:00:19.900,-0.004316
08:00:20.000,-0.185248
08:00:20.100,-0.057237
08:00:20.200,0.161769
08:00:20.300,-0.180756
08:00:20.400,-0.040814
08:00:20.500,-0.071076
08:00:20.600,0.240632
08:00:20.700,-0.064543
08:00:20.800,-0.057577
08:00:20.900,-0.123692
08:00:21.000,0.001119
08:00:21.100,0.03242
08:00:21.200,-0.106298
08:00:21.300,0.118647
08:00:21.400,0.032528
08:00:21.500,0.102228
08:00:21.600,-0.039376
08:00:21.700,0.029182
08:00:21.800,-0.025572
08:00:21.900,0.174922
08:00:22.000,0.013952
08:00:22.100,0.00105
08:00:22.200,-0.054989
08:00:22.300,-0.061916
08:00:22.400,0.028527
08:00:22.500,0.09835
08:00:22.600,-0.082147
08:00:22.700,0.01519
08:00:22.800,0.0221
08:00:22.900,0.043004
08:00:23.000,-0.2049
08:00:23.100,-0.110968
08:00:23.200,-0.163901
08:00:23.300,0.003946
08:00:23.400,-0.108117
08:00:23.500,-0.059549
08:00:23.600,-0.143314
08:00:23.700,-0.048388
08:00:23.800,-0.134892
08:00:23.900,0.090949
08:00:24.000,0.057507
08:00:24.100,0.018028
08:00:24.200,-0.036233
08:00:24.300,-0.244522
08:00:24.400,-0.054985
08:00:24.500,-0.091375
08:00:24.600,0.029673
08:00:24.700,0.074365
08:00:24.800,0.038956
08:00:24.900,0.151565
08:00:25.000,-0.068198
08:00:25.100,-0.073173
08:00:25.200,0.124545
08:00:25.300,0.019946
08:00:25.400,-0.02964
08:00:25.500,0.221583
08:00:25.600,0.069328
08:00:25.700,-0.022865
08:00:25.800,-0.082313
08:00:25.900,0.159182
08:00:26.000,0.02484
08:00:26.100,0.002942
08:00:26.200,0.081153
08:00:26.300,0.105611
08:00:26.400,0.065984
08:00:26.500,0.106077
08:00:26.600,0.054165
08:00:26.700,0.066587
08:00:26.800,-0.087797
08:00:26.900,0.217242
08:00:27.000,-0.148041
08:00:27.100,0.037125
08:00:27.200,-0.160412
08:00:27.300,-0.011775
08:00:27.400,-0.068555
08:00:27.500,0.016291
08:00:27.600,0.041011
08:00:27.700,-0.11476
08:00:27.800,-0.00353
08:00:27.900,0.167241
08:00:28.000,-0.157472
08:00:28.100,-0.102486
08:00:28.200,0.103291
08:00:28.300,0.009307
08:00:28.400,0.018139
08:00:28.500,0.122676
08:00:28.600,-0.095288
08:00:28.700,-0.06232
08:00:28.800,-0.077117
08:00:28.900,-0.041784
08:00:29.000,0.160743
08:00:29.100,-0.20413
08:00:29.200,-0.143306
08:00:29.300,-0.163882
08:00:29.400,0.168203
08:00:29.500,-0.073728
08:00:29.600,-0.039201
08:00:29.700,-0.193756
08:00:29.800,-0.031486
08:00:29.900,0.103983
08:00:30.000,0.030355
08:00:30.100,-0.012944
08:00:30.200,-0.187786
08:00:30.300,-0.039354
08:00:30.400,0.01763
08:00:30.500,-0.119019
08:00:30.600,0.078587
08:00:30.700,0.106208
08:00:30.800,-0.063438
08:00:30.900,0.0871
08:00:31.000,-0.013169
08:00:31.100,0.137657
08:00:31.200,0.244098
08:00:31.300,-0.13124
08:00:31.400,0.092338
08:00:31.500,0.156596
08:00:31.600,-0.116482
08:00:31.700,-0.069014
08:00:31.800,-0.070365
08:00:31.900,-0.015934
08:00:32.000,-0.042764
08:00:32.100,-0.023794
08:00:32.200,0.100559
08:00:32.300,-0.227497
08:00:32.400,-0.116867
08:00:32.500,0.080391
08:00:32.600,0.066333
08:00:32.700,-0.127025
08:00:32.800,0.067164
08:00:32.900,0.159224
08:00:33.000,-0.005883
08:00:33.100,-0.120955
08:00:33.200,0.104995
08:00:33.300,0.206765
08:00:33.400,-0.106337
08:00:33.500,0.00471
08:00:33.600,0.130819
08:00:33.700,0.013843
08:00:33.800,-0.209676
08:00:33.900,0.05321
08:00:34.000,-0.117457
08:00:34.100,-0.152487
08:00:34.200,-0.20733
08:00:34.300,0.142849
08:00:34.400,-0.100165
08:00:34.500,0.04
08:00:34.600,0.069475
08:00:34.700,0.019418
08:00:34.800,0.035588
08:00:34.900,0.045726
08:00:35.000,0.016572
08:00:35.100,-0.091219
08:00:35.200,-0.10192
08:00:35.300,-0.012598
08:00:35.400,-0.01514
08:00:35.500,0.051518
08:00:35.600,0.132198
08:00:35.700,0.041269
08:00:35.800,-0.097306
08:00:35.900,-0.261739
08:00:36.000,-0.092272
08:00:36.100,-0.161339
08:00:36.200,-0.087645
08:00:36.300,0.029073
08:00:36.400,0.010127
08:00:36.500,0.222981
08:00:36.600,0.05797
08:00:36.700,0.2291
08:00:36.800,0.085817
08:00:36.900,0.130285
08:00:37.000,-0.043068
08:00:37.100,-0.128941
08:00:37.200,-0.053875
08:00:37.300,-0.001424
08:00:37.400,-0.075379
08:00:37.500,-0.120137
08:00:37.600,0.050021
08:00:37.700,-0.120648
08:00:37.800,-0.184019
08:00:37.900,-0.13465
08:00:38.000,-0.028123
08:00:38.100,-0.11891
08:00:38.200,-0.027371
08:00:38.300,0.072053
08:00:38.400,0.068933
08:00:38.500,-0.079299
08:00:38.600,-0.156473
08:00:38.700,-0.069075
08:00:38.800,0.078677
08:00:38.900,0.106704
08:00:39.000,0.042347
08:00:39.100,0.144172
08:00:39.200,0.207504
08:00:39.300,-0.057987
08:00:39.400,0.178388
08:00:39.500,-0.031266
08:00:39.600,0.122382
08:00:39.700,0.085029
08:00:39.800,-0.237247
08:00:39.900,-0.115947
08:00:40.000,-0.146555
08:00:40.100,-0.213846
08:00:40.200,0.105518
08:00:40.300,0.248253
08:00:40.400,-0.030921
08:00:40.500,0.102499
08:00:40.600,0.178155
08:00:40.700,0.025
08:00:40.800,-0.003038
08:00:40.900,-0.029483
08:00:41.000,0.064507
08:00:41.100,0.104963
08:00:41.200,0.055417
08:00:41.300,0.051296
08:00:41.400,-0.006144
08:00:41.500,-0.191155
08:00:41.600,0.107726
08:00:41.700,-0.154155
08:00:41.800,0.074326
08:00:41.900,0.090688
08:00:42.000,-0.136852
08:00:42.100,-0.072936
08:00:42.200,0.254577
08:00:42.300,-0.009538
08:00:42.400,-0.146426
08:00:42.500,0.096106
08:00:42.600,-0.092721
08:00:42.700,-0.230463
08:00:42.800,0.062372
08:00:42.900,-0.109994
08:00:43.000,0.038543
08:00:43.100,-0.097523
08:00:43.200,0.084865
08:00:43.300,0.02202
08:00:43.400,-0.310705
08:00:43.500,0.045842
08:00:43.600,-0.034768
08:00:43.700,0.170006
08:00:43.800,0.047425
08:00:43.900,0.090739
08:00:44.000,-0.085265
08:00:44.100,-0.094808
08:00:44.200,-0.003078
08:00:44.300,-0.043274
08:00:44.400,0.160561
08:00:44.500,-0.018398
08:00:44.600,-0.146979
08:00:44.700,-0.09931
08:00:44.800,0.115806
08:00:44.900,-0.020071
08:00:45.000,-0.026485
08:00:45.100,0.127223
08:00:45.200,-0.109772
08:00:45.300,-0.268221
08:00:45.400,-0.102344
08:00:45.500,0.029051
08:00:45.600,-0.029941
08:00:45.700,-0.187252
08:00:45.800,0.121927
08:00:45.900,0.01962
08:00:46.000,0.046682
08:00:46.100,0.050353
08:00:46.200,-0.155823
08:00:46.300,0.036345
08:00:46.400,0.108894
08:00:46.500,0.136837
08:00:46.600,0.086552
08:00:46.700,0.061576
08:00:46.800,-0.208491
08:00:46.900,-0.001792
08:00:47.000,-0.114789
08:00:47.100,0.15386
08:00:47.200,0.135646
08:00:47.300,-0.114063
08:00:47.400,-0.005517
08:00:47.500,0.029821
08:00:47.600,0.108095
08:00:47.700,-0.201074
08:00:47.800,-0.265155
08:00:47.900,0.004578
08:00:48.000,-0.30377
08:00:48.100,0.019029
08:00:48.200,0.071065
08:00:48.300,0.14833
08:00:48.400,-0.074708
08:00:48.500,0.019342
08:00:48.600,0.078181
08:00:48.700,-0.141086
08:00:48.800,0.109842
08:00:48.900,0.032921
08:00:49.000,-0.072654
08:00:49.100,0.016966
08:00:49.200,-0.01672
08:00:49.300,0.093609
08:00:49.400,-0.043255
08:00:49.500,0.027251
08:00:49.600,-0.074512
08:00:49.700,-0.112541
08:00:49.800,0.020584
08:00:49.900,-0.107612
08:00:50.000,0.09607
08:00:50.100,0.071068
08:00:50.200,-0.091814
08:00:50.300,0.025654
08:00:50.400,-0.092364
08:00:50.500,-0.192518
08:00:50.600,-0.071667
08:00:50.700,-0.006038
08:00:50.800,0.062569
08:00:50.900,0.017938
08:00:51.000,0.108921
08:00:51.100,-0.11774
08:00:51.200,-0.045204
08:00:51.300,0.197324
08:00:51.400,-0.23173
08:00:51.500,-0.054235
08:00:51.600,-0.128579
08:00:51.700,-0.023448
08:00:51.800,-0.052134
08:00:51.900,0.072259
08:00:52.000,0.030662
08:00:52.100,-0.156674
08:00:52.200,-0.070579
08:00:52.300,-1.4e-05
08:00:52.400,0.088726
08:00:52.500,0.291955
08:00:52.600,0.084335
08:00:52.700,-0.1215
08:00:52.800,-0.011261
08:00:52.900,0.021717
08:00:53.000,-0.062327
08:00:53.100,0.056431
08:00:53.200,-0.272565
08:00:53.300,0.066378
08:00:53.400,-0.057166
08:00:53.500,-0.013165
08:00:53.600,0.175887
08:00:53.700,-0.151382
08:00:53.800,0.032726
08:00:53.900,0.095271
08:00:54.000,0.02044
08:00:54.100,-0.193703
08:00:54.200,0.162048
08:00:54.300,-0.025362
08:00:54.400,-0.063305
08:00:54.500,-0.037258
08:00:54.600,-0.045858
08:00:54.700,-0.142822
08:00:54.800,0.019794
08:00:54.900,-0.071668
08:00:55.000,0.080507
08:00:55.100,0.062111
08:00:55.200,0.19508
08:00:55.300,-0.025396
08:00:55.400,-0.09639
08:00:55.500,-0.176369
08:00:55.600,0.263201
08:00:55.700,0.079453
08:00:55.800,-0.08309
08:00:55.900,0.203179
08:00:56.000,0.162739
08:00:56.100,-0.162153
08:00:56.200,-0.090417
08:00:56.300,-0.015879
08:00:56.400,-0.12841
08:00:56.500,-0.01159
08:00:56.600,0.085435
08:00:56.700,-0.164791
08:00:56.800,0.03516
08:00:56.900,0.14022
08:00:57.000,0.048026
08:00:57.100,-0.009074
08:00:57.200,-0.080172
08:00:57.300,0.099701
08:00:57.400,-0.14123
08:00:57.500,0.029135
08:00:57.600,0.003062
08:00:57.700,0.135073
08:00:57.800,-0.06993
08:00:57.900,-0.059728
08:00:58.000,-0.149024
08:00:58.100,0.052474
08:00:58.200,-0.050858
08:00:58.300,-0.103449
08:00:58.400,-0.092018
08:00:58.500,0.064453
08:00:58.600,-0.132355
08:00:58.700,-0.1217
08:00:58.800,0.107563
08:00:58.900,-0.019934
08:00:59.000,0.114653
08:00:59.100,-0.043123
08:00:59.200,-0.000135
08:00:59.300,0.018756
08:00:59.400,0.166474
08:00:59.500,0.156705
08:00:59.600,0.138388
08:00:59.700,-0.075458
08:00:59.800,-0.11842
08:00:59.900,0.091295
08:01:00.000,0.165211
08:01:00.100,0.139538
08:01:00.200,0.001566
08:01:00.300,0.087337
08:01:00.400,0.089447
08:01:00.500,0.017873
08:01:00.600,0.023085
08:01:00.700,0.011783
08:01:00.800,-0.094572
08:01:00.900,-0.082326
08:01:01.000,-0.084179
08:01:01.100,-0.191908
08:01:01.200,0.017143
08:01:01.300,-0.004869
08:01:01.400,0.091436
08:01:01.500,0.151286
08:01:01.600,0.158915
08:01:01.700,0.170216
08:01:01.800,-0.09085
08:01:01.900,-0.171835
08:01:02.000,0.111689
08:01:02.100,0.165856
08:01:02.200,0.186719
08:01:02.300,0.0582
08:01:02.400,-0.239604
08:01:02.500,0.043873
08:01:02.600,0.066653
08:01:02.700,0.150249
08:01:02.800,0.171555
08:01:02.900,0.109156
08:01:03.000,-0.070473
08:01:03.100,-0.123494
08:01:03.200,0.064075
08:01:03.300,-0.09509
08:01:03.400,0.177016
08:01:03.500,-0.204547
08:01:03.600,0.068026
08:01:03.700,0.038344
08:01:03.800,-0.024812
08:01:03.900,-0.111014
08:01:04.000,-0.247413
08:01:04.100,-0.063771
08:01:04.200,-0.061666
08:01:04.300,0.133408
08:01:04.400,-0.093943
08:01:04.500,0.054332
08:01:04.600,-0.155069
08:01:04.700,0.05763
08:01:04.800,-0.268524
08:01:04.900,0.251436
08:01:05.000,-0.016928
08:01:05.100,-0.33534
08:01:05.200,-0.08613
08:01:05.300,-0.105079
08:01:05.400,-0.078698
08:01:05.500,-0.043757
08:01:05.600,-0.079514
08:01:05.700,-0.097969
08:01:05.800,-0.139042
08:01:05.900,0.098615
08:01:06.000,0.144136
08:01:06.100,-0.030549
08:01:06.200,-0.002116
08:01:06.300,-0.13516
08:01:06.400,0.008522
08:01:06.500,0.027596
08:01:06.600,-0.026328
08:01:06.700,0.047529
08:01:06.800,0.037045
08:01:06.900,-0.126497
08:01:07.000,0.143166
08:01:07.100,-0.024918
08:01:07.200,0.201069
08:01:07.300,0.05045
08:01:07.400,0.236512
08:01:07.500,0.141032
08:01:07.600,0.027263
08:01:07.700,-0.086773
08:01:07.800,-0.084188
08:01:07.900,0.063964
08:01:08.000,0.017175
08:01:08.100,-0.070683
08:01:08.200,0.099967
08:01:08.300,0.004653
08:01:08.400,0.100681
08:01:08.500,-0.117056
08:01:08.600,0.119937
08:01:08.700,0.060119
08:01:08.800,0.143708
08:01:08.900,0.117292
08:01:09.000,-0.010194
08:01:09.100,-0.019845
08:01:09.200,0.213964
08:01:09.300,-0.034868
08:01:09.400,0.089812
08:01:09.500,-0.045766
08:01:09.600,-0.223426
08:01:09.700,-0.147281
08:01:09.800,0.048711
08:01:09.900,0.084136
08:01:10.000,0.049106
08:01:10.100,0.137514
08:01:10.200,0.046951
08:01:10.300,-0.093028
08:01:10.400,0.071316
08:01:10.500,0.020353
08:01:10.600,-0.069067
08:01:10.700,0.056702
08:01:10.800,0.009524
08:01:10.900,-0.0726
08:01:11.000,-0.021344
08:01:11.100,0.169628
08:01:11.200,0.165707
08:01:11.300,0.022577
08:01:11.400,0.006872
08:01:11.500,-0.171966
08:01:11.600,0.206324
08:01:11.700,0.124361
08:01:11.800,0.090234
08:01:11.900,-0.272968
08:01:12.000,0.004911
08:01:12.100,-0.015255
08:01:12.200,0.081938
08:01:12.300,-0.054124
08:01:12.400,-0.027805
08:01:12.500,0.07433
08:01:12.600,-0.092829
08:01:12.700,-0.068885
08:01:12.800,0.023199
08:01:12.900,0.160618
08:01:13.000,0.097016
08:01:13.100,0.129048
08:01:13.200,0.007598
08:01:13.300,0.179409
08:01:13.400,-0.208942
08:01:13.500,0.242669
08:01:13.600,0.258211
08:01:13.700,0.054794
08:01:13.800,0.099872
08:01:13.900,-0.00456
08:01:14.000,-0.025148
08:01:14.100,-0.073304
08:01:14.200,-0.005881
08:01:14.300,0.066712
08:01:14.400,0.050386
08:01:14.500,0.238392
08:01:14.600,0.012033
08:01:14.700,-0.178659
08:01:14.800,0.197317
08:01:14.900,-0.146515
08:01:15.000,-0.067127
08:01:15.100,0.032609
08:01:15.200,0.050061
08:01:15.300,-0.173453
08:01:15.400,-0.089577
08:01:15.500,-0.177694
08:01:15.600,0.074606
08:01:15.700,0.142006
08:01:15.800,-0.146621
08:01:15.900,0.119479
08:01:16.000,0.111693
08:01:16.100,-0.079088
08:01:16.200,-0.237909
08:01:16.300,-0.128551
08:01:16.400,-0.071431
08:01:16.500,0.185001
08:01:16.600,-0.014196
08:01:16.700,-0.120819
08:01:16.800,0.017742
08:01:16.900,-0.155442
08:01:17.000,0.061721
08:01:17.100,-0.11732
08:01:17.200,-0.099903
08:01:17.300,0.045059
08:01:17.400,0.210028
08:01:17.500,0.263735
08:01:17.600,-0.124784
08:01:17.700,-0.071593
08:01:17.800,0.061864
08:01:17.900,0.140255
08:01:18.000,-0.25969
08:01:18.100,0.01048
08:01:18.200,-0.058457
08:01:18.300,-0.230883
08:01:18.400,-0.16046
08:01:18.500,-0.068133
08:01:18.600,0.007058
08:01:18.700,0.120972
08:01:18.800,0.042522
08:01:18.900,0.113705
08:01:19.000,0.003207
08:01:19.100,-0.084594
08:01:19.200,-0.02205
08:01:19.300,0.083462
08:01:19.400,0.123907
08:01:19.500,-0.017745
08:01:19.600,-0.111494
08:01:19.700,0.040279
08:01:19.800,0.057358
08:01:19.900,0.147926
08:01:20.000,-0.081452
08:01:20.100,-0.080136
08:01:20.200,0.090739
08:01:20.300,-0.048892
08:01:20.400,-0.053962
08:01:20.500,0.150497
08:01:20.600,-0.164521
08:01:20.700,0.246744
08:01:20.800,-0.073516
08:01:20.900,0.104007
08:01:21.000,-0.013056
08:01:21.100,0.032563
08:01:21.200,-0.031534
08:01:21.300,0.102789
08:01:21.400,-0.041679
08:01:21.500,-0.068754
08:01:21.600,0.217601
08:01:21.700,0.003526
08:01:21.800,-0.081083
08:01:21.900,-0.178834
08:01:22.000,0.223869
08:01:22.100,-0.066231
08:01:22.200,0.247421
08:01:22.300,0.047863
08:01:22.400,0.017146
08:01:22.500,0.020381
08:01:22.600,0.265914
08:01:22.700,-0.263066
08:01:22.800,0.025721
08:01:22.900,-0.031824
08:01:23.000,-0.025571
08:01:23.100,0.017917
08:01:23.200,-0.03195
08:01:23.300,0.022576
08:01:23.400,-0.002829
08:01:23.500,-0.157627
08:01:23.600,0.045764
08:01:23.700,0.085927
08:01:23.800,-0.065048
08:01:23.900,0.224148
08:01:24.000,0.160269
08:01:24.100,0.101274
08:01:24.200,0.099818
08:01:24.300,0.003612
08:01:24.400,0.136965
08:01:24.500,0.188491
08:01:24.600,0.096963
08:01:24.700,-0.068434
08:01:24.800,-0.004762
08:01:24.900,0.06884
08:01:25.000,0.100529
08:01:25.100,-0.009297
08:01:25.200,-0.068017
08:01:25.300,0.190105
08:01:25.400,-0.128678
08:01:25.500,-0.11296
08:01:25.600,-0.159255
08:01:25.700,-0.113226
08:01:25.800,0.149681
08:01:25.900,0.1537
08:01:26.000,-0.008885
08:01:26.100,0.059558
08:01:26.200,-0.001261
08:01:26.300,-0.143037
08:01:26.400,0.266173
08:01:26.500,0.164969
08:01:26.600,0.04253
08:01:26.700,-0.102707
08:01:26.800,-0.026992
08:01:26.900,-0.083091
08:01:27.000,0.01171
08:01:27.100,0.037191
08:01:27.200,-0.040935
08:01:27.300,-0.17453
08:01:27.400,0.255847
08:01:27.500,0.028503
08:01:27.600,0.054791
08:01:27.700,-0.050689
08:01:27.800,-0.187441
08:01:27.900,-0.009996
08:01:28.000,-0.038787
08:01:28.100,0.085144
08:01:28.200,0.108729
08:01:28.300,0.091804
08:01:28.400,0.118593
08:01:28.500,0.21644
08:01:28.600,0.046782
08:01:28.700,0.131906
08:01:28.800,0.059263
08:01:28.900,-0.228004
08:01:29.000,-0.018542
08:01:29.100,-0.104125
08:01:29.200,0.027772
08:01:29.300,-0.094921
08:01:29.400,0.072682
08:01:29.500,0.117723
08:01:29.600,0.144428
08:01:29.700,0.194311
08:01:29.800,-0.201123
08:01:29.900,-0.14388
08:01:30.000,0.351338
08:01:30.100,0.121143
08:01:30.200,0.026934
08:01:30.300,0.003845
08:01:30.400,-0.006823
08:01:30.500,-0.23205
08:01:30.600,-0.092679
08:01:30.700,-0.013422
08:01:30.800,-0.085903
08:01:30.900,-0.070216
08:01:31.000,0.307048
08:01:31.100,-0.030198
08:01:31.200,0.033374
08:01:31.300,0.029104
08:01:31.400,0.070735
08:01:31.500,-0.057274
08:01:31.600,0.149638
08:01:31.700,0.053227
08:01:31.800,-0.15446
08:01:31.900,-0.0129
08:01:32.000,-0.020658
08:01:32.100,-0.02618
08:01:32.200,0.061116
08:01:32.300,0.076167
08:01:32.400,0.061998
08:01:32.500,0.04067
08:01:32.600,0.010277
08:01:32.700,-0.258145
08:01:32.800,0.093347
08:01:32.900,0.058602
08:01:33.000,-0.118171
08:01:33.100,0.03367
08:01:33.200,0.077753
08:01:33.300,0.14055
08:01:33.400,0.061236
08:01:33.500,0.038592
08:01:33.600,0.113613
08:01:33.700,-0.036785
08:01:33.800,0.04944
08:01:33.900,-0.074534
08:01:34.000,0.133236
08:01:34.100,-0.193165
08:01:34.200,0.098008
08:01:34.300,0.002125
08:01:34.400,0.115846
08:01:34.500,-0.093665
08:01:34.600,0.010798
08:01:34.700,0.007276
08:01:34.800,0.052066
08:01:34.900,-0.125707
08:01:35.000,0.076346
08:01:35.100,-0.221507
08:01:35.200,-0.080141
08:01:35.300,-0.187528
08:01:35.400,0.099386
08:01:35.500,0.048016
08:01:35.600,0.054725
08:01:35.700,0.176783
08:01:35.800,-0.037913
08:01:35.900,0.07315
08:01:36.000,0.007923
08:01:36.100,-0.010348
08:01:36.200,0.156795
08:01:36.300,0.249826
08:01:36.400,-0.051776
08:01:36.500,0.100046
08:01:36.600,0.038294
08:01:36.700,0.039733
08:01:36.800,0.029661
08:01:36.900,-0.039969
08:01:37.000,-0.430198
08:01:37.100,0.184177
08:01:37.200,-0.083368
08:01:37.300,-0.028987
08:01:37.400,-0.026435
08:01:37.500,-0.094056
08:01:37.600,0.028829
08:01:37.700,-0.005317
08:01:37.800,-0.085984
08:01:37.900,0.017916
08:01:38.000,-0.003966
08:01:38.100,0.111341
08:01:38.200,-0.160846
08:01:38.300,-0.096647
08:01:38.400,0.087036
08:01:38.500,-0.076769
08:01:38.600,-0.108408
08:01:38.700,-0.070835
08:01:38.800,-0.012117
08:01:38.900,-0.011661
08:01:39.000,-0.025195
08:01:39.100,-0.123428
08:01:39.200,0.092779
08:01:39.300,0.159146
08:01:39.400,-0.229251
08:01:39.500,-0.186425
08:01:39.600,0.120343
08:01:39.700,0.188376
08:01:39.800,-0.255501
08:01:39.900,0.097852
08:01:40.000,0.196546
08:01:40.100,-0.103489
08:01:40.200,0.18956
08:01:40.300,-0.021359
08:01:40.400,0.037756
08:01:40.500,-0.086308
08:01:40.600,0.120123
08:01:40.700,0.100134
08:01:40.800,0.206965
08:01:40.900,0.172873
08:01:41.000,-0.001098
08:01:41.100,0.373005
08:01:41.200,0.162095
08:01:41.300,0.064862
08:01:41.400,-0.119659
08:01:41.500,-0.183604
08:01:41.600,-0.173403
08:01:41.700,-0.11204
08:01:41.800,0.165276
08:01:41.900,0.058451
08:01:42.000,-0.073605
08:01:42.100,-0.016304
08:01:42.200,-0.03093
08:01:42.300,0.096006
08:01:42.400,-0.105456
08:01:42.500,0.041962
08:01:42.600,0.03601
08:01:42.700,-0.101864
08:01:42.800,0.190561
08:01:42.900,-0.035469
08:01:43.000,-0.11913
08:01:43.100,0.102346
08:01:43.200,0.006539
08:01:43.300,0.049011
08:01:43.400,-0.142162
08:01:43.500,0.09749
08:01:43.600,0.260691
08:01:43.700,-0.15154
08:01:43.800,0.042505
08:01:43.900,-0.094237
08:01:44.000,0.322753
08:01:44.100,0.148756
08:01:44.200,0.033853
08:01:44.300,-0.147344
08:01:44.400,-0.118327
08:01:44.500,0.089553
08:01:44.600,-0.163499
08:01:44.700,-0.159734
08:01:44.800,0.00106
08:01:44.900,0.01601
08:01:45.000,0.045604
08:01:45.100,-0.052743
08:01:45.200,0.110418
08:01:45.300,-0.103418
08:01:45.400,0.075197
08:01:45.500,0.025694
08:01:45.600,0.072078
08:01:45.700,0.14184
08:01:45.800,-0.05464
08:01:45.900,-0.079329
08:01:46.000,-0.202607
08:01:46.100,-0.24228
08:01:46.200,-0.021117
08:01:46.300,-0.012903
08:01:46.400,-0.13033
08:01:46.500,-0.104532
08:01:46.600,0.182814
08:01:46.700,0.105101
08:01:46.800,-0.151393
08:01:46.900,-0.053082
08:01:47.000,0.04872
08:01:47.100,-0.075174
08:01:47.200,-0.097043
08:01:47.300,-0.040589
08:01:47.400,0.130879
08:01:47.500,0.141768
08:01:47.600,-0.088254
08:01:47.700,0.055266
08:01:47.800,-0.000769
08:01:47.900,-0.120988
08:01:48.000,-0.035649
08:01:48.100,-0.151708
08:01:48.200,0.139567
08:01:48.300,0.186297
08:01:48.400,-0.049269
08:01:48.500,-0.07789
08:01:48.600,0.126551
08:01:48.700,0.145938
08:01:48.800,-0.133729
08:01:48.900,-0.017765
08:01:49.000,-0.007073
08:01:49.100,-0.092493
08:01:49.200,0.046318
08:01:49.300,-0.083993
08:01:49.400,-0.064831
08:01:49.500,-0.012161
08:01:49.600,-0.178687
08:01:49.700,-0.246774
08:01:49.800,0.110193
08:01:49.900,-0.088839
08:01:50.000,0.256184
08:01:50.100,0.236621
08:01:50.200,-0.060777
08:01:50.300,0.280686
08:01:50.400,0.112509
08:01:50.500,-0.077438
08:01:50.600,-0.309821
08:01:50.700,0.082579
08:01:50.800,0.003756
08:01:50.900,0.051763
08:01:51.000,-0.02746
08:01:51.100,-0.137263
08:01:51.200,-0.051243
08:01:51.300,0.084796
08:01:51.400,-0.042525
08:01:51.500,-0.04325
08:01:51.600,-0.182326
08:01:51.700,0.010944
08:01:51.800,-0.133432
08:01:51.900,0.110223
08:01:52.000,-0.088092
08:01:52.100,-0.035484
08:01:52.200,0.259678
08:01:52.300,-0.036789
08:01:52.400,-0.052869
08:01:52.500,0.070275
08:01:52.600,-0.214231
08:01:52.700,0.150097
08:01:52.800,0.119273
08:01:52.900,0.062934
08:01:53.000,-0.405252
08:01:53.100,-0.031129
08:01:53.200,-0.152744
08:01:53.300,0.134893
08:01:53.400,0.126307
08:01:53.500,0.046561
08:01:53.600,-0.144373
08:01:53.700,0.179315
08:01:53.800,-0.031471
08:01:53.900,0.216645
08:01:54.000,0.031846
08:01:54.100,0.060817
08:01:54.200,-0.055237
08:01:54.300,0.168835
08:01:54.400,0.073012
08:01:54.500,0.173147
08:01:54.600,0.021305
08:01:54.700,-0.005645
08:01:54.800,0.071416
08:01:54.900,0.173105
08:01:55.000,0.122008
08:01:55.100,0.016587
08:01:55.200,-0.222866
08:01:55.300,0.097246
08:01:55.400,-0.172645
08:01:55.500,0.004201
08:01:55.600,-0.013892
08:01:55.700,-0.170132
08:01:55.800,0.0447
08:01:55.900,0.258518
08:01:56.000,-0.037513
08:01:56.100,0.091906
08:01:56.200,0.282683
08:01:56.300,0.103514
08:01:56.400,-0.077381
08:01:56.500,0.028442
08:01:56.600,0.057694
08:01:56.700,0.172058
08:01:56.800,0.145686
08:01:56.900,-0.332386
08:01:57.000,-0.102745
08:01:57.100,-0.008403
08:01:57.200,-0.121834
08:01:57.300,-0.444011
08:01:57.400,-0.087074
08:01:57.500,-0.000433
08:01:57.600,-0.063034
08:01:57.700,-0.119633
08:01:57.800,0.004976
08:01:57.900,0.041171
08:01:58.000,-0.056232
08:01:58.100,0.164609
08:01:58.200,0.006926
08:01:58.300,-0.104582
08:01:58.400,-0.134944
08:01:58.500,-0.025556
08:01:58.600,0.13361
08:01:58.700,-0.098843
08:01:58.800,0.071506
08:01:58.900,0.011347
08:01:59.000,0.239188
08:01:59.100,0.04683
08:01:59.200,-0.083787
08:01:59.300,0.088364
08:01:59.400,0.092403
08:01:59.500,-0.047641
08:01:59.600,-0.139679
08:01:59.700,0.064324
08:01:59.800,0.007622
08:01:59.900,-0.181986
08:02:00.000,0.030543
08:02:00.100,-0.076439
08:02:00.200,-0.181872
08:02:00.300,-0.042254
08:02:00.400,0.15395
08:02:00.500,0.144967
08:02:00.600,0.11361
08:02:00.700,0.032308
08:02:00.800,0.071496
08:02:00.900,0.011837
08:02:01.000,-0.132606
08:02:01.100,-0.10866
08:02:01.200,-0.072862
08:02:01.300,0.168163
08:02:01.400,0.129203
08:02:01.500,-0.129585
08:02:01.600,0.006407
08:02:01.700,-0.048313
08:02:01.800,-0.018612
08:02:01.900,-0.064325
08:02:02.000,0.168683
08:02:02.100,-0.002269
08:02:02.200,0.025939
08:02:02.300,0.026911
08:02:02.400,-0.123332
08:02:02.500,0.013026
08:02:02.600,0.127478
08:02:02.700,0.176723
08:02:02.800,-0.137738
08:02:02.900,-0.182232
08:02:03.000,0.007456
08:02:03.100,0.133103
08:02:03.200,0.043152
08:02:03.300,0.081636
08:02:03.400,-0.16323
08:02:03.500,-0.068638
08:02:03.600,-0.263533
08:02:03.700,-0.017099
08:02:03.800,-0.259706
08:02:03.900,0.159919
08:02:04.000,0.186579
08:02:04.100,0.016877
08:02:04.200,-0.181509
08:02:04.300,0.045086
08:02:04.400,0.223096
08:02:04.500,0.057088
08:02:04.600,0.142198
08:02:04.700,-0.05822
08:02:04.800,-0.104545
08:02:04.900,-0.008503
08:02:05.000,-0.231205
08:02:05.100,0.271691
08:02:05.200,0.016758
08:02:05.300,0.104013
08:02:05.400,-0.055381
08:02:05.500,-0.18517
08:02:05.600,0.171098
08:02:05.700,-0.134892
08:02:05.800,0.041861
08:02:05.900,0.05317
08:02:06.000,0.008874
08:02:06.100,-0.09415
08:02:06.200,-0.017956
08:02:06.300,-0.114006
08:02:06.400,0.097101
08:02:06.500,0.068586
08:02:06.600,-0.002568
08:02:06.700,-0.068202
08:02:06.800,0.252878
08:02:06.900,-0.156248
08:02:07.000,-0.185354
08:02:07.100,-0.009841
08:02:07.200,-0.030966
08:02:07.300,0.13171
08:02:07.400,0.077534
08:02:07.500,0.003543
08:02:07.600,0.060041
08:02:07.700,0.05786
08:02:07.800,0.252427
08:02:07.900,0.030404
08:02:08.000,-0.081729
08:02:08.100,0.02382
08:02:08.200,-0.314242
08:02:08.300,-0.003918
08:02:08.400,0.131158
08:02:08.500,0.072262
08:02:08.600,0.035827
08:02:08.700,0.077909
08:02:08.800,0.132391
08:02:08.900,0.171028
08:02:09.000,0.053695
08:02:09.100,-0.037933
08:02:09.200,-0.277623
08:02:09.300,0.117381
08:02:09.400,0.061824
08:02:09.500,0.018319
08:02:09.600,-0.082566
08:02:09.700,0.115818
08:02:09.800,-0.030868
08:02:09.900,-0.004131
08:02:10.000,-0.006719
08:02:10.100,0.053982
08:02:10.200,-0.137836
08:02:10.300,0.067506
08:02:10.400,-0.086507
08:02:10.500,-0.082296
08:02:10.600,0.106229
08:02:10.700,-0.119403
08:02:10.800,0.106013
08:02:10.900,0.012164
08:02:11.000,-0.197793
08:02:11.100,0.163737
08:02:11.200,0.03723
08:02:11.300,0.047295
08:02:11.400,0.120869
08:02:11.500,0.179906
08:02:11.600,0.024123
08:02:11.700,0.074074
08:02:11.800,0.044542
08:02:11.900,-0.041144
08:02:12.000,-0.190012
08:02:12.100,0.025791
08:02:12.200,0.165473
08:02:12.300,0.07
08:02:12.400,-0.128091
08:02:12.500,0.131703
08:02:12.600,-0.037136
08:02:12.700,-0.251043
08:02:12.800,0.122148
08:02:12.900,-0.113446
08:02:13.000,0.213687
08:02:13.100,0.137733
08:02:13.200,-0.027336
08:02:13.300,0.055123
08:02:13.400,0.29087
08:02:13.500,0.120001
08:02:13.600,0.028584
08:02:13.700,0.346698
08:02:13.800,0.01411
08:02:13.900,0.069818
08:02:14.000,-0.112346
08:02:14.100,-0.200966
08:02:14.200,-0.034536
08:02:14.300,0.004609
08:02:14.400,0.039512
08:02:14.500,-0.170373
08:02:14.600,0.079281
08:02:14.700,-0.099646
08:02:14.800,0.073048
08:02:14.900,0.112191
08:02:15.000,-0.047461
08:02:15.100,-0.115658
08:02:15.200,0.185238
08:02:15.300,0.104749
08:02:15.400,0.018237
08:02:15.500,0.176211
08:02:15.600,0.009991
08:02:15.700,-0.074461
08:02:15.800,-0.120204
08:02:15.900,-0.012936
08:02:16.000,0.092606
08:02:16.100,0.166771
08:02:16.200,0.002821
08:02:16.300,0.145575
08:02:16.400,-0.025712
08:02:16.500,-0.093792
08:02:16.600,-0.156758
08:02:16.700,-0.060749
08:02:16.800,-0.152239
08:02:16.900,0.241141
08:02:17.000,0.052716
08:02:17.100,-0.011474
08:02:17.200,0.20664
08:02:17.300,-0.156272
08:02:17.400,-0.016457
08:02:17.500,0.239961
08:02:17.600,-0.017285
08:02:17.700,0.293618
08:02:17.800,0.094273
08:02:17.900,0.156711
08:02:18.000,0.160187
08:02:18.100,0.000192
08:02:18.200,-0.058585
08:02:18.300,-0.013853
08:02:18.400,-0.118432
08:02:18.500,-0.007916
08:02:18.600,-0.000529
08:02:18.700,0.202708
08:02:18.800,0.071193
08:02:18.900,0.283514
08:02:19.000,-0.259145
08:02:19.100,-0.146045
08:02:19.200,-0.042641
08:02:19.300,0.179099
08:02:19.400,-0.013149
08:02:19.500,-0.176139
08:02:19.600,-0.029415
08:02:19.700,-0.143712
08:02:19.800,-0.167235
08:02:19.900,0.239859
08:02:20.000,-0.042193
08:02:20.100,0.020778
08:02:20.200,-0.011155
08:02:20.300,-0.030179
08:02:20.400,-0.100879
08:02:20.500,-0.037276
08:02:20.600,0.040468
08:02:20.700,0.170236
08:02:20.800,0.113692
08:02:20.900,-0.146288
08:02:21.000,0.118624
08:02:21.100,0.057053
08:02:21.200,-0.074967
08:02:21.300,0.021852
08:02:21.400,0.068674
08:02:21.500,0.005646
08:02:21.600,0.057629
08:02:21.700,-0.103554
08:02:21.800,0.23914
08:02:21.900,-0.231514
08:02:22.000,0.069342
08:02:22.100,0.044012
08:02:22.200,0.077153
08:02:22.300,-0.085004
08:02:22.400,0.140304
08:02:22.500,-0.012958
08:02:22.600,-0.142346
08:02:22.700,-0.131377
08:02:22.800,0.014965
08:02:22.900,-0.191583
08:02:23.000,0.216061
08:02:23.100,0.125871
08:02:23.200,0.219221
08:02:23.300,0.206571
08:02:23.400,-0.042229
08:02:23.500,-0.10432
08:02:23.600,-0.321333
08:02:23.700,-0.048748
08:02:23.800,0.211878
08:02:23.900,-0.099342
08:02:24.000,-0.025191
08:02:24.100,-0.066548
08:02:24.200,0.044999
08:02:24.300,0.15433
08:02:24.400,-0.184705
08:02:24.500,-0.161733
08:02:24.600,0.178394
08:02:24.700,0.087968
08:02:24.800,-0.031126
08:02:24.900,0.20485
08:02:25.000,-0.163803
08:02:25.100,0.111746
08:02:25.200,-0.008189
08:02:25.300,0.072785
08:02:25.400,-0.286458
08:02:25.500,-0.031284
08:02:25.600,0.088416
08:02:25.700,-0.0076
08:02:25.800,0.150636
08:02:25.900,0.146617
08:02:26.000,-0.115028
08:02:26.100,0.098879
08:02:26.200,-0.11912
08:02:26.300,0.006482
08:02:26.400,0.078735
08:02:26.500,-0.100234
08:02:26.600,0.094431
08:02:26.700,-0.060643
08:02:26.800,-0.069684
08:02:26.900,0.084798
08:02:27.000,-0.100317
08:02:27.100,-0.10642
08:02:27.200,0.124939
08:02:27.300,0.013027
08:02:27.400,-0.174494
08:02:27.500,0.102677
08:02:27.600,-0.048792
08:02:27.700,-0.168362
08:02:27.800,-0.300878
08:02:27.900,0.10841
08:02:28.000,-0.10319
08:02:28.100,-0.149261
08:02:28.200,0.076728
08:02:28.300,0.096695
08:02:28.400,-0.094452
08:02:28.500,0.109517
08:02:28.600,0.246587
08:02:28.700,0.1616
08:02:28.800,0.142927
08:02:28.900,0.037695
08:02:29.000,-0.053246
08:02:29.100,-0.006706
08:02:29.200,0.052889
08:02:29.300,-0.150901
08:02:29.400,-0.092326
08:02:29.500,-0.17133
08:02:29.600,0.028222
08:02:29.700,0.009966
08:02:29.800,-0.078325
08:02:29.900,0.09846
08:02:30.000,-0.125352
08:02:30.100,-0.08278
08:02:30.200,0.093663
08:02:30.300,0.111458
08:02:30.400,-0.095487
08:02:30.500,0.027845
08:02:30.600,-0.093457
08:02:30.700,-0.023681
08:02:30.800,0.01726
08:02:30.900,0.067244
08:02:31.000,0.038107
08:02:31.100,0.032779
08:02:31.200,-0.12942
08:02:31.300,0.046593
08:02:31.400,0.066128
08:02:31.500,0.082672
08:02:31.600,-0.086342
08:02:31.700,0.10987
08:02:31.800,-0.158068
08:02:31.900,-0.051698
08:02:32.000,-0.033062
08:02:32.100,-0.151489
08:02:32.200,-0.034885
08:02:32.300,0.026578
08:02:32.400,-0.219093
08:02:32.500,-0.047363
08:02:32.600,-0.209808
08:02:32.700,0.244985
08:02:32.800,0.025499
08:02:32.900,0.0151
08:02:33.000,0.027849
08:02:33.100,0.072542
08:02:33.200,0.117379
08:02:33.300,-0.187626
08:02:33.400,0.157221
08:02:33.500,0.149499
08:02:33.600,-0.007962
08:02:33.700,-0.014247
08:02:33.800,-0.372331
08:02:33.900,-0.149279
08:02:34.000,0.062262
08:02:34.100,0.144074
08:02:34.200,0.08746
08:02:34.300,-0.009086
08:02:34.400,0.231105
08:02:34.500,0.120621
08:02:34.600,-0.047259
08:02:34.700,0.261853
08:02:34.800,-0.13154
08:02:34.900,-0.176621
08:02:35.000,-0.050533
08:02:35.100,-0.091037
08:02:35.200,-0.043792
08:02:35.300,0.095771
08:02:35.400,-0.004078
08:02:35.500,-0.000996
08:02:35.600,0.007058
08:02:35.700,-0.277479
08:02:35.800,-0.181831
08:02:35.900,-0.046237
08:02:36.000,-0.101151
08:02:36.100,-0.027814
08:02:36.200,0.168495
08:02:36.300,-0.008934
08:02:36.400,-0.15866
08:02:36.500,-0.095172
08:02:36.600,0.205269
08:02:36.700,0.183899
08:02:36.800,0.071505
08:02:36.900,-0.187498
08:02:37.000,0.036817
08:02:37.100,0.046044
08:02:37.200,0.003065
08:02:37.300,-0.068401
08:02:37.400,-0.043516
08:02:37.500,-0.076766
08:02:37.600,-0.137409
08:02:37.700,0.163919
08:02:37.800,0.105878
08:02:37.900,-0.034192
08:02:38.000,0.042261
08:02:38.100,0.046764
08:02:38.200,0.281146
08:02:38.300,0.104708
08:02:38.400,0.100172
08:02:38.500,0.004558
08:02:38.600,-0.052131
08:02:38.700,0.165925
08:02:38.800,0.078273
08:02:38.900,-0.099545
08:02:39.000,0.054464
08:02:39.100,0.100486
08:02:39.200,-0.2515
08:02:39.300,-0.110686
08:02:39.400,0.043532
08:02:39.500,-0.230935
08:02:39.600,-0.211936
08:02:39.700,-0.032455
08:02:39.800,0.058985
08:02:39.900,0.064534
08:02:40.000,0.189888
08:02:40.100,0.009872
08:02:40.200,-0.044718
08:02:40.300,-0.156883
08:02:40.400,-0.046155
08:02:40.500,0.084904
08:02:40.600,0.090327
08:02:40.700,0.031754
08:02:40.800,0.065654
08:02:40.900,0.153166
08:02:41.000,0.009033
08:02:41.100,0.164078
08:02:41.200,-0.087198
08:02:41.300,-0.008795
08:02:41.400,-0.0577
08:02:41.500,0.095125
08:02:41.600,-0.121738
08:02:41.700,-0.038612
08:02:41.800,-0.223161
08:02:41.900,0.071325
08:02:42.000,0.149615
08:02:42.100,0.109285
08:02:42.200,0.097515
08:02:42.300,0.100728
08:02:42.400,0.083963
08:02:42.500,0.073727
08:02:42.600,0.08147
08:02:42.700,-0.078682
08:02:42.800,-0.024023
08:02:42.900,0.008429
08:02:43.000,-0.040285
08:02:43.100,-0.187957
08:02:43.200,-0.148201
08:02:43.300,0.027597
08:02:43.400,0.108693
08:02:43.500,0.001121
08:02:43.600,0.331779
08:02:43.700,-0.110371
08:02:43.800,0.053393
08:02:43.900,0.154944
08:02:44.000,0.127881
08:02:44.100,0.078608
08:02:44.200,0.12843
08:02:44.300,0.006647
08:02:44.400,0.199546
08:02:44.500,0.153979
08:02:44.600,-0.102267
08:02:44.700,0.038588
08:02:44.800,-0.185676
08:02:44.900,0.182615
08:02:45.000,0.026908
08:02:45.100,0.161853
08:02:45.200,-0.013123
08:02:45.300,-0.222752
08:02:45.400,0.316484
08:02:45.500,0.015731
08:02:45.600,-0.120025
08:02:45.700,0.137491
08:02:45.800,0.244303
08:02:45.900,-0.024293
08:02:46.000,-0.011909
08:02:46.100,0.028566
08:02:46.200,-0.133316
08:02:46.300,-0.08288
08:02:46.400,0.213831
08:02:46.500,-0.015865
08:02:46.600,-0.100507
08:02:46.700,-0.054245
08:02:46.800,0.128739
08:02:46.900,-0.237108
08:02:47.000,0.030558
08:02:47.100,0.295466
08:02:47.200,0.243728
08:02:47.300,0.068784
08:02:47.400,0.157973
08:02:47.500,0.156819
08:02:47.600,-0.015102
08:02:47.700,0.110975
08:02:47.800,0.21463
08:02:47.900,-0.151651
08:02:48.000,0.069198
08:02:48.100,0.043377
08:02:48.200,0.01238
08:02:48.300,0.001756
08:02:48.400,0.0278
08:02:48.500,0.037869
08:02:48.600,0.134234
08:02:48.700,0.057182
08:02:48.800,-0.021345
08:02:48.900,-0.100791
08:02:49.000,-0.056693
08:02:49.100,0.03134
08:02:49.200,-0.084728
08:02:49.300,0.113505
08:02:49.400,0.051607
08:02:49.500,0.137223
08:02:49.600,-0.076658
08:02:49.700,-0.099728
08:02:49.800,0.136327
08:02:49.900,0.015594
08:02:50.000,-0.024302
08:02:50.100,0.083839
08:02:50.200,0.079374
08:02:50.300,-0.150692
08:02:50.400,0.166157
08:02:50.500,-0.049249
08:02:50.600,0.204002
08:02:50.700,-0.160026
08:02:50.800,0.038088
08:02:50.900,-0.022275
08:02:51.000,-0.237028
08:02:51.100,0.078985
08:02:51.200,-0.230872
08:02:51.300,-0.035
08:02:51.400,0.132513
08:02:51.500,-0.063604
08:02:51.600,-0.108448
08:02:51.700,0.096043
08:02:51.800,-0.029942
08:02:51.900,-0.048607
08:02:52.000,0.152999
08:02:52.100,-0.140073
08:02:52.200,-0.055153
08:02:52.300,0.103974
08:02:52.400,-0.147834
08:02:52.500,0.213042
08:02:52.600,-0.026022
08:02:52.700,0.104943
08:02:52.800,0.104692
08:02:52.900,-0.018275
08:02:53.000,-0.057481
08:02:53.100,-0.005156
08:02:53.200,0.085522
08:02:53.300,-0.118371
08:02:53.400,-0.144391
08:02:53.500,0.178104
08:02:53.600,-0.088183
08:02:53.700,0.04249
08:02:53.800,-0.024265
08:02:53.900,-0.018944
08:02:54.000,0.171647
08:02:54.100,-0.01022
08:02:54.200,-0.042819
08:02:54.300,-0.032366
08:02:54.400,-0.060415
08:02:54.500,-0.080411
08:02:54.600,-0.059934
08:02:54.700,0.199585
08:02:54.800,0.085379
08:02:54.900,-0.041424
08:02:55.000,0.117799
08:02:55.100,-0.190463
08:02:55.200,0.165081
08:02:55.300,0.155419
08:02:55.400,0.26836
08:02:55.500,0.121386
08:02:55.600,0.052468
08:02:55.700,0.154937
08:02:55.800,-0.075097
08:02:55.900,-0.04745
08:02:56.000,-0.007709
08:02:56.100,0.164266
08:02:56.200,-0.102705
08:02:56.300,-0.115447
08:02:56.400,0.028385
08:02:56.500,0.086104
08:02:56.600,-0.08437
08:02:56.700,0.08045
08:02:56.800,0.164208
08:02:56.900,0.144055
08:02:57.000,0.042395
08:02:57.100,-0.010872
08:02:57.200,0.208275
08:02:57.300,0.001848
08:02:57.400,0.112843
08:02:57.500,0.234994
08:02:57.600,0.100232
08:02:57.700,-0.119651
08:02:57.800,-0.148683
08:02:57.900,-0.035716
08:02:58.000,0.08514
08:02:58.100,0.053374
08:02:58.200,0.26485
08:02:58.300,0.052207
08:02:58.400,-0.039293
08:02:58.500,-0.136001
08:02:58.600,0.141652
08:02:58.700,-0.000727
08:02:58.800,-0.180737
08:02:58.900,0.002671
08:02:59.000,-0.119489
08:02:59.100,-0.051077
08:02:59.200,0.000743
08:02:59.300,-0.108621
08:02:59.400,-0.058515
08:02:59.500,-0.089294
08:02:59.600,-0.086075
08:02:59.700,-0.120962
08:02:59.800,-0.057932
08:02:59.900,-0.107364
08:03:00.000,0.07039
08:03:00.100,0.024096
08:03:00.200,0.143366
08:03:00.300,0.226404
08:03:00.400,0.081279
08:03:00.500,0.05395
08:03:00.600,0.08884
08:03:00.700,0.055991
08:03:00.800,0.006024
08:03:00.900,-0.003519
08:03:01.000,-0.1226
08:03:01.100,0.10067
08:03:01.200,-0.003755
08:03:01.300,0.173942
08:03:01.400,0.109816
08:03:01.500,-0.075114
08:03:01.600,0.149603
08:03:01.700,-0.307289
08:03:01.800,0.231627
08:03:01.900,-0.160613
08:03:02.000,0.059413
08:03:02.100,0.05129
08:03:02.200,0.134846
08:03:02.300,-0.039444
08:03:02.400,-0.257462
08:03:02.500,-0.039275
08:03:02.600,-0.026299
08:03:02.700,-0.245903
08:03:02.800,0.005445
08:03:02.900,-0.129102
08:03:03.000,0.07789
08:03:03.100,-0.02953
08:03:03.200,0.235331
08:03:03.300,-0.030741
08:03:03.400,0.051647
08:03:03.500,-0.025569
08:03:03.600,-0.194792
08:03:03.700,-0.024566
08:03:03.800,0.09041
08:03:03.900,0.072239
08:03:04.000,-0.035192
08:03:04.100,-0.174811
08:03:04.200,0.077335
08:03:04.300,0.050338
08:03:04.400,0.101209
08:03:04.500,-0.032893
08:03:04.600,-0.202125
08:03:04.700,0.064051
08:03:04.800,-0.001097
08:03:04.900,0.167002
08:03:05.000,0.003448
08:03:05.100,-0.005456
08:03:05.200,0.050071
08:03:05.300,-0.071632
08:03:05.400,-0.077416
08:03:05.500,-0.011747
08:03:05.600,-0.110449
08:03:05.700,-0.027491
08:03:05.800,0.232747
08:03:05.900,0.125116
08:03:06.000,0.036965
08:03:06.100,0.186201
08:03:06.200,-0.098988
08:03:06.300,0.298853
08:03:06.400,-0.05526
08:03:06.500,0.240457
08:03:06.600,0.239928
08:03:06.700,-0.210388
08:03:06.800,0.176051
08:03:06.900,-0.034069
08:03:07.000,-0.068156
08:03:07.100,0.062957
08:03:07.200,-0.12095
08:03:07.300,0.06024
08:03:07.400,-0.112895
08:03:07.500,0.02125
08:03:07.600,0.160244
08:03:07.700,0.046382
08:03:07.800,-0.043175
08:03:07.900,0.064969
08:03:08.000,-0.168778
08:03:08.100,-0.100663
08:03:08.200,-0.051632
08:03:08.300,0.094422
08:03:08.400,0.048696
08:03:08.500,0.06422
08:03:08.600,-0.003286
08:03:08.700,-0.094572
08:03:08.800,0.178574
08:03:08.900,-0.083735
08:03:09.000,0.050285
08:03:09.100,-0.013453
08:03:09.200,0.067559
08:03:09.300,-0.072658
08:03:09.400,0.126321
08:03:09.500,0.165393
08:03:09.600,0.118959
08:03:09.700,0.018915
08:03:09.800,-0.052215
08:03:09.900,0.338653
08:03:10.000,-0.118995
08:03:10.100,0.105748
08:03:10.200,0.039934
08:03:10.300,-0.007504
08:03:10.400,0.02222
08:03:10.500,-0.061226
08:03:10.600,0.051247
08:03:10.700,0.038019
08:03:10.800,0.321318
08:03:10.900,0.128499
08:03:11.000,0.061906
08:03:11.100,0.069067
08:03:11.200,0.220745
08:03:11.300,-0.116451
08:03:11.400,-0.021928
08:03:11.500,-0.228857
08:03:11.600,0.067053
08:03:11.700,0.101781
08:03:11.800,-0.119472
08:03:11.900,0.17221
08:03:12.000,-0.086266
08:03:12.100,-0.041096
08:03:12.200,0.014348
08:03:12.300,0.191304
08:03:12.400,-0.102984
08:03:12.500,0.03495
08:03:12.600,0.092981
08:03:12.700,0.068216
08:03:12.800,0.072648
08:03:12.900,0.09138
08:03:13.000,-0.066567
08:03:13.100,0.202534
08:03:13.200,-0.013338
08:03:13.300,-0.029262
08:03:13.400,0.161715
08:03:13.500,-0.075668
08:03:13.600,0.038433
08:03:13.700,-0.08674
08:03:13.800,0.302308
08:03:13.900,0.277039
08:03:14.000,-0.013229
08:03:14.100,0.062383
08:03:14.200,0.000624
08:03:14.300,-0.041832
08:03:14.400,0.014356
08:03:14.500,-0.004872
08:03:14.600,-0.18248
08:03:14.700,0.031563
08:03:14.800,-0.005075
08:03:14.900,0.037464
08:03:15.000,-0.009302
08:03:15.100,-0.043241
08:03:15.200,0.104989
08:03:15.300,0.063976
08:03:15.400,0.167526
08:03:15.500,0.059368
08:03:15.600,-0.023713
08:03:15.700,0.074012
08:03:15.800,-0.237674
08:03:15.900,0.252442
08:03:16.000,0.032926
08:03:16.100,0.262135
08:03:16.200,-0.104321
08:03:16.300,-0.134117
08:03:16.400,0.0439
08:03:16.500,0.043504
08:03:16.600,0.040589
08:03:16.700,0.022299
08:03:16.800,-0.075374
08:03:16.900,-0.178243
08:03:17.000,0.033978
08:03:17.100,-0.153911
08:03:17.200,-0.165241
08:03:17.300,-0.045676
08:03:17.400,0.051679
08:03:17.500,0.238531
08:03:17.600,0.117511
08:03:17.700,0.171986
08:03:17.800,0.078439
08:03:17.900,0.044022
08:03:18.000,0.300695
08:03:18.100,-0.158743
08:03:18.200,-0.049588
08:03:18.300,-0.040222
08:03:18.400,0.107227
08:03:18.500,-0.117453
08:03:18.600,0.091612
08:03:18.700,0.069558
08:03:18.800,0.097602
08:03:18.900,0.095427
08:03:19.000,0.184598
08:03:19.100,-0.005905
08:03:19.200,0.063619
08:03:19.300,-0.088386
08:03:19.400,-0.115775
08:03:19.500,0.211779
08:03:19.600,-0.097454
08:03:19.700,0.076957
08:03:19.800,0.063725
08:03:19.900,0.140998
08:03:20.000,-0.198984
08:03:20.100,0.106945
08:03:20.200,-0.006964
08:03:20.300,-0.071989
08:03:20.400,-0.030098
08:03:20.500,0.124412
08:03:20.600,0.087749
08:03:20.700,-0.015351
08:03:20.800,-0.136693
08:03:20.900,-0.128225
08:03:21.000,0.090364
08:03:21.100,-0.153329
08:03:21.200,-0.014179
08:03:21.300,0.321729
08:03:21.400,0.055147
08:03:21.500,0.08907
08:03:21.600,-0.127324
08:03:21.700,-0.147276
08:03:21.800,0.095499
08:03:21.900,-0.033882
08:03:22.000,0.140835
08:03:22.100,0.017176
08:03:22.200,0.426764
08:03:22.300,-0.056678
08:03:22.400,0.046696
08:03:22.500,-0.095297
08:03:22.600,0.13585
08:03:22.700,0.064861
08:03:22.800,-0.103343
08:03:22.900,-0.026074
08:03:23.000,0.17662
08:03:23.100,0.162205
08:03:23.200,-0.157727
08:03:23.300,-0.043916
08:03:23.400,0.230568
08:03:23.500,-0.008061
08:03:23.600,0.034011
08:03:23.700,0.135232
08:03:23.800,-0.147859
08:03:23.900,-0.100764
08:03:24.000,-0.026844
08:03:24.100,0.156555
08:03:24.200,0.134372
08:03:24.300,0.098372
08:03:24.400,-0.004699
08:03:24.500,0.147548
08:03:24.600,-0.006317
08:03:24.700,0.081356
08:03:24.800,0.121445
08:03:24.900,0.215618
08:03:25.000,0.005241
08:03:25.100,-0.031513
08:03:25.200,0.167409
08:03:25.300,0.176622
08:03:25.400,-0.053205
08:03:25.500,-0.120604
08:03:25.600,0.158284
08:03:25.700,-0.185007
08:03:25.800,-0.191136
08:03:25.900,-0.020195
08:03:26.000,0.012293
08:03:26.100,-0.127194
08:03:26.200,0.026624
08:03:26.300,0.031976
08:03:26.400,-0.057647
08:03:26.500,0.244016
08:03:26.600,0.051571
08:03:26.700,0.135419
08:03:26.800,-0.174746
08:03:26.900,-0.175781
08:03:27.000,0.055208
08:03:27.100,0.222583
08:03:27.200,-0.121192
08:03:27.300,0.017205
08:03:27.400,-0.148212
08:03:27.500,-0.086235
08:03:27.600,0.023173
08:03:27.700,-0.059113
08:03:27.800,-0.156663
08:03:27.900,-0.15935
08:03:28.000,-0.226321
08:03:28.100,0.05719
08:03:28.200,0.07171
08:03:28.300,0.071106
08:03:28.400,-0.109101
08:03:28.500,0.120714
08:03:28.600,0.084813
08:03:28.700,0.000875
08:03:28.800,-0.018819
08:03:28.900,-0.077894
08:03:29.000,0.023059
08:03:29.100,0.19407
08:03:29.200,0.136543
08:03:29.300,-0.030745
08:03:29.400,0.064635
08:03:29.500,-0.132172
08:03:29.600,0.087608
08:03:29.700,-0.099703
08:03:29.800,0.082831
08:03:29.900,0.356289
08:03:30.000,-0.068401
08:03:30.100,0.350736
08:03:30.200,0.058876
08:03:30.300,-0.089955
08:03:30.400,-0.095455
08:03:30.500,0.283795
08:03:30.600,0.059159
08:03:30.700,-0.067938
08:03:30.800,-0.024415
08:03:30.900,0.051693
08:03:31.000,-0.001046
08:03:31.100,0.041508
08:03:31.200,0.212833
08:03:31.300,-0.135356
08:03:31.400,0.077356
08:03:31.500,-0.008748
08:03:31.600,-0.059885
08:03:31.700,0.128661
08:03:31.800,-0.175371
08:03:31.900,-0.283972
08:03:32.000,0.026944
08:03:32.100,-0.016582
08:03:32.200,-0.162342
08:03:32.300,-0.205266
08:03:32.400,0.231676
08:03:32.500,0.055562
08:03:32.600,0.002357
08:03:32.700,0.263429
08:03:32.800,0.122647
08:03:32.900,0.212313
08:03:33.000,-0.141594
08:03:33.100,-0.146087
08:03:33.200,0.074049
08:03:33.300,0.04974
08:03:33.400,0.149959
08:03:33.500,-0.195695
08:03:33.600,0.084432
08:03:33.700,0.118712
08:03:33.800,0.112341
08:03:33.900,-0.048803
08:03:34.000,0.062234
08:03:34.100,-0.093079
08:03:34.200,-0.035154
08:03:34.300,-0.125152
08:03:34.400,-0.09104
08:03:34.500,-0.028915
08:03:34.600,-0.058912
08:03:34.700,-0.091055
08:03:34.800,-0.155952
08:03:34.900,0.235331
08:03:35.000,-0.060068
08:03:35.100,0.039596
08:03:35.200,-0.211077
08:03:35.300,0.162918
08:03:35.400,0.020059
08:03:35.500,-0.053265
08:03:35.600,-0.052217
08:03:35.700,0.104329
08:03:35.800,-0.354371
08:03:35.900,-0.098903
08:03:36.000,-0.01429
08:03:36.100,-0.015673
08:03:36.200,0.300637
08:03:36.300,-0.040511
08:03:36.400,0.118827
08:03:36.500,0.217399
08:03:36.600,0.080474
08:03:36.700,-0.080858
08:03:36.800,-0.154139
08:03:36.900,0.08945
08:03:37.000,0.197403
08:03:37.100,0.065516
08:03:37.200,0.148014
08:03:37.300,0.311034
08:03:37.400,0.100485
08:03:37.500,-0.132076
08:03:37.600,0.006127
08:03:37.700,0.164426
08:03:37.800,-0.029854
08:03:37.900,0.180685
08:03:38.000,-0.008032
08:03:38.100,0.040122
08:03:38.200,-0.042089
08:03:38.300,0.019144
08:03:38.400,0.025494
08:03:38.500,-0.193025
08:03:38.600,-0.052991
08:03:38.700,-0.147985
08:03:38.800,-0.048853
08:03:38.900,-0.09542
08:03:39.000,0.121419
08:03:39.100,0.122808
08:03:39.200,0.067235
08:03:39.300,-0.152118
08:03:39.400,-0.011776
08:03:39.500,-0.161663
08:03:39.600,-0.017675
08:03:39.700,0.077691
08:03:39.800,0.119053
08:03:39.900,0.056741
08:03:40.000,0.151017
08:03:40.100,0.031171
08:03:40.200,-0.028027
08:03:40.300,0.104839
08:03:40.400,0.108777
08:03:40.500,-0.062901
08:03:40.600,0.045478
08:03:40.700,-0.035318
08:03:40.800,-0.241031
08:03:40.900,0.052813
08:03:41.000,-0.155343
08:03:41.100,0.039387
08:03:41.200,-0.184237
08:03:41.300,-0.08636
08:03:41.400,-0.052032
08:03:41.500,0.144207
08:03:41.600,-0.064022
08:03:41.700,-0.128997
08:03:41.800,0.043721
08:03:41.900,-0.026037
08:03:42.000,0.094867
08:03:42.100,-0.121426
08:03:42.200,0.025302
08:03:42.300,0.296348
08:03:42.400,-0.028713
08:03:42.500,0.022408
08:03:42.600,-0.199325
08:03:42.700,-0.102358
08:03:42.800,0.055166
08:03:42.900,-0.039588
08:03:43.000,0.073732
08:03:43.100,0.050993
08:03:43.200,-0.158164
08:03:43.300,0.121837
08:03:43.400,-0.149122
08:03:43.500,-0.091791
08:03:43.600,0.027538
08:03:43.700,0.188043
08:03:43.800,-0.120465
08:03:43.900,0.017722
08:03:44.000,0.018722
08:03:44.100,0.078883
08:03:44.200,0.142084
08:03:44.300,-0.048489
08:03:44.400,0.121422
08:03:44.500,0.159639
08:03:44.600,0.214075
08:03:44.700,0.060231
08:03:44.800,0.018892
08:03:44.900,-0.05695
08:03:45.000,-0.175078
08:03:45.100,-0.033354
08:03:45.200,0.013481
08:03:45.300,-0.013139
08:03:45.400,0.071726
08:03:45.500,-0.174501
08:03:45.600,-0.021837
08:03:45.700,0.239372
08:03:45.800,0.119472
08:03:45.900,0.073943
08:03:46.000,0.046882
08:03:46.100,-0.043852
08:03:46.200,-0.210488
08:03:46.300,0.054855
08:03:46.400,-0.293811
08:03:46.500,-0.039067
08:03:46.600,-0.000439
08:03:46.700,-0.053663
08:03:46.800,0.260566
08:03:46.900,0.218921
08:03:47.000,0.123937
08:03:47.100,-0.111039
08:03:47.200,0.23057
08:03:47.300,0.074276
08:03:47.400,-0.113038
08:03:47.500,0.003926
08:03:47.600,0.115029
08:03:47.700,-0.071865
08:03:47.800,0.016864
08:03:47.900,0.037977
08:03:48.000,-0.132103
08:03:48.100,-0.032411
08:03:48.200,-0.123056
08:03:48.300,0.10424
08:03:48.400,-0.108967
08:03:48.500,0.035016
08:03:48.600,-0.166819
08:03:48.700,-0.136012
08:03:48.800,-0.141826
08:03:48.900,-0.034749
08:03:49.000,0.021646
08:03:49.100,0.043771
08:03:49.200,-0.212668
08:03:49.300,-0.020237
08:03:49.400,-0.090069
08:03:49.500,0.064101
08:03:49.600,-0.032116
08:03:49.700,-0.0097
08:03:49.800,-0.089394
08:03:49.900,0.206958
08:03:50.000,-0.15403
08:03:50.100,-0.047968
08:03:50.200,0.012912
08:03:50.300,-0.030163
08:03:50.400,-0.091672
08:03:50.500,-0.217402
08:03:50.600,-0.082981
08:03:50.700,-0.115126
08:03:50.800,0.201507
08:03:50.900,0.271764
08:03:51.000,-0.006095
08:03:51.100,-0.168571
08:03:51.200,0.088565
08:03:51.300,-0.117729
08:03:51.400,-0.065901
08:03:51.500,-0.075462
08:03:51.600,-0.060061
08:03:51.700,-0.042566
08:03:51.800,-0.15762
08:03:51.900,-0.084242
08:03:52.000,0.122393
08:03:52.100,-0.004027
08:03:52.200,0.015038
08:03:52.300,-0.26787
08:03:52.400,0.113734
08:03:52.500,-0.082262
08:03:52.600,0.134876
08:03:52.700,0.018513
08:03:52.800,-0.067446
08:03:52.900,-0.201335
08:03:53.000,0.260982
08:03:53.100,0.09639
08:03:53.200,0.103569
08:03:53.300,0.218259
08:03:53.400,0.02689
08:03:53.500,0.162288
08:03:53.600,-0.057429
08:03:53.700,0.088509
08:03:53.800,-0.075612
08:03:53.900,-0.060463
08:03:54.000,0.01164
08:03:54.100,-0.152088
08:03:54.200,0.039531
08:03:54.300,-0.037435
08:03:54.400,-0.238507
08:03:54.500,-0.054919
08:03:54.600,-0.041407
08:03:54.700,0.10234
08:03:54.800,0.034224
08:03:54.900,0.173697
08:03:55.000,0.062413
08:03:55.100,-0.066475
08:03:55.200,-0.007003
08:03:55.300,-0.041766
08:03:55.400,0.058557
08:03:55.500,0.007179
08:03:55.600,-0.075427
08:03:55.700,0.001032
08:03:55.800,0.055342
08:03:55.900,-0.120771
08:03:56.000,0.038041
08:03:56.100,-0.189442
08:03:56.200,0.132669
08:03:56.300,0.063262
08:03:56.400,0.195514
08:03:56.500,-0.133992
08:03:56.600,0.136014
08:03:56.700,0.112294
08:03:56.800,-0.021868
08:03:56.900,-0.045197
08:03:57.000,-0.130218
08:03:57.100,-0.161497
08:03:57.200,-0.090148
08:03:57.300,-0.150693
08:03:57.400,0.191487
08:03:57.500,-0.180246
08:03:57.600,0.017867
08:03:57.700,0.052285
08:03:57.800,0.0429
08:03:57.900,0.053435
08:03:58.000,0.113568
08:03:58.100,-0.053511
08:03:58.200,0.010506
08:03:58.300,-0.035227
08:03:58.400,0.156303
08:03:58.500,0.251984
08:03:58.600,-0.143272
08:03:58.700,-0.243732
08:03:58.800,0.068296
08:03:58.900,0.128445
08:03:59.000,0.234837
08:03:59.100,0.088547
08:03:59.200,0.167494
08:03:59.300,0.199207
08:03:59.400,0.175773
08:03:59.500,0.105739
08:03:59.600,-0.153865
08:03:59.700,-0.001003
08:03:59.800,0.036005
08:03:59.900,-0.011977
08:04:00.000,-0.004573
08:04:00.100,0.188067
08:04:00.200,-0.09082
08:04:00.300,0.095886
08:04:00.400,0.037973
08:04:00.500,-0.102904
08:04:00.600,-0.129192
08:04:00.700,-0.204158
08:04:00.800,0.058269
08:04:00.900,-0.007589
08:04:01.000,-0.099093
08:04:01.100,-0.225133
08:04:01.200,0.051925
08:04:01.300,-0.020847
08:04:01.400,-0.085643
08:04:01.500,-0.115685
08:04:01.600,-0.028629
08:04:01.700,0.0564
08:04:01.800,-0.039598
08:04:01.900,-0.142623
08:04:02.000,-0.006975
08:04:02.100,0.125466
08:04:02.200,0.004832
08:04:02.300,0.008211
08:04:02.400,-0.03908
08:04:02.500,-0.10676
08:04:02.600,-0.110748
08:04:02.700,-0.199422
08:04:02.800,0.141747
08:04:02.900,0.055495
08:04:03.000,0.009898
08:04:03.100,0.03547
08:04:03.200,0.040744
08:04:03.300,-0.088146
08:04:03.400,-0.039031
08:04:03.500,-0.056905
08:04:03.600,0.301371
08:04:03.700,0.122424
08:04:03.800,0.020146
08:04:03.900,0.163918
08:04:04.000,0.148763
08:04:04.100,-0.165663
08:04:04.200,-0.026742
08:04:04.300,-0.001959
08:04:04.400,0.073383
08:04:04.500,-0.026879
08:04:04.600,-0.011824
08:04:04.700,-0.055362
08:04:04.800,0.125872
08:04:04.900,-0.173201
08:04:05.000,-0.051283
08:04:05.100,-0.221241
08:04:05.200,-0.123557
08:04:05.300,0.038061
08:04:05.400,0.040339
08:04:05.500,-0.037583
08:04:05.600,0.134878
08:04:05.700,0.162485
08:04:05.800,-0.008307
08:04:05.900,0.030052
08:04:06.000,-0.054305
08:04:06.100,0.075227
08:04:06.200,-0.143287
08:04:06.300,0.2155
08:04:06.400,0.136798
08:04:06.500,-0.143871
08:04:06.600,-0.094682
08:04:06.700,0.05055
08:04:06.800,-0.04059
08:04:06.900,0.065352
08:04:07.000,-0.043128
08:04:07.100,0.182977
08:04:07.200,0.000997
08:04:07.300,0.290467
08:04:07.400,0.072321
08:04:07.500,-0.161929
08:04:07.600,0.25038
08:04:07.700,0.131841
08:04:07.800,0.045618
08:04:07.900,0.077596
08:04:08.000,-0.142686
08:04:08.100,-0.216525
08:04:08.200,-0.00501
08:04:08.300,0.165452
08:04:08.400,0.047485
08:04:08.500,0.205101
08:04:08.600,0.158546
08:04:08.700,0.002473
08:04:08.800,0.142051
08:04:08.900,0.182711
08:04:09.000,-0.009622
08:04:09.100,-0.025653
08:04:09.200,0.016854
08:04:09.300,-0.289429
08:04:09.400,0.033652
08:04:09.500,0.086453
08:04:09.600,0.017341
08:04:09.700,0.041361
08:04:09.800,-0.005217
08:04:09.900,-0.239643
08:04:10.000,0.199511
08:04:10.100,-0.044139
08:04:10.200,-0.074132
08:04:10.300,0.162958
08:04:10.400,0.117444
08:04:10.500,0.032768
08:04:10.600,0.092324
08:04:10.700,-0.138599
08:04:10.800,-0.009707
08:04:10.900,0.155374
08:04:11.000,-0.081257
08:04:11.100,-0.1198
08:04:11.200,0.009432
08:04:11.300,0.012247
08:04:11.400,0.077709
08:04:11.500,-0.165378
08:04:11.600,-0.305925
08:04:11.700,0.110548
08:04:11.800,-0.129958
08:04:11.900,-0.073199
08:04:12.000,-0.261988
08:04:12.100,0.12275
08:04:12.200,0.042041
08:04:12.300,0.037223
08:04:12.400,0.036415
08:04:12.500,-0.247219
08:04:12.600,-0.11822
08:04:12.700,-0.054207
08:04:12.800,-0.089849
08:04:12.900,-0.032581
08:04:13.000,0.029544
08:04:13.100,0.120773
08:04:13.200,-0.177624
08:04:13.300,-0.00106
08:04:13.400,0.085385
08:04:13.500,-0.11089
08:04:13.600,-0.02314
08:04:13.700,0.055986
08:04:13.800,0.001345
08:04:13.900,0.080904
08:04:14.000,0.011364
08:04:14.100,-0.037424
08:04:14.200,-0.140725
08:04:14.300,0.02966
08:04:14.400,0.011997
08:04:14.500,-0.11914
08:04:14.600,0.069847
08:04:14.700,0.152151
08:04:14.800,-0.079211
08:04:14.900,-0.087316
08:04:15.000,-0.091698
08:04:15.100,-0.201439
08:04:15.200,0.240538
08:04:15.300,-0.053866
08:04:15.400,-0.103015
08:04:15.500,-0.135213
08:04:15.600,-0.046556
08:04:15.700,-0.083425
08:04:15.800,0.172569
08:04:15.900,-0.149849
08:04:16.000,-0.184624
08:04:16.100,0.066214
08:04:16.200,-0.012865
08:04:16.300,-0.026753
08:04:16.400,0.067156
08:04:16.500,0.016405
08:04:16.600,-0.005618
08:04:16.700,-0.168678
08:04:16.800,-0.200171
08:04:16.900,-0.084051
08:04:17.000,-0.130124
08:04:17.100,0.032305
08:04:17.200,-0.215846
08:04:17.300,-0.053659
08:04:17.400,-0.020769
08:04:17.500,-0.004759
08:04:17.600,0.047876
08:04:17.700,-0.039185
08:04:17.800,-0.080099
08:04:17.900,0.149338
08:04:18.000,-0.038404
08:04:18.100,0.170296
08:04:18.200,-0.039015
08:04:18.300,-0.001952
08:04:18.400,-0.01665
08:04:18.500,0.027746
08:04:18.600,-0.050382
08:04:18.700,0.011536
08:04:18.800,0.183698
08:04:18.900,0.125862
08:04:19.000,0.126689
08:04:19.100,-0.161032
08:04:19.200,-0.141614
08:04:19.300,0.02613
08:04:19.400,0.092489
08:04:19.500,-0.062296
08:04:19.600,-0.08371
08:04:19.700,0.167261
08:04:19.800,0.082305
08:04:19.900,0.126958
08:04:20.000,-0.052974
08:04:20.100,-0.062402
08:04:20.200,0.113867
08:04:20.300,-0.031527
08:04:20.400,-0.073303
08:04:20.500,-0.109584
08:04:20.600,-0.061355
08:04:20.700,0.10501
08:04:20.800,-0.18116
08:04:20.900,0.075486
08:04:21.000,-0.084986
08:04:21.100,-0.025236
08:04:21.200,-0.017549
08:04:21.300,-0.026489
08:04:21.400,-0.034455
08:04:21.500,-0.053323
08:04:21.600,-0.068571
08:04:21.700,0.158373
08:04:21.800,0.003006
08:04:21.900,-0.015114
08:04:22.000,-0.077358
08:04:22.100,-0.048953
08:04:22.200,-0.076941
08:04:22.300,0.091841
08:04:22.400,-0.090432
08:04:22.500,-0.26955
08:04:22.600,0.006997
08:04:22.700,-0.033527
08:04:22.800,-0.070295
08:04:22.900,0.109387
08:04:23.000,-0.328022
08:04:23.100,0.189149
08:04:23.200,0.126561
08:04:23.300,-0.075366
08:04:23.400,-0.054094
08:04:23.500,0.060526
08:04:23.600,0.063746
08:04:23.700,-0.076066
08:04:23.800,-0.194013
08:04:23.900,0.253643
08:04:24.000,0.114735
08:04:24.100,0.018822
08:04:24.200,0.021093
08:04:24.300,0.074558
08:04:24.400,0.088928
08:04:24.500,-0.250364
08:04:24.600,-0.042105
08:04:24.700,-0.05458
08:04:24.800,-0.019372
08:04:24.900,0.092495
08:04:25.000,-0.21481
08:04:25.100,-0.161897
08:04:25.200,-0.081809
08:04:25.300,0.018521
08:04:25.400,0.099855
08:04:25.500,0.195759
08:04:25.600,-0.034363
08:04:25.700,0.099658
08:04:25.800,0.085219
08:04:25.900,0.065
08:04:26.000,-0.002914
08:04:26.100,-0.047944
08:04:26.200,-0.127848
08:04:26.300,-0.135791
08:04:26.400,0.04165
08:04:26.500,-0.006531
08:04:26.600,-0.049861
08:04:26.700,0.079777
08:04:26.800,-0.024059
08:04:26.900,-0.109581
08:04:27.000,-0.03198
08:04:27.100,0.098476
08:04:27.200,-0.122822
08:04:27.300,0.025113
08:04:27.400,-0.006651
08:04:27.500,-0.091297
08:04:27.600,-0.035202
08:04:27.700,-0.188602
08:04:27.800,0.013157
08:04:27.900,-0.163768
08:04:28.000,0.128692
08:04:28.100,-0.011037
08:04:28.200,-0.068618
08:04:28.300,0.139267
08:04:28.400,-0.123822
08:04:28.500,-0.089722
08:04:28.600,-0.21951
08:04:28.700,0.157141
08:04:28.800,0.224744
08:04:28.900,-0.200831
08:04:29.000,-0.097893
08:04:29.100,0.008378
08:04:29.200,-0.061883
08:04:29.300,-0.003758
08:04:29.400,-0.014112
08:04:29.500,0.048906
08:04:29.600,-0.115316
08:04:29.700,0.023119
08:04:29.800,-0.133935
08:04:29.900,-0.049423
08:04:30.000,-0.20841
08:04:30.100,-0.048546
08:04:30.200,-0.068729
08:04:30.300,0.11323
08:04:30.400,-0.007111
08:04:30.500,0.0147
08:04:30.600,-0.002694
08:04:30.700,-0.255493
08:04:30.800,-0.239634
08:04:30.900,-0.038241
08:04:31.000,0.033427
08:04:31.100,-0.028184
08:04:31.200,-0.103687
08:04:31.300,-0.028838
08:04:31.400,-0.03925
08:04:31.500,0.09348
08:04:31.600,0.086762
08:04:31.700,-0.06641
08:04:31.800,-0.005991
08:04:31.900,0.033144
08:04:32.000,0.050957
08:04:32.100,0.198312
08:04:32.200,-0.003378
08:04:32.300,0.140249
08:04:32.400,-0.13921
08:04:32.500,-0.076521
08:04:32.600,-0.256299
08:04:32.700,0.018157
08:04:32.800,0.077703
08:04:32.900,-0.306646
08:04:33.000,0.022594
08:04:33.100,0.072505
08:04:33.200,0.065669
08:04:33.300,-0.143503
08:04:33.400,0.092774
08:04:33.500,0.001117
08:04:33.600,0.070925
08:04:33.700,-0.015103
08:04:33.800,0.045724
08:04:33.900,0.133108
08:04:34.000,-0.024483
08:04:34.100,0.034093
08:04:34.200,0.149972
08:04:34.300,-0.015988
08:04:34.400,-0.135048
08:04:34.500,0.081125
08:04:34.600,0.172185
08:04:34.700,0.154654
08:04:34.800,0.085799
08:04:34.900,-0.281299
08:04:35.000,-0.0763
08:04:35.100,-0.070152
08:04:35.200,0.005384
08:04:35.300,0.202592
08:04:35.400,-0.129665
08:04:35.500,0.269064
08:04:35.600,-0.045879
08:04:35.700,-0.092028
08:04:35.800,0.101425
08:04:35.900,0.110917
08:04:36.000,0.077994
08:04:36.100,-0.092335
08:04:36.200,0.060243
08:04:36.300,-0.124027
08:04:36.400,-0.09567
08:04:36.500,-0.011384
08:04:36.600,-0.098396
08:04:36.700,0.12633
08:04:36.800,-0.06938
08:04:36.900,-0.026455
08:04:37.000,-0.105624
08:04:37.100,0.124513
08:04:37.200,-0.079935
08:04:37.300,0.137041
08:04:37.400,0.128225
08:04:37.500,-0.053513
08:04:37.600,0.00356
08:04:37.700,-0.056845
08:04:37.800,0.065487
08:04:37.900,-0.023337
08:04:38.000,-0.050098
08:04:38.100,0.005541
08:04:38.200,-0.189866
08:04:38.300,-0.009102
08:04:38.400,0.077953
08:04:38.500,0.016567
08:04:38.600,0.114199
08:04:38.700,-0.045276
08:04:38.800,-0.055115
08:04:38.900,-0.134078
08:04:39.000,-0.048689
08:04:39.100,0.235907
08:04:39.200,0.033065
08:04:39.300,-0.070264
08:04:39.400,-0.120737
08:04:39.500,-0.191824
08:04:39.600,-0.099647
08:04:39.700,0.091103
08:04:39.800,-0.051244
08:04:39.900,-0.114981
08:04:40.000,-0.101782
08:04:40.100,0.077938
08:04:40.200,-0.009752
08:04:40.300,-0.075265
08:04:40.400,-0.037007
08:04:40.500,0.264706
08:04:40.600,0.146355
08:04:40.700,0.176235
08:04:40.800,-0.210252
08:04:40.900,-0.018132
08:04:41.000,-0.077375
08:04:41.100,0.065261
08:04:41.200,0.127177
08:04:41.300,0.039171
08:04:41.400,-0.104696
08:04:41.500,-0.079322
08:04:41.600,0.074469
08:04:41.700,0.086409
08:04:41.800,0.016914
08:04:41.900,0.015575
08:04:42.000,0.006015
08:04:42.100,0.032292
08:04:42.200,0.085915
08:04:42.300,0.07562
08:04:42.400,0.00283
08:04:42.500,-0.005886
08:04:42.600,-0.010476
08:04:42.700,-0.09364
08:04:42.800,-0.095163
08:04:42.900,0.065275
08:04:43.000,-0.085544
08:04:43.100,0.097672
08:04:43.200,-0.006161
08:04:43.300,0.098351
08:04:43.400,0.076435
08:04:43.500,0.101152
08:04:43.600,-0.057164
08:04:43.700,0.049068
08:04:43.800,0.088547
08:04:43.900,-0.186159
08:04:44.000,0.204203
08:04:44.100,0.271914
08:04:44.200,0.113675
08:04:44.300,0.096706
08:04:44.400,0.070651
08:04:44.500,-0.038812
08:04:44.600,-0.01322
08:04:44.700,0.115729
08:04:44.800,-0.116786
08:04:44.900,-0.127286
08:04:45.000,-0.04768
08:04:45.100,0.07875
08:04:45.200,-0.103912
08:04:45.300,-0.02705
08:04:45.400,-0.012801
08:04:45.500,-0.121424
08:04:45.600,-0.292772
08:04:45.700,-0.123182
08:04:45.800,0.031306
08:04:45.900,0.058337
08:04:46.000,0.059324
08:04:46.100,0.073149
08:04:46.200,-0.075167
08:04:46.300,-0.100873
08:04:46.400,0.045007
08:04:46.500,-0.02541
08:04:46.600,0.108849
08:04:46.700,0.045765
08:04:46.800,0.154058
08:04:46.900,-0.055864
08:04:47.000,0.128104
08:04:47.100,0.244161
08:04:47.200,0.006449
08:04:47.300,0.059917
08:04:47.400,-0.111663
08:04:47.500,0.107287
08:04:47.600,0.135487
08:04:47.700,-0.059334
08:04:47.800,0.070339
08:04:47.900,0.033657
08:04:48.000,0.046894
08:04:48.100,0.097442
08:04:48.200,0.062268
08:04:48.300,-0.016679
08:04:48.400,0.099996
08:04:48.500,0.133423
08:04:48.600,-0.066503
08:04:48.700,-0.000216
08:04:48.800,-0.212243
08:04:48.900,0.070032
08:04:49.000,0.146774
08:04:49.100,-0.030875
08:04:49.200,0.016012
08:04:49.300,-0.026423
08:04:49.400,-0.046068
08:04:49.500,0.027861
08:04:49.600,-0.094109
08:04:49.700,-0.028233
08:04:49.800,-0.108546
08:04:49.900,0.070689
08:04:50.000,0.028709
08:04:50.100,-0.051749
08:04:50.200,0.004449
08:04:50.300,-0.026487
08:04:50.400,0.137267
08:04:50.500,-0.052921
08:04:50.600,0.076205
08:04:50.700,-0.084625
08:04:50.800,0.097709
08:04:50.900,0.124477
08:04:51.000,0.130141
08:04:51.100,0.176522
08:04:51.200,0.035093
08:04:51.300,0.148554
08:04:51.400,0.194902
08:04:51.500,-0.134646
08:04:51.600,-0.072389
08:04:51.700,-0.179484
08:04:51.800,0.127337
08:04:51.900,-0.181024
08:04:52.000,-0.213581
08:04:52.100,-0.131687
08:04:52.200,-0.208597
08:04:52.300,0.032659
08:04:52.400,-0.130145
08:04:52.500,-0.202834
08:04:52.600,-0.005025
08:04:52.700,0.002053
08:04:52.800,-0.224374
08:04:52.900,-0.085644
08:04:53.000,-0.008957
08:04:53.100,-0.042819
08:04:53.200,-0.039538
08:04:53.300,0.141514
08:04:53.400,0.257585
08:04:53.500,-0.037596
08:04:53.600,-0.158626
08:04:53.700,-0.02815
08:04:53.800,0.023315
08:04:53.900,-0.006393
08:04:54.000,0.073283
08:04:54.100,0.265429
08:04:54.200,-0.205575
08:04:54.300,-0.06085
08:04:54.400,0.184937
08:04:54.500,-0.062645
08:04:54.600,0.094739
08:04:54.700,0.075708
08:04:54.800,0.148426
08:04:54.900,0.229601
08:04:55.000,0.039969
08:04:55.100,-0.2095
08:04:55.200,-0.084049
08:04:55.300,0.262326
08:04:55.400,-0.169704
08:04:55.500,0.059617
08:04:55.600,-0.301741
08:04:55.700,-0.162147
08:04:55.800,0.106432
08:04:55.900,0.004315
08:04:56.000,-0.045173
08:04:56.100,-0.097723
08:04:56.200,-0.239585
08:04:56.300,0.083209
08:04:56.400,-0.033978
08:04:56.500,-0.182624
08:04:56.600,0.003623
08:04:56.700,0.06975
08:04:56.800,-0.024081
08:04:56.900,0.013919
08:04:57.000,0.004575
08:04:57.100,-0.084815
08:04:57.200,0.006511
08:04:57.300,0.088226
08:04:57.400,0.124157
08:04:57.500,0.094888
08:04:57.600,-0.081012
08:04:57.700,0.076346
08:04:57.800,0.055856
08:04:57.900,-0.085165
08:04:58.000,-0.055718
08:04:58.100,0.081563
08:04:58.200,0.165229
08:04:58.300,-0.217401
08:04:58.400,0.196807
08:04:58.500,0.139699
08:04:58.600,0.023894
08:04:58.700,-0.028886
08:04:58.800,0.046852
08:04:58.900,-0.076868
08:04:59.000,-0.021323
08:04:59.100,-0.177003
08:04:59.200,-0.208983
08:04:59.300,0.279877
08:04:59.400,0.007569
08:04:59.500,0.024443
08:04:59.600,-0.003688
08:04:59.700,-0.099333
08:04:59.800,-0.036847
08:04:59.900,0.010943
08:05:00.000,-0.023597
08:05:00.100,-0.090264
08:05:00.200,0.057539
08:05:00.300,0.022604
08:05:00.400,0.047149
08:05:00.500,0.084605
08:05:00.600,-0.020463
08:05:00.700,-0.020267
08:05:00.800,0.177894
08:05:00.900,-0.113282
08:05:01.000,-0.224836
08:05:01.100,0.066665
08:05:01.200,-0.075522
08:05:01.300,-0.129282
08:05:01.400,0.106229
08:05:01.500,-0.017372
08:05:01.600,-0.151628
08:05:01.700,0.232194
08:05:01.800,-0.193282
08:05:01.900,-0.010401
08:05:02.000,-0.226713
08:05:02.100,0.032479
08:05:02.200,-0.076933
08:05:02.300,0.098313
08:05:02.400,-0.002086
08:05:02.500,0.162073
08:05:02.600,-0.051566
08:05:02.700,-0.192545
08:05:02.800,0.028502
08:05:02.900,-0.030307
08:05:03.000,-0.218311
08:05:03.100,-0.126646
08:05:03.200,-0.088456
08:05:03.300,0.186646
08:05:03.400,0.084893
08:05:03.500,-0.041728
08:05:03.600,0.056504
08:05:03.700,-0.244735
08:05:03.800,-0.067789
08:05:03.900,0.048119
08:05:04.000,0.019845
08:05:04.100,-0.064723
08:05:04.200,-0.004597
08:05:04.300,0.040573
08:05:04.400,-0.001123
08:05:04.500,0.10332
08:05:04.600,0.038244
08:05:04.700,0.061349
08:05:04.800,0.205627
08:05:04.900,0.099301
08:05:05.000,0.208915
08:05:05.100,-0.08063
08:05:05.200,-0.19109
08:05:05.300,-0.016834
08:05:05.400,-0.027072
08:05:05.500,0.17513
08:05:05.600,-0.135605
08:05:05.700,-0.009465
08:05:05.800,0.048622
08:05:05.900,0.012012
08:05:06.000,-0.020584
08:05:06.100,0.043028
08:05:06.200,0.129492
08:05:06.300,0.184289
08:05:06.400,0.003937
08:05:06.500,-0.097901
08:05:06.600,0.184144
08:05:06.700,-0.129316
08:05:06.800,0.214869
08:05:06.900,0.161296
08:05:07.000,0.178728
08:05:07.100,0.082247
08:05:07.200,-0.253499
08:05:07.300,-0.124694
08:05:07.400,0.036827
08:05:07.500,-0.081078
08:05:07.600,-0.037834
08:05:07.700,0.073537
08:05:07.800,-0.020397
08:05:07.900,-0.146282
08:05:08.000,0.106279
08:05:08.100,0.061788
08:05:08.200,-0.02988
08:05:08.300,0.085352
08:05:08.400,0.011406
08:05:08.500,0.159763
08:05:08.600,0.018145
08:05:08.700,0.158871
08:05:08.800,-0.224838
08:05:08.900,0.055106
08:05:09.000,-0.047743
08:05:09.100,-0.103086
08:05:09.200,0.13902
08:05:09.300,0.10669
08:05:09.400,-0.240777
08:05:09.500,0.085859
08:05:09.600,0.071298
08:05:09.700,-0.086769
08:05:09.800,-0.100236
08:05:09.900,-0.190869
08:05:10.000,-0.040504
08:05:10.100,-0.021299
08:05:10.200,0.09564
08:05:10.300,0.032326
08:05:10.400,-0.127189
08:05:10.500,0.028665
08:05:10.600,-0.030485
08:05:10.700,-0.112179
08:05:10.800,-0.190741
08:05:10.900,0.074976
08:05:11.000,0.053568
08:05:11.100,0.066812
08:05:11.200,-0.087389
08:05:11.300,0.02053
08:05:11.400,-0.165044
08:05:11.500,-0.11839
08:05:11.600,0.004048
08:05:11.700,0.031482
08:05:11.800,-0.195458
08:05:11.900,-0.126905
08:05:12.000,-0.043847
08:05:12.100,0.115022
08:05:12.200,-0.097572
08:05:12.300,0.016869
08:05:12.400,0.029447
08:05:12.500,-0.029963
08:05:12.600,0.032162
08:05:12.700,-0.16139
08:05:12.800,-0.078694
08:05:12.900,0.172123
08:05:13.000,0.180572
08:05:13.100,0.10115
08:05:13.200,0.132047
08:05:13.300,-0.219109
08:05:13.400,-0.113844
08:05:13.500,-0.037332
08:05:13.600,0.289877
08:05:13.700,-0.03757
08:05:13.800,0.089389
08:05:13.900,0.045405
08:05:14.000,0.042735
08:05:14.100,-0.002824
08:05:14.200,-0.144004
08:05:14.300,-0.32414
08:05:14.400,0.153821
08:05:14.500,-0.07398
08:05:14.600,-0.224054
08:05:14.700,0.052555
08:05:14.800,0.050255
08:05:14.900,0.092147
08:05:15.000,0.133886
08:05:15.100,-0.110278
08:05:15.200,-0.104998
08:05:15.300,-0.038244
08:05:15.400,0.098597
08:05:15.500,-0.252317
08:05:15.600,0.015385
08:05:15.700,0.111855
08:05:15.800,0.106903
08:05:15.900,0.085027
08:05:16.000,0.12756
08:05:16.100,-0.329662
08:05:16.200,0.193616
08:05:16.300,0.039649
08:05:16.400,0.160158
08:05:16.500,-0.140956
08:05:16.600,-0.210459
08:05:16.700,0.214365
08:05:16.800,-0.111183
08:05:16.900,-0.037302
08:05:17.000,0.063295
08:05:17.100,0.092746
08:05:17.200,0.12941
08:05:17.300,0.026806
08:05:17.400,-0.126517
08:05:17.500,0.084796
08:05:17.600,0.086707
08:05:17.700,-0.217804
08:05:17.800,0.170242
08:05:17.900,-0.298449
08:05:18.000,0.12413
08:05:18.100,-0.076093
08:05:18.200,0.084661
08:05:18.300,0.061223
08:05:18.400,-0.004455
08:05:18.500,0.05413
08:05:18.600,-0.010374
08:05:18.700,0.085674
08:05:18.800,0.262233
08:05:18.900,-0.160949
08:05:19.000,-0.382578
08:05:19.100,-0.049881
08:05:19.200,-0.058083
08:05:19.300,-0.045308
08:05:19.400,-0.111173
08:05:19.500,0.104692
08:05:19.600,-0.16576
08:05:19.700,0.054093
08:05:19.800,0.076616
08:05:19.900,0.037976
08:05:20.000,0.058457
08:05:20.100,0.113912
08:05:20.200,0.006428
08:05:20.300,-0.04158
08:05:20.400,0.058364
08:05:20.500,0.072044
08:05:20.600,0.106762
08:05:20.700,-0.205487
08:05:20.800,-0.022024
08:05:20.900,-0.127844
08:05:21.000,0.067316
08:05:21.100,0.087205
08:05:21.200,-0.03293
08:05:21.300,-0.087512
08:05:21.400,0.071636
08:05:21.500,-0.015989
08:05:21.600,0.171176
08:05:21.700,0.212754
08:05:21.800,0.120085
08:05:21.900,0.027919
08:05:22.000,0.219069
08:05:22.100,0.028886
08:05:22.200,-0.057503
08:05:22.300,-0.081041
08:05:22.400,-0.08442
08:05:22.500,-0.000764
08:05:22.600,0.05557
08:05:22.700,-0.169819
08:05:22.800,-0.053871
08:05:22.900,0.025542
08:05:23.000,0.077235
08:05:23.100,-0.003111
08:05:23.200,0.029341
08:05:23.300,-0.148623
08:05:23.400,-0.109414
08:05:23.500,-0.007303
08:05:23.600,0.061266
08:05:23.700,0.027756
08:05:23.800,-0.101859
08:05:23.900,-0.028387
08:05:24.000,0.181421
08:05:24.100,0.065311
08:05:24.200,-0.019504
08:05:24.300,-0.1231
08:05:24.400,-0.085605
08:05:24.500,0.000791
08:05:24.600,0.033114
08:05:24.700,0.067868
08:05:24.800,0.046558
08:05:24.900,-0.044428
08:05:25.000,-0.061333
08:05:25.100,0.245639
08:05:25.200,-0.066776
08:05:25.300,-0.155004
08:05:25.400,-0.196646
08:05:25.500,-0.042383
08:05:25.600,0.112798
08:05:25.700,-0.069114
08:05:25.800,0.177302
08:05:25.900,-0.000874
08:05:26.000,0.133147
08:05:26.100,-0.090927
08:05:26.200,-0.089066
08:05:26.300,0.010925
08:05:26.400,0.057907
08:05:26.500,-0.021475
08:05:26.600,0.035096
08:05:26.700,0.070618
08:05:26.800,-0.170461
08:05:26.900,-0.040912
08:05:27.000,-0.062242
08:05:27.100,-0.056415
08:05:27.200,0.048825
08:05:27.300,-0.060575
08:05:27.400,-0.240609
08:05:27.500,-0.028382
08:05:27.600,-0.127729
08:05:27.700,0.05956
08:05:27.800,0.096684
08:05:27.900,-0.260979
08:05:28.000,-0.092908
08:05:28.100,0.042405
08:05:28.200,-0.169065
08:05:28.300,0.093919
08:05:28.400,0.125918
08:05:28.500,-0.019442
08:05:28.600,-0.092869
08:05:28.700,-0.277268
08:05:28.800,0.097683
08:05:28.900,0.240304
08:05:29.000,0.215478
08:05:29.100,-0.023397
08:05:29.200,-0.131121
08:05:29.300,0.100515
08:05:29.400,-0.015224
08:05:29.500,0.057376
08:05:29.600,0.03633
08:05:29.700,0.01116
08:05:29.800,0.123422
08:05:29.900,0.12788
08:05:30.000,-0.062723
08:05:30.100,-0.110773
08:05:30.200,-0.299894
08:05:30.300,-0.041539
08:05:30.400,-0.131199
08:05:30.500,0.050304
08:05:30.600,-0.040304
08:05:30.700,-0.027291
08:05:30.800,0.097436
08:05:30.900,0.047671
08:05:31.000,-0.014003
08:05:31.100,0.202371
08:05:31.200,0.088578
08:05:31.300,-0.049903
08:05:31.400,-0.04455
08:05:31.500,0.094606
08:05:31.600,0.024341
08:05:31.700,-0.134539
08:05:31.800,0.107366
08:05:31.900,0.150868
08:05:32.000,0.141767
08:05:32.100,0.18513
08:05:32.200,0.248304
08:05:32.300,0.207595
08:05:32.400,0.040879
08:05:32.500,-0.025011
08:05:32.600,-0.219552
08:05:32.700,0.001304
08:05:32.800,0.062296
08:05:32.900,0.005226
08:05:33.000,-0.226587
08:05:33.100,-0.034395
08:05:33.200,0.07744
08:05:33.300,-0.12311
08:05:33.400,0.019883
08:05:33.500,0.051795
08:05:33.600,0.134156
08:05:33.700,0.205513
08:05:33.800,-0.045339
08:05:33.900,0.022051
08:05:34.000,0.025808
08:05:34.100,0.077925
08:05:34.200,0.064488
08:05:34.300,0.171001
08:05:34.400,-0.279756
08:05:34.500,0.050163
08:05:34.600,0.058489
08:05:34.700,-0.028228
08:05:34.800,-0.271681
08:05:34.900,-0.00732
08:05:35.000,-0.085267
08:05:35.100,0.201355
08:05:35.200,0.045035
08:05:35.300,-0.095458
08:05:35.400,-0.246317
08:05:35.500,0.070874
08:05:35.600,0.083538
08:05:35.700,-0.025893
08:05:35.800,0.072441
08:05:35.900,-0.041792
08:05:36.000,0.128066
08:05:36.100,0.119122
08:05:36.200,-0.196671
08:05:36.300,-0.167423
08:05:36.400,0.243754
08:05:36.500,0.111864
08:05:36.600,-0.151486
08:05:36.700,-0.188446
08:05:36.800,0.024933
08:05:36.900,-0.137078
08:05:37.000,-0.038005
08:05:37.100,-0.005674
08:05:37.200,-0.010853
08:05:37.300,0.135185
08:05:37.400,0.220171
08:05:37.500,-0.05747
08:05:37.600,-0.135679
08:05:37.700,0.046662
08:05:37.800,0.195778
08:05:37.900,-0.048386
08:05:38.000,0.102043
08:05:38.100,-0.100456
08:05:38.200,0.002553
08:05:38.300,-0.139433
08:05:38.400,0.0013
08:05:38.500,-0.013975
08:05:38.600,0.072975
08:05:38.700,0.213367
08:05:38.800,-0.046667
08:05:38.900,-0.239967
08:05:39.000,-0.024252
08:05:39.100,0.035918
08:05:39.200,0.024228
08:05:39.300,-0.018891
08:05:39.400,0.178526
08:05:39.500,0.016346
08:05:39.600,-0.012576
08:05:39.700,-0.093325
08:05:39.800,-0.209605
08:05:39.900,0.039508
08:05:40.000,0.02945
08:05:40.100,-0.12712
08:05:40.200,-0.005325
08:05:40.300,-0.017262
08:05:40.400,-0.07494
08:05:40.500,-0.095197
08:05:40.600,0.04861
08:05:40.700,-0.027097
08:05:40.800,-0.070919
08:05:40.900,-0.103401
08:05:41.000,-0.015598
08:05:41.100,0.110938
08:05:41.200,0.024797
08:05:41.300,-0.028455
08:05:41.400,0.037019
08:05:41.500,0.163726
08:05:41.600,0.05885
08:05:41.700,0.031224
08:05:41.800,0.076624
08:05:41.900,-0.018962
08:05:42.000,0.022088
08:05:42.100,-0.058675
08:05:42.200,-0.186066
08:05:42.300,0.04114
08:05:42.400,0.041602
08:05:42.500,-0.034526
08:05:42.600,0.124299
08:05:42.700,-0.086592
08:05:42.800,-0.212566
08:05:42.900,-0.083654
08:05:43.000,-0.184913
08:05:43.100,0.040564
08:05:43.200,-0.090249
08:05:43.300,0.118163
08:05:43.400,0.115656
08:05:43.500,-0.110997
08:05:43.600,-0.096973
08:05:43.700,0.064133
08:05:43.800,0.117581
08:05:43.900,-0.241514
08:05:44.000,0.033801
08:05:44.100,-0.263711
08:05:44.200,-0.065822
08:05:44.300,0.131239
08:05:44.400,0.361172
08:05:44.500,-0.028659
08:05:44.600,-0.149654
08:05:44.700,-0.061619
08:05:44.800,0.007928
08:05:44.900,-0.080429
08:05:45.000,-0.110979
08:05:45.100,-0.051222
08:05:45.200,0.047469
08:05:45.300,-0.020329
08:05:45.400,-0.105792
08:05:45.500,-0.080407
08:05:45.600,-0.049663
08:05:45.700,-0.119931
08:05:45.800,-0.084857
08:05:45.900,0.077236
08:05:46.000,-0.027639
08:05:46.100,-0.210418
08:05:46.200,0.122994
08:05:46.300,0.050006
08:05:46.400,-0.165976
08:05:46.500,-0.043845
08:05:46.600,-0.095052
08:05:46.700,0.081229
08:05:46.800,-0.044598
08:05:46.900,-0.008733
08:05:47.000,-0.022703
08:05:47.100,-0.177616
08:05:47.200,0.168648
08:05:47.300,0.07948
08:05:47.400,-0.089686
08:05:47.500,0.023023
08:05:47.600,0.116894
08:05:47.700,0.006689
08:05:47.800,0.186811
08:05:47.900,0.350142
08:05:48.000,-0.015135
08:05:48.100,-0.069904
08:05:48.200,-0.118729
08:05:48.300,-0.265629
08:05:48.400,0.149777
08:05:48.500,-0.042419
08:05:48.600,0.105043
08:05:48.700,0.129174
08:05:48.800,-0.129716
08:05:48.900,-0.111698
08:05:49.000,0.209362
08:05:49.100,-0.008408
08:05:49.200,-0.079235
08:05:49.300,-0.125421
08:05:49.400,-0.016975
08:05:49.500,0.180947
08:05:49.600,0.082253
08:05:49.700,0.021811
08:05:49.800,0.190623
08:05:49.900,0.167493
08:05:50.000,0.040095
08:05:50.100,0.333134
08:05:50.200,-0.029691
08:05:50.300,0.131763
08:05:50.400,-0.04716
08:05:50.500,0.108342
08:05:50.600,-0.029806
08:05:50.700,0.055364
08:05:50.800,0.286816
08:05:50.900,0.114222
08:05:51.000,0.057221
08:05:51.100,-0.092964
08:05:51.200,0.022587
08:05:51.300,-0.12096
08:05:51.400,0.106437
08:05:51.500,0.103425
08:05:51.600,-0.021556
08:05:51.700,0.199624
08:05:51.800,0.182748
08:05:51.900,0.017958
08:05:52.000,0.067861
08:05:52.100,-0.070615
08:05:52.200,-0.032662
08:05:52.300,-0.129361
08:05:52.400,-0.0574
08:05:52.500,-0.012527
08:05:52.600,-0.199244
08:05:52.700,0.069218
08:05:52.800,0.122655
08:05:52.900,-0.00095
08:05:53.000,-0.323669
08:05:53.100,-0.030359
08:05:53.200,-0.167206
08:05:53.300,-0.073154
08:05:53.400,0.174232
08:05:53.500,-0.292137
08:05:53.600,-0.097964
08:05:53.700,0.099548
08:05:53.800,-0.084231
08:05:53.900,-0.093412
08:05:54.000,0.243889
08:05:54.100,0.045406
08:05:54.200,0.112116
08:05:54.300,0.05936
08:05:54.400,0.019404
08:05:54.500,0.151683
08:05:54.600,0.228642
08:05:54.700,-0.202022
08:05:54.800,-0.004238
08:05:54.900,-0.005184
08:05:55.000,-0.051513
08:05:55.100,0.117727
08:05:55.200,0.030827
08:05:55.300,0.231057
08:05:55.400,0.132032
08:05:55.500,0.163764
08:05:55.600,-0.1439
08:05:55.700,-0.09673
08:05:55.800,-0.086843
08:05:55.900,0.158774
08:05:56.000,-0.116061
08:05:56.100,-0.112552
08:05:56.200,-0.134563
08:05:56.300,0.330363
08:05:56.400,-0.017068
08:05:56.500,0.063587
08:05:56.600,-0.136874
08:05:56.700,0.115111
08:05:56.800,-0.21284
08:05:56.900,-0.11748
08:05:57.000,-0.087765
08:05:57.100,0.026265
08:05:57.200,-0.09517
08:05:57.300,0.18288
08:05:57.400,0.060387
08:05:57.500,-0.082752
08:05:57.600,0.119714
08:05:57.700,-0.047194
08:05:57.800,-0.070852
08:05:57.900,0.107498
08:05:58.000,-0.294339
08:05:58.100,0.088178
08:05:58.200,-0.085571
08:05:58.300,-0.085753
08:05:58.400,0.234976
08:05:58.500,-0.063746
08:05:58.600,0.11471
08:05:58.700,0.033509
08:05:58.800,0.045959
08:05:58.900,-0.030065
08:05:59.000,-0.036326
08:05:59.100,0.183359
08:05:59.200,0.111655
08:05:59.300,-0.059962
08:05:59.400,-0.125505
08:05:59.500,-0.070137
08:05:59.600,0.117779
08:05:59.700,0.141443
08:05:59.800,0.066593
08:05:59.900,-0.194013
08:06:00.000,0.090453
08:06:00.100,0.156429
08:06:00.200,0.020827
08:06:00.300,0.237576
08:06:00.400,-0.158516
08:06:00.500,0.082177
08:06:00.600,-0.122427
08:06:00.700,0.127025
08:06:00.800,0.073543
08:06:00.900,0.216163
08:06:01.000,0.059965
08:06:01.100,-0.048481
08:06:01.200,-0.058928
08:06:01.300,-0.030021
08:06:01.400,-0.061287
08:06:01.500,0.161653
08:06:01.600,0.153077
08:06:01.700,-0.179588
08:06:01.800,0.004603
08:06:01.900,0.007499
08:06:02.000,-0.093755
08:06:02.100,0.05259
08:06:02.200,0.175302
08:06:02.300,0.107017
08:06:02.400,0.161648
08:06:02.500,-0.086216
08:06:02.600,0.004381
08:06:02.700,-0.091878
08:06:02.800,0.028732
08:06:02.900,0.039534
08:06:03.000,0.115181
08:06:03.100,0.157619
08:06:03.200,0.082677
08:06:03.300,-0.10322
08:06:03.400,-0.162261
08:06:03.500,0.062402
08:06:03.600,0.180063
08:06:03.700,-0.002975
08:06:03.800,-0.183287
08:06:03.900,0.250171
08:06:04.000,0.058729
08:06:04.100,0.020537
08:06:04.200,-0.140157
08:06:04.300,0.001946
08:06:04.400,0.082426
08:06:04.500,0.060362
08:06:04.600,-0.081586
08:06:04.700,-0.006848
08:06:04.800,-0.073921
08:06:04.900,0.199699
08:06:05.000,0.107385
08:06:05.100,-0.06292
08:06:05.200,-0.140216
08:06:05.300,0.033338
08:06:05.400,-0.059138
08:06:05.500,-0.050197
08:06:05.600,-0.136226
08:06:05.700,-0.121369
08:06:05.800,0.01952
08:06:05.900,-0.032025
08:06:06.000,0.299582
08:06:06.100,0.07131
08:06:06.200,-0.138203
08:06:06.300,-0.184276
08:06:06.400,0.047781
08:06:06.500,-0.047624
08:06:06.600,0.159777
08:06:06.700,0.033824
08:06:06.800,-0.237902
08:06:06.900,-0.122331
08:06:07.000,-0.081034
08:06:07.100,0.053044
08:06:07.200,-0.12633
08:06:07.300,0.018338
08:06:07.400,-0.160338
08:06:07.500,0.000742
08:06:07.600,0.044403
08:06:07.700,0.175381
08:06:07.800,0.029469
08:06:07.900,-0.098008
08:06:08.000,0.179161
08:06:08.100,-0.021981
08:06:08.200,0.092828
08:06:08.300,-0.073547
08:06:08.400,0.010893
08:06:08.500,-0.096152
08:06:08.600,0.038671
08:06:08.700,0.096459
08:06:08.800,-0.059376
08:06:08.900,-0.066121
08:06:09.000,0.042818
08:06:09.100,-0.099002
08:06:09.200,-0.182153
08:06:09.300,0.042384
08:06:09.400,-0.012924
08:06:09.500,-0.015463
08:06:09.600,0.062528
08:06:09.700,0.07929
08:06:09.800,-0.01932
08:06:09.900,-0.13472
08:06:10.000,-0.07663
08:06:10.100,0.070196
08:06:10.200,0.016368
08:06:10.300,-0.065971
08:06:10.400,-0.094126
08:06:10.500,0.074139
08:06:10.600,-0.026598
08:06:10.700,0.090326
08:06:10.800,0.10552
08:06:10.900,-0.037541
08:06:11.000,0.113958
08:06:11.100,0.016609
08:06:11.200,0.032131
08:06:11.300,-0.26265
08:06:11.400,-0.116511
08:06:11.500,-0.110003
08:06:11.600,-0.038239
08:06:11.700,0.013722
08:06:11.800,0.01863
08:06:11.900,0.03429
08:06:12.000,-0.082193
08:06:12.100,0.082964
08:06:12.200,0.217115
08:06:12.300,-0.042399
08:06:12.400,-0.07964
08:06:12.500,-0.08224
08:06:12.600,0.010256
08:06:12.700,-0.063092
08:06:12.800,-0.207639
08:06:12.900,-0.17481
08:06:13.000,0.122423
08:06:13.100,0.153815
08:06:13.200,0.191987
08:06:13.300,0.027157
08:06:13.400,-0.118909
08:06:13.500,-0.052562
08:06:13.600,-0.178967
08:06:13.700,-0.183587
08:06:13.800,0.030632
08:06:13.900,0.064681
08:06:14.000,0.235005
08:06:14.100,-0.009971
08:06:14.200,-0.16294
08:06:14.300,-0.01463
08:06:14.400,-0.033895
08:06:14.500,-0.058948
08:06:14.600,0.04125
08:06:14.700,-0.145737
08:06:14.800,0.015687
08:06:14.900,0.078188
08:06:15.000,0.170369
08:06:15.100,0.037245
08:06:15.200,0.125174
08:06:15.300,-0.053268
08:06:15.400,-0.036515
08:06:15.500,0.161742
08:06:15.600,-0.16459
08:06:15.700,-0.048377
08:06:15.800,0.135414
08:06:15.900,-0.025333
08:06:16.000,-0.034272
08:06:16.100,-0.03184
08:06:16.200,0.014058
08:06:16.300,0.13033
08:06:16.400,0.110908
08:06:16.500,0.001375
08:06:16.600,0.131087
08:06:16.700,0.041015
08:06:16.800,0.103094
08:06:16.900,-0.123404
08:06:17.000,0.208626
08:06:17.100,0.026426
08:06:17.200,-0.329797
08:06:17.300,0.199143
08:06:17.400,0.000607
08:06:17.500,-0.047459
08:06:17.600,-0.072682
08:06:17.700,0.05274
08:06:17.800,-0.106607
08:06:17.900,-0.069229
08:06:18.000,-0.066345
08:06:18.100,-0.03507
08:06:18.200,-0.061825
08:06:18.300,0.102338
08:06:18.400,0.032527
08:06:18.500,0.047164
08:06:18.600,0.073272
08:06:18.700,-0.011171
08:06:18.800,-0.122437
08:06:18.900,0.216621
08:06:19.000,0.111304
08:06:19.100,0.193539
08:06:19.200,0.124145
08:06:19.300,-0.055245
08:06:19.400,-0.281757
08:06:19.500,-0.147492
08:06:19.600,0.076383
08:06:19.700,-0.01221
08:06:19.800,-0.050382
08:06:19.900,-0.299466
08:06:20.000,-0.001575
08:06:20.100,-0.129813
08:06:20.200,-0.086926
08:06:20.300,0.102012
08:06:20.400,-0.123497
08:06:20.500,-0.112043
08:06:20.600,0.02227
08:06:20.700,0.104683
08:06:20.800,-0.048325
08:06:20.900,0.176066
08:06:21.000,-0.15344
08:06:21.100,-0.174487
08:06:21.200,-0.184714
08:06:21.300,-0.198262
08:06:21.400,0.040386
08:06:21.500,-0.117335
08:06:21.600,-0.169223
08:06:21.700,0.045576
08:06:21.800,0.098874
08:06:21.900,0.126103
08:06:22.000,0.105034
08:06:22.100,-0.110172
08:06:22.200,0.033131
08:06:22.300,0.059625
08:06:22.400,-0.056986
08:06:22.500,0.01977
08:06:22.600,-0.150194
08:06:22.700,-0.075312
08:06:22.800,0.044614
08:06:22.900,0.180905
08:06:23.000,0.138173
08:06:23.100,0.079303
08:06:23.200,0.009564
08:06:23.300,-0.009028
08:06:23.400,-0.173712
08:06:23.500,-0.100261
08:06:23.600,-0.096343
08:06:23.700,0.068971
08:06:23.800,0.113394
08:06:23.900,0.088389
08:06:24.000,0.14192
08:06:24.100,0.008671
08:06:24.200,-0.117952
08:06:24.300,-0.005992
08:06:24.400,-0.08698
08:06:24.500,0.078943
08:06:24.600,-0.04309
08:06:24.700,-0.011824
08:06:24.800,0.083235
08:06:24.900,-0.088931
08:06:25.000,0.115677
08:06:25.100,-0.161712
08:06:25.200,0.036786
08:06:25.300,-0.010908
08:06:25.400,0.099281
08:06:25.500,-0.164925
08:06:25.600,-0.183695
08:06:25.700,0.090005
08:06:25.800,-0.046911
08:06:25.900,-0.010896
08:06:26.000,-0.07917
08:06:26.100,0.109537
08:06:26.200,0.035906
08:06:26.300,0.02888
08:06:26.400,-0.140354
08:06:26.500,0.060181
08:06:26.600,-0.119066
08:06:26.700,-0.079026
08:06:26.800,-0.163842
08:06:26.900,-0.018785
08:06:27.000,0.127737
08:06:27.100,0.027203
08:06:27.200,-0.053019
08:06:27.300,0.013098
08:06:27.400,0.012434
08:06:27.500,0.007928
08:06:27.600,0.02128
08:06:27.700,-0.124799
08:06:27.800,0.012785
08:06:27.900,-0.21063
08:06:28.000,0.069075
08:06:28.100,-0.13233
08:06:28.200,0.141312
08:06:28.300,-0.293428
08:06:28.400,0.200931
08:06:28.500,-0.196706
08:06:28.600,-0.143992
08:06:28.700,0.035887
08:06:28.800,0.074246
08:06:28.900,-0.034006
08:06:29.000,0.107113
08:06:29.100,-0.095587
08:06:29.200,-0.047963
08:06:29.300,-0.036249
08:06:29.400,-0.064608
08:06:29.500,-0.232101
08:06:29.600,-0.00296
08:06:29.700,-0.013801
08:06:29.800,0.129382
08:06:29.900,-0.154313
08:06:30.000,-0.076729
08:06:30.100,0.144419
08:06:30.200,0.035195
08:06:30.300,0.065926
08:06:30.400,0.054412
08:06:30.500,0.054945
08:06:30.600,0.218526
08:06:30.700,0.010985
08:06:30.800,-0.121361
08:06:30.900,0.076656
08:06:31.000,-0.067986
08:06:31.100,-0.013192
08:06:31.200,0.044422
08:06:31.300,-0.098563
08:06:31.400,-0.061235
08:06:31.500,0.057102
08:06:31.600,-0.065837
08:06:31.700,0.116806
08:06:31.800,-0.118339
08:06:31.900,-0.118743
08:06:32.000,0.228727
08:06:32.100,-0.183627
08:06:32.200,-0.003206
08:06:32.300,0.222178
08:06:32.400,-0.003431
08:06:32.500,0.161612
08:06:32.600,0.078297
08:06:32.700,-0.000864
08:06:32.800,-0.015677
08:06:32.900,-0.254318
08:06:33.000,-0.038293
08:06:33.100,0.027866
08:06:33.200,0.0278
08:06:33.300,0.295903
08:06:33.400,0.033715
08:06:33.500,0.075617
08:06:33.600,0.139796
08:06:33.700,0.06486
08:06:33.800,-0.010326
08:06:33.900,-0.009742
08:06:34.000,-0.042079
08:06:34.100,0.053305
08:06:34.200,-0.020438
08:06:34.300,0.074992
08:06:34.400,-0.12109
08:06:34.500,0.017622
08:06:34.600,0.186248
08:06:34.700,-0.026955
08:06:34.800,0.22116
08:06:34.900,0.019641
08:06:35.000,-0.006781
08:06:35.100,0.013994
08:06:35.200,-0.037371
08:06:35.300,-0.237667
08:06:35.400,0.105621
08:06:35.500,0.263126
08:06:35.600,0.057652
08:06:35.700,0.064959
08:06:35.800,-0.021911
08:06:35.900,0.138935
08:06:36.000,-0.004713
08:06:36.100,0.032066
08:06:36.200,-0.187826
08:06:36.300,-0.063521
08:06:36.400,0.044082
08:06:36.500,0.108865
08:06:36.600,0.112193
08:06:36.700,-0.189502
08:06:36.800,-0.177334
08:06:36.900,0.070096
08:06:37.000,-0.089617
08:06:37.100,0.107351
08:06:37.200,-0.19562
08:06:37.300,-0.011809
08:06:37.400,-0.004108
08:06:37.500,0.057656
08:06:37.600,-0.123739
08:06:37.700,-0.236012
08:06:37.800,0.020553
08:06:37.900,0.063172
08:06:38.000,0.120895
08:06:38.100,-0.043026
08:06:38.200,0.093082
08:06:38.300,0.058293
08:06:38.400,0.158689
08:06:38.500,-0.006647
08:06:38.600,-0.207588
08:06:38.700,-0.008119
08:06:38.800,0.010614
08:06:38.900,0.062183
08:06:39.000,-0.183922
08:06:39.100,-0.037445
08:06:39.200,0.104172
08:06:39.300,-0.01249
08:06:39.400,-0.036688
08:06:39.500,0.228759
08:06:39.600,-0.128401
08:06:39.700,0.147979
08:06:39.800,0.12255
08:06:39.900,-0.02702
08:06:40.000,-0.003947
08:06:40.100,-0.004375
08:06:40.200,0.021834
08:06:40.300,-0.071345
08:06:40.400,-0.051378
08:06:40.500,-0.042627
08:06:40.600,-0.038796
08:06:40.700,-0.037291
08:06:40.800,-0.268899
08:06:40.900,0.011718
08:06:41.000,-0.063296
08:06:41.100,-0.224017
08:06:41.200,-0.042006
08:06:41.300,-0.045715
08:06:41.400,0.153029
08:06:41.500,-0.064708
08:06:41.600,0.080135
08:06:41.700,0.165937
08:06:41.800,-0.075368
08:06:41.900,-0.0057
08:06:42.000,0.207443
08:06:42.100,0.027477
08:06:42.200,0.04485
08:06:42.300,-0.04887
08:06:42.400,0.082446
08:06:42.500,-0.004757
08:06:42.600,-0.219852
08:06:42.700,-0.042628
08:06:42.800,-0.141981
08:06:42.900,0.013469
08:06:43.000,-0.110021
08:06:43.100,0.057375
08:06:43.200,0.005372
08:06:43.300,-0.149761
08:06:43.400,-0.059105
08:06:43.500,0.074468
08:06:43.600,0.137759
08:06:43.700,-0.108291
08:06:43.800,-0.131693
08:06:43.900,0.234118
08:06:44.000,-0.001172
08:06:44.100,0.010976
08:06:44.200,-0.088727
08:06:44.300,0.025826
08:06:44.400,0.205811
08:06:44.500,0.030524
08:06:44.600,0.127796
08:06:44.700,0.003478
08:06:44.800,-0.123096
08:06:44.900,-0.081988
08:06:45.000,-0.134136
08:06:45.100,0.026134
08:06:45.200,0.146867
08:06:45.300,0.019321
08:06:45.400,-0.036934
08:06:45.500,-0.094757
08:06:45.600,0.042654
08:06:45.700,-0.148576
08:06:45.800,-0.136092
08:06:45.900,0.10802
08:06:46.000,-0.033328
08:06:46.100,-0.035695
08:06:46.200,-0.020288
08:06:46.300,0.087105
08:06:46.400,0.01986
08:06:46.500,-0.08917
08:06:46.600,-0.084851
08:06:46.700,-0.023413
08:06:46.800,0.036266
08:06:46.900,-0.004261
08:06:47.000,-0.014939
08:06:47.100,0.005554
08:06:47.200,-0.004347
08:06:47.300,-0.093646
08:06:47.400,0.132846
08:06:47.500,-0.057877
08:06:47.600,0.015506
08:06:47.700,-0.24724
08:06:47.800,-0.025821
08:06:47.900,-0.131951
08:06:48.000,-0.117483
08:06:48.100,0.290662
08:06:48.200,0.029943
08:06:48.300,0.147123
08:06:48.400,0.102636
08:06:48.500,0.117989
08:06:48.600,-0.023889
08:06:48.700,0.192768
08:06:48.800,0.101602
08:06:48.900,0.00496
08:06:49.000,0.031595
08:06:49.100,-0.016408
08:06:49.200,0.006269
08:06:49.300,-0.005232
08:06:49.400,0.045784
08:06:49.500,0.208797
08:06:49.600,-0.144626
08:06:49.700,0.137083
08:06:49.800,-0.044188
08:06:49.900,0.15236
08:06:50.000,-0.040013
08:06:50.100,0.04953
08:06:50.200,-0.019061
08:06:50.300,-0.207671
08:06:50.400,0.208677
08:06:50.500,-0.11313
08:06:50.600,0.010066
08:06:50.700,-0.126291
08:06:50.800,-0.16044
08:06:50.900,-0.024593
08:06:51.000,-0.071221
08:06:51.100,-0.140258
08:06:51.200,-0.004252
08:06:51.300,-0.177829
08:06:51.400,0.015057
08:06:51.500,-0.015279
08:06:51.600,-0.297649
08:06:51.700,-0.062773
08:06:51.800,0.056209
08:06:51.900,-0.127626
08:06:52.000,0.061415
08:06:52.100,0.051922
08:06:52.200,-0.122127
08:06:52.300,-0.001474
08:06:52.400,0.098999
08:06:52.500,-0.105171
08:06:52.600,-0.024697
08:06:52.700,0.138029
08:06:52.800,-0.102916
08:06:52.900,0.055099
08:06:53.000,-0.129503
08:06:53.100,-0.019315
08:06:53.200,0.053607
08:06:53.300,-0.288543
08:06:53.400,-0.064119
08:06:53.500,0.05152
08:06:53.600,0.027101
08:06:53.700,-0.062685
08:06:53.800,-0.13255
08:06:53.900,0.075416
08:06:54.000,-0.038689
08:06:54.100,0.065442
08:06:54.200,0.045627
08:06:54.300,-0.05369
08:06:54.400,0.128707
08:06:54.500,-0.071313
08:06:54.600,0.142854
08:06:54.700,0.158555
08:06:54.800,0.126014
08:06:54.900,-0.021667
08:06:55.000,0.305649
08:06:55.100,0.018221
08:06:55.200,0.028927
08:06:55.300,-0.002647
08:06:55.400,-0.135572
08:06:55.500,0.155409
08:06:55.600,-0.068688
08:06:55.700,0.110353
08:06:55.800,0.139146
08:06:55.900,0.072399
08:06:56.000,-0.083036
08:06:56.100,-0.040929
08:06:56.200,-0.321249
08:06:56.300,-0.013976
08:06:56.400,0.096325
08:06:56.500,-0.028501
08:06:56.600,-0.07081
08:06:56.700,-0.03573
08:06:56.800,0.145844
08:06:56.900,-0.006524
08:06:57.000,0.22295
08:06:57.100,-0.068488
08:06:57.200,0.026068
08:06:57.300,-0.052008
08:06:57.400,0.248938
08:06:57.500,0.021565
08:06:57.600,0.255369
08:06:57.700,-0.050415
08:06:57.800,0.18331
08:06:57.900,0.01416
08:06:58.000,0.100399
08:06:58.100,-0.146365
08:06:58.200,0.04181
08:06:58.300,-0.128294
08:06:58.400,0.030852
08:06:58.500,-0.182207
08:06:58.600,-0.01129
08:06:58.700,0.131473
08:06:58.800,0.065706
08:06:58.900,-0.148074
08:06:59.000,-0.227806
08:06:59.100,0.059633
08:06:59.200,0.189744
08:06:59.300,-0.115674
08:06:59.400,0.251688
08:06:59.500,-0.000779
08:06:59.600,-0.235043
08:06:59.700,-0.187306
08:06:59.800,0.092394
08:06:59.900,0.015548
08:07:00.000,0.177867
08:07:00.100,-0.143775
08:07:00.200,0.014219
08:07:00.300,0.000811
08:07:00.400,-0.017162
08:07:00.500,-0.045913
08:07:00.600,-0.043524
08:07:00.700,0.020957
08:07:00.800,0.03631
08:07:00.900,0.030309
08:07:01.000,0.144719
08:07:01.100,-0.144153
08:07:01.200,-0.217402
08:07:01.300,0.122036
08:07:01.400,-0.113223
08:07:01.500,-0.045537
08:07:01.600,-0.073452
08:07:01.700,-0.076021
08:07:01.800,-0.174992
08:07:01.900,-0.068343
08:07:02.000,0.07792
08:07:02.100,-0.000472
08:07:02.200,0.060541
08:07:02.300,-0.05953
08:07:02.400,0.108342
08:07:02.500,-0.061003
08:07:02.600,-0.253027
08:07:02.700,0.037995
08:07:02.800,0.092086
08:07:02.900,-0.067109
08:07:03.000,0.143905
08:07:03.100,-0.102083
08:07:03.200,0.080487
08:07:03.300,0.209373
08:07:03.400,0.004408
08:07:03.500,-0.027178
08:07:03.600,-0.012681
08:07:03.700,0.195395
08:07:03.800,0.048334
08:07:03.900,0.257304
08:07:04.000,0.03351
08:07:04.100,-0.078456
08:07:04.200,-0.070021
08:07:04.300,0.007393
08:07:04.400,-0.244959
08:07:04.500,-0.056999
08:07:04.600,-0.054336
08:07:04.700,0.028775
08:07:04.800,0.233018
08:07:04.900,0.006578
08:07:05.000,-0.230719
08:07:05.100,-0.109669
08:07:05.200,0.031475
08:07:05.300,0.011159
08:07:05.400,0.194935
08:07:05.500,0.115209
08:07:05.600,0.111614
08:07:05.700,-0.026056
08:07:05.800,0.131895
08:07:05.900,-0.107511
08:07:06.000,0.116195
08:07:06.100,-0.03389
08:07:06.200,-0.173759
08:07:06.300,0.071188
08:07:06.400,0.167705
08:07:06.500,-0.048792
08:07:06.600,0.187531
08:07:06.700,-0.198713
08:07:06.800,-0.143615
08:07:06.900,-0.017607
08:07:07.000,-0.044492
08:07:07.100,-0.080056
08:07:07.200,0.016041
08:07:07.300,-0.063431
08:07:07.400,-0.043077
08:07:07.500,0.033411
08:07:07.600,-0.080104
08:07:07.700,-0.012722
08:07:07.800,-0.077465
08:07:07.900,-0.144674
08:07:08.000,0.091644
08:07:08.100,0.204935
08:07:08.200,0.127749
08:07:08.300,0.039806
08:07:08.400,-0.076983
08:07:08.500,-0.03443
08:07:08.600,0.126843
08:07:08.700,-0.273778
08:07:08.800,-0.043591
08:07:08.900,0.088094
08:07:09.000,-0.136594
08:07:09.100,0.050807
08:07:09.200,0.045239
08:07:09.300,-0.17452
08:07:09.400,0.010437
08:07:09.500,-0.074093
08:07:09.600,0.049932
08:07:09.700,0.080375
08:07:09.800,0.047873
08:07:09.900,0.008711
08:07:10.000,0.034665
08:07:10.100,-0.141128
08:07:10.200,-0.00369
08:07:10.300,-0.095578
08:07:10.400,0.123785
08:07:10.500,0.081989
08:07:10.600,0.081648
08:07:10.700,0.205619
08:07:10.800,-0.039597
08:07:10.900,-0.065881
08:07:11.000,-0.042432
08:07:11.100,-0.192268
08:07:11.200,-0.18283
08:07:11.300,0.074532
08:07:11.400,-0.167417
08:07:11.500,-0.12899
08:07:11.600,-0.012206
08:07:11.700,-0.049467
08:07:11.800,0.106278
08:07:11.900,0.007255
08:07:12.000,-0.095816
08:07:12.100,0.116596
08:07:12.200,0.087455
08:07:12.300,-0.169318
08:07:12.400,0.030272
08:07:12.500,-0.085809
08:07:12.600,-0.088973
08:07:12.700,0.224342
08:07:12.800,0.014913
08:07:12.900,-0.026105
08:07:13.000,0.010194
08:07:13.100,0.104909
08:07:13.200,-0.084193
08:07:13.300,-0.063702
08:07:13.400,0.078801
08:07:13.500,-0.181967
08:07:13.600,0.118893
08:07:13.700,-0.192622
08:07:13.800,-0.029492
08:07:13.900,-0.19186
08:07:14.000,-0.12675
08:07:14.100,0.15572
08:07:14.200,0.125335
08:07:14.300,0.138159
08:07:14.400,-0.173879
08:07:14.500,-0.126127
08:07:14.600,0.040785
08:07:14.700,0.085838
08:07:14.800,-0.095942
08:07:14.900,-0.069471
08:07:15.000,-0.135762
08:07:15.100,0.198989
08:07:15.200,-0.056995
08:07:15.300,0.003755
08:07:15.400,0.010037
08:07:15.500,0.132674
08:07:15.600,-0.114296
08:07:15.700,0.140191
08:07:15.800,-0.153446
08:07:15.900,0.139886
08:07:16.000,-0.205836
08:07:16.100,-0.012547
08:07:16.200,0.195052
08:07:16.300,0.083671
08:07:16.400,0.050549
08:07:16.500,-0.12581
08:07:16.600,-0.088176
08:07:16.700,0.161327
08:07:16.800,0.056681
08:07:16.900,0.10683
08:07:17.000,0.008855
08:07:17.100,-0.033808
08:07:17.200,0.091999
08:07:17.300,0.031122
08:07:17.400,-0.020395
08:07:17.500,-0.169681
08:07:17.600,0.114469
08:07:17.700,0.052803
08:07:17.800,-0.072751
08:07:17.900,0.14151
08:07:18.000,0.029257
08:07:18.100,0.031608
08:07:18.200,0.106067
08:07:18.300,0.080245
08:07:18.400,0.035241
08:07:18.500,-0.02263
08:07:18.600,0.23804
08:07:18.700,-0.088056
08:07:18.800,0.089517
08:07:18.900,-0.010063
08:07:19.000,0.054566
08:07:19.100,0.148011
08:07:19.200,-0.037389
08:07:19.300,0.07222
08:07:19.400,0.031867
08:07:19.500,-0.076956
08:07:19.600,0.150972
08:07:19.700,0.085343
08:07:19.800,-0.052146
08:07:19.900,0.132431
08:07:20.000,-0.09977
08:07:20.100,-0.003472
08:07:20.200,-0.051507
08:07:20.300,0.090157
08:07:20.400,-0.057562
08:07:20.500,0.091018
08:07:20.600,0.071335
08:07:20.700,-0.04503
08:07:20.800,0.219566
08:07:20.900,-0.089428
08:07:21.000,-0.169082
08:07:21.100,0.102732
08:07:21.200,-0.257929
08:07:21.300,0.179018
08:07:21.400,0.01221
08:07:21.500,-0.171238
08:07:21.600,-0.113816
08:07:21.700,-0.196091
08:07:21.800,0.045946
08:07:21.900,-0.15923
08:07:22.000,0.060251
08:07:22.100,-0.036579
08:07:22.200,-0.057044
08:07:22.300,0.061122
08:07:22.400,0.074821
08:07:22.500,0.137496
08:07:22.600,-0.076053
08:07:22.700,-0.003577
08:07:22.800,-0.076239
08:07:22.900,0.019558
08:07:23.000,-0.093395
08:07:23.100,-0.050892
08:07:23.200,-0.05028
08:07:23.300,0.035203
08:07:23.400,0.000355
08:07:23.500,0.060756
08:07:23.600,-0.01284
08:07:23.700,-0.06957
08:07:23.800,0.022954
08:07:23.900,-0.110062
08:07:24.000,0.068299
08:07:24.100,-0.034256
08:07:24.200,0.024542
08:07:24.300,0.026403
08:07:24.400,0.192185
08:07:24.500,0.04579
08:07:24.600,0.008786
08:07:24.700,-0.083084
08:07:24.800,0.096286
08:07:24.900,-0.032425
08:07:25.000,-0.183058
08:07:25.100,-0.023411
08:07:25.200,0.022979
08:07:25.300,-0.098221
08:07:25.400,-0.014182
08:07:25.500,-0.008578
08:07:25.600,-0.006709
08:07:25.700,0.148157
08:07:25.800,-0.157387
08:07:25.900,0.244056
08:07:26.000,-0.00394
08:07:26.100,0.069625
08:07:26.200,0.01534
08:07:26.300,-0.207123
08:07:26.400,-0.126789
08:07:26.500,-0.062913
08:07:26.600,0.119246
08:07:26.700,-0.166119
08:07:26.800,-0.102688
08:07:26.900,0.019782
08:07:27.000,0.056743
08:07:27.100,0.053127
08:07:27.200,-0.118081
08:07:27.300,-0.191759
08:07:27.400,0.064687
08:07:27.500,0.171975
08:07:27.600,-0.041436
08:07:27.700,-0.137362
08:07:27.800,-0.051586
08:07:27.900,0.047288
08:07:28.000,-0.027977
08:07:28.100,0.168863
08:07:28.200,0.110996
08:07:28.300,0.022121
08:07:28.400,-0.234519
08:07:28.500,-0.083072
08:07:28.600,-0.065763
08:07:28.700,-0.089594
08:07:28.800,0.022899
08:07:28.900,0.025373
08:07:29.000,-0.200889
08:07:29.100,0.096552
08:07:29.200,0.001935
08:07:29.300,0.042917
08:07:29.400,0.089379
08:07:29.500,-0.092036
08:07:29.600,0.151069
08:07:29.700,-0.017015
08:07:29.800,0.181506
08:07:29.900,-0.107272
08:07:30.000,0.17259
08:07:30.100,-0.108478
08:07:30.200,0.305854
08:07:30.300,-0.11422
08:07:30.400,0.12679
08:07:30.500,-0.043487
08:07:30.600,0.085803
08:07:30.700,-0.004863
08:07:30.800,-0.130948
08:07:30.900,-0.33562
08:07:31.000,0.30091
08:07:31.100,0.008763
08:07:31.200,-0.353224
08:07:31.300,0.036313
08:07:31.400,0.08275
08:07:31.500,-0.08581
08:07:31.600,-0.085003
08:07:31.700,-0.002381
08:07:31.800,0.144311
08:07:31.900,0.011995
08:07:32.000,0.175587
08:07:32.100,0.135746
08:07:32.200,-0.027454
08:07:32.300,-0.188463
08:07:32.400,-0.027201
08:07:32.500,0.063178
08:07:32.600,0.007187
08:07:32.700,0.076131
08:07:32.800,0.10361
08:07:32.900,0.063703
08:07:33.000,-0.033039
08:07:33.100,0.062386
08:07:33.200,0.268258
08:07:33.300,-0.178786
08:07:33.400,0.058474
08:07:33.500,0.21984
08:07:33.600,-0.140951
08:07:33.700,0.120132
08:07:33.800,0.136166
08:07:33.900,-0.177222
08:07:34.000,0.085483
08:07:34.100,-0.032558
08:07:34.200,-0.007253
08:07:34.300,-0.038995
08:07:34.400,0.157523
08:07:34.500,-0.013455
08:07:34.600,-0.055598
08:07:34.700,-0.053565
08:07:34.800,-0.040919
08:07:34.900,-0.129544
08:07:35.000,-0.056656
08:07:35.100,0.01412
08:07:35.200,0.048526
08:07:35.300,0.144485
08:07:35.400,0.028917
08:07:35.500,-0.056936
08:07:35.600,-0.121325
08:07:35.700,0.035338
08:07:35.800,-0.014084
08:07:35.900,-0.010118
08:07:36.000,0.031504
08:07:36.100,0.062327
08:07:36.200,0.032368
08:07:36.300,-0.020462
08:07:36.400,-0.096166
08:07:36.500,-0.073534
08:07:36.600,0.101791
08:07:36.700,-0.05083
08:07:36.800,-0.161525
08:07:36.900,0.139149
08:07:37.000,-0.113085
08:07:37.100,0.00423
08:07:37.200,0.05894
08:07:37.300,0.000386
08:07:37.400,-0.297377
08:07:37.500,0.046859
08:07:37.600,0.159176
08:07:37.700,0.094384
08:07:37.800,-0.254879
08:07:37.900,0.255269
08:07:38.000,-0.159102
08:07:38.100,-0.12941
08:07:38.200,0.093825
08:07:38.300,0.054341
08:07:38.400,0.00964
08:07:38.500,-0.068329
08:07:38.600,0.159703
08:07:38.700,-0.004719
08:07:38.800,-0.187898
08:07:38.900,0.147876
08:07:39.000,0.026314
08:07:39.100,0.133801
08:07:39.200,0.068706
08:07:39.300,0.286995
08:07:39.400,-0.037196
08:07:39.500,0.001931
08:07:39.600,0.08638
08:07:39.700,-0.036455
08:07:39.800,0.096317
08:07:39.900,-0.35369
08:07:40.000,-0.008734
08:07:40.100,-0.012359
08:07:40.200,-0.016706
08:07:40.300,-0.105231
08:07:40.400,0.108735
08:07:40.500,-0.060533
08:07:40.600,0.024033
08:07:40.700,-0.00446
08:07:40.800,0.060044
08:07:40.900,0.171715
08:07:41.000,0.023412
08:07:41.100,0.100968
08:07:41.200,0.017384
08:07:41.300,-0.060721
08:07:41.400,-0.016987
08:07:41.500,-0.034025
08:07:41.600,0.068179
08:07:41.700,0.012798
08:07:41.800,-0.095312
08:07:41.900,-0.026635
08:07:42.000,-0.18311
08:07:42.100,-0.022152
08:07:42.200,0.000157
08:07:42.300,0.217014
08:07:42.400,0.161814
08:07:42.500,-0.124089
08:07:42.600,0.024212
08:07:42.700,0.026317
08:07:42.800,-0.027652
08:07:42.900,-0.020003
08:07:43.000,-0.042474
08:07:43.100,0.224725
08:07:43.200,-0.049942
08:07:43.300,0.040912
08:07:43.400,-0.303484
08:07:43.500,0.098828
08:07:43.600,0.142111
08:07:43.700,-0.126244
08:07:43.800,-0.061426
08:07:43.900,0.05418
08:07:44.000,0.002335
08:07:44.100,0.055964
08:07:44.200,-0.034469
08:07:44.300,0.223592
08:07:44.400,-0.080369
08:07:44.500,0.322989
08:07:44.600,0.149031
08:07:44.700,0.099854
08:07:44.800,-0.124857
08:07:44.900,0.109162
08:07:45.000,0.072473
08:07:45.100,-0.254353
08:07:45.200,-0.168552
08:07:45.300,0.042915
08:07:45.400,-0.015996
08:07:45.500,-0.061977
08:07:45.600,0.129474
08:07:45.700,-0.106054
08:07:45.800,-0.054629
08:07:45.900,-0.077644
08:07:46.000,0.06122
08:07:46.100,-0.206335
08:07:46.200,-0.059721
08:07:46.300,-0.206732
08:07:46.400,-0.037545
08:07:46.500,0.086766
08:07:46.600,0.088908
08:07:46.700,-0.087312
08:07:46.800,0.063999
08:07:46.900,-0.02222
08:07:47.000,0.16333
08:07:47.100,-0.015596
08:07:47.200,-0.356766
08:07:47.300,0.107362
08:07:47.400,-0.055092
08:07:47.500,-0.032904
08:07:47.600,0.040311
08:07:47.700,-0.170965
08:07:47.800,0.008958
08:07:47.900,0.06414
08:07:48.000,0.043688
08:07:48.100,-0.071872
08:07:48.200,0.119032
08:07:48.300,-0.1197
08:07:48.400,-0.075063
08:07:48.500,-0.01632
08:07:48.600,0.035456
08:07:48.700,-0.038945
08:07:48.800,0.14743
08:07:48.900,0.035434
08:07:49.000,0.009079
08:07:49.100,0.031216
08:07:49.200,0.087949
08:07:49.300,0.028893
08:07:49.400,-0.217142
08:07:49.500,0.130741
08:07:49.600,0.014361
08:07:49.700,0.082182
08:07:49.800,-0.048713
08:07:49.900,-0.219206
08:07:50.000,-0.273469
08:07:50.100,-0.113324
08:07:50.200,0.062075
08:07:50.300,0.155747
08:07:50.400,0.036237
08:07:50.500,-0.126267
08:07:50.600,-0.094095
08:07:50.700,0.163294
08:07:50.800,-0.157294
08:07:50.900,0.252213
08:07:51.000,0.225125
08:07:51.100,0.256167
08:07:51.200,0.045684
08:07:51.300,-0.040983
08:07:51.400,0.042762
08:07:51.500,0.10903
08:07:51.600,-0.078093
08:07:51.700,-0.132144
08:07:51.800,-0.034072
08:07:51.900,-0.092677
08:07:52.000,0.148906
08:07:52.100,-0.073972
08:07:52.200,0.011477
08:07:52.300,0.117965
08:07:52.400,0.153581
08:07:52.500,0.025027
08:07:52.600,0.046116
08:07:52.700,-0.122039
08:07:52.800,0.122767
08:07:52.900,0.151623
08:07:53.000,-0.224442
08:07:53.100,0.211553
08:07:53.200,-0.084079
08:07:53.300,0.071356
08:07:53.400,0.009307
08:07:53.500,-0.007245
08:07:53.600,-0.024782
08:07:53.700,-0.119108
08:07:53.800,0.062859
08:07:53.900,-0.034325
08:07:54.000,-0.157131
08:07:54.100,-0.124201
08:07:54.200,-0.155094
08:07:54.300,-0.062951
08:07:54.400,0.058212
08:07:54.500,-0.085334
08:07:54.600,0.117053
08:07:54.700,-0.014306
08:07:54.800,-0.034729
08:07:54.900,0.002012
08:07:55.000,0.167419
08:07:55.100,-0.164561
08:07:55.200,0.198764
08:07:55.300,0.115219
08:07:55.400,-0.002599
08:07:55.500,0.141963
08:07:55.600,-0.038697
08:07:55.700,0.034281
08:07:55.800,-0.06497
08:07:55.900,0.115977
08:07:56.000,-0.084871
08:07:56.100,-0.006164
08:07:56.200,0.081497
08:07:56.300,0.125783
08:07:56.400,-0.098539
08:07:56.500,0.090377
08:07:56.600,-0.117838
08:07:56.700,-0.25804
08:07:56.800,-0.089768
08:07:56.900,0.100159
08:07:57.000,-0.001466
08:07:57.100,-0.0642
08:07:57.200,0.006657
08:07:57.300,0.002688
08:07:57.400,0.074628
08:07:57.500,-0.193405
08:07:57.600,-0.012282
08:07:57.700,0.014913
08:07:57.800,-0.163844
08:07:57.900,-0.16549
08:07:58.000,-0.043765
08:07:58.100,0.001023
08:07:58.200,0.001446
08:07:58.300,-0.066762
08:07:58.400,-0.07168
08:07:58.500,-0.047421
08:07:58.600,0.035823
08:07:58.700,0.149355
08:07:58.800,-0.266448
08:07:58.900,0.07476
08:07:59.000,-0.013338
08:07:59.100,0.063087
08:07:59.200,0.142265
08:07:59.300,-0.090615
08:07:59.400,0.113317
08:07:59.500,-0.150485
08:07:59.600,0.015312
08:07:59.700,-0.029102
08:07:59.800,0.005554
08:07:59.900,-0.118684
08:08:00.000,0.052426
08:08:00.100,0.190354
08:08:00.200,-0.116623
08:08:00.300,0.022757
08:08:00.400,0.102705
08:08:00.500,-0.035609
08:08:00.600,0.163247
08:08:00.700,-0.051563
08:08:00.800,-0.013955
08:08:00.900,-0.119179
08:08:01.000,0.015191
08:08:01.100,0.000363
08:08:01.200,0.076308
08:08:01.300,-0.076345
08:08:01.400,-0.081839
08:08:01.500,0.055499
08:08:01.600,0.167663
08:08:01.700,0.075481
08:08:01.800,0.221689
08:08:01.900,0.066637
08:08:02.000,0.062315
08:08:02.100,0.081515
08:08:02.200,0.17858
08:08:02.300,0.148508
08:08:02.400,-0.130185
08:08:02.500,0.09607
08:08:02.600,0.031843
08:08:02.700,-0.023284
08:08:02.800,-0.212751
08:08:02.900,-0.184819
08:08:03.000,-0.043736
08:08:03.100,-0.175751
08:08:03.200,-0.041251
08:08:03.300,0.085721
08:08:03.400,-0.069715
08:08:03.500,0.010016
08:08:03.600,-0.128394
08:08:03.700,0.035852
08:08:03.800,0.060976
08:08:03.900,-0.170752
08:08:04.000,-0.090226
08:08:04.100,-0.15206
08:08:04.200,0.061106
08:08:04.300,0.019681
08:08:04.400,-0.005965
08:08:04.500,-0.015394
08:08:04.600,0.03874
08:08:04.700,0.041142
08:08:04.800,-0.059469
08:08:04.900,-0.076272
08:08:05.000,-0.007079
08:08:05.100,-0.022768
08:08:05.200,0.247282
08:08:05.300,-0.046067
08:08:05.400,0.03476
08:08:05.500,0.055911
08:08:05.600,0.168063
08:08:05.700,-0.097342
08:08:05.800,0.160758
08:08:05.900,-0.017687
08:08:06.000,0.300161
08:08:06.100,0.043512
08:08:06.200,-0.147471
08:08:06.300,-0.023659
08:08:06.400,0.160352
08:08:06.500,0.009785
08:08:06.600,-0.007155
08:08:06.700,0.08628
08:08:06.800,-0.0414
08:08:06.900,-0.025288
08:08:07.000,-0.113361
08:08:07.100,0.207458
08:08:07.200,-0.146713
08:08:07.300,0.020336
08:08:07.400,0.057586
08:08:07.500,-0.001638
08:08:07.600,-0.150464
08:08:07.700,-0.119852
08:08:07.800,0.062702
08:08:07.900,-0.093586
08:08:08.000,-0.248642
08:08:08.100,0.046437
08:08:08.200,-0.104699
08:08:08.300,0.075746
08:08:08.400,-0.024195
08:08:08.500,-0.029977
08:08:08.600,0.006269
08:08:08.700,-0.136619
08:08:08.800,-0.099054
08:08:08.900,-0.031191
08:08:09.000,-0.137321
08:08:09.100,0.085658
08:08:09.200,-0.036885
08:08:09.300,-0.173932
08:08:09.400,-0.067083
08:08:09.500,0.012144
08:08:09.600,-0.053531
08:08:09.700,0.047978
08:08:09.800,0.068884
08:08:09.900,0.288204
08:08:10.000,0.138077
08:08:10.100,-0.196364
08:08:10.200,-0.043228
08:08:10.300,-0.031997
08:08:10.400,0.069009
08:08:10.500,-0.11203
08:08:10.600,-0.06375
08:08:10.700,-0.149329
08:08:10.800,-0.072272
08:08:10.900,-0.067796
08:08:11.000,-0.037561
08:08:11.100,-0.142382
08:08:11.200,0.117843
08:08:11.300,0.056666
08:08:11.400,-0.17386
08:08:11.500,0.003117
08:08:11.600,-0.187831
08:08:11.700,0.161071
08:08:11.800,0.193693
08:08:11.900,-0.006688
08:08:12.000,-0.102317
08:08:12.100,-0.079712
08:08:12.200,-0.054449
08:08:12.300,-0.012819
08:08:12.400,0.164456
08:08:12.500,0.114672
08:08:12.600,0.116521
08:08:12.700,0.020469
08:08:12.800,-0.138433
08:08:12.900,-0.092407
08:08:13.000,0.007287
08:08:13.100,-0.144132
08:08:13.200,0.036478
08:08:13.300,0.096615
08:08:13.400,0.065441
08:08:13.500,0.060623
08:08:13.600,-0.223954
08:08:13.700,0.160003
08:08:13.800,-0.188086
08:08:13.900,-0.01833
08:08:14.000,0.074225
08:08:14.100,0.043032
08:08:14.200,-0.15334
08:08:14.300,-0.131799
08:08:14.400,0.034449
08:08:14.500,0.061301
08:08:14.600,-0.132864
08:08:14.700,0.047111
08:08:14.800,-0.181833
08:08:14.900,0.074927
08:08:15.000,-0.106061
08:08:15.100,0.009662
08:08:15.200,-0.010488
08:08:15.300,0.139279
08:08:15.400,0.029056
08:08:15.500,-0.071892
08:08:15.600,0.043151
08:08:15.700,0.25709
08:08:15.800,0.088815
08:08:15.900,-0.0071
08:08:16.000,-0.100034
08:08:16.100,-0.073979
08:08:16.200,0.081599
08:08:16.300,-0.106296
08:08:16.400,0.000323
08:08:16.500,0.172514
08:08:16.600,0.018047
08:08:16.700,-0.129496
08:08:16.800,0.261342
08:08:16.900,0.211494
08:08:17.000,0.060141
08:08:17.100,0.153091
08:08:17.200,-0.032038
08:08:17.300,0.086935
08:08:17.400,-0.050825
08:08:17.500,-0.16265
08:08:17.600,0.311031
08:08:17.700,-0.168785
08:08:17.800,0.035707
08:08:17.900,0.034305
08:08:18.000,0.061921
08:08:18.100,-0.010762
08:08:18.200,-0.00951
08:08:18.300,0.016609
08:08:18.400,0.057584
08:08:18.500,-0.000218
08:08:18.600,-0.008203
08:08:18.700,-0.158533
08:08:18.800,0.241642
08:08:18.900,0.064284
08:08:19.000,0.025069
08:08:19.100,-0.074936
08:08:19.200,-0.120434
08:08:19.300,0.103198
08:08:19.400,-0.019183
08:08:19.500,0.074528
08:08:19.600,-0.162258
08:08:19.700,0.185623
08:08:19.800,0.108165
08:08:19.900,-0.009728
08:08:20.000,0.056115
08:08:20.100,0.088921
08:08:20.200,-0.160438
08:08:20.300,0.201339
08:08:20.400,0.057991
08:08:20.500,-0.084492
08:08:20.600,-0.131591
08:08:20.700,0.118452
08:08:20.800,0.025339
08:08:20.900,0.057912
08:08:21.000,0.0032
08:08:21.100,-0.120329
08:08:21.200,0.061034
08:08:21.300,-0.023704
08:08:21.400,-0.002603
08:08:21.500,0.28524
08:08:21.600,0.104288
08:08:21.700,0.111212
08:08:21.800,0.326463
08:08:21.900,0.046149
08:08:22.000,0.014365
08:08:22.100,-0.081505
08:08:22.200,-0.054306
08:08:22.300,-0.245652
08:08:22.400,0.094851
08:08:22.500,-0.152031
08:08:22.600,0.108328
08:08:22.700,-0.005163
08:08:22.800,0.015367
08:08:22.900,-0.005084
08:08:23.000,0.166329
08:08:23.100,0.145133
08:08:23.200,-0.003467
08:08:23.300,-0.10788
08:08:23.400,0.110867
08:08:23.500,-0.116949
08:08:23.600,-0.186583
08:08:23.700,0.059802
08:08:23.800,0.146219
08:08:23.900,-0.04861
08:08:24.000,0.048542
08:08:24.100,-0.049881
08:08:24.200,0.086639
08:08:24.300,0.131404
08:08:24.400,-0.031544
08:08:24.500,-0.123312
08:08:24.600,-0.174844
08:08:24.700,0.111083
08:08:24.800,-0.136388
08:08:24.900,0.044643
08:08:25.000,0.093289
08:08:25.100,-0.060156
08:08:25.200,-0.019945
08:08:25.300,0.119885
08:08:25.400,-0.096983
08:08:25.500,-0.109165
08:08:25.600,-0.028127
08:08:25.700,0.15335
08:08:25.800,0.193288
08:08:25.900,-0.011854
08:08:26.000,-0.085455
08:08:26.100,0.127694
08:08:26.200,-0.200315
08:08:26.300,0.029713
08:08:26.400,-0.00527
08:08:26.500,0.155259
08:08:26.600,0.167402
08:08:26.700,-0.113103
08:08:26.800,0.020121
08:08:26.900,-0.068473
08:08:27.000,-0.035199
08:08:27.100,0.074087
08:08:27.200,-0.040187
08:08:27.300,0.023271
08:08:27.400,0.114873
08:08:27.500,0.181819
08:08:27.600,0.034642
08:08:27.700,0.014132
08:08:27.800,-0.132875
08:08:27.900,0.190296
08:08:28.000,0.059484
08:08:28.100,0.016347
08:08:28.200,0.010206
08:08:28.300,0.043278
08:08:28.400,0.092615
08:08:28.500,0.107466
08:08:28.600,0.193296
08:08:28.700,0.029123
08:08:28.800,0.210504
08:08:28.900,0.126927
08:08:29.000,-0.007216
08:08:29.100,-0.200085
08:08:29.200,0.010267
08:08:29.300,0.187017
08:08:29.400,-0.093032
08:08:29.500,0.009896
08:08:29.600,0.019826
08:08:29.700,0.113055
08:08:29.800,-0.046537
08:08:29.900,-0.104326
08:08:30.000,0.0684
08:08:30.100,-0.089206
08:08:30.200,-0.220261
08:08:30.300,0.220845
08:08:30.400,0.111244
08:08:30.500,0.226007
08:08:30.600,0.104882
08:08:30.700,0.081644
08:08:30.800,0.044344
08:08:30.900,-0.022323
08:08:31.000,0.061453
08:08:31.100,-0.066388
08:08:31.200,-0.128308
08:08:31.300,-0.039867
08:08:31.400,0.154979
08:08:31.500,-0.147889
08:08:31.600,-0.145982
08:08:31.700,0.070957
08:08:31.800,-0.049809
08:08:31.900,0.058259
08:08:32.000,0.118783
08:08:32.100,0.055384
08:08:32.200,-0.075869
08:08:32.300,0.153952
08:08:32.400,0.089055
08:08:32.500,0.003219
08:08:32.600,-0.00259
08:08:32.700,0.044879
08:08:32.800,-0.037438
08:08:32.900,-0.195745
08:08:33.000,0.090019
08:08:33.100,0.082889
08:08:33.200,-0.276128
08:08:33.300,0.061281
08:08:33.400,0.210778
08:08:33.500,-0.135317
08:08:33.600,-0.008795
08:08:33.700,-0.021838
08:08:33.800,0.199249
08:08:33.900,0.134514
08:08:34.000,-0.10541
08:08:34.100,0.041054
08:08:34.200,0.276321
08:08:34.300,-0.074965
08:08:34.400,-0.001338
08:08:34.500,0.061621
08:08:34.600,-0.073207
08:08:34.700,0.211584
08:08:34.800,-0.05672
08:08:34.900,-0.166684
08:08:35.000,-0.062998
08:08:35.100,0.078362
08:08:35.200,-0.095781
08:08:35.300,0.036264
08:08:35.400,0.067506
08:08:35.500,-0.145072
08:08:35.600,-0.067644
08:08:35.700,0.041877
08:08:35.800,0.084289
08:08:35.900,-0.064654
08:08:36.000,0.018213
08:08:36.100,-0.034072
08:08:36.200,0.087342
08:08:36.300,0.06233
08:08:36.400,-0.044818
08:08:36.500,0.057413
08:08:36.600,-0.049512
08:08:36.700,0.054883
08:08:36.800,0.056555
08:08:36.900,0.284526
08:08:37.000,-0.040351
08:08:37.100,-0.016952
08:08:37.200,-0.077668
08:08:37.300,-0.123939
08:08:37.400,-0.054775
08:08:37.500,0.079812
08:08:37.600,0.088495
08:08:37.700,0.035482
08:08:37.800,-0.035492
08:08:37.900,-0.059205
08:08:38.000,-0.11002
08:08:38.100,-0.066827
08:08:38.200,-0.155415
08:08:38.300,0.162943
08:08:38.400,0.220458
08:08:38.500,-0.232304
08:08:38.600,0.034712
08:08:38.700,0.032723
08:08:38.800,0.025057
08:08:38.900,-0.071129
08:08:39.000,0.122702
08:08:39.100,0.049257
08:08:39.200,0.124095
08:08:39.300,-0.088501
08:08:39.400,-0.165982
08:08:39.500,0.052189
08:08:39.600,-0.115553
08:08:39.700,0.126552
08:08:39.800,-0.255195
08:08:39.900,-0.056225
08:08:40.000,-0.073911
08:08:40.100,-0.039885
08:08:40.200,0.031332
08:08:40.300,0.047548
08:08:40.400,0.076769
08:08:40.500,0.090598
08:08:40.600,-0.020583
08:08:40.700,0.253045
08:08:40.800,0.166451
08:08:40.900,-0.037439
08:08:41.000,-0.016425
08:08:41.100,-0.039966
08:08:41.200,0.043596
08:08:41.300,-0.116633
08:08:41.400,-0.094744
08:08:41.500,-0.260084
08:08:41.600,-0.047839
08:08:41.700,0.127771
08:08:41.800,-0.018252
08:08:41.900,-0.011539
08:08:42.000,0.033379
08:08:42.100,-0.120268
08:08:42.200,0.003034
08:08:42.300,0.10684
08:08:42.400,0.036788
08:08:42.500,0.11738
08:08:42.600,0.151696
08:08:42.700,0.079511
08:08:42.800,-0.085604
08:08:42.900,-0.041296
08:08:43.000,0.231779
08:08:43.100,0.0377
08:08:43.200,0.021715
08:08:43.300,-0.103195
08:08:43.400,-0.010975
08:08:43.500,0.085965
08:08:43.600,0.001781
08:08:43.700,-0.062325
08:08:43.800,-0.034486
08:08:43.900,0.143019
08:08:44.000,0.080134
08:08:44.100,0.064085
08:08:44.200,0.052906
08:08:44.300,-0.141964
08:08:44.400,0.032682
08:08:44.500,0.128161
08:08:44.600,-0.031311
08:08:44.700,0.117291
08:08:44.800,0.065427
08:08:44.900,0.099321
08:08:45.000,0.006112
08:08:45.100,0.10639
08:08:45.200,-0.175762
08:08:45.300,0.003977
08:08:45.400,0.085562
08:08:45.500,0.035556
08:08:45.600,0.131475
08:08:45.700,-0.018852
08:08:45.800,-0.065695
08:08:45.900,-0.196689
08:08:46.000,-0.032756
08:08:46.100,0.062025
08:08:46.200,0.091321
08:08:46.300,-0.167902
08:08:46.400,0.141039
08:08:46.500,-0.11693
08:08:46.600,-0.014538
08:08:46.700,-0.068258
08:08:46.800,0.05007
08:08:46.900,0.011289
08:08:47.000,0.081356
08:08:47.100,0.221257
08:08:47.200,0.047742
08:08:47.300,-0.069202
08:08:47.400,0.055328
08:08:47.500,0.233417
08:08:47.600,0.078761
08:08:47.700,0.113483
08:08:47.800,-0.191229
08:08:47.900,0.046425
08:08:48.000,-0.032162
08:08:48.100,-0.081615
08:08:48.200,-0.002678
08:08:48.300,0.013036
08:08:48.400,-0.074927
08:08:48.500,0.022616
08:08:48.600,-0.020818
08:08:48.700,0.084293
08:08:48.800,0.027309
08:08:48.900,0.045111
08:08:49.000,0.117527
08:08:49.100,0.066595
08:08:49.200,-0.00073
08:08:49.300,-0.250431
08:08:49.400,0.061647
08:08:49.500,-0.109431
08:08:49.600,-0.010349
08:08:49.700,0.044526
08:08:49.800,0.159963
08:08:49.900,0.221079
08:08:50.000,-0.110546
08:08:50.100,-0.157904
08:08:50.200,0.039086
08:08:50.300,0.029091
08:08:50.400,-0.144225
08:08:50.500,-0.001992
08:08:50.600,0.071705
08:08:50.700,-0.147618
08:08:50.800,-0.11935
08:08:50.900,-0.077299
08:08:51.000,-0.025471
08:08:51.100,0.083277
08:08:51.200,-0.039178
08:08:51.300,0.006638
08:08:51.400,0.269541
08:08:51.500,-0.114757
08:08:51.600,-0.078359
08:08:51.700,0.081371
08:08:51.800,0.118565
08:08:51.900,0.049776
08:08:52.000,0.217076
08:08:52.100,0.038095
08:08:52.200,-0.237132
08:08:52.300,0.011639
08:08:52.400,-0.068518
08:08:52.500,0.166057
08:08:52.600,0.115755
08:08:52.700,-0.190763
08:08:52.800,0.162038
08:08:52.900,0.112724
08:08:53.000,-0.038935
08:08:53.100,-0.009413
08:08:53.200,0.167061
08:08:53.300,-0.236581
08:08:53.400,0.053448
08:08:53.500,0.131209
08:08:53.600,-0.010646
08:08:53.700,0.077749
08:08:53.800,0.012379
08:08:53.900,-0.094085
08:08:54.000,-0.097084
08:08:54.100,0.085432
08:08:54.200,-0.076285
08:08:54.300,-0.18295
08:08:54.400,0.014688
08:08:54.500,-0.06157
08:08:54.600,-0.143893
08:08:54.700,0.00861
08:08:54.800,0.092073
08:08:54.900,0.002418
08:08:55.000,-0.127949
08:08:55.100,0.057816
08:08:55.200,0.124219
08:08:55.300,0.265564
08:08:55.400,0.173021
08:08:55.500,-0.120643
08:08:55.600,0.10297
08:08:55.700,0.030783
08:08:55.800,-0.138252
08:08:55.900,0.034055
08:08:56.000,0.230241
08:08:56.100,0.143504
08:08:56.200,-0.121614
08:08:56.300,0.001646
08:08:56.400,0.059001
08:08:56.500,-0.207588
08:08:56.600,-0.203453
08:08:56.700,0.018555
08:08:56.800,0.020121
08:08:56.900,-0.220658
08:08:57.000,0.046557
08:08:57.100,0.130436
08:08:57.200,-0.026196
08:08:57.300,0.007177
08:08:57.400,0.068569
08:08:57.500,0.052684
08:08:57.600,-0.200235
08:08:57.700,-0.108615
08:08:57.800,-0.047502
08:08:57.900,-0.103299
08:08:58.000,0.176036
08:08:58.100,0.076137
08:08:58.200,-0.133167
08:08:58.300,-0.02572
08:08:58.400,0.135647
08:08:58.500,-0.077549
08:08:58.600,0.10219
08:08:58.700,0.165982
08:08:58.800,0.145937
08:08:58.900,0.021648
08:08:59.000,0.150123
08:08:59.100,-0.062669
08:08:59.200,0.298306
08:08:59.300,0.028902
08:08:59.400,0.137615
08:08:59.500,-0.043441
08:08:59.600,0.05993
08:08:59.700,0.065216
08:08:59.800,-0.11146
08:08:59.900,-0.115013
08:09:00.000,-0.02454
08:09:00.100,0.13264
08:09:00.200,-0.219771
08:09:00.300,-0.043542
08:09:00.400,0.157185
08:09:00.500,-0.147856
08:09:00.600,0.150468
08:09:00.700,-0.135335
08:09:00.800,-0.109985
08:09:00.900,-0.017667
08:09:01.000,0.224815
08:09:01.100,-0.076801
08:09:01.200,-0.207956
08:09:01.300,-0.168232
08:09:01.400,0.111834
08:09:01.500,-0.162569
08:09:01.600,0.142556
08:09:01.700,0.008375
08:09:01.800,-0.003873
08:09:01.900,0.035677
08:09:02.000,-0.09611
08:09:02.100,0.016545
08:09:02.200,-0.143169
08:09:02.300,0.161867
08:09:02.400,-0.123275
08:09:02.500,0.052666
08:09:02.600,-0.12417
08:09:02.700,-0.063985
08:09:02.800,-0.04486
08:09:02.900,0.357762
08:09:03.000,-0.001734
08:09:03.100,-0.098584
08:09:03.200,-0.053347
08:09:03.300,-0.180561
08:09:03.400,-0.019534
08:09:03.500,0.22213
08:09:03.600,0.040325
08:09:03.700,0.108408
08:09:03.800,-0.109193
08:09:03.900,-0.024401
08:09:04.000,0.024468
08:09:04.100,-0.087037
08:09:04.200,0.048001
08:09:04.300,0.073851
08:09:04.400,0.065142
08:09:04.500,-0.01813
08:09:04.600,0.130909
08:09:04.700,-0.030914
08:09:04.800,-0.041858
08:09:04.900,0.172985
08:09:05.000,-0.132836
08:09:05.100,-0.204356
08:09:05.200,-0.104138
08:09:05.300,0.046469
08:09:05.400,0.154031
08:09:05.500,-0.079262
08:09:05.600,0.217781
08:09:05.700,0.003264
08:09:05.800,-0.013864
08:09:05.900,-0.101993
08:09:06.000,0.234163
08:09:06.100,-0.018035
08:09:06.200,-0.159839
08:09:06.300,0.29492
08:09:06.400,0.04724
08:09:06.500,0.09586
08:09:06.600,0.201787
08:09:06.700,0.073736
08:09:06.800,0.116987
08:09:06.900,0.006519
08:09:07.000,0.088048
08:09:07.100,-0.004099
08:09:07.200,-0.002425
08:09:07.300,0.014366
08:09:07.400,-0.047618
08:09:07.500,0.060525
08:09:07.600,0.060221
08:09:07.700,0.09827
08:09:07.800,0.076753
08:09:07.900,0.240005
08:09:08.000,0.126316
08:09:08.100,-0.02487
08:09:08.200,0.054369
08:09:08.300,0.169524
08:09:08.400,-0.113997
08:09:08.500,0.241709
08:09:08.600,-0.092957
08:09:08.700,0.108033
08:09:08.800,0.000792
08:09:08.900,-0.006112
08:09:09.000,-0.15635
08:09:09.100,0.1089
08:09:09.200,-0.154603
08:09:09.300,-0.173132
08:09:09.400,0.139164
08:09:09.500,0.214753
08:09:09.600,-0.080069
08:09:09.700,0.120373
08:09:09.800,0.095583
08:09:09.900,-0.010982
08:09:10.000,0.160298
08:09:10.100,-0.019635
08:09:10.200,0.062104
08:09:10.300,-0.150452
08:09:10.400,-0.145324
08:09:10.500,0.140285
08:09:10.600,0.066145
08:09:10.700,-0.017095
08:09:10.800,0.228941
08:09:10.900,0.227678
08:09:11.000,0.0527
08:09:11.100,-0.174679
08:09:11.200,-0.013392
08:09:11.300,-0.09991
08:09:11.400,0.010742
08:09:11.500,-0.112356
08:09:11.600,-0.143547
08:09:11.700,-0.271514
08:09:11.800,0.020071
08:09:11.900,-0.275852
08:09:12.000,-0.038429
08:09:12.100,0.083328
08:09:12.200,-0.086651
08:09:12.300,-0.130179
08:09:12.400,-0.008142
08:09:12.500,-0.099433
08:09:12.600,0.022279
08:09:12.700,-0.12394
08:09:12.800,-0.012539
08:09:12.900,-0.04157
08:09:13.000,-0.001383
08:09:13.100,0.196218
08:09:13.200,0.023977
08:09:13.300,0.060533
08:09:13.400,-0.074975
08:09:13.500,0.026791
08:09:13.600,-0.032976
08:09:13.700,0.003559
08:09:13.800,0.077873
08:09:13.900,-0.060028
08:09:14.000,-0.047765
08:09:14.100,-0.05837
08:09:14.200,-0.060686
08:09:14.300,0.020788
08:09:14.400,-0.043678
08:09:14.500,0.179755
08:09:14.600,0.3215
08:09:14.700,-0.068153
08:09:14.800,0.03528
08:09:14.900,0.124561
08:09:15.000,-0.03189
08:09:15.100,-0.119327
08:09:15.200,0.208581
08:09:15.300,0.082339
08:09:15.400,0.038243
08:09:15.500,0.174063
08:09:15.600,0.092428
08:09:15.700,-0.005752
08:09:15.800,-0.117196
08:09:15.900,-0.0592
08:09:16.000,0.144579
08:09:16.100,0.08185
08:09:16.200,-0.0224
08:09:16.300,0.211988
08:09:16.400,-0.018867
08:09:16.500,0.118502
08:09:16.600,0.026405
08:09:16.700,0.231954
08:09:16.800,0.090365
08:09:16.900,0.005539
08:09:17.000,-0.021456
08:09:17.100,-0.001845
08:09:17.200,-0.087048
08:09:17.300,-0.164004
08:09:17.400,0.037048
08:09:17.500,-0.064022
08:09:17.600,-0.064341
08:09:17.700,-0.010661
08:09:17.800,0.006267
08:09:17.900,0.000885
08:09:18.000,0.208595
08:09:18.100,0.079486
08:09:18.200,0.252938
08:09:18.300,-0.052679
08:09:18.400,0.094046
08:09:18.500,-0.04601
08:09:18.600,-0.067336
08:09:18.700,0.257465
08:09:18.800,-0.092178
08:09:18.900,-0.267808
08:09:19.000,-0.084954
08:09:19.100,-0.240999
08:09:19.200,-0.114159
08:09:19.300,-0.10304
08:09:19.400,0.004234
08:09:19.500,-0.245952
08:09:19.600,0.143514
08:09:19.700,-0.225092
08:09:19.800,-0.01533
08:09:19.900,-0.038899
08:09:20.000,0.099042
08:09:20.100,0.042185
08:09:20.200,0.142425
08:09:20.300,-0.043374
08:09:20.400,-0.05577
08:09:20.500,0.049535
08:09:20.600,0.123504
08:09:20.700,0.099008
08:09:20.800,0.038618
08:09:20.900,0.02792
08:09:21.000,-0.004355
08:09:21.100,0.049192
08:09:21.200,0.244192
08:09:21.300,-0.029109
08:09:21.400,-0.043739
08:09:21.500,-0.052927
08:09:21.600,0.046725
08:09:21.700,-0.254609
08:09:21.800,-0.016207
08:09:21.900,0.105678
08:09:22.000,-0.063148
08:09:22.100,0.022405
08:09:22.200,0.25312
08:09:22.300,0.039792
08:09:22.400,-0.268707
08:09:22.500,-0.169186
08:09:22.600,-0.03012
08:09:22.700,-0.096459
08:09:22.800,0.012406
08:09:22.900,-0.035349
08:09:23.000,0.139929
08:09:23.100,-0.13096
08:09:23.200,-0.0249
08:09:23.300,0.026071
08:09:23.400,0.040936
08:09:23.500,0.017617
08:09:23.600,-0.289353
08:09:23.700,0.009995
08:09:23.800,-0.018091
08:09:23.900,0.103693
08:09:24.000,0.086756
08:09:24.100,0.028901
08:09:24.200,0.03758
08:09:24.300,0.162286
08:09:24.400,0.138036
08:09:24.500,0.03304
08:09:24.600,0.25745
08:09:24.700,-0.075384
08:09:24.800,-0.142253
08:09:24.900,-0.001301
08:09:25.000,-0.044857
08:09:25.100,-0.295841
08:09:25.200,-0.078286
08:09:25.300,0.04123
08:09:25.400,-0.006963
08:09:25.500,-0.093175
08:09:25.600,0.005079
08:09:25.700,0.014769
08:09:25.800,0.085809
08:09:25.900,-0.07698
08:09:26.000,0.104863
08:09:26.100,-0.130877
08:09:26.200,-0.060405
08:09:26.300,0.203879
08:09:26.400,-0.122865
08:09:26.500,-0.079052
08:09:26.600,-0.150373
08:09:26.700,-0.099272
08:09:26.800,0.016604
08:09:26.900,0.084785
08:09:27.000,-0.002237
08:09:27.100,-0.038963
08:09:27.200,-0.149133
08:09:27.300,-0.087256
08:09:27.400,-0.185524
08:09:27.500,0.088387
08:09:27.600,0.096729
08:09:27.700,-0.004854
08:09:27.800,0.052974
08:09:27.900,0.105148
08:09:28.000,0.012145
08:09:28.100,0.167233
08:09:28.200,-0.122855
08:09:28.300,-0.04184
08:09:28.400,-0.056129
08:09:28.500,0.077669
08:09:28.600,-0.172097
08:09:28.700,0.173757
08:09:28.800,0.067413
08:09:28.900,0.210035
08:09:29.000,-0.004869
08:09:29.100,-0.066038
08:09:29.200,0.078853
08:09:29.300,0.123668
08:09:29.400,-0.085731
08:09:29.500,-0.239712
08:09:29.600,-0.219152
08:09:29.700,0.031366
08:09:29.800,0.184823
08:09:29.900,-0.156101
08:09:30.000,-0.032684
08:09:30.100,-0.041814
08:09:30.200,0.230464
08:09:30.300,0.271043
08:09:30.400,0.050934
08:09:30.500,0.10776
08:09:30.600,0.104424
08:09:30.700,-0.153639
08:09:30.800,0.083823
08:09:30.900,-0.122353
08:09:31.000,-0.020584
08:09:31.100,0.136768
08:09:31.200,0.009712
08:09:31.300,0.1323
08:09:31.400,0.155912
08:09:31.500,-0.210832
08:09:31.600,-0.261324
08:09:31.700,0.139451
08:09:31.800,0.144289
08:09:31.900,0.030791
08:09:32.000,0.047066
08:09:32.100,0.107166
08:09:32.200,0.104929
08:09:32.300,-0.036502
08:09:32.400,0.114702
08:09:32.500,-0.041577
08:09:32.600,0.029226
08:09:32.700,0.024003
08:09:32.800,-0.103133
08:09:32.900,-0.089158
08:09:33.000,0.268093
08:09:33.100,-0.107026
08:09:33.200,0.044395
08:09:33.300,0.069576
08:09:33.400,-0.006506
08:09:33.500,0.080579
08:09:33.600,0.039478
08:09:33.700,-0.10443
08:09:33.800,0.064418
08:09:33.900,-0.065365
08:09:34.000,0.20888
08:09:34.100,0.051495
08:09:34.200,-0.084018
08:09:34.300,0.041075
08:09:34.400,-0.110983
08:09:34.500,0.030933
08:09:34.600,-0.027084
08:09:34.700,-0.099225
08:09:34.800,-0.100733
08:09:34.900,0.292192
08:09:35.000,0.010967
08:09:35.100,-0.051809
08:09:35.200,-0.07259
08:09:35.300,0.05654
08:09:35.400,-0.07662
08:09:35.500,-0.131354
08:09:35.600,-0.00389
08:09:35.700,-0.004796
08:09:35.800,-0.050044
08:09:35.900,-0.106955
08:09:36.000,-0.046917
08:09:36.100,-0.056356
08:09:36.200,-0.073004
08:09:36.300,0.03318
08:09:36.400,0.267147
08:09:36.500,0.159812
08:09:36.600,0.23303
08:09:36.700,-0.068123
08:09:36.800,0.200963
08:09:36.900,0.027273
08:09:37.000,0.118364
08:09:37.100,0.054924
08:09:37.200,-0.041192
08:09:37.300,0.08634
08:09:37.400,0.058192
08:09:37.500,-0.212182
08:09:37.600,-0.014895
08:09:37.700,0.104689
08:09:37.800,0.033291
08:09:37.900,0.056337
08:09:38.000,-0.090171
08:09:38.100,0.030745
08:09:38.200,-0.011561
08:09:38.300,-0.024414
08:09:38.400,-0.081511
08:09:38.500,0.109783
08:09:38.600,0.041456
08:09:38.700,0.029346
08:09:38.800,0.246094
08:09:38.900,0.056856
08:09:39.000,0.14406
08:09:39.100,0.032752
08:09:39.200,-0.04238
08:09:39.300,-0.127096
08:09:39.400,0.028967
08:09:39.500,-0.319619
08:09:39.600,0.032696
08:09:39.700,0.037848
08:09:39.800,-0.026108
08:09:39.900,-0.011084
08:09:40.000,-0.15014
08:09:40.100,0.166272
08:09:40.200,-0.04047
08:09:40.300,-0.116651
08:09:40.400,0.065359
08:09:40.500,0.013291
08:09:40.600,-0.043
08:09:40.700,-0.055684
08:09:40.800,-0.000677
08:09:40.900,0.161498
08:09:41.000,0.056346
08:09:41.100,-0.004129
08:09:41.200,0.102292
08:09:41.300,0.003304
08:09:41.400,0.048186
08:09:41.500,0.018135
08:09:41.600,0.070774
08:09:41.700,-0.053297
08:09:41.800,-0.136721
08:09:41.900,0.108822
08:09:42.000,0.180591
08:09:42.100,-0.131026
08:09:42.200,0.021515
08:09:42.300,-0.053864
08:09:42.400,0.106005
08:09:42.500,0.029597
08:09:42.600,0.399297
08:09:42.700,-0.036172
08:09:42.800,0.184475
08:09:42.900,0.196156
08:09:43.000,0.064032
08:09:43.100,0.00445
08:09:43.200,0.011381
08:09:43.300,0.001225
08:09:43.400,0.135996
08:09:43.500,-0.104716
08:09:43.600,-0.019318
08:09:43.700,-0.033862
08:09:43.800,-0.207143
08:09:43.900,0.10307
08:09:44.000,0.12755
08:09:44.100,-0.076106
08:09:44.200,0.123616
08:09:44.300,-0.190039
08:09:44.400,0.002875
08:09:44.500,-0.015151
08:09:44.600,0.01053
08:09:44.700,0.009905
08:09:44.800,-0.009245
08:09:44.900,-0.046533
08:09:45.000,-0.013045
08:09:45.100,0.163587
08:09:45.200,-0.069446
08:09:45.300,0.270641
08:09:45.400,-0.07622
08:09:45.500,0.028807
08:09:45.600,0.068545
08:09:45.700,-0.035011
08:09:45.800,0.165884
08:09:45.900,0.065425
08:09:46.000,-0.024588
08:09:46.100,0.164552
08:09:46.200,-0.121859
08:09:46.300,-0.067858
08:09:46.400,0.067508
08:09:46.500,0.096176
08:09:46.600,0.038715
08:09:46.700,-0.015263
08:09:46.800,-0.030173
08:09:46.900,0.135768
08:09:47.000,0.028847
08:09:47.100,-0.104669
08:09:47.200,-0.111588
08:09:47.300,0.181615
08:09:47.400,-0.086251
08:09:47.500,0.032728
08:09:47.600,0.162109
08:09:47.700,0.065053
08:09:47.800,-0.090917
08:09:47.900,-0.121883
08:09:48.000,0.224387
08:09:48.100,-0.12494
08:09:48.200,-0.066392
08:09:48.300,0.0447
08:09:48.400,-0.026265
08:09:48.500,0.068857
08:09:48.600,-0.176133
08:09:48.700,-0.025248
08:09:48.800,0.081323
08:09:48.900,0.081729
08:09:49.000,-0.068694
08:09:49.100,-0.122605
08:09:49.200,0.025646
08:09:49.300,-0.157496
08:09:49.400,0.154112
08:09:49.500,0.018889
08:09:49.600,-0.083617
08:09:49.700,-0.12654
08:09:49.800,-0.075967
08:09:49.900,-0.187432
08:09:50.000,0.059373
08:09:50.100,-0.096342
08:09:50.200,0.047961
08:09:50.300,0.064505
08:09:50.400,0.11592
08:09:50.500,0.030222
08:09:50.600,0.135028
08:09:50.700,0.166333
08:09:50.800,0.030986
08:09:50.900,0.038223
08:09:51.000,-0.066897
08:09:51.100,-0.118515
08:09:51.200,0.153849
08:09:51.300,0.072689
08:09:51.400,0.082419
08:09:51.500,-0.070885
08:09:51.600,0.194871
08:09:51.700,-0.027434
08:09:51.800,-0.096221
08:09:51.900,-0.068841
08:09:52.000,0.188543
08:09:52.100,-0.133326
08:09:52.200,-0.090135
08:09:52.300,0.347821
08:09:52.400,0.112925
08:09:52.500,-0.087967
08:09:52.600,-0.129774
08:09:52.700,-0.200724
08:09:52.800,0.011654
08:09:52.900,0.087362
08:09:53.000,0.182256
08:09:53.100,-0.227278
08:09:53.200,-0.159046
08:09:53.300,-0.014346
08:09:53.400,0.33452
08:09:53.500,0.106308
08:09:53.600,0.044736
08:09:53.700,-0.146991
08:09:53.800,-0.254398
08:09:53.900,0.004662
08:09:54.000,-0.011924
08:09:54.100,-0.032137
08:09:54.200,-0.045652
08:09:54.300,-0.089802
08:09:54.400,-0.117317
08:09:54.500,0.166741
08:09:54.600,-0.106383
08:09:54.700,-0.033138
08:09:54.800,-0.004689
08:09:54.900,0.084754
08:09:55.000,-0.10222
08:09:55.100,0.117368
08:09:55.200,-0.06956
08:09:55.300,-0.019428
08:09:55.400,0.197172
08:09:55.500,-0.116307
08:09:55.600,0.086509
08:09:55.700,0.120553
08:09:55.800,0.037188
08:09:55.900,-0.014104
08:09:56.000,0.255084
08:09:56.100,-0.001661
08:09:56.200,0.024489
08:09:56.300,-0.040383
08:09:56.400,0.01813
08:09:56.500,0.115694
08:09:56.600,-0.033037
08:09:56.700,-0.253024
08:09:56.800,0.061628
08:09:56.900,-0.1294
08:09:57.000,0.089025
08:09:57.100,-0.000159
08:09:57.200,0.113173
08:09:57.300,-0.113801
08:09:57.400,-0.064227
08:09:57.500,-0.040804
08:09:57.600,-0.177874
08:09:57.700,0.13337
08:09:57.800,-0.195051
08:09:57.900,0.131678
08:09:58.000,0.050928
08:09:58.100,-0.023864
08:09:58.200,0.041414
08:09:58.300,0.038128
08:09:58.400,-0.048051
08:09:58.500,0.035778
08:09:58.600,0.087742
08:09:58.700,-0.113362
08:09:58.800,0.041543
08:09:58.900,-0.315159
08:09:59.000,-0.231552
08:09:59.100,0.067743
08:09:59.200,-0.05014
08:09:59.300,-0.102413
08:09:59.400,-0.006363
08:09:59.500,-0.047514
08:09:59.600,-0.118633
08:09:59.700,-0.196686
08:09:59.800,-0.236179
08:09:59.900,0.088655
08:10:00.000,-0.147875
08:10:00.100,0.448846
08:10:00.200,0.064884
08:10:00.300,0.442033
08:10:00.400,0.367558
08:10:00.500,0.510531
08:10:00.600,0.598875
08:10:00.700,0.467707
08:10:00.800,0.235372
08:10:00.900,0.959528
08:10:01.000,1.257741
08:10:01.100,1.272107
08:10:01.200,0.472095
08:10:01.300,0.367095
08:10:01.400,0.372313
08:10:01.500,0.433432
08:10:01.600,0.393088
08:10:01.700,-0.031482
08:10:01.800,-0.301596
08:10:01.900,0.126984
08:10:02.000,-1.235643
08:10:02.100,-0.144734
08:10:02.200,-0.546974
08:10:02.300,-0.044739
08:10:02.400,-0.044777
08:10:02.500,-0.120039
08:10:02.600,-0.687568
08:10:02.700,-1.021005
08:10:02.800,-0.950847
08:10:02.900,-0.590718
08:10:03.000,-1.276053
08:10:03.100,-0.20364
08:10:03.200,-0.78146
08:10:03.300,-0.448644
08:10:03.400,-1.189811
08:10:03.500,-0.819068
08:10:03.600,-1.078437
08:10:03.700,0.039623
08:10:03.800,-0.272384
08:10:03.900,0.090453
08:10:04.000,0.022195
08:10:04.100,0.27347
08:10:04.200,0.098207
08:10:04.300,0.246552
08:10:04.400,0.379343
08:10:04.500,0.636946
08:10:04.600,0.717553
08:10:04.700,1.607707
08:10:04.800,1.2543
08:10:04.900,0.068816
08:10:05.000,0.649913
08:10:05.100,0.549318
08:10:05.200,1.113785
08:10:05.300,0.513193
08:10:05.400,0.728813
08:10:05.500,-0.322997
08:10:05.600,-0.118311
08:10:05.700,1.050096
08:10:05.800,0.233897
08:10:05.900,-0.239957
08:10:06.000,0.085005
08:10:06.100,-0.478075
08:10:06.200,-0.315493
08:10:06.300,-0.82621
08:10:06.400,-0.687502
08:10:06.500,-0.640693
08:10:06.600,-0.174067
08:10:06.700,-0.461288
08:10:06.800,-0.442256
08:10:06.900,-0.700403
08:10:07.000,-0.412003
08:10:07.100,-0.997114
08:10:07.200,-0.922187
08:10:07.300,-0.481048
08:10:07.400,-0.664013
08:10:07.500,-0.499821
08:10:07.600,-0.468897
08:10:07.700,0.120914
08:10:07.800,0.240632
08:10:07.900,-0.328662
08:10:08.000,-0.615954
08:10:08.100,-0.13952
08:10:08.200,-0.097624
08:10:08.300,0.608905
08:10:08.400,0.733624
08:10:08.500,0.134099
08:10:08.600,0.302235
08:10:08.700,0.106051
08:10:08.800,0.712772
08:10:08.900,0.675661
08:10:09.000,0.976193
08:10:09.100,0.865378
08:10:09.200,0.879311
08:10:09.300,0.084004
08:10:09.400,0.347098
08:10:09.500,0.827089
08:10:09.600,0.222948
08:10:09.700,-0.251855
08:10:09.800,0.499108
08:10:09.900,-0.092539
08:10:10.000,0.371923
08:10:10.100,-0.115949
08:10:10.200,-0.313339
08:10:10.300,0.159323
08:10:10.400,-0.867379
08:10:10.500,0.007003
08:10:10.600,-0.790086
08:10:10.700,-0.566875
08:10:10.800,-0.605602
08:10:10.900,-0.840874
08:10:11.000,-0.966739
08:10:11.100,-0.82082
08:10:11.200,-1.020837
08:10:11.300,0.062982
08:10:11.400,-0.734708
08:10:11.500,-0.089343
08:10:11.600,-0.051939
08:10:11.700,-0.190768
08:10:11.800,-0.2638
08:10:11.900,-0.04168
08:10:12.000,0.200259
08:10:12.100,0.144668
08:10:12.200,-0.33205
08:10:12.300,-0.318616
08:10:12.400,0.939596
08:10:12.500,-0.427175
08:10:12.600,0.634802
08:10:12.700,0.541462
08:10:12.800,0.72202
08:10:12.900,0.292393
08:10:13.000,0.822737
08:10:13.100,0.763488
08:10:13.200,1.632094
08:10:13.300,0.669198
08:10:13.400,1.038194
08:10:13.500,-0.029565
08:10:13.600,0.768483
08:10:13.700,0.396989
08:10:13.800,0.31072
08:10:13.900,0.208753
08:10:14.000,0.597218
08:10:14.100,-0.020218
08:10:14.200,-0.490755
08:10:14.300,-0.533372
08:10:14.400,-0.125455
08:10:14.500,-0.338365
08:10:14.600,-1.101978
08:10:14.700,-0.44358
08:10:14.800,-1.044559
08:10:14.900,-0.537992
08:10:15.000,-0.981944
08:10:15.100,-0.7899
08:10:15.200,-0.856423
08:10:15.300,-0.092085
08:10:15.400,-0.425665
08:10:15.500,-0.053585
08:10:15.600,0.601875
08:10:15.700,-0.301411
08:10:15.800,0.309385
08:10:15.900,-0.354314
08:10:16.000,0.439207
08:10:16.100,-0.173124
08:10:16.200,0.209867
08:10:16.300,0.505701
08:10:16.400,0.654431
08:10:16.500,0.049582
08:10:16.600,0.262854
08:10:16.700,0.837712
08:10:16.800,0.537039
08:10:16.900,0.20231
08:10:17.000,0.675158
08:10:17.100,0.649742
08:10:17.200,0.72766
08:10:17.300,0.808939
08:10:17.400,0.72929
08:10:17.500,0.226114
08:10:17.600,0.26766
08:10:17.700,0.642519
08:10:17.800,0.026197
08:10:17.900,-0.028778
08:10:18.000,-0.526494
08:10:18.100,-0.119542
08:10:18.200,-0.095467
08:10:18.300,-1.009216
08:10:18.400,-0.786037
08:10:18.500,-0.992579
08:10:18.600,-0.290389
08:10:18.700,-1.293028
08:10:18.800,-0.693279
08:10:18.900,-0.44013
08:10:19.000,-0.634262
08:10:19.100,-0.845367
08:10:19.200,-0.544476
08:10:19.300,-0.260764
08:10:19.400,-0.603976
08:10:19.500,-1.278603
08:10:19.600,-0.009743
08:10:19.700,-0.177701
08:10:19.800,-0.227889
08:10:19.900,-0.802634
08:10:20.000,-0.104408
08:10:20.100,-0.196913
08:10:20.200,-0.209386
08:10:20.300,0.270036
08:10:20.400,0.223861
08:10:20.500,0.33044
08:10:20.600,0.825181
08:10:20.700,0.713155
08:10:20.800,0.492309
08:10:20.900,0.473548
08:10:21.000,0.5408
08:10:21.100,0.604776
08:10:21.200,0.870157
08:10:21.300,0.258809
08:10:21.400,1.076766
08:10:21.500,0.699645
08:10:21.600,-0.546825
08:10:21.700,0.347666
08:10:21.800,0.58057
08:10:21.900,0.245551
08:10:22.000,-0.144319
08:10:22.100,-0.130886
08:10:22.200,-0.1539
08:10:22.300,-0.048437
08:10:22.400,-0.906733
08:10:22.500,-0.706731
08:10:22.600,0.00719
08:10:22.700,-0.612173
08:10:22.800,-0.130974
08:10:22.900,0.353576
08:10:23.000,-0.872212
08:10:23.100,-1.11043
08:10:23.200,-0.758675
08:10:23.300,-0.239057
08:10:23.400,-0.132698
08:10:23.500,0.300217
08:10:23.600,-0.424332
08:10:23.700,-0.146974
08:10:23.800,-0.465431
08:10:23.900,-0.986949
08:10:24.000,-0.013878
08:10:24.100,-0.29431
08:10:24.200,0.441487
08:10:24.300,-0.340694
08:10:24.400,0.152683
08:10:24.500,0.588662
08:10:24.600,0.696639
08:10:24.700,0.607101
08:10:24.800,1.31931
08:10:24.900,1.240694
08:10:25.000,0.460485
08:10:25.100,1.254675
08:10:25.200,1.28251
08:10:25.300,0.580339
08:10:25.400,0.582203
08:10:25.500,0.477222
08:10:25.600,0.1857
08:10:25.700,0.12681
08:10:25.800,0.678075
08:10:25.900,0.262586
08:10:26.000,-0.193966
08:10:26.100,-0.433603
08:10:26.200,-0.481651
08:10:26.300,-0.375143
08:10:26.400,-0.09184
08:10:26.500,-0.796003
08:10:26.600,-0.250716
08:10:26.700,-0.55477
08:10:26.800,-0.615745
08:10:26.900,-0.332353
08:10:27.000,-0.404824
08:10:27.100,-1.182963
08:10:27.200,-1.045144
08:10:27.300,-0.704035
08:10:27.400,-0.441721
08:10:27.500,-0.017373
08:10:27.600,-0.388676
08:10:27.700,0.2785
08:10:27.800,-0.463648
08:10:27.900,-0.297657
08:10:28.000,-0.106989
08:10:28.100,-0.176526
08:10:28.200,0.622103
08:10:28.300,-0.651647
08:10:28.400,0.235201
08:10:28.500,0.896847
08:10:28.600,0.457
08:10:28.700,0.999215
08:10:28.800,1.434929
08:10:28.900,0.719516
08:10:29.000,1.109127
08:10:29.100,1.53808
08:10:29.200,0.806471
08:10:29.300,0.606882
08:10:29.400,0.882175
08:10:29.500,0.909451
08:10:29.600,0.397864
08:10:29.700,0.148448
08:10:29.800,0.8174
08:10:29.900,0.014789
08:10:30.000,0.417805
08:10:30.100,-0.017501
08:10:30.200,0.423126
08:10:30.300,-0.614959
08:10:30.400,-0.709293
08:10:30.500,-0.195905
08:10:30.600,-0.961931
08:10:30.700,-0.582885
08:10:30.800,-0.123796
08:10:30.900,-1.316073
08:10:31.000,-0.559251
08:10:31.100,-0.267271
08:10:31.200,-0.674807
08:10:31.300,-0.948187
08:10:31.400,-0.658225
08:10:31.500,-0.788457
08:10:31.600,-0.387244
08:10:31.700,-0.41464
08:10:31.800,-0.395953
08:10:31.900,0.053647
08:10:32.000,0.55269
08:10:32.100,0.224241
08:10:32.200,0.686595
08:10:32.300,0.870382
08:10:32.400,0.206126
08:10:32.500,0.591175
08:10:32.600,0.41758
08:10:32.700,0.104947
08:10:32.800,0.790256
08:10:32.900,0.323129
08:10:33.000,0.869506
08:10:33.100,0.146825
08:10:33.200,0.725587
08:10:33.300,0.073948
08:10:33.400,0.802165
08:10:33.500,0.357292
08:10:33.600,0.240022
08:10:33.700,0.71207
08:10:33.800,0.103762
08:10:33.900,0.148303
08:10:34.000,-0.069516
08:10:34.100,0.068083
08:10:34.200,0.148719
08:10:34.300,-0.025321
08:10:34.400,-0.574784
08:10:34.500,-0.071808
08:10:34.600,-0.887035
08:10:34.700,-0.883573
08:10:34.800,-0.71047
08:10:34.900,-0.325002
08:10:35.000,-1.109553
08:10:35.100,-0.379362
08:10:35.200,-0.684901
08:10:35.300,-0.775511
08:10:35.400,-0.18208
08:10:35.500,-0.77591
08:10:35.600,0.388537
08:10:35.700,-0.379618
08:10:35.800,-0.163867
08:10:35.900,0.430513
08:10:36.000,0.061575
08:10:36.100,0.525608
08:10:36.200,-0.467294
08:10:36.300,0.162884
08:10:36.400,0.550306
08:10:36.500,0.873472
08:10:36.600,0.835706
08:10:36.700,0.860316
08:10:36.800,1.03711
08:10:36.900,0.857639
08:10:37.000,-0.050114
08:10:37.100,1.196153
08:10:37.200,0.372557
08:10:37.300,0.733473
08:10:37.400,0.629664
08:10:37.500,0.511539
08:10:37.600,0.024335
08:10:37.700,-0.360749
08:10:37.800,-0.134521
08:10:37.900,0.398688
08:10:38.000,-0.506318
08:10:38.100,-0.417602
08:10:38.200,-0.069996
08:10:38.300,-0.677392
08:10:38.400,-0.601517
08:10:38.500,-0.466337
08:10:38.600,-0.467387
08:10:38.700,-0.990234
08:10:38.800,-0.61641
08:10:38.900,-0.551783
08:10:39.000,-1.14562
08:10:39.100,-0.616187
08:10:39.200,-0.916544
08:10:39.300,-0.580334
08:10:39.400,-0.313234
08:10:39.500,-0.556665
08:10:39.600,-0.091754
08:10:39.700,-0.041008
08:10:39.800,0.101429
08:10:39.900,0.031584
08:10:40.000,0.385268
08:10:40.100,0.244287
08:10:40.200,-0.367229
08:10:40.300,0.040569
08:10:40.400,0.33751
08:10:40.500,0.464447
08:10:40.600,0.69152
08:10:40.700,0.341271
08:10:40.800,1.368788
08:10:40.900,0.655521
08:10:41.000,0.697309
08:10:41.100,0.45662
08:10:41.200,0.314558
08:10:41.300,0.579498
08:10:41.400,0.575955
08:10:41.500,0.464558
08:10:41.600,0.990754
08:10:41.700,0.273585
08:10:41.800,0.186237
08:10:41.900,0.394858
08:10:42.000,-0.059873
08:10:42.100,0.079265
08:10:42.200,-0.663978
08:10:42.300,-0.762694
08:10:42.400,-0.368729
08:10:42.500,-0.576041
08:10:42.600,-0.849471
08:10:42.700,-0.581056
08:10:42.800,-0.592555
08:10:42.900,-0.939846
08:10:43.000,-0.881579
08:10:43.100,-0.615566
08:10:43.200,-1.023117
08:10:43.300,-0.835116
08:10:43.400,-0.379435
08:10:43.500,-0.503317
08:10:43.600,-0.578471
08:10:43.700,-0.633868
08:10:43.800,-0.570936
08:10:43.900,-0.155619
08:10:44.000,0.709034
08:10:44.100,0.307529
08:10:44.200,-0.250191
08:10:44.300,0.565319
08:10:44.400,0.145839
08:10:44.500,0.493275
08:10:44.600,0.360211
08:10:44.700,1.331669
08:10:44.800,0.268802
08:10:44.900,0.801146
08:10:45.000,0.460137
08:10:45.100,0.949972
08:10:45.200,0.768448
08:10:45.300,1.062798
08:10:45.400,0.817653
08:10:45.500,0.252238
08:10:45.600,1.432121
08:10:45.700,0.512192
08:10:45.800,0.02358
08:10:45.900,0.181443
08:10:46.000,0.220792
08:10:46.100,0.097974
08:10:46.200,-0.042702
08:10:46.300,0.020475
08:10:46.400,-0.10759
08:10:46.500,-0.791623
08:10:46.600,0.171507
08:10:46.700,0.065406
08:10:46.800,-0.385402
08:10:46.900,-0.677838
08:10:47.000,-0.68044
08:10:47.100,-0.804699
08:10:47.200,-0.733774
08:10:47.300,-1.389079
08:10:47.400,-0.03072
08:10:47.500,-0.082866
08:10:47.600,-0.99829
08:10:47.700,-0.006298
08:10:47.800,-0.219012
08:10:47.900,-0.17917
08:10:48.000,0.172495
08:10:48.100,-0.500471
08:10:48.200,0.212375
08:10:48.300,0.345612
08:10:48.400,0.439607
08:10:48.500,0.016353
08:10:48.600,0.722732
08:10:48.700,0.99464
08:10:48.800,0.808306
08:10:48.900,0.611166
08:10:49.000,1.641164
08:10:49.100,0.367781
08:10:49.200,0.936448
08:10:49.300,0.70885
08:10:49.400,1.270621
08:10:49.500,0.630337
08:10:49.600,0.621854
08:10:49.700,0.494794
08:10:49.800,-0.154101
08:10:49.900,-0.194604
08:10:50.000,-0.096484
08:10:50.100,0.22558
08:10:50.200,-0.134728
08:10:50.300,-0.390151
08:10:50.400,0.06882
08:10:50.500,-1.188825
08:10:50.600,-1.019849
08:10:50.700,-1.497514
08:10:50.800,-0.242831
08:10:50.900,-0.725236
08:10:51.000,-0.361798
08:10:51.100,-0.729622
08:10:51.200,-0.307625
08:10:51.300,-0.668068
08:10:51.400,-0.422843
08:10:51.500,-0.402745
08:10:51.600,-0.293252
08:10:51.700,0.271865
08:10:51.800,-0.78486
08:10:51.900,-0.133438
08:10:52.000,0.069296
08:10:52.100,0.126405
08:10:52.200,0.077052
08:10:52.300,0.130643
08:10:52.400,0.946955
08:10:52.500,0.470222
08:10:52.600,1.419593
08:10:52.700,0.808601
08:10:52.800,0.56436
08:10:52.900,0.884819
08:10:53.000,0.738127
08:10:53.100,1.161082
08:10:53.200,0.257037
08:10:53.300,-0.006711
08:10:53.400,0.692655
08:10:53.500,0.787468
08:10:53.600,0.511517
08:10:53.700,0.55316
08:10:53.800,0.400215
08:10:53.900,-0.408636
08:10:54.000,0.098434
08:10:54.100,0.351369
08:10:54.200,-0.156193
08:10:54.300,-0.776279
08:10:54.400,-0.5283
08:10:54.500,-0.30011
08:10:54.600,0.062159
08:10:54.700,-1.308426
08:10:54.800,-0.539308
08:10:54.900,-1.017654
08:10:55.000,-0.522296
08:10:55.100,-0.485641
08:10:55.200,-0.747341
08:10:55.300,-0.402645
08:10:55.400,-0.167348
08:10:55.500,-0.552575
08:10:55.600,-0.879456
08:10:55.700,0.181157
08:10:55.800,0.073731
08:10:55.900,0.087811
08:10:56.000,-0.241838
08:10:56.100,0.454407
08:10:56.200,0.931161
08:10:56.300,0.275335
08:10:56.400,0.444522
08:10:56.500,0.122158
08:10:56.600,0.314472
08:10:56.700,0.247605
08:10:56.800,0.711527
08:10:56.900,0.572109
08:10:57.000,0.83048
08:10:57.100,0.379217
08:10:57.200,0.607095
08:10:57.300,0.289967
08:10:57.400,0.631962
08:10:57.500,-0.076339
08:10:57.600,0.464502
08:10:57.700,0.220238
08:10:57.800,0.279649
08:10:57.900,-0.468789
08:10:58.000,0.22915
08:10:58.100,-0.214064
08:10:58.200,-0.140322
08:10:58.300,-0.972319
08:10:58.400,-0.846406
08:10:58.500,-0.631529
08:10:58.600,-0.084887
08:10:58.700,-0.43916
08:10:58.800,-0.620283
08:10:58.900,-1.01489
08:10:59.000,-1.087193
08:10:59.100,-0.594553
08:10:59.200,-0.420498
08:10:59.300,-0.550564
08:10:59.400,0.032033
08:10:59.500,-0.733836
08:10:59.600,-0.34867
08:10:59.700,-0.910405
08:10:59.800,-0.142446
08:10:59.900,0.404776
08:11:00.000,-0.364528
08:11:00.100,0.40425
08:11:00.200,0.720676
08:11:00.300,0.076394
08:11:00.400,0.574879
08:11:00.500,1.047846
08:11:00.600,0.646978
08:11:00.700,0.899055
08:11:00.800,0.044857
08:11:00.900,0.90038
08:11:01.000,0.881033
08:11:01.100,0.227208
08:11:01.200,0.328225
08:11:01.300,0.835105
08:11:01.400,0.460363
08:11:01.500,0.884153
08:11:01.600,0.520204
08:11:01.700,0.337553
08:11:01.800,0.156655
08:11:01.900,0.211943
08:11:02.000,0.281026
08:11:02.100,0.077344
08:11:02.200,-0.364365
08:11:02.300,0.11601
08:11:02.400,-0.181257
08:11:02.500,-0.360143
08:11:02.600,-0.534218
08:11:02.700,-0.448687
08:11:02.800,-1.306827
08:11:02.900,-0.606924
08:11:03.000,-0.125936
08:11:03.100,-0.614386
08:11:03.200,-0.636522
08:11:03.300,-0.832264
08:11:03.400,-0.393857
08:11:03.500,-0.563251
08:11:03.600,0.046805
08:11:03.700,-0.62006
08:11:03.800,-0.374619
08:11:03.900,-0.319811
08:11:04.000,0.642103
08:11:04.100,0.043086
08:11:04.200,0.024485
08:11:04.300,-0.413915
08:11:04.400,0.092469
08:11:04.500,0.679734
08:11:04.600,0.749668
08:11:04.700,0.395783
08:11:04.800,0.45726
08:11:04.900,1.342337
08:11:05.000,1.643733
08:11:05.100,1.093802
08:11:05.200,1.211488
08:11:05.300,1.243703
08:11:05.400,1.341412
08:11:05.500,0.3893
08:11:05.600,0.104056
08:11:05.700,0.959515
08:11:05.800,-0.121191
08:11:05.900,-0.250505
08:11:06.000,-0.351972
08:11:06.100,-0.155493
08:11:06.200,-0.910843
08:11:06.300,-0.819382
08:11:06.400,-0.629268
08:11:06.500,-0.913549
08:11:06.600,-0.194468
08:11:06.700,-0.621378
08:11:06.800,-0.463782
08:11:06.900,-0.527746
08:11:07.000,-0.772371
08:11:07.100,-0.345536
08:11:07.200,-0.507488
08:11:07.300,-0.735145
08:11:07.400,-1.15568
08:11:07.500,-0.312744
08:11:07.600,-0.852906
08:11:07.700,-0.184694
08:11:07.800,-0.188701
08:11:07.900,-0.585633
08:11:08.000,0.090439
08:11:08.100,0.176466
08:11:08.200,0.284544
08:11:08.300,0.369242
08:11:08.400,0.183114
08:11:08.500,0.702038
08:11:08.600,0.325632
08:11:08.700,0.247598
08:11:08.800,0.901861
08:11:08.900,1.019133
08:11:09.000,0.912169
08:11:09.100,0.618864
08:11:09.200,-0.013073
08:11:09.300,1.142296
08:11:09.400,-0.117972
08:11:09.500,0.700096
08:11:09.600,1.150033
08:11:09.700,0.370107
08:11:09.800,0.318243
08:11:09.900,0.242266
08:11:10.000,0.069359
08:11:10.100,0.713211
08:11:10.200,-0.51142
08:11:10.300,-0.656848
08:11:10.400,-0.526075
08:11:10.500,0.114316
08:11:10.600,-0.768219
08:11:10.700,-0.4731
08:11:10.800,-0.290887
08:11:10.900,-0.418738
08:11:11.000,-0.343674
08:11:11.100,-0.195087
08:11:11.200,-0.557858
08:11:11.300,-0.783672
08:11:11.400,-0.514785
08:11:11.500,-0.613643
08:11:11.600,0.471094
08:11:11.700,-0.504223
08:11:11.800,-0.047213
08:11:11.900,-0.634807
08:11:12.000,0.046486
08:11:12.100,0.009018
08:11:12.200,0.452802
08:11:12.300,0.563407
08:11:12.400,0.907399
08:11:12.500,0.963124
08:11:12.600,0.543105
08:11:12.700,0.293169
08:11:12.800,0.376252
08:11:12.900,0.79734
08:11:13.000,0.755225
08:11:13.100,0.781656
08:11:13.200,0.478451
08:11:13.300,1.126738
08:11:13.400,0.050873
08:11:13.500,0.288312
08:11:13.600,0.034462
08:11:13.700,0.244653
08:11:13.800,0.65261
08:11:13.900,0.00879
08:11:14.000,0.035517
08:11:14.100,0.122981
08:11:14.200,-0.333673
08:11:14.300,-0.183874
08:11:14.400,-0.323685
08:11:14.500,-0.890758
08:11:14.600,-0.728822
08:11:14.700,-0.4996
08:11:14.800,-0.216972
08:11:14.900,-0.242941
08:11:15.000,0.03342
08:11:15.100,-0.521472
08:11:15.200,-0.8104
08:11:15.300,-0.646088
08:11:15.400,-0.60613
08:11:15.500,-0.637733
08:11:15.600,-0.277415
08:11:15.700,-0.167472
08:11:15.800,-0.627127
08:11:15.900,0.271355
08:11:16.000,-0.642881
08:11:16.100,0.031635
08:11:16.200,0.618572
08:11:16.300,0.53038
08:11:16.400,0.286509
08:11:16.500,1.184063
08:11:16.600,0.412286
08:11:16.700,-0.076978
08:11:16.800,0.824198
08:11:16.900,0.068902
08:11:17.000,0.408993
08:11:17.100,0.909344
08:11:17.200,0.504439
08:11:17.300,0.826918
08:11:17.400,0.160977
08:11:17.500,0.795443
08:11:17.600,-0.180382
08:11:17.700,0.779314
08:11:17.800,0.049937
08:11:17.900,0.64541
08:11:18.000,-0.294179
08:11:18.100,0.564164
08:11:18.200,-0.551493
08:11:18.300,-0.945675
08:11:18.400,-0.396364
08:11:18.500,-0.063079
08:11:18.600,-0.289536
08:11:18.700,-0.216665
08:11:18.800,-0.382057
08:11:18.900,-0.978476
08:11:19.000,-0.431754
08:11:19.100,-0.65889
08:11:19.200,-0.914146
08:11:19.300,-0.560931
08:11:19.400,-0.586026
08:11:19.500,0.000623
08:11:19.600,-0.591657
08:11:19.700,-0.51436
08:11:19.800,-0.460835
08:11:19.900,0.554393
08:11:20.000,-0.22494
08:11:20.100,0.563398
08:11:20.200,-0.144674
08:11:20.300,0.495112
08:11:20.400,0.503328
08:11:20.500,0.926654
08:11:20.600,0.947244
08:11:20.700,0.652366
08:11:20.800,0.477763
08:11:20.900,1.260118
08:11:21.000,0.477068
08:11:21.100,-0.102321
08:11:21.200,0.015242
08:11:21.300,0.058433
08:11:21.400,0.774805
08:11:21.500,1.270038
08:11:21.600,-0.302537
08:11:21.700,0.043899
08:11:21.800,0.247471
08:11:21.900,0.650432
08:11:22.000,-0.275778
08:11:22.100,0.097276
08:11:22.200,-0.303843
08:11:22.300,0.594713
08:11:22.400,-0.360861
08:11:22.500,-0.370484
08:11:22.600,-0.536822
08:11:22.700,-0.768845
08:11:22.800,-0.333285
08:11:22.900,-1.097041
08:11:23.000,-1.400687
08:11:23.100,-0.74395
08:11:23.200,-0.380292
08:11:23.300,-0.826976
08:11:23.400,-0.50104
08:11:23.500,-0.922218
08:11:23.600,-0.039518
08:11:23.700,-0.089625
08:11:23.800,-0.209407
08:11:23.900,-0.050449
08:11:24.000,-0.487751
08:11:24.100,-0.362609
08:11:24.200,0.173615
08:11:24.300,0.497601
08:11:24.400,0.608982
08:11:24.500,0.367948
08:11:24.600,0.827194
08:11:24.700,1.120982
08:11:24.800,0.634706
08:11:24.900,0.799764
08:11:25.000,0.627251
08:11:25.100,0.647175
08:11:25.200,0.725087
08:11:25.300,1.219847
08:11:25.400,0.886659
08:11:25.500,0.783789
08:11:25.600,0.25264
08:11:25.700,0.003432
08:11:25.800,0.352649
08:11:25.900,0.544815
08:11:26.000,0.603192
08:11:26.100,-0.967927
08:11:26.200,0.639924
08:11:26.300,-0.171848
08:11:26.400,-0.093324
08:11:26.500,-1.103955
08:11:26.600,-0.649229
08:11:26.700,-0.335708
08:11:26.800,-1.076901
08:11:26.900,-1.702291
08:11:27.000,-0.582573
08:11:27.100,-0.708806
08:11:27.200,-0.161272
08:11:27.300,-0.679676
08:11:27.400,-0.596663
08:11:27.500,-0.250788
08:11:27.600,-0.049718
08:11:27.700,-0.565855
08:11:27.800,0.114263
08:11:27.900,-0.292111
08:11:28.000,0.005783
08:11:28.100,0.344274
08:11:28.200,0.51211
08:11:28.300,0.429204
08:11:28.400,0.033255
08:11:28.500,-0.159614
08:11:28.600,0.500527
08:11:28.700,0.963654
08:11:28.800,0.823134
08:11:28.900,0.776093
08:11:29.000,0.697541
08:11:29.100,0.799567
08:11:29.200,0.317808
08:11:29.300,0.896775
08:11:29.400,0.862519
08:11:29.500,0.370632
08:11:29.600,0.564402
08:11:29.700,-0.282999
08:11:29.800,0.279329
08:11:29.900,0.06291
08:11:30.000,0.440732
08:11:30.100,-0.179029
08:11:30.200,0.087721
08:11:30.300,-0.454704
08:11:30.400,-1.211585
08:11:30.500,-0.573912
08:11:30.600,-0.497447
08:11:30.700,-0.570911
08:11:30.800,-0.607657
08:11:30.900,-0.868641
08:11:31.000,-0.813305
08:11:31.100,-1.085602
08:11:31.200,-1.364552
08:11:31.300,-0.660965
08:11:31.400,-0.827133
08:11:31.500,-0.117032
08:11:31.600,-1.175144
08:11:31.700,-0.215937
08:11:31.800,0.526209
08:11:31.900,-0.1735
08:11:32.000,-0.000962
08:11:32.100,0.258725
08:11:32.200,0.392894
08:11:32.300,0.174816
08:11:32.400,0.058546
08:11:32.500,0.723427
08:11:32.600,-0.10151
08:11:32.700,0.914984
08:11:32.800,0.52861
08:11:32.900,0.692462
08:11:33.000,0.516037
08:11:33.100,1.192191
08:11:33.200,0.752893
08:11:33.300,0.511096
08:11:33.400,0.443846
08:11:33.500,0.44312
08:11:33.600,1.250379
08:11:33.700,-0.143188
08:11:33.800,0.595321
08:11:33.900,0.308341
08:11:34.000,0.538934
08:11:34.100,0.110669
08:11:34.200,-0.215135
08:11:34.300,0.039216
08:11:34.400,-0.331031
08:11:34.500,-0.23074
08:11:34.600,-0.066435
08:11:34.700,-0.591323
08:11:34.800,-0.814274
08:11:34.900,-0.916716
08:11:35.000,-0.542311
08:11:35.100,-0.998741
08:11:35.200,-0.788171
08:11:35.300,-0.962354
08:11:35.400,-0.388393
08:11:35.500,-0.758229
08:11:35.600,-0.861806
08:11:35.700,-0.706565
08:11:35.800,-0.416193
08:11:35.900,-0.277609
08:11:36.000,0.088008
08:11:36.100,0.052936
08:11:36.200,0.345921
08:11:36.300,0.475508
08:11:36.400,0.670625
08:11:36.500,-0.172764
08:11:36.600,0.171784
08:11:36.700,0.817915
08:11:36.800,0.739734
08:11:36.900,1.033308
08:11:37.000,0.159594
08:11:37.100,0.525078
08:11:37.200,0.562007
08:11:37.300,0.682002
08:11:37.400,0.578869
08:11:37.500,0.659152
08:11:37.600,0.371321
08:11:37.700,0.798111
08:11:37.800,0.808235
08:11:37.900,-0.28176
08:11:38.000,0.015789
08:11:38.100,0.169794
08:11:38.200,-0.011447
08:11:38.300,-0.460539
08:11:38.400,-0.322247
08:11:38.500,-1.049185
08:11:38.600,-0.573012
08:11:38.700,-1.134811
08:11:38.800,-0.487947
08:11:38.900,-1.081967
08:11:39.000,-0.642938
08:11:39.100,-0.579663
08:11:39.200,-0.639187
08:11:39.300,-0.844888
08:11:39.400,-0.639941
08:11:39.500,-0.0816
08:11:39.600,-0.560063
08:11:39.700,-0.310293
08:11:39.800,-0.411188
08:11:39.900,0.247645
08:11:40.000,0.027241
08:11:40.100,-0.157887
08:11:40.200,0.218806
08:11:40.300,0.233432
08:11:40.400,0.898853
08:11:40.500,0.479334
08:11:40.600,0.08235
08:11:40.700,0.798226
08:11:40.800,1.29087
08:11:40.900,1.110308
08:11:41.000,0.313973
08:11:41.100,0.597327
08:11:41.200,0.655
08:11:41.300,0.617212
08:11:41.400,0.699649
08:11:41.500,0.374539
08:11:41.600,0.090981
08:11:41.700,0.650923
08:11:41.800,-0.176936
08:11:41.900,-0.171237
08:11:42.000,-0.395423
08:11:42.100,0.10477
08:11:42.200,-0.179047
08:11:42.300,-0.008567
08:11:42.400,-0.686267
08:11:42.500,-0.933529
08:11:42.600,-0.721677
08:11:42.700,-0.687579
08:11:42.800,-0.592556
08:11:42.900,-1.280219
08:11:43.000,-0.532444
08:11:43.100,-1.004365
08:11:43.200,-0.892335
08:11:43.300,-0.212906
08:11:43.400,-1.330431
08:11:43.500,-0.382099
08:11:43.600,-0.299895
08:11:43.700,-0.604368
08:11:43.800,-0.372763
08:11:43.900,0.317862
08:11:44.000,0.687023
08:11:44.100,0.482158
08:11:44.200,0.876367
08:11:44.300,0.075827
08:11:44.400,-0.14158
08:11:44.500,0.476557
08:11:44.600,0.848012
08:11:44.700,-0.025458
08:11:44.800,0.34148
08:11:44.900,0.405994
08:11:45.000,0.824797
08:11:45.100,0.771049
08:11:45.200,0.394433
08:11:45.300,0.686638
08:11:45.400,0.16563
08:11:45.500,0.345726
08:11:45.600,-0.031227
08:11:45.700,0.26521
08:11:45.800,-0.063859
08:11:45.900,0.351135
08:11:46.000,-0.009165
08:11:46.100,-0.188864
08:11:46.200,0.402532
08:11:46.300,-0.183642
08:11:46.400,-0.540304
08:11:46.500,-0.699282
08:11:46.600,-0.979722
08:11:46.700,-0.646764
08:11:46.800,-0.558075
08:11:46.900,-1.361413
08:11:47.000,-1.177394
08:11:47.100,-0.872018
08:11:47.200,-1.050103
08:11:47.300,-0.608564
08:11:47.400,-0.502559
08:11:47.500,-0.537782
08:11:47.600,-0.218889
08:11:47.700,-0.522513
08:11:47.800,-0.232379
08:11:47.900,-0.460664
08:11:48.000,0.099617
08:11:48.100,0.136072
08:11:48.200,-0.203175
08:11:48.300,0.263523
08:11:48.400,0.398212
08:11:48.500,0.593329
08:11:48.600,0.677653
08:11:48.700,0.371289
08:11:48.800,0.933015
08:11:48.900,0.874451
08:11:49.000,0.446397
08:11:49.100,0.291438
08:11:49.200,0.438886
08:11:49.300,0.108628
08:11:49.400,0.639114
08:11:49.500,0.909221
08:11:49.600,0.908991
08:11:49.700,-0.063476
08:11:49.800,0.491693
08:11:49.900,0.139079
08:11:50.000,-0.838579
08:11:50.100,-0.225843
08:11:50.200,-0.371601
08:11:50.300,0.105993
08:11:50.400,-0.716284
08:11:50.500,-0.297902
08:11:50.600,-0.603793
08:11:50.700,-1.129738
08:11:50.800,-0.859004
08:11:50.900,-0.155311
08:11:51.000,-0.76068
08:11:51.100,-0.374328
08:11:51.200,-0.367871
08:11:51.300,-0.780597
08:11:51.400,-1.01551
08:11:51.500,-0.898111
08:11:51.600,0.096634
08:11:51.700,-0.264685
08:11:51.800,-0.823149
08:11:51.900,0.182382
08:11:52.000,-0.625398
08:11:52.100,-0.179639
08:11:52.200,0.244765
08:11:52.300,1.19994
08:11:52.400,0.69705
08:11:52.500,0.326138
08:11:52.600,0.576222
08:11:52.700,0.945603
08:11:52.800,1.163392
08:11:52.900,0.604708
08:11:53.000,0.623484
08:11:53.100,0.400865
08:11:53.200,0.898545
08:11:53.300,0.982795
08:11:53.400,-0.112228
08:11:53.500,0.356093
08:11:53.600,-0.013256
08:11:53.700,0.370611
08:11:53.800,-0.216969
08:11:53.900,-0.352545
08:11:54.000,0.393232
08:11:54.100,-0.167462
08:11:54.200,-0.237279
08:11:54.300,-0.166704
08:11:54.400,-0.071663
08:11:54.500,-0.641482
08:11:54.600,-0.705022
08:11:54.700,-0.760928
08:11:54.800,-0.287211
08:11:54.900,-0.715229
08:11:55.000,-0.801884
08:11:55.100,-0.554568
08:11:55.200,-0.024801
08:11:55.300,-0.597705
08:11:55.400,-0.660618
08:11:55.500,0.185075
08:11:55.600,0.053981
08:11:55.700,0.096895
08:11:55.800,-0.391552
08:11:55.900,-0.319444
08:11:56.000,-0.641954
08:11:56.100,0.447225
08:11:56.200,0.243261
08:11:56.300,-0.312517
08:11:56.400,0.832096
08:11:56.500,0.376902
08:11:56.600,0.491384
08:11:56.700,0.094165
08:11:56.800,0.838009
08:11:56.900,0.867001
08:11:57.000,0.683204
08:11:57.100,0.544999
08:11:57.200,1.585003
08:11:57.300,0.202526
08:11:57.400,0.313809
08:11:57.500,0.742865
08:11:57.600,0.056396
08:11:57.700,-0.063079
08:11:57.800,0.612343
08:11:57.900,0.321321
08:11:58.000,0.169448
08:11:58.100,-0.045865
08:11:58.200,-0.458566
08:11:58.300,-0.406228
08:11:58.400,-0.439126
08:11:58.500,-0.198799
08:11:58.600,-0.417262
08:11:58.700,-0.94845
08:11:58.800,-0.3894
08:11:58.900,-1.278859
08:11:59.000,-0.812148
08:11:59.100,-1.091099
08:11:59.200,-0.965726
08:11:59.300,0.050601
08:11:59.400,-1.081048
08:11:59.500,-0.781693
08:11:59.600,-0.232809
08:11:59.700,-0.482294
08:11:59.800,-0.161867
08:11:59.900,0.390838
08:12:00.000,0.22912
08:12:00.100,-0.054535
08:12:00.200,0.16951
08:12:00.300,0.503505
08:12:00.400,0.633696
08:12:00.500,0.502238
08:12:00.600,0.692525
08:12:00.700,0.750258
08:12:00.800,0.63346
08:12:00.900,0.479549
08:12:01.000,0.959908
08:12:01.100,0.79351
08:12:01.200,-0.062603
08:12:01.300,0.334662
08:12:01.400,0.398077
08:12:01.500,0.424579
08:12:01.600,0.83283
08:12:01.700,1.438607
08:12:01.800,-0.644275
08:12:01.900,0.216046
08:12:02.000,0.024355
08:12:02.100,-0.172676
08:12:02.200,-0.026283
08:12:02.300,-0.265367
08:12:02.400,-0.537952
08:12:02.500,-0.48474
08:12:02.600,-0.371514
08:12:02.700,-0.46219
08:12:02.800,-0.599718
08:12:02.900,-0.895589
08:12:03.000,0.2867
08:12:03.100,-0.565552
08:12:03.200,-0.398877
08:12:03.300,-0.801435
08:12:03.400,-0.499961
08:12:03.500,-0.431412
08:12:03.600,-1.080632
08:12:03.700,-0.568625
08:12:03.800,-0.473612
08:12:03.900,-0.319664
08:12:04.000,-0.374444
08:12:04.100,0.124854
08:12:04.200,0.705387
08:12:04.300,0.363464
08:12:04.400,-0.001995
08:12:04.500,0.134158
08:12:04.600,0.434344
08:12:04.700,0.128242
08:12:04.800,0.7723
08:12:04.900,1.164966
08:12:05.000,0.498434
08:12:05.100,0.718029
08:12:05.200,0.515603
08:12:05.300,0.403335
08:12:05.400,0.632664
08:12:05.500,0.262818
08:12:05.600,0.12851
08:12:05.700,-0.248959
08:12:05.800,0.238918
08:12:05.900,0.482957
08:12:06.000,0.247558
08:12:06.100,0.412694
08:12:06.200,-0.452392
08:12:06.300,-0.02001
08:12:06.400,-0.797371
08:12:06.500,-0.246734
08:12:06.600,0.009154
08:12:06.700,-0.449271
08:12:06.800,-0.084105
08:12:06.900,-0.900938
08:12:07.000,-0.746981
08:12:07.100,-1.011871
08:12:07.200,-0.653563
08:12:07.300,-0.529319
08:12:07.400,-0.5572
08:12:07.500,-0.660923
08:12:07.600,-0.5832
08:12:07.700,-0.196984
08:12:07.800,-0.272062
08:12:07.900,-0.512635
08:12:08.000,-0.66405
08:12:08.100,-0.098917
08:12:08.200,-0.267482
08:12:08.300,0.025344
08:12:08.400,0.263293
08:12:08.500,0.44384
08:12:08.600,0.33321
08:12:08.700,1.390625
08:12:08.800,0.224353
08:12:08.900,1.114606
08:12:09.000,0.643101
08:12:09.100,0.461248
08:12:09.200,0.871391
08:12:09.300,0.465197
08:12:09.400,0.283874
08:12:09.500,1.121408
08:12:09.600,-0.356611
08:12:09.700,0.232088
08:12:09.800,0.282837
08:12:09.900,0.602312
08:12:10.000,-0.139451
08:12:10.100,0.821851
08:12:10.200,0.04938
08:12:10.300,-1.146346
08:12:10.400,-0.920239
08:12:10.500,-0.412048
08:12:10.600,-0.966665
08:12:10.700,-0.431963
08:12:10.800,-0.824545
08:12:10.900,-1.109991
08:12:11.000,-1.037606
08:12:11.100,-0.393212
08:12:11.200,-1.373773
08:12:11.300,-0.257858
08:12:11.400,-0.190224
08:12:11.500,-0.610967
08:12:11.600,-0.903005
08:12:11.700,-0.123241
08:12:11.800,-0.386538
08:12:11.900,-0.639795
08:12:12.000,0.668199
08:12:12.100,-0.200041
08:12:12.200,-0.298941
08:12:12.300,0.417561
08:12:12.400,0.387703
08:12:12.500,1.015141
08:12:12.600,0.43313
08:12:12.700,0.49422
08:12:12.800,0.783069
08:12:12.900,0.761213
08:12:13.000,0.780513
08:12:13.100,0.786565
08:12:13.200,0.723355
08:12:13.300,0.477936
08:12:13.400,0.857749
08:12:13.500,0.369011
08:12:13.600,0.692972
08:12:13.700,0.80351
08:12:13.800,-0.020827
08:12:13.900,0.951073
08:12:14.000,-0.249415
08:12:14.100,-0.35639
08:12:14.200,-0.027315
08:12:14.300,-0.163247
08:12:14.400,-0.386314
08:12:14.500,-0.208587
08:12:14.600,-0.477891
08:12:14.700,0.099305
08:12:14.800,-0.684368
08:12:14.900,-0.990455
08:12:15.000,-0.893098
08:12:15.100,-0.526418
08:12:15.200,-0.495656
08:12:15.300,-0.551438
08:12:15.400,-0.863638
08:12:15.500,-0.106948
08:12:15.600,0.266497
08:12:15.700,-0.307564
08:12:15.800,0.4174
08:12:15.900,0.193685
08:12:16.000,0.776541
08:12:16.100,0.27493
08:12:16.200,0.264123
08:12:16.300,0.612634
08:12:16.400,0.259695
08:12:16.500,0.637466
08:12:16.600,1.032063
08:12:16.700,0.910533
08:12:16.800,0.654904
08:12:16.900,0.761527
08:12:17.000,0.965187
08:12:17.100,0.944938
08:12:17.200,0.928262
08:12:17.300,0.742508
08:12:17.400,0.277721
08:12:17.500,0.262171
08:12:17.600,0.572858
08:12:17.700,0.608804
08:12:17.800,0.46199
08:12:17.900,-0.126822
08:12:18.000,-0.052909
08:12:18.100,-0.520502
08:12:18.200,-0.703312
08:12:18.300,-0.289276
08:12:18.400,0.063905
08:12:18.500,-0.460043
08:12:18.600,0.101536
08:12:18.700,-0.681141
08:12:18.800,-0.654814
08:12:18.900,-1.038234
08:12:19.000,-0.821535
08:12:19.100,-1.10786
08:12:19.200,-1.206608
08:12:19.300,-1.034231
08:12:19.400,-0.536466
08:12:19.500,-0.752822
08:12:19.600,-0.586405
08:12:19.700,-0.174339
08:12:19.800,-0.758391
08:12:19.900,-0.081142
08:12:20.000,0.296826
08:12:20.100,0.4366
08:12:20.200,0.39711
08:12:20.300,0.29953
08:12:20.400,0.193141
08:12:20.500,0.466149
08:12:20.600,1.145024
08:12:20.700,0.719278
08:12:20.800,0.628331
08:12:20.900,0.888674
08:12:21.000,0.717403
08:12:21.100,0.770409
08:12:21.200,0.579389
08:12:21.300,0.478476
08:12:21.400,0.914912
08:12:21.500,-0.187648
08:12:21.600,0.57896
08:12:21.700,0.15093
08:12:21.800,-0.450512
08:12:21.900,-0.231609
08:12:22.000,-0.012616
08:12:22.100,-0.073986
08:12:22.200,0.04269
08:12:22.300,-0.034987
08:12:22.400,-0.9528
08:12:22.500,-0.362848
08:12:22.600,-0.311322
08:12:22.700,-0.547082
08:12:22.800,-0.489885
08:12:22.900,-1.367764
08:12:23.000,-1.046575
08:12:23.100,-0.213265
08:12:23.200,-0.763637
08:12:23.300,0.154382
08:12:23.400,-1.01376
08:12:23.500,0.052346
08:12:23.600,-0.625197
08:12:23.700,-0.015941
08:12:23.800,-0.319696
08:12:23.900,-0.069017
08:12:24.000,0.20844
08:12:24.100,-0.10517
08:12:24.200,0.496699
08:12:24.300,0.224738
08:12:24.400,0.473767
08:12:24.500,-0.430835
08:12:24.600,0.448245
08:12:24.700,1.065944
08:12:24.800,0.908877
08:12:24.900,1.001673
08:12:25.000,0.718661
08:12:25.100,1.278078
08:12:25.200,0.766693
08:12:25.300,0.39267
08:12:25.400,0.865611
08:12:25.500,0.817884
08:12:25.600,0.631807
08:12:25.700,0.176766
08:12:25.800,0.314827
08:12:25.900,0.597168
08:12:26.000,0.167142
08:12:26.100,-0.626721
08:12:26.200,-0.436379
08:12:26.300,-0.554136
08:12:26.400,-0.675463
08:12:26.500,-1.233924
08:12:26.600,0.09539
08:12:26.700,-0.930405
08:12:26.800,-0.947121
08:12:26.900,-1.37098
08:12:27.000,-0.39675
08:12:27.100,-0.723185
08:12:27.200,-0.788559
08:12:27.300,-0.728005
08:12:27.400,-0.36058
08:12:27.500,-0.662982
08:12:27.600,-1.107565
08:12:27.700,-0.769831
08:12:27.800,-0.686527
08:12:27.900,-0.013143
08:12:28.000,0.325507
08:12:28.100,0.622536
08:12:28.200,-0.355901
08:12:28.300,0.534888
08:12:28.400,0.196175
08:12:28.500,1.518185
08:12:28.600,1.050556
08:12:28.700,1.219368
08:12:28.800,0.946593
08:12:28.900,0.825043
08:12:29.000,0.559096
08:12:29.100,0.48162
08:12:29.200,0.385703
08:12:29.300,0.839856
08:12:29.400,1.112453
08:12:29.500,0.370092
08:12:29.600,0.158628
08:12:29.700,-0.201433
08:12:29.800,0.301954
08:12:29.900,0.539748
08:12:30.000,0.447765
08:12:30.100,0.372949
08:12:30.200,-0.07092
08:12:30.300,-0.286227
08:12:30.400,0.037339
08:12:30.500,-0.883496
08:12:30.600,-0.720608
08:12:30.700,-0.024908
08:12:30.800,-1.041851
08:12:30.900,-0.703442
08:12:31.000,-0.479034
08:12:31.100,-0.662437
08:12:31.200,-0.263443
08:12:31.300,-0.089717
08:12:31.400,-0.398429
08:12:31.500,-0.008453
08:12:31.600,-0.736486
08:12:31.700,-0.372932
08:12:31.800,0.625505
08:12:31.900,0.570522
08:12:32.000,-0.446929
08:12:32.100,0.105037
08:12:32.200,0.263938
08:12:32.300,0.463577
08:12:32.400,0.857365
08:12:32.500,1.13868
08:12:32.600,0.579408
08:12:32.700,1.0164
08:12:32.800,0.892608
08:12:32.900,0.683986
08:12:33.000,0.105645
08:12:33.100,1.047848
08:12:33.200,0.877557
08:12:33.300,0.760061
08:12:33.400,0.222869
08:12:33.500,1.180673
08:12:33.600,0.464815
08:12:33.700,-0.081688
08:12:33.800,-0.2395
08:12:33.900,0.346619
08:12:34.000,0.247537
08:12:34.100,-0.271558
08:12:34.200,-0.054393
08:12:34.300,-0.084131
08:12:34.400,-0.362476
08:12:34.500,-0.740444
08:12:34.600,-0.229837
08:12:34.700,-0.330534
08:12:34.800,-0.467052
08:12:34.900,-0.983188
08:12:35.000,-1.165861
08:12:35.100,-0.664598
08:12:35.200,-0.34039
08:12:35.300,-0.259574
08:12:35.400,-0.361778
08:12:35.500,-0.652634
08:12:35.600,-0.692922
08:12:35.700,-0.323697
08:12:35.800,-0.218896
08:12:35.900,0.278049
08:12:36.000,-0.1679
08:12:36.100,-0.029323
08:12:36.200,0.935559
08:12:36.300,0.860721
08:12:36.400,0.102477
08:12:36.500,1.009038
08:12:36.600,0.173653
08:12:36.700,0.471784
08:12:36.800,0.553654
08:12:36.900,0.664225
08:12:37.000,0.916915
08:12:37.100,0.728647
08:12:37.200,0.880894
08:12:37.300,0.48306
08:12:37.400,0.69729
08:12:37.500,0.522613
08:12:37.600,-0.074466
08:12:37.700,0.486847
08:12:37.800,0.249931
08:12:37.900,-0.140364
08:12:38.000,-0.148695
08:12:38.100,-0.249616
08:12:38.200,-0.302033
08:12:38.300,0.297842
08:12:38.400,0.320139
08:12:38.500,-1.449088
08:12:38.600,-0.395451
08:12:38.700,-0.289472
08:12:38.800,-0.741366
08:12:38.900,-0.36655
08:12:39.000,-0.121041
08:12:39.100,-1.171527
08:12:39.200,-0.618923
08:12:39.300,0.061157
08:12:39.400,-0.99953
08:12:39.500,-0.535306
08:12:39.600,-0.568389
08:12:39.700,0.050369
08:12:39.800,0.200624
08:12:39.900,-0.05269
08:12:40.000,0.011273
08:12:40.100,-0.492198
08:12:40.200,0.714363
08:12:40.300,0.194185
08:12:40.400,0.361636
08:12:40.500,0.835035
08:12:40.600,0.635472
08:12:40.700,0.975049
08:12:40.800,0.876933
08:12:40.900,0.762707
08:12:41.000,0.808655
08:12:41.100,0.298411
08:12:41.200,0.613597
08:12:41.300,1.003121
08:12:41.400,0.251788
08:12:41.500,0.244628
08:12:41.600,0.103581
08:12:41.700,0.371477
08:12:41.800,0.707197
08:12:41.900,0.30101
08:12:42.000,-0.761937
08:12:42.100,0.117515
08:12:42.200,-0.371043
08:12:42.300,-0.13951
08:12:42.400,-0.463775
08:12:42.500,-0.796135
08:12:42.600,-0.591327
08:12:42.700,-0.778219
08:12:42.800,-0.558039
08:12:42.900,-1.001484
08:12:43.000,-1.093669
08:12:43.100,-0.435153
08:12:43.200,-0.277646
08:12:43.300,-0.420684
08:12:43.400,-0.793382
08:12:43.500,-0.753999
08:12:43.600,-0.650321
08:12:43.700,-0.006155
08:12:43.800,-0.505079
08:12:43.900,0.19991
08:12:44.000,0.222916
08:12:44.100,0.542709
08:12:44.200,0.588415
08:12:44.300,0.507723
08:12:44.400,-0.102589
08:12:44.500,0.70852
08:12:44.600,0.606728
08:12:44.700,0.493066
08:12:44.800,1.142518
08:12:44.900,0.638414
08:12:45.000,0.514693
08:12:45.100,1.084801
08:12:45.200,0.523957
08:12:45.300,0.420882
08:12:45.400,0.171808
08:12:45.500,0.207913
08:12:45.600,0.154413
08:12:45.700,0.53516
08:12:45.800,-0.140363
08:12:45.900,-0.540739
08:12:46.000,0.10613
08:12:46.100,-0.331387
08:12:46.200,-0.222005
08:12:46.300,0.131052
08:12:46.400,-0.386409
08:12:46.500,0.033393
08:12:46.600,-0.590163
08:12:46.700,-0.27127
08:12:46.800,-0.857339
08:12:46.900,-0.65369
08:12:47.000,-1.026539
08:12:47.100,-0.976352
08:12:47.200,-0.744373
08:12:47.300,-1.088691
08:12:47.400,-0.510536
08:12:47.500,-0.600941
08:12:47.600,-0.329347
08:12:47.700,-0.77741
08:12:47.800,0.029294
08:12:47.900,0.484661
08:12:48.000,0.520287
08:12:48.100,0.775871
08:12:48.200,0.231163
08:12:48.300,0.194479
08:12:48.400,0.582104
08:12:48.500,0.411598
08:12:48.600,-0.042841
08:12:48.700,0.910459
08:12:48.800,0.583699
08:12:48.900,0.177808
08:12:49.000,0.522101
08:12:49.100,0.617301
08:12:49.200,0.669881
08:12:49.300,0.63205
08:12:49.400,1.045469
08:12:49.500,0.043986
08:12:49.600,0.358199
08:12:49.700,0.010156
08:12:49.800,0.655971
08:12:49.900,-0.087005
08:12:50.000,-0.12034
08:12:50.100,0.257889
08:12:50.200,0.247359
08:12:50.300,0.197625
08:12:50.400,-0.986539
08:12:50.500,-0.325955
08:12:50.600,-0.471771
08:12:50.700,-0.641634
08:12:50.800,-0.642441
08:12:50.900,-0.241361
08:12:51.000,-0.336494
08:12:51.100,-0.377462
08:12:51.200,-0.59332
08:12:51.300,0.171002
08:12:51.400,-0.70653
08:12:51.500,-1.060561
08:12:51.600,-0.504285
08:12:51.700,-0.297585
08:12:51.800,0.239803
08:12:51.900,-0.288346
08:12:52.000,0.171931
08:12:52.100,-0.407531
08:12:52.200,0.594808
08:12:52.300,0.341705
08:12:52.400,0.313255
08:12:52.500,1.241053
08:12:52.600,0.940779
08:12:52.700,0.25976
08:12:52.800,0.627452
08:12:52.900,1.649094
08:12:53.000,1.392586
08:12:53.100,1.014419
08:12:53.200,0.019273
08:12:53.300,1.089957
08:12:53.400,0.343997
08:12:53.500,0.958206
08:12:53.600,0.158516
08:12:53.700,0.488884
08:12:53.800,-0.007787
08:12:53.900,-0.017644
08:12:54.000,0.217769
08:12:54.100,-0.571119
08:12:54.200,0.614034
08:12:54.300,-0.677321
08:12:54.400,-0.790552
08:12:54.500,-0.276178
08:12:54.600,-0.114132
08:12:54.700,-0.737001
08:12:54.800,-1.040754
08:12:54.900,-1.014214
08:12:55.000,-1.060507
08:12:55.100,-0.583519
08:12:55.200,-0.690235
08:12:55.300,-0.474663
08:12:55.400,-0.438608
08:12:55.500,-0.206465
08:12:55.600,-0.55493
08:12:55.700,-0.576165
08:12:55.800,-0.161609
08:12:55.900,-0.128751
08:12:56.000,0.088533
08:12:56.100,-0.139595
08:12:56.200,0.441088
08:12:56.300,-0.094637
08:12:56.400,0.257315
08:12:56.500,0.890139
08:12:56.600,0.170352
08:12:56.700,0.99129
08:12:56.800,0.172555
08:12:56.900,0.136553
08:12:57.000,0.177148
08:12:57.100,0.732264
08:12:57.200,0.921098
08:12:57.300,1.076113
08:12:57.400,0.990817
08:12:57.500,0.796919
08:12:57.600,0.120325
08:12:57.700,0.023617
08:12:57.800,0.492039
08:12:57.900,0.606962
08:12:58.000,-0.360899
08:12:58.100,0.343396
08:12:58.200,-0.88843
08:12:58.300,-0.18132
08:12:58.400,-0.447782
08:12:58.500,-0.566441
08:12:58.600,-0.555367
08:12:58.700,-0.92251
08:12:58.800,-0.509612
08:12:58.900,-0.670148
08:12:59.000,-0.372641
08:12:59.100,-0.134745
08:12:59.200,-0.621319
08:12:59.300,-0.910256
08:12:59.400,-0.964577
08:12:59.500,0.099413
08:12:59.600,0.138181
08:12:59.700,-0.007213
08:12:59.800,-0.195363
08:12:59.900,0.175804
08:13:00.000,0.456563
08:13:00.100,-0.106781
08:13:00.200,0.22674
08:13:00.300,-0.069389
08:13:00.400,0.366278
08:13:00.500,1.03547
08:13:00.600,0.943804
08:13:00.700,0.670957
08:13:00.800,-0.276892
08:13:00.900,0.461854
08:13:01.000,0.735842
08:13:01.100,0.615812
08:13:01.200,0.67721
08:13:01.300,0.708611
08:13:01.400,0.379524
08:13:01.500,0.492339
08:13:01.600,0.359144
08:13:01.700,0.071672
08:13:01.800,0.86253
08:13:01.900,-0.057256
08:13:02.000,-0.788973
08:13:02.100,0.514639
08:13:02.200,-0.512508
08:13:02.300,-0.002825
08:13:02.400,-0.64976
08:13:02.500,-0.295727
08:13:02.600,-0.583163
08:13:02.700,-0.273589
08:13:02.800,-0.740536
08:13:02.900,-0.920744
08:13:03.000,-0.610043
08:13:03.100,-0.825254
08:13:03.200,-1.34095
08:13:03.300,-0.83423
08:13:03.400,0.437757
08:13:03.500,-1.132455
08:13:03.600,-0.327082
08:13:03.700,-0.402807
08:13:03.800,0.426435
08:13:03.900,-0.498368
08:13:04.000,0.035456
08:13:04.100,0.349673
08:13:04.200,0.153559
08:13:04.300,0.04915
08:13:04.400,0.403681
08:13:04.500,0.386651
08:13:04.600,0.457006
08:13:04.700,0.949454
08:13:04.800,0.806772
08:13:04.900,0.8845
08:13:05.000,0.815604
08:13:05.100,1.02734
08:13:05.200,1.12223
08:13:05.300,0.523355
08:13:05.400,0.853126
08:13:05.500,0.041309
08:13:05.600,-0.37712
08:13:05.700,0.957035
08:13:05.800,0.099636
08:13:05.900,0.19787
08:13:06.000,-0.428826
08:13:06.100,-0.554474
08:13:06.200,-0.465842
08:13:06.300,-0.092779
08:13:06.400,-0.59224
08:13:06.500,-0.612501
08:13:06.600,-0.826891
08:13:06.700,-0.215679
08:13:06.800,-0.361754
08:13:06.900,-0.860834
08:13:07.000,-0.460559
08:13:07.100,-0.777215
08:13:07.200,-0.783882
08:13:07.300,-0.641103
08:13:07.400,-0.34118
08:13:07.500,-0.807245
08:13:07.600,-0.235612
08:13:07.700,0.556444
08:13:07.800,-0.152219
08:13:07.900,-0.097003
08:13:08.000,-0.029459
08:13:08.100,0.276878
08:13:08.200,-0.347329
08:13:08.300,0.913173
08:13:08.400,0.754865
08:13:08.500,0.269394
08:13:08.600,0.577353
08:13:08.700,0.428633
08:13:08.800,0.770472
08:13:08.900,0.712855
08:13:09.000,0.780022
08:13:09.100,0.331469
08:13:09.200,0.497199
08:13:09.300,1.024825
08:13:09.400,0.379485
08:13:09.500,-0.430248
08:13:09.600,0.358729
08:13:09.700,1.161815
08:13:09.800,0.513419
08:13:09.900,-0.094947
08:13:10.000,-0.017711
08:13:10.100,0.128447
08:13:10.200,-0.831
08:13:10.300,-0.617414
08:13:10.400,-0.272028
08:13:10.500,0.063096
08:13:10.600,-0.720075
08:13:10.700,-0.075248
08:13:10.800,-0.929753
08:13:10.900,-1.876311
08:13:11.000,-0.439666
08:13:11.100,-0.502242
08:13:11.200,-0.408075
08:13:11.300,-0.379718
08:13:11.400,-0.499199
08:13:11.500,-0.58556
08:13:11.600,-0.488691
08:13:11.700,-0.478934
08:13:11.800,-0.356449
08:13:11.900,-0.743366
08:13:12.000,-0.425008
08:13:12.100,0.052307
08:13:12.200,-0.567992
08:13:12.300,-0.384951
08:13:12.400,0.294451
08:13:12.500,0.450059
08:13:12.600,0.456638
08:13:12.700,-0.209263
08:13:12.800,1.209078
08:13:12.900,0.188701
08:13:13.000,0.413644
08:13:13.100,0.249763
08:13:13.200,1.1204
08:13:13.300,0.771202
08:13:13.400,0.400677
08:13:13.500,0.304695
08:13:13.600,0.474307
08:13:13.700,-0.118501
08:13:13.800,0.349571
08:13:13.900,-0.082522
08:13:14.000,0.181874
08:13:14.100,0.060499
08:13:14.200,-0.424076
08:13:14.300,-1.036242
08:13:14.400,-0.497839
08:13:14.500,-1.00229
08:13:14.600,-0.53879
08:13:14.700,-0.713505
08:13:14.800,-0.871538
08:13:14.900,-1.144829
08:13:15.000,-0.284624
08:13:15.100,-0.850171
08:13:15.200,0.157933
08:13:15.300,-0.611479
08:13:15.400,-0.443256
08:13:15.500,-0.48125
08:13:15.600,-0.2919
08:13:15.700,0.064647
08:13:15.800,0.170167
08:13:15.900,-0.727817
08:13:16.000,0.299424
08:13:16.100,0.283503
08:13:16.200,0.228874
08:13:16.300,0.917186
08:13:16.400,1.024918
08:13:16.500,0.811583
08:13:16.600,0.376075
08:13:16.700,0.206335
08:13:16.800,0.92978
08:13:16.900,1.167219
08:13:17.000,-0.01003
08:13:17.100,1.071585
08:13:17.200,0.576537
08:13:17.300,-0.009446
08:13:17.400,0.730601
08:13:17.500,0.81326
08:13:17.600,0.288478
08:13:17.700,-0.052281
08:13:17.800,0.815544
08:13:17.900,-0.124519
08:13:18.000,0.405815
08:13:18.100,-0.639072
08:13:18.200,-0.07071
08:13:18.300,-0.182166
08:13:18.400,-0.105754
08:13:18.500,0.027569
08:13:18.600,-0.851082
08:13:18.700,-0.441433
08:13:18.800,-1.144038
08:13:18.900,-1.173652
08:13:19.000,-0.902417
08:13:19.100,-0.548117
08:13:19.200,-0.078836
08:13:19.300,0.026926
08:13:19.400,-0.690524
08:13:19.500,-0.388038
08:13:19.600,-0.081398
08:13:19.700,-0.049909
08:13:19.800,-0.275622
08:13:19.900,-0.082867
08:13:20.000,-0.038563
08:13:20.100,0.036573
08:13:20.200,0.096818
08:13:20.300,0.275913
08:13:20.400,0.269415
08:13:20.500,0.097579
08:13:20.600,0.868215
08:13:20.700,0.804395
08:13:20.800,1.322547
08:13:20.900,0.820713
08:13:21.000,0.554064
08:13:21.100,0.472129
08:13:21.200,0.682318
08:13:21.300,0.817211
08:13:21.400,0.480663
08:13:21.500,-0.019615
08:13:21.600,0.152796
08:13:21.700,0.324102
08:13:21.800,0.475411
08:13:21.900,-0.410534
08:13:22.000,0.092779
08:13:22.100,-0.032112
08:13:22.200,-0.374364
08:13:22.300,-0.523216
08:13:22.400,-0.669163
08:13:22.500,-0.445693
08:13:22.600,-0.171925
08:13:22.700,-0.20448
08:13:22.800,-1.059133
08:13:22.900,-0.756824
08:13:23.000,-1.467728
08:13:23.100,-0.653167
08:13:23.200,-0.456563
08:13:23.300,-0.073868
08:13:23.400,-1.191572
08:13:23.500,-0.875796
08:13:23.600,-0.361002
08:13:23.700,-0.884229
08:13:23.800,-0.156038
08:13:23.900,0.108547
08:13:24.000,-0.448451
08:13:24.100,0.155909
08:13:24.200,-0.207962
08:13:24.300,0.799192
08:13:24.400,0.483776
08:13:24.500,0.270952
08:13:24.600,0.132962
08:13:24.700,0.759907
08:13:24.800,1.141017
08:13:24.900,0.421355
08:13:25.000,0.546124
08:13:25.100,0.428133
08:13:25.200,1.210162
08:13:25.300,-0.04432
08:13:25.400,1.01627
08:13:25.500,0.362955
08:13:25.600,0.386384
08:13:25.700,0.198571
08:13:25.800,0.300172
08:13:25.900,-0.145925
08:13:26.000,0.370434
08:13:26.100,0.275145
08:13:26.200,-0.560505
08:13:26.300,-0.08418
08:13:26.400,-0.536223
08:13:26.500,-0.476903
08:13:26.600,-0.032509
08:13:26.700,-0.859617
08:13:26.800,-0.341447
08:13:26.900,-0.531388
08:13:27.000,-0.76791
08:13:27.100,-0.562791
08:13:27.200,-0.578795
08:13:27.300,-1.029128
08:13:27.400,-0.778665
08:13:27.500,-0.860813
08:13:27.600,-0.508266
08:13:27.700,0.152969
08:13:27.800,-0.012952
08:13:27.900,-0.61091
08:13:28.000,-0.095679
08:13:28.100,0.191273
08:13:28.200,0.476743
08:13:28.300,0.090025
08:13:28.400,-0.021651
08:13:28.500,0.475255
08:13:28.600,0.765472
08:13:28.700,0.705901
08:13:28.800,0.356102
08:13:28.900,1.305498
08:13:29.000,0.665415
08:13:29.100,0.75918
08:13:29.200,0.434051
08:13:29.300,1.010982
08:13:29.400,0.766458
08:13:29.500,0.605107
08:13:29.600,0.00837
08:13:29.700,0.700704
08:13:29.800,0.481228
08:13:29.900,0.464731
08:13:30.000,0.01296
08:13:30.100,-0.135706
08:13:30.200,-0.280044
08:13:30.300,0.479856
08:13:30.400,-0.601306
08:13:30.500,-0.91016
08:13:30.600,-0.696952
08:13:30.700,-0.810299
08:13:30.800,-0.224793
08:13:30.900,-1.165979
08:13:31.000,-0.896452
08:13:31.100,-0.624699
08:13:31.200,-0.221837
08:13:31.300,-0.374108
08:13:31.400,0.000344
08:13:31.500,-0.373947
08:13:31.600,-0.482716
08:13:31.700,-0.018349
08:13:31.800,-0.694818
08:13:31.900,-0.707964
08:13:32.000,0.341692
08:13:32.100,0.183203
08:13:32.200,0.553713
08:13:32.300,0.019463
08:13:32.400,0.861124
08:13:32.500,0.7296
08:13:32.600,0.55542
08:13:32.700,0.696276
08:13:32.800,0.787164
08:13:32.900,0.391526
08:13:33.000,0.565245
08:13:33.100,0.807275
08:13:33.200,0.516943
08:13:33.300,0.109408
08:13:33.400,0.669523
08:13:33.500,0.787587
08:13:33.600,0.785437
08:13:33.700,0.504102
08:13:33.800,0.502719
08:13:33.900,0.455132
08:13:34.000,0.02788
08:13:34.100,-0.851125
08:13:34.200,0.189612
08:13:34.300,-0.630455
08:13:34.400,-0.807257
08:13:34.500,-0.881167
08:13:34.600,0.30329
08:13:34.700,-0.469513
08:13:34.800,-1.030305
08:13:34.900,-0.930578
08:13:35.000,-0.700254
08:13:35.100,-0.501541
08:13:35.200,-0.567987
08:13:35.300,-0.948717
08:13:35.400,-0.455311
08:13:35.500,-0.70889
08:13:35.600,-0.045029
08:13:35.700,-0.29809
08:13:35.800,-0.482079
08:13:35.900,0.13163
08:13:36.000,0.134136
08:13:36.100,-0.056699
08:13:36.200,0.471844
08:13:36.300,0.537984
08:13:36.400,0.832087
08:13:36.500,0.743523
08:13:36.600,0.49143
08:13:36.700,0.032019
08:13:36.800,0.731066
08:13:36.900,0.811013
08:13:37.000,0.717919
08:13:37.100,-0.362424
08:13:37.200,0.90333
08:13:37.300,0.304487
08:13:37.400,0.806315
08:13:37.500,1.090214
08:13:37.600,0.322971
08:13:37.700,0.471263
08:13:37.800,0.227784
08:13:37.900,0.293458
08:13:38.000,0.036206
08:13:38.100,-0.290447
08:13:38.200,-0.533042
08:13:38.300,0.23887
08:13:38.400,-0.257956
08:13:38.500,-0.204295
08:13:38.600,-0.42664
08:13:38.700,-0.282186
08:13:38.800,-0.979328
08:13:38.900,-0.662268
08:13:39.000,-0.52308
08:13:39.100,-0.238947
08:13:39.200,0.269837
08:13:39.300,-0.481073
08:13:39.400,-0.797697
08:13:39.500,-0.91345
08:13:39.600,-0.728135
08:13:39.700,-0.588735
08:13:39.800,-1.231691
08:13:39.900,-0.345983
08:13:40.000,0.250859
08:13:40.100,0.135894
08:13:40.200,0.125793
08:13:40.300,-0.24989
08:13:40.400,0.779093
08:13:40.500,0.674109
08:13:40.600,0.561786
08:13:40.700,-0.147177
08:13:40.800,0.493969
08:13:40.900,0.843183
08:13:41.000,0.690001
08:13:41.100,0.75856
08:13:41.200,0.905646
08:13:41.300,0.677863
08:13:41.400,0.793698
08:13:41.500,0.199733
08:13:41.600,-0.01652
08:13:41.700,0.48487
08:13:41.800,0.455155
08:13:41.900,0.291145
08:13:42.000,0.046055
08:13:42.100,-0.222918
08:13:42.200,-0.142467
08:13:42.300,-0.185038
08:13:42.400,-0.257696
08:13:42.500,0.417524
08:13:42.600,-0.888593
08:13:42.700,0.505393
08:13:42.800,-1.105627
08:13:42.900,-0.556398
08:13:43.000,-1.118195
08:13:43.100,-0.584197
08:13:43.200,-0.321997
08:13:43.300,-0.612301
08:13:43.400,-0.225734
08:13:43.500,-0.643264
08:13:43.600,-1.128902
08:13:43.700,-0.098445
08:13:43.800,-0.205588
08:13:43.900,-0.277369
08:13:44.000,-0.143697
08:13:44.100,0.251808
08:13:44.200,-0.068775
08:13:44.300,0.449129
08:13:44.400,0.827473
08:13:44.500,1.215999
08:13:44.600,1.057896
08:13:44.700,0.680315
08:13:44.800,0.755922
08:13:44.900,0.551295
08:13:45.000,0.537025
08:13:45.100,0.996593
08:13:45.200,0.558111
08:13:45.300,0.751839
08:13:45.400,0.229434
08:13:45.500,0.974584
08:13:45.600,0.29859
08:13:45.700,0.698586
08:13:45.800,-0.030026
08:13:45.900,-0.155345
08:13:46.000,0.464811
08:13:46.100,-0.328607
08:13:46.200,-0.765077
08:13:46.300,-0.681773
08:13:46.400,-0.111602
08:13:46.500,-0.228758
08:13:46.600,-0.833187
08:13:46.700,-0.844806
08:13:46.800,-0.430184
08:13:46.900,-0.23081
08:13:47.000,-0.72408
08:13:47.100,-0.497398
08:13:47.200,-0.360038
08:13:47.300,0.129847
08:13:47.400,-0.970812
08:13:47.500,-0.729028
08:13:47.600,-0.588715
08:13:47.700,-0.02816
08:13:47.800,-0.304483
08:13:47.900,-0.000218
08:13:48.000,0.042645
08:13:48.100,0.110112
08:13:48.200,0.253901
08:13:48.300,0.678259
08:13:48.400,0.071745
08:13:48.500,0.443015
08:13:48.600,0.140965
08:13:48.700,0.702999
08:13:48.800,0.597304
08:13:48.900,1.065617
08:13:49.000,0.698312
08:13:49.100,0.536038
08:13:49.200,0.579391
08:13:49.300,1.226903
08:13:49.400,0.016784
08:13:49.500,0.275344
08:13:49.600,0.424052
08:13:49.700,0.095044
08:13:49.800,0.38805
08:13:49.900,0.089734
08:13:50.000,0.089595
08:13:50.100,-0.068264
08:13:50.200,-0.252378
08:13:50.300,-0.769582
08:13:50.400,-0.349817
08:13:50.500,-1.112168
08:13:50.600,-0.801498
08:13:50.700,-0.452483
08:13:50.800,-0.249349
08:13:50.900,0.130914
08:13:51.000,-0.849889
08:13:51.100,-0.994175
08:13:51.200,-0.48294
08:13:51.300,0.030785
08:13:51.400,-0.029851
08:13:51.500,-0.857252
08:13:51.600,-0.460628
08:13:51.700,-0.020165
08:13:51.800,0.105587
08:13:51.900,0.097648
08:13:52.000,-0.157062
08:13:52.100,0.313542
08:13:52.200,0.541585
08:13:52.300,-0.008414
08:13:52.400,0.877032
08:13:52.500,0.842161
08:13:52.600,0.306625
08:13:52.700,0.947423
08:13:52.800,0.950329
08:13:52.900,0.989285
08:13:53.000,1.251591
08:13:53.100,0.68772
08:13:53.200,0.781772
08:13:53.300,-0.29985
08:13:53.400,0.95685
08:13:53.500,0.85183
08:13:53.600,0.886062
08:13:53.700,-0.010045
08:13:53.800,0.553028
08:13:53.900,0.466066
08:13:54.000,-0.227821
08:13:54.100,0.260083
08:13:54.200,-0.054248
08:13:54.300,-0.912097
08:13:54.400,-0.206881
08:13:54.500,-0.763497
08:13:54.600,-1.152888
08:13:54.700,-0.495411
08:13:54.800,-0.688605
08:13:54.900,-0.200047
08:13:55.000,-0.636398
08:13:55.100,-0.4189
08:13:55.200,-0.487656
08:13:55.300,-0.266369
08:13:55.400,-0.876554
08:13:55.500,-0.425487
08:13:55.600,-0.460707
08:13:55.700,-0.089004
08:13:55.800,-0.126777
08:13:55.900,-0.324417
08:13:56.000,-0.118277
08:13:56.100,0.68648
08:13:56.200,-0.376711
08:13:56.300,0.566071
08:13:56.400,0.845956
08:13:56.500,0.697568
08:13:56.600,1.256165
08:13:56.700,0.952185
08:13:56.800,0.800183
08:13:56.900,0.528026
08:13:57.000,0.840934
08:13:57.100,0.929971
08:13:57.200,0.666965
08:13:57.300,0.363715
08:13:57.400,0.144834
08:13:57.500,0.559867
08:13:57.600,-0.106661
08:13:57.700,0.152753
08:13:57.800,-0.634797
08:13:57.900,0.401061
08:13:58.000,0.403916
08:13:58.100,-0.081872
08:13:58.200,0.424699
08:13:58.300,0.153792
08:13:58.400,-0.243525
08:13:58.500,-0.5346
08:13:58.600,-0.688601
08:13:58.700,-0.426833
08:13:58.800,-0.715169
08:13:58.900,-0.499501
08:13:59.000,-0.482141
08:13:59.100,-0.771735
08:13:59.200,-0.282215
08:13:59.300,-0.703698
08:13:59.400,-0.558843
08:13:59.500,-0.837108
08:13:59.600,-0.506166
08:13:59.700,0.437576
08:13:59.800,-0.531447
08:13:59.900,0.043695
08:14:00.000,-0.159072
08:14:00.100,-0.665361
08:14:00.200,0.411952
08:14:00.300,0.12315
08:14:00.400,0.523114
08:14:00.500,0.841376
08:14:00.600,0.648421
08:14:00.700,0.738609
08:14:00.800,0.361961
08:14:00.900,0.938771
08:14:01.000,0.633611
08:14:01.100,-0.008068
08:14:01.200,0.955275
08:14:01.300,1.020249
08:14:01.400,1.084705
08:14:01.500,1.254763
08:14:01.600,0.682187
08:14:01.700,0.497684
08:14:01.800,0.598354
08:14:01.900,-0.200944
08:14:02.000,-0.585189
08:14:02.100,-0.276457
08:14:02.200,0.230724
08:14:02.300,-0.549178
08:14:02.400,-0.248486
08:14:02.500,-0.294321
08:14:02.600,-0.480819
08:14:02.700,-1.070876
08:14:02.800,-0.545793
08:14:02.900,-0.838926
08:14:03.000,-0.103999
08:14:03.100,-0.293474
08:14:03.200,-0.800942
08:14:03.300,-0.005697
08:14:03.400,-0.446013
08:14:03.500,-1.080048
08:14:03.600,-0.438857
08:14:03.700,0.254554
08:14:03.800,-0.503255
08:14:03.900,-0.133388
08:14:04.000,-0.475946
08:14:04.100,-0.310892
08:14:04.200,-0.075672
08:14:04.300,-0.111796
08:14:04.400,0.195054
08:14:04.500,1.103374
08:14:04.600,0.553686
08:14:04.700,0.898637
08:14:04.800,1.047789
08:14:04.900,0.303429
08:14:05.000,0.408971
08:14:05.100,0.959418
08:14:05.200,0.443741
08:14:05.300,0.86856
08:14:05.400,1.153375
08:14:05.500,-0.014409
08:14:05.600,0.286523
08:14:05.700,0.248398
08:14:05.800,0.032084
08:14:05.900,-0.103287
08:14:06.000,-0.172242
08:14:06.100,-0.114842
08:14:06.200,-0.158602
08:14:06.300,0.0159
08:14:06.400,-0.420241
08:14:06.500,-0.103614
08:14:06.600,-0.773442
08:14:06.700,-1.044182
08:14:06.800,-0.772403
08:14:06.900,-0.529509
08:14:07.000,-0.398837
08:14:07.100,-0.1803
08:14:07.200,-0.564169
08:14:07.300,-0.360145
08:14:07.400,-0.087239
08:14:07.500,-0.767711
08:14:07.600,-0.484999
08:14:07.700,0.652026
08:14:07.800,0.083424
08:14:07.900,0.069241
08:14:08.000,0.312792
08:14:08.100,-0.357983
08:14:08.200,-0.010077
08:14:08.300,-0.036511
08:14:08.400,0.557963
08:14:08.500,0.365837
08:14:08.600,0.599698
08:14:08.700,0.514849
08:14:08.800,0.096497
08:14:08.900,1.001124
08:14:09.000,0.083231
08:14:09.100,0.436705
08:14:09.200,0.205324
08:14:09.300,0.315795
08:14:09.400,0.636962
08:14:09.500,0.927233
08:14:09.600,-0.134899
08:14:09.700,0.122771
08:14:09.800,-0.395854
08:14:09.900,-0.10239
08:14:10.000,0.025162
08:14:10.100,0.158973
08:14:10.200,-0.957809
08:14:10.300,-0.1251
08:14:10.400,-0.751874
08:14:10.500,-0.920642
08:14:10.600,-0.542691
08:14:10.700,-0.404203
08:14:10.800,-0.700899
08:14:10.900,-1.073978
08:14:11.000,-0.735343
08:14:11.100,-0.945194
08:14:11.200,-0.454328
08:14:11.300,-0.247329
08:14:11.400,-0.2123
08:14:11.500,-0.501887
08:14:11.600,-0.018518
08:14:11.700,-0.675136
08:14:11.800,0.407691
08:14:11.900,-0.468808
08:14:12.000,-0.710542
08:14:12.100,0.587407
08:14:12.200,-0.032235
08:14:12.300,0.358652
08:14:12.400,0.050667
08:14:12.500,1.322236
08:14:12.600,1.203948
08:14:12.700,1.164998
08:14:12.800,0.696665
08:14:12.900,1.034627
08:14:13.000,0.681432
08:14:13.100,1.084152
08:14:13.200,0.522026
08:14:13.300,1.178351
08:14:13.400,0.405007
08:14:13.500,0.373423
08:14:13.600,0.248165
08:14:13.700,0.385152
08:14:13.800,0.080443
08:14:13.900,0.280044
08:14:14.000,-0.168345
08:14:14.100,0.167272
08:14:14.200,0.315117
08:14:14.300,-0.290652
08:14:14.400,0.364965
08:14:14.500,-0.100339
08:14:14.600,0.182071
08:14:14.700,-0.645124
08:14:14.800,-1.24725
08:14:14.900,-0.93853
08:14:15.000,-0.911448
08:14:15.100,-1.024941
08:14:15.200,-1.434306
08:14:15.300,-0.265078
08:14:15.400,-1.217319
08:14:15.500,-0.169867
08:14:15.600,0.353493
08:14:15.700,-0.59021
08:14:15.800,-0.080662
08:14:15.900,-0.249025
08:14:16.000,0.289477
08:14:16.100,-0.30854
08:14:16.200,0.170185
08:14:16.300,0.710206
08:14:16.400,0.394345
08:14:16.500,-0.075045
08:14:16.600,1.000891
08:14:16.700,0.170113
08:14:16.800,0.693297
08:14:16.900,0.895307
08:14:17.000,0.741948
08:14:17.100,1.579485
08:14:17.200,0.922574
08:14:17.300,0.552882
08:14:17.400,0.777244
08:14:17.500,0.568455
08:14:17.600,0.426979
08:14:17.700,0.403119
08:14:17.800,0.064381
08:14:17.900,0.18402
08:14:18.000,-0.176922
08:14:18.100,-0.773173
08:14:18.200,0.182758
08:14:18.300,-0.5157
08:14:18.400,-0.361964
08:14:18.500,-0.761123
08:14:18.600,-0.821895
08:14:18.700,-0.987351
08:14:18.800,-0.333836
08:14:18.900,-0.274979
08:14:19.000,-0.690923
08:14:19.100,-0.879212
08:14:19.200,-1.258314
08:14:19.300,-0.345304
08:14:19.400,-0.803107
08:14:19.500,-0.886016
08:14:19.600,-0.401207
08:14:19.700,-0.434737
08:14:19.800,-0.747631
08:14:19.900,-0.592756
08:14:20.000,0.11779
08:14:20.100,-0.119988
08:14:20.200,0.394902
08:14:20.300,0.369079
08:14:20.400,0.778089
08:14:20.500,0.203724
08:14:20.600,0.647763
08:14:20.700,0.847101
08:14:20.800,0.446563
08:14:20.900,1.085903
08:14:21.000,0.116803
08:14:21.100,0.399852
08:14:21.200,0.069449
08:14:21.300,0.366148
08:14:21.400,0.512207
08:14:21.500,0.786
08:14:21.600,0.357098
08:14:21.700,0.109413
08:14:21.800,-0.325916
08:14:21.900,-0.315458
08:14:22.000,0.108572
08:14:22.100,0.199005
08:14:22.200,-0.36304
08:14:22.300,0.106062
08:14:22.400,-0.743921
08:14:22.500,-0.631664
08:14:22.600,-0.673463
08:14:22.700,-0.08841
08:14:22.800,-0.618959
08:14:22.900,-1.320833
08:14:23.000,-0.366921
08:14:23.100,-0.045307
08:14:23.200,-0.753149
08:14:23.300,-0.937683
08:14:23.400,-0.263822
08:14:23.500,0.192518
08:14:23.600,-0.114394
08:14:23.700,-0.885846
08:14:23.800,0.047827
08:14:23.900,0.031968
08:14:24.000,-0.334121
08:14:24.100,0.56059
08:14:24.200,0.369735
08:14:24.300,0.778029
08:14:24.400,0.039933
08:14:24.500,0.634547
08:14:24.600,0.253029
08:14:24.700,0.710388
08:14:24.800,1.182768
08:14:24.900,0.192136
08:14:25.000,0.22085
08:14:25.100,1.025798
08:14:25.200,0.660797
08:14:25.300,1.033647
08:14:25.400,0.283762
08:14:25.500,0.512891
08:14:25.600,0.652295
08:14:25.700,0.391363
08:14:25.800,-0.40975
08:14:25.900,1.097414
08:14:26.000,0.074314
08:14:26.100,-0.57865
08:14:26.200,-0.106342
08:14:26.300,-0.167593
08:14:26.400,-0.063576
08:14:26.500,-0.170474
08:14:26.600,-0.641157
08:14:26.700,-1.226432
08:14:26.800,-0.504263
08:14:26.900,-1.266227
08:14:27.000,-0.274664
08:14:27.100,-0.947847
08:14:27.200,-0.443503
08:14:27.300,-0.853364
08:14:27.400,-0.738524
08:14:27.500,-0.775314
08:14:27.600,-0.160821
08:14:27.700,-0.535265
08:14:27.800,0.052674
08:14:27.900,-0.317821
08:14:28.000,-0.080996
08:14:28.100,0.121952
08:14:28.200,0.270149
08:14:28.300,-0.005678
08:14:28.400,0.657782
08:14:28.500,0.400006
08:14:28.600,0.756677
08:14:28.700,0.618025
08:14:28.800,0.870998
08:14:28.900,0.547412
08:14:29.000,0.423641
08:14:29.100,0.840782
08:14:29.200,0.492933
08:14:29.300,1.13428
08:14:29.400,0.589992
08:14:29.500,0.014204
08:14:29.600,0.206537
08:14:29.700,-0.031963
08:14:29.800,0.591833
08:14:29.900,0.380243
08:14:30.000,-0.021365
08:14:30.100,-0.007978
08:14:30.200,-0.247
08:14:30.300,-0.016653
08:14:30.400,-0.229509
08:14:30.500,-0.249983
08:14:30.600,-0.633458
08:14:30.700,-0.84475
08:14:30.800,-0.432967
08:14:30.900,-0.148413
08:14:31.000,-0.312896
08:14:31.100,-0.137801
08:14:31.200,-0.609028
08:14:31.300,-0.963201
08:14:31.400,-0.874727
08:14:31.500,-0.012125
08:14:31.600,-1.06313
08:14:31.700,0.208871
08:14:31.800,-0.491984
08:14:31.900,0.563682
08:14:32.000,-0.024711
08:14:32.100,0.362404
08:14:32.200,1.051078
08:14:32.300,0.202242
08:14:32.400,0.290023
08:14:32.500,0.251781
08:14:32.600,0.215688
08:14:32.700,0.508266
08:14:32.800,0.471545
08:14:32.900,0.253792
08:14:33.000,0.626332
08:14:33.100,0.848807
08:14:33.200,0.352173
08:14:33.300,0.566847
08:14:33.400,1.058588
08:14:33.500,-0.001861
08:14:33.600,1.087533
08:14:33.700,0.081885
08:14:33.800,0.286628
08:14:33.900,0.557211
08:14:34.000,0.554519
08:14:34.100,0.054933
08:14:34.200,-0.459389
08:14:34.300,-0.591777
08:14:34.400,-0.612662
08:14:34.500,0.166265
08:14:34.600,-0.700413
08:14:34.700,-0.510435
08:14:34.800,-1.031055
08:14:34.900,-1.096102
08:14:35.000,-0.690763
08:14:35.100,-0.805042
08:14:35.200,-0.753837
08:14:35.300,-1.141379
08:14:35.400,-0.592032
08:14:35.500,0.04727
08:14:35.600,-0.710013
08:14:35.700,-0.003691
08:14:35.800,-1.428839
08:14:35.900,-0.390325
08:14:36.000,-0.668637
08:14:36.100,0.542175
08:14:36.200,0.523884
08:14:36.300,-0.044223
08:14:36.400,0.512697
08:14:36.500,0.915573
08:14:36.600,1.041329
08:14:36.700,0.481678
08:14:36.800,-0.10736
08:14:36.900,0.376893
08:14:37.000,0.968151
08:14:37.100,1.425995
08:14:37.200,0.646726
08:14:37.300,0.411317
08:14:37.400,1.406088
08:14:37.500,0.636981
08:14:37.600,-0.018269
08:14:37.700,0.276176
08:14:37.800,0.566287
08:14:37.900,0.084873
08:14:38.000,0.278026
08:14:38.100,-0.671257
08:14:38.200,-0.718273
08:14:38.300,-0.574993
08:14:38.400,-0.510217
08:14:38.500,-0.378093
08:14:38.600,-0.343446
08:14:38.700,0.239435
08:14:38.800,-0.924234
08:14:38.900,-0.801278
08:14:39.000,-0.948729
08:14:39.100,-0.313596
08:14:39.200,-0.268857
08:14:39.300,-0.780384
08:14:39.400,0.156699
08:14:39.500,-0.743089
08:14:39.600,-0.050978
08:14:39.700,0.19129
08:14:39.800,-0.692865
08:14:39.900,0.092667
08:14:40.000,-0.953766
08:14:40.100,0.397978
08:14:40.200,-0.16925
08:14:40.300,0.516408
08:14:40.400,0.675696
08:14:40.500,0.887023
08:14:40.600,0.877887
08:14:40.700,0.643268
08:14:40.800,0.532573
08:14:40.900,0.665346
08:14:41.000,0.309399
08:14:41.100,0.617291
08:14:41.200,0.563996
08:14:41.300,0.347828
08:14:41.400,-0.043106
08:14:41.500,0.048047
08:14:41.600,-0.691089
08:14:41.700,0.210036
08:14:41.800,0.342486
08:14:41.900,-0.829394
08:14:42.000,0.08285
08:14:42.100,-0.15237
08:14:42.200,-0.628176
08:14:42.300,-0.468715
08:14:42.400,-0.043668
08:14:42.500,-0.835941
08:14:42.600,-0.538714
08:14:42.700,-0.502396
08:14:42.800,-0.953512
08:14:42.900,-0.338487
08:14:43.000,-0.558656
08:14:43.100,-0.779551
08:14:43.200,0.161395
08:14:43.300,-0.269302
08:14:43.400,-1.156468
08:14:43.500,-0.63118
08:14:43.600,0.451875
08:14:43.700,-0.661557
08:14:43.800,-0.193095
08:14:43.900,0.321344
08:14:44.000,0.228313
08:14:44.100,0.388268
08:14:44.200,0.474469
08:14:44.300,0.326681
08:14:44.400,0.13414
08:14:44.500,0.647142
08:14:44.600,0.42534
08:14:44.700,0.455232
08:14:44.800,1.184605
08:14:44.900,0.558033
08:14:45.000,1.297146
08:14:45.100,0.78125
08:14:45.200,0.610038
08:14:45.300,-0.012442
08:14:45.400,1.308261
08:14:45.500,0.492885
08:14:45.600,-0.383323
08:14:45.700,0.663497
08:14:45.800,0.198745
08:14:45.900,-0.21646
08:14:46.000,0.325914
08:14:46.100,-1.00156
08:14:46.200,-0.466245
08:14:46.300,-0.422584
08:14:46.400,-0.113184
08:14:46.500,0.289113
08:14:46.600,-0.651981
08:14:46.700,-0.462724
08:14:46.800,0.296196
08:14:46.900,-0.689724
08:14:47.000,-0.53613
08:14:47.100,-1.124455
08:14:47.200,0.019969
08:14:47.300,-0.873246
08:14:47.400,-0.472312
08:14:47.500,-0.410892
08:14:47.600,-0.381581
08:14:47.700,-0.469803
08:14:47.800,-0.131848
08:14:47.900,0.505567
08:14:48.000,0.798327
08:14:48.100,0.048204
08:14:48.200,0.059
08:14:48.300,0.034726
08:14:48.400,1.351597
08:14:48.500,0.540067
08:14:48.600,0.956577
08:14:48.700,0.867536
08:14:48.800,1.43868
08:14:48.900,0.604687
08:14:49.000,0.312526
08:14:49.100,1.34219
08:14:49.200,0.981897
08:14:49.300,0.783404
08:14:49.400,1.103629
08:14:49.500,0.67464
08:14:49.600,0.960915
08:14:49.700,0.404101
08:14:49.800,0.531994
08:14:49.900,0.293741
08:14:50.000,-0.113849
08:14:50.100,-0.181391
08:14:50.200,-0.353814
08:14:50.300,-0.224873
08:14:50.400,-0.570981
08:14:50.500,-0.34241
08:14:50.600,-0.425646
08:14:50.700,-0.551901
08:14:50.800,-0.587858
08:14:50.900,-0.889537
08:14:51.000,-0.798692
08:14:51.100,-1.276095
08:14:51.200,-0.707694
08:14:51.300,-0.968738
08:14:51.400,-0.531364
08:14:51.500,-0.745046
08:14:51.600,-1.129185
08:14:51.700,0.470562
08:14:51.800,-0.297312
08:14:51.900,0.396966
08:14:52.000,-0.184446
08:14:52.100,0.703845
08:14:52.200,-0.186782
08:14:52.300,0.379404
08:14:52.400,0.029148
08:14:52.500,1.405235
08:14:52.600,0.47907
08:14:52.700,0.913663
08:14:52.800,0.823442
08:14:52.900,0.682451
08:14:53.000,0.881202
08:14:53.100,1.167092
08:14:53.200,0.899612
08:14:53.300,0.680564
08:14:53.400,0.748075
08:14:53.500,1.165238
08:14:53.600,0.265566
08:14:53.700,-0.331067
08:14:53.800,-0.167463
08:14:53.900,-0.248239
08:14:54.000,-0.308448
08:14:54.100,-0.405922
08:14:54.200,-0.224572
08:14:54.300,-0.231197
08:14:54.400,-0.328615
08:14:54.500,-0.750572
08:14:54.600,-0.218447
08:14:54.700,-0.436645
08:14:54.800,-0.112282
08:14:54.900,-0.395015
08:14:55.000,-0.822336
08:14:55.100,-0.234461
08:14:55.200,-0.569984
08:14:55.300,-0.344412
08:14:55.400,-0.314161
08:14:55.500,-0.538487
08:14:55.600,-0.375305
08:14:55.700,-0.363774
08:14:55.800,-0.514843
08:14:55.900,-0.860147
08:14:56.000,-0.242832
08:14:56.100,0.179212
08:14:56.200,0.596267
08:14:56.300,0.59639
08:14:56.400,0.313585
08:14:56.500,0.256913
08:14:56.600,0.503356
08:14:56.700,0.282452
08:14:56.800,-0.074605
08:14:56.900,0.150581
08:14:57.000,1.181159
08:14:57.100,1.341432
08:14:57.200,0.929619
08:14:57.300,0.603351
08:14:57.400,0.078769
08:14:57.500,0.438579
08:14:57.600,0.625593
08:14:57.700,0.608252
08:14:57.800,0.457396
08:14:57.900,0.532853
08:14:58.000,0.680033
08:14:58.100,-0.251262
08:14:58.200,0.765547
08:14:58.300,-1.024771
08:14:58.400,-0.683859
08:14:58.500,-0.424975
08:14:58.600,-0.374153
08:14:58.700,-0.687277
08:14:58.800,-0.839258
08:14:58.900,0.079523
08:14:59.000,-0.890233
08:14:59.100,-1.048163
08:14:59.200,-0.073951
08:14:59.300,-0.326501
08:14:59.400,-0.183161
08:14:59.500,-0.42642
08:14:59.600,-0.893045
08:14:59.700,-0.288176
08:14:59.800,-0.746103
08:14:59.900,-0.024697
08:15:00.000,0.228691
08:15:00.100,0.485901
08:15:00.200,0.183976
08:15:00.300,0.579625
08:15:00.400,0.095104
08:15:00.500,0.833296
08:15:00.600,0.802414
08:15:00.700,0.343614
08:15:00.800,0.851366
08:15:00.900,1.072784
08:15:01.000,0.727526
08:15:01.100,0.403502
08:15:01.200,0.727954
08:15:01.300,0.817062
08:15:01.400,0.275805
08:15:01.500,0.142299
08:15:01.600,0.594017
08:15:01.700,0.605955
08:15:01.800,0.968727
08:15:01.900,0.342508
08:15:02.000,-0.423179
08:15:02.100,0.60442
08:15:02.200,0.152934
08:15:02.300,-1.019638
08:15:02.400,-0.772051
08:15:02.500,-0.66702
08:15:02.600,-0.272978
08:15:02.700,-1.456514
08:15:02.800,-0.707429
08:15:02.900,-0.418015
08:15:03.000,-1.691939
08:15:03.100,-0.430016
08:15:03.200,-0.362309
08:15:03.300,-0.920033
08:15:03.400,-0.969962
08:15:03.500,-0.796777
08:15:03.600,-1.346684
08:15:03.700,-0.43196
08:15:03.800,-0.139453
08:15:03.900,-0.536272
08:15:04.000,0.340217
08:15:04.100,0.145403
08:15:04.200,0.307318
08:15:04.300,0.177095
08:15:04.400,0.671515
08:15:04.500,0.946671
08:15:04.600,0.42368
08:15:04.700,0.890066
08:15:04.800,0.935949
08:15:04.900,0.837637
08:15:05.000,1.286969
08:15:05.100,0.43711
08:15:05.200,0.518198
08:15:05.300,0.351769
08:15:05.400,0.820069
08:15:05.500,0.399605
08:15:05.600,0.167937
08:15:05.700,0.899895
08:15:05.800,0.849639
08:15:05.900,-0.005538
08:15:06.000,-0.478593
08:15:06.100,0.542727
08:15:06.200,-0.051556
08:15:06.300,-0.170541
08:15:06.400,-0.374699
08:15:06.500,-0.775086
08:15:06.600,-0.710962
08:15:06.700,-0.386503
08:15:06.800,-0.822386
08:15:06.900,-0.539838
08:15:07.000,-0.695322
08:15:07.100,-1.061292
08:15:07.200,-0.098344
08:15:07.300,-0.415793
08:15:07.400,-0.450585
08:15:07.500,-0.300717
08:15:07.600,-1.038962
08:15:07.700,-0.490406
08:15:07.800,-0.750867
08:15:07.900,-0.065864
08:15:08.000,0.114069
08:15:08.100,0.158973
08:15:08.200,0.628818
08:15:08.300,-0.20628
08:15:08.400,0.131712
08:15:08.500,0.639997
08:15:08.600,0.65869
08:15:08.700,0.163304
08:15:08.800,1.084525
08:15:08.900,1.23151
08:15:09.000,0.848955
08:15:09.100,0.163207
08:15:09.200,0.721643
08:15:09.300,0.742824
08:15:09.400,0.471167
08:15:09.500,0.96651
08:15:09.600,0.370871
08:15:09.700,1.054383
08:15:09.800,0.490403
08:15:09.900,0.206132
08:15:10.000,0.32215
08:15:10.100,0.426306
08:15:10.200,0.098356
08:15:10.300,-0.344336
08:15:10.400,-0.642422
08:15:10.500,-0.887712
08:15:10.600,-1.420564
08:15:10.700,-0.562723
08:15:10.800,-0.801424
08:15:10.900,-0.808327
08:15:11.000,-0.3399
08:15:11.100,-0.730607
08:15:11.200,-0.002453
08:15:11.300,-0.82429
08:15:11.400,-0.906145
08:15:11.500,-0.935147
08:15:11.600,-0.158487
08:15:11.700,0.085227
08:15:11.800,-0.42435
08:15:11.900,-0.481898
08:15:12.000,0.535597
08:15:12.100,-0.398137
08:15:12.200,0.569889
08:15:12.300,0.11795
08:15:12.400,0.550433
08:15:12.500,0.871897
08:15:12.600,0.733002
08:15:12.700,0.520365
08:15:12.800,1.154374
08:15:12.900,0.792567
08:15:13.000,1.988878
08:15:13.100,0.094578
08:15:13.200,0.063765
08:15:13.300,0.971696
08:15:13.400,0.555199
08:15:13.500,0.772388
08:15:13.600,0.027016
08:15:13.700,0.33674
08:15:13.800,0.376373
08:15:13.900,-0.080795
08:15:14.000,0.08114
08:15:14.100,-0.586038
08:15:14.200,-0.078124
08:15:14.300,0.188113
08:15:14.400,-0.844602
08:15:14.500,-0.949258
08:15:14.600,-0.14984
08:15:14.700,-1.084178
08:15:14.800,-0.371529
08:15:14.900,-0.67201
08:15:15.000,-0.846238
08:15:15.100,-0.178098
08:15:15.200,-0.340888
08:15:15.300,-0.525804
08:15:15.400,-1.319745
08:15:15.500,-0.245686
08:15:15.600,-0.786251
08:15:15.700,-0.395277
08:15:15.800,-0.213745
08:15:15.900,0.554543
08:15:16.000,-0.088635
08:15:16.100,-0.388466
08:15:16.200,0.730687
08:15:16.300,0.5718
08:15:16.400,0.678491
08:15:16.500,1.015921
08:15:16.600,1.169435
08:15:16.700,0.311598
08:15:16.800,0.178893
08:15:16.900,0.986246
08:15:17.000,0.608136
08:15:17.100,0.63126
08:15:17.200,0.273155
08:15:17.300,0.828068
08:15:17.400,0.707058
08:15:17.500,0.44055
08:15:17.600,-0.07447
08:15:17.700,0.740996
08:15:17.800,0.305808
08:15:17.900,0.500749
08:15:18.000,-0.736054
08:15:18.100,-0.089616
08:15:18.200,-0.467226
08:15:18.300,-0.305142
08:15:18.400,-0.081326
08:15:18.500,-0.365493
08:15:18.600,-0.559969
08:15:18.700,-0.619231
08:15:18.800,-1.211657
08:15:18.900,-1.008681
08:15:19.000,-0.307549
08:15:19.100,-0.86832
08:15:19.200,-0.266593
08:15:19.300,-0.334475
08:15:19.400,-0.25859
08:15:19.500,-0.378455
08:15:19.600,-0.564053
08:15:19.700,-0.370697
08:15:19.800,0.007823
08:15:19.900,-0.853469
08:15:20.000,0.435322
08:15:20.100,-0.065538
08:15:20.200,0.186112
08:15:20.300,0.290611
08:15:20.400,0.397508
08:15:20.500,0.0352
08:15:20.600,0.619416
08:15:20.700,0.831732
08:15:20.800,-0.049818
08:15:20.900,0.236107
08:15:21.000,1.013553
08:15:21.100,0.939811
08:15:21.200,0.770299
08:15:21.300,0.384953
08:15:21.400,0.816776
08:15:21.500,0.07396
08:15:21.600,0.363382
08:15:21.700,-0.139479
08:15:21.800,0.159611
08:15:21.900,-0.251133
08:15:22.000,0.264534
08:15:22.100,0.04211
08:15:22.200,-0.416013
08:15:22.300,0.063811
08:15:22.400,-0.74616
08:15:22.500,-0.507324
08:15:22.600,-0.781499
08:15:22.700,-0.363874
08:15:22.800,-0.440535
08:15:22.900,-0.235697
08:15:23.000,-0.670955
08:15:23.100,-1.727241
08:15:23.200,-0.816544
08:15:23.300,-0.075864
08:15:23.400,-0.68006
08:15:23.500,-1.166112
08:15:23.600,-0.254184
08:15:23.700,-0.134373
08:15:23.800,-0.470832
08:15:23.900,-0.195866
08:15:24.000,-0.296554
08:15:24.100,0.292404
08:15:24.200,0.236122
08:15:24.300,-0.090228
08:15:24.400,0.408109
08:15:24.500,0.238416
08:15:24.600,1.077683
08:15:24.700,0.936499
08:15:24.800,0.622942
08:15:24.900,0.719754
08:15:25.000,1.054822
08:15:25.100,0.630618
08:15:25.200,0.931177
08:15:25.300,1.14079
08:15:25.400,0.394503
08:15:25.500,1.071126
08:15:25.600,0.885741
08:15:25.700,0.404789
08:15:25.800,0.060943
08:15:25.900,0.192143
08:15:26.000,-0.085575
08:15:26.100,-0.386974
08:15:26.200,-0.030016
08:15:26.300,-0.676027
08:15:26.400,-0.529944
08:15:26.500,-0.608865
08:15:26.600,-1.044153
08:15:26.700,-0.393239
08:15:26.800,-0.745658
08:15:26.900,-0.236787
08:15:27.000,-0.785629
08:15:27.100,-0.83369
08:15:27.200,-0.982365
08:15:27.300,-0.610044
08:15:27.400,-0.550675
08:15:27.500,-0.235356
08:15:27.600,-0.387993
08:15:27.700,0.415078
08:15:27.800,-0.056636
08:15:27.900,-0.454897
08:15:28.000,-0.375017
08:15:28.100,0.296683
08:15:28.200,-0.140103
08:15:28.300,0.525989
08:15:28.400,0.724923
08:15:28.500,0.816885
08:15:28.600,0.262096
08:15:28.700,0.946219
08:15:28.800,0.778646
08:15:28.900,0.478627
08:15:29.000,0.64421
08:15:29.100,0.85633
08:15:29.200,0.430242
08:15:29.300,0.729355
08:15:29.400,1.072273
08:15:29.500,0.832394
08:15:29.600,0.440145
08:15:29.700,0.399743
08:15:29.800,0.02799
08:15:29.900,-0.06896
08:15:30.000,-0.538019
08:15:30.100,-0.021616
08:15:30.200,0.022563
08:15:30.300,-0.342589
08:15:30.400,-0.718513
08:15:30.500,-0.47183
08:15:30.600,-0.096694
08:15:30.700,-0.309411
08:15:30.800,-0.676056
08:15:30.900,0.025219
08:15:31.000,0.244551
08:15:31.100,-0.859432
08:15:31.200,-0.751799
08:15:31.300,-0.381039
08:15:31.400,-0.885854
08:15:31.500,-0.197778
08:15:31.600,-0.375936
08:15:31.700,-0.18772
08:15:31.800,-0.417715
08:15:31.900,-0.3852
08:15:32.000,-0.694913
08:15:32.100,0.629177
08:15:32.200,0.545818
08:15:32.300,0.553469
08:15:32.400,0.533364
08:15:32.500,-0.311505
08:15:32.600,0.303426
08:15:32.700,0.534076
08:15:32.800,0.287268
08:15:32.900,0.098649
08:15:33.000,0.357923
08:15:33.100,0.708582
08:15:33.200,0.683029
08:15:33.300,0.941338
08:15:33.400,1.288425
08:15:33.500,0.734991
08:15:33.600,0.350007
08:15:33.700,0.947908
08:15:33.800,-0.337366
08:15:33.900,-0.618091
08:15:34.000,-0.310353
08:15:34.100,0.174761
08:15:34.200,-0.157316
08:15:34.300,-0.712707
08:15:34.400,-0.665933
08:15:34.500,-0.929494
08:15:34.600,-1.00084
08:15:34.700,-0.080834
08:15:34.800,-0.715942
08:15:34.900,-0.072028
08:15:35.000,-1.011505
08:15:35.100,-0.519488
08:15:35.200,-0.586261
08:15:35.300,-0.315816
08:15:35.400,-0.47722
08:15:35.500,-0.150196
08:15:35.600,-0.217481
08:15:35.700,-0.699739
08:15:35.800,0.040138
08:15:35.900,-0.145589
08:15:36.000,-0.271852
08:15:36.100,0.352396
08:15:36.200,0.538857
08:15:36.300,0.148546
08:15:36.400,0.288752
08:15:36.500,0.009483
08:15:36.600,-0.065343
08:15:36.700,0.538897
08:15:36.800,0.942959
08:15:36.900,0.490739
08:15:37.000,1.199728
08:15:37.100,0.619606
08:15:37.200,0.595386
08:15:37.300,0.522522
08:15:37.400,0.909869
08:15:37.500,0.159356
08:15:37.600,0.366314
08:15:37.700,0.126213
08:15:37.800,0.019763
08:15:37.900,0.121808
08:15:38.000,-0.039663
08:15:38.100,0.258581
08:15:38.200,-0.220083
08:15:38.300,-0.123541
08:15:38.400,-0.350985
08:15:38.500,-0.003659
08:15:38.600,-0.672147
08:15:38.700,-0.728555
08:15:38.800,-0.404976
08:15:38.900,-0.801983
08:15:39.000,-0.525563
08:15:39.100,0.126888
08:15:39.200,-1.008373
08:15:39.300,-0.08762
08:15:39.400,-0.738584
08:15:39.500,-0.026787
08:15:39.600,-0.171334
08:15:39.700,-0.107679
08:15:39.800,-0.269149
08:15:39.900,-0.19718
08:15:40.000,-0.252703
08:15:40.100,0.111701
08:15:40.200,0.151943
08:15:40.300,0.38465
08:15:40.400,-0.08228
08:15:40.500,0.502901
08:15:40.600,1.00824
08:15:40.700,0.954122
08:15:40.800,0.67379
08:15:40.900,1.588228
08:15:41.000,0.497926
08:15:41.100,0.661047
08:15:41.200,0.158059
08:15:41.300,0.482432
08:15:41.400,1.192047
08:15:41.500,0.367056
08:15:41.600,-0.123291
08:15:41.700,0.622993
08:15:41.800,0.352535
08:15:41.900,0.40023
08:15:42.000,-0.103968
08:15:42.100,-0.461997
08:15:42.200,-0.28058
08:15:42.300,-0.123598
08:15:42.400,-0.436764
08:15:42.500,-0.35919
08:15:42.600,-0.754198
08:15:42.700,-0.474921
08:15:42.800,-0.666794
08:15:42.900,-0.938438
08:15:43.000,-0.651017
08:15:43.100,-0.826724
08:15:43.200,-0.449732
08:15:43.300,-0.3181
08:15:43.400,-0.390774
08:15:43.500,-1.06722
08:15:43.600,-0.749119
08:15:43.700,-0.540595
08:15:43.800,-0.495022
08:15:43.900,-0.299501
08:15:44.000,0.323837
08:15:44.100,0.354033
08:15:44.200,0.067964
08:15:44.300,0.524921
08:15:44.400,0.526544
08:15:44.500,0.483474
08:15:44.600,0.968191
08:15:44.700,0.392251
08:15:44.800,0.684205
08:15:44.900,0.323581
08:15:45.000,0.348975
08:15:45.100,0.215114
08:15:45.200,0.32069
08:15:45.300,0.65279
08:15:45.400,0.460442
08:15:45.500,0.40052
08:15:45.600,0.306743
08:15:45.700,0.938253
08:15:45.800,-0.181701
08:15:45.900,-0.325929
08:15:46.000,-0.295898
08:15:46.100,-0.134667
08:15:46.200,-0.036142
08:15:46.300,-0.101288
08:15:46.400,-0.080826
08:15:46.500,-0.532858
08:15:46.600,-0.705024
08:15:46.700,-0.051993
08:15:46.800,-1.640212
08:15:46.900,-0.669416
08:15:47.000,-0.549498
08:15:47.100,-0.035592
08:15:47.200,-1.246938
08:15:47.300,-0.770753
08:15:47.400,-1.041475
08:15:47.500,-1.124371
08:15:47.600,-0.483034
08:15:47.700,-0.026211
08:15:47.800,0.205777
08:15:47.900,-0.29566
08:15:48.000,0.233284
08:15:48.100,0.040303
08:15:48.200,0.411113
08:15:48.300,0.72186
08:15:48.400,0.343469
08:15:48.500,0.871916
08:15:48.600,0.141752
08:15:48.700,0.853483
08:15:48.800,1.027525
08:15:48.900,1.016955
08:15:49.000,0.285243
08:15:49.100,0.619348
08:15:49.200,0.771501
08:15:49.300,0.778773
08:15:49.400,0.606868
08:15:49.500,0.99519
08:15:49.600,-0.042026
08:15:49.700,0.233706
08:15:49.800,-0.374408
08:15:49.900,0.326941
08:15:50.000,0.194117
08:15:50.100,1.062507
08:15:50.200,0.142914
08:15:50.300,-0.201816
08:15:50.400,-0.322236
08:15:50.500,-0.605789
08:15:50.600,-0.520641
08:15:50.700,-0.527017
08:15:50.800,-1.353405
08:15:50.900,-0.622462
08:15:51.000,-0.664647
08:15:51.100,-0.077477
08:15:51.200,-0.711825
08:15:51.300,-0.891645
08:15:51.400,-0.472326
08:15:51.500,-0.468953
08:15:51.600,-0.45716
08:15:51.700,-0.765439
08:15:51.800,-0.270919
08:15:51.900,-0.312221
08:15:52.000,-0.075769
08:15:52.100,0.365758
08:15:52.200,-0.019768
08:15:52.300,0.240362
08:15:52.400,0.600871
08:15:52.500,0.400684
08:15:52.600,1.479527
08:15:52.700,0.710808
08:15:52.800,0.231076
08:15:52.900,0.397626
08:15:53.000,0.371023
08:15:53.100,0.402623
08:15:53.200,0.853682
08:15:53.300,0.236426
08:15:53.400,0.45039
08:15:53.500,0.894936
08:15:53.600,0.229529
08:15:53.700,0.552814
08:15:53.800,-0.372728
08:15:53.900,-0.020211
08:15:54.000,-0.310081
08:15:54.100,-0.004584
08:15:54.200,-0.578484
08:15:54.300,0.406587
08:15:54.400,-0.985234
08:15:54.500,-0.097451
08:15:54.600,-0.258915
08:15:54.700,-0.515253
08:15:54.800,-0.646688
08:15:54.900,-0.042146
08:15:55.000,0.164837
08:15:55.100,-0.763925
08:15:55.200,-0.61052
08:15:55.300,-0.817045
08:15:55.400,-0.975562
08:15:55.500,-0.332885
08:15:55.600,-0.324082
08:15:55.700,-0.881371
08:15:55.800,-0.056711
08:15:55.900,-0.010405
08:15:56.000,-0.210436
08:15:56.100,-0.123779
08:15:56.200,0.364635
08:15:56.300,0.880902
08:15:56.400,0.550888
08:15:56.500,0.768144
08:15:56.600,0.275043
08:15:56.700,0.478709
08:15:56.800,0.878545
08:15:56.900,0.215961
08:15:57.000,0.772521
08:15:57.100,0.86408
08:15:57.200,0.652253
08:15:57.300,0.735485
08:15:57.400,0.586549
08:15:57.500,0.277218
08:15:57.600,-0.000888
08:15:57.700,0.286184
08:15:57.800,0.672889
08:15:57.900,0.468037
08:15:58.000,-0.120866
08:15:58.100,-0.237641
08:15:58.200,-0.370211
08:15:58.300,-0.471648
08:15:58.400,-0.310737
08:15:58.500,-0.124856
08:15:58.600,0.225671
08:15:58.700,-0.914151
08:15:58.800,-0.437826
08:15:58.900,-0.501565
08:15:59.000,-0.815411
08:15:59.100,-1.050485
08:15:59.200,-0.569359
08:15:59.300,0.118253
08:15:59.400,-0.472145
08:15:59.500,-0.770506
08:15:59.600,-0.466493
08:15:59.700,-0.716854
08:15:59.800,-0.209833
08:15:59.900,0.129689
08:16:00.000,-0.24241
08:16:00.100,-1.029959
08:16:00.200,0.31322
08:16:00.300,0.14225
08:16:00.400,0.148715
08:16:00.500,0.229219
08:16:00.600,0.7064
08:16:00.700,0.480937
08:16:00.800,0.991396
08:16:00.900,1.02474
08:16:01.000,0.605279
08:16:01.100,0.509079
08:16:01.200,0.710438
08:16:01.300,0.572817
08:16:01.400,-0.047068
08:16:01.500,1.164911
08:16:01.600,0.661467
08:16:01.700,0.155574
08:16:01.800,-0.454422
08:16:01.900,0.046353
08:16:02.000,-0.205792
08:16:02.100,-0.130705
08:16:02.200,-0.973667
08:16:02.300,-0.48308
08:16:02.400,-0.555412
08:16:02.500,-0.562271
08:16:02.600,-0.648985
08:16:02.700,-0.605417
08:16:02.800,-0.133327
08:16:02.900,-0.871637
08:16:03.000,-1.018905
08:16:03.100,-1.295948
08:16:03.200,-0.844628
08:16:03.300,-1.114142
08:16:03.400,-0.230278
08:16:03.500,-0.528612
08:16:03.600,-0.082637
08:16:03.700,0.195201
08:16:03.800,-0.519082
08:16:03.900,-0.23108
08:16:04.000,0.46609
08:16:04.100,0.17573
08:16:04.200,0.39884
08:16:04.300,0.679335
08:16:04.400,0.72523
08:16:04.500,0.638601
08:16:04.600,1.055038
08:16:04.700,0.599816
08:16:04.800,0.847535
08:16:04.900,0.629516
08:16:05.000,1.057193
08:16:05.100,0.446114
08:16:05.200,0.07674
08:16:05.300,0.852928
08:16:05.400,0.209263
08:16:05.500,0.10324
08:16:05.600,0.854175
08:16:05.700,0.655991
08:16:05.800,0.096437
08:16:05.900,-0.956408
08:16:06.000,0.186634
08:16:06.100,0.122373
08:16:06.200,-0.035428
08:16:06.300,-0.152995
08:16:06.400,-0.474936
08:16:06.500,-0.638639
08:16:06.600,-0.953469
08:16:06.700,-0.867793
08:16:06.800,-0.55322
08:16:06.900,-0.573107
08:16:07.000,-0.423561
08:16:07.100,-1.183633
08:16:07.200,-1.246469
08:16:07.300,-0.756601
08:16:07.400,-0.923294
08:16:07.500,-0.429879
08:16:07.600,-0.869906
08:16:07.700,0.095288
08:16:07.800,-0.504033
08:16:07.900,0.447932
08:16:08.000,0.183506
08:16:08.100,-0.259827
08:16:08.200,0.949473
08:16:08.300,0.410702
08:16:08.400,0.469591
08:16:08.500,0.472151
08:16:08.600,0.729606
08:16:08.700,0.807602
08:16:08.800,0.362999
08:16:08.900,0.616639
08:16:09.000,0.740495
08:16:09.100,0.895341
08:16:09.200,0.875631
08:16:09.300,0.681294
08:16:09.400,0.373699
08:16:09.500,0.284418
08:16:09.600,-0.005571
08:16:09.700,0.525204
08:16:09.800,0.00072
08:16:09.900,0.04239
08:16:10.000,0.08321
08:16:10.100,-0.108127
08:16:10.200,-0.218276
08:16:10.300,-0.63453
08:16:10.400,-0.317348
08:16:10.500,-0.604465
08:16:10.600,-0.596552
08:16:10.700,-0.218416
08:16:10.800,-0.488878
08:16:10.900,-0.891164
08:16:11.000,-0.75212
08:16:11.100,-0.131579
08:16:11.200,-0.773323
08:16:11.300,-0.609746
08:16:11.400,-0.333861
08:16:11.500,-0.419658
08:16:11.600,-0.541936
08:16:11.700,-0.577991
08:16:11.800,-0.219847
08:16:11.900,0.120803
08:16:12.000,0.462315
08:16:12.100,-0.40337
08:16:12.200,0.833286
08:16:12.300,0.21685
08:16:12.400,0.735139
08:16:12.500,0.236837
08:16:12.600,0.002518
08:16:12.700,0.164173
08:16:12.800,0.549905
08:16:12.900,0.874814
08:16:13.000,0.710917
08:16:13.100,0.6038
08:16:13.200,1.057048
08:16:13.300,0.6244
08:16:13.400,0.664237
08:16:13.500,1.583834
08:16:13.600,0.408636
08:16:13.700,0.074248
08:16:13.800,0.384648
08:16:13.900,0.366435
08:16:14.000,0.105344
08:16:14.100,-0.054585
08:16:14.200,0.302469
08:16:14.300,0.157243
08:16:14.400,-0.452435
08:16:14.500,-0.720198
08:16:14.600,-0.416091
08:16:14.700,-0.850936
08:16:14.800,-0.355933
08:16:14.900,-0.542962
08:16:15.000,0.234511
08:16:15.100,-0.175728
08:16:15.200,-1.043299
08:16:15.300,-0.805281
08:16:15.400,-1.236195
08:16:15.500,-1.243186
08:16:15.600,-0.37161
08:16:15.700,-0.735128
08:16:15.800,0.358103
08:16:15.900,0.295766
08:16:16.000,-0.095023
08:16:16.100,-0.005405
08:16:16.200,0.736192
08:16:16.300,0.917906
08:16:16.400,0.08504
08:16:16.500,0.123561
08:16:16.600,0.46093
08:16:16.700,0.774622
08:16:16.800,0.485954
08:16:16.900,0.849657
08:16:17.000,1.382605
08:16:17.100,0.199271
08:16:17.200,0.509753
08:16:17.300,0.138257
08:16:17.400,0.273507
08:16:17.500,0.391838
08:16:17.600,0.156926
08:16:17.700,0.499785
08:16:17.800,0.269147
08:16:17.900,0.214161
08:16:18.000,-0.107344
08:16:18.100,-0.184617
08:16:18.200,-0.339054
08:16:18.300,-0.404824
08:16:18.400,-0.264796
08:16:18.500,-1.168196
08:16:18.600,-0.465532
08:16:18.700,-0.92776
08:16:18.800,-0.78434
08:16:18.900,-1.237918
08:16:19.000,-0.825535
08:16:19.100,-0.594122
08:16:19.200,-0.50576
08:16:19.300,-1.038921
08:16:19.400,-0.423218
08:16:19.500,-0.096053
08:16:19.600,-0.584241
08:16:19.700,-0.317474
08:16:19.800,-0.940303
08:16:19.900,-0.423466
08:16:20.000,0.094682
08:16:20.100,0.443918
08:16:20.200,0.006565
08:16:20.300,1.252078
08:16:20.400,0.521311
08:16:20.500,0.0493
08:16:20.600,1.016826
08:16:20.700,0.185174
08:16:20.800,0.780689
08:16:20.900,0.366147
08:16:21.000,0.224898
08:16:21.100,1.028135
08:16:21.200,0.574818
08:16:21.300,1.22769
08:16:21.400,0.210035
08:16:21.500,-0.050899
08:16:21.600,0.243567
08:16:21.700,1.329471
08:16:21.800,0.508182
08:16:21.900,0.303367
08:16:22.000,0.205429
08:16:22.100,-0.279199
08:16:22.200,0.738961
08:16:22.300,-0.157463
08:16:22.400,-0.283939
08:16:22.500,-0.150273
08:16:22.600,-1.011947
08:16:22.700,-0.931476
08:16:22.800,-0.751669
08:16:22.900,-0.344417
08:16:23.000,-1.154319
08:16:23.100,-0.714956
08:16:23.200,-0.738837
08:16:23.300,-1.17474
08:16:23.400,-0.744438
08:16:23.500,-0.305187
08:16:23.600,-0.930594
08:16:23.700,0.176174
08:16:23.800,-0.052496
08:16:23.900,0.011598
08:16:24.000,0.002866
08:16:24.100,-0.272809
08:16:24.200,-0.011082
08:16:24.300,0.444442
08:16:24.400,0.18337
08:16:24.500,0.561037
08:16:24.600,0.251703
08:16:24.700,0.781705
08:16:24.800,0.849868
08:16:24.900,0.121691
08:16:25.000,0.723558
08:16:25.100,0.158798
08:16:25.200,0.014375
08:16:25.300,0.415842
08:16:25.400,1.545233
08:16:25.500,0.766361
08:16:25.600,0.898686
08:16:25.700,0.530739
08:16:25.800,0.288217
08:16:25.900,0.422891
08:16:26.000,-0.22385
08:16:26.100,0.055176
08:16:26.200,0.195672
08:16:26.300,-0.072996
08:16:26.400,0.023523
08:16:26.500,-0.431065
08:16:26.600,0.025916
08:16:26.700,-0.696586
08:16:26.800,0.075453
08:16:26.900,-0.490619
08:16:27.000,-0.834381
08:16:27.100,-1.104077
08:16:27.200,-0.948536
08:16:27.300,-0.959481
08:16:27.400,-0.597364
08:16:27.500,-0.94086
08:16:27.600,0.041016
08:16:27.700,-0.27904
08:16:27.800,-0.19176
08:16:27.900,-0.51739
08:16:28.000,-0.269163
08:16:28.100,-0.667624
08:16:28.200,0.782544
08:16:28.300,-0.178407
08:16:28.400,-0.058217
08:16:28.500,0.989585
08:16:28.600,0.70196
08:16:28.700,0.665962
08:16:28.800,0.784834
08:16:28.900,1.025247
08:16:29.000,0.734956
08:16:29.100,0.151145
08:16:29.200,0.922356
08:16:29.300,0.771525
08:16:29.400,0.976356
08:16:29.500,0.05779
08:16:29.600,0.15618
08:16:29.700,0.455024
08:16:29.800,-0.114267
08:16:29.900,-0.713991
08:16:30.000,0.069066
08:16:30.100,0.203749
08:16:30.200,-0.261438
08:16:30.300,-0.125946
08:16:30.400,-0.270271
08:16:30.500,-0.491301
08:16:30.600,-0.518725
08:16:30.700,-0.151506
08:16:30.800,-1.003227
08:16:30.900,-0.420816
08:16:31.000,-1.113307
08:16:31.100,-0.969555
08:16:31.200,-0.247169
08:16:31.300,-1.047146
08:16:31.400,-0.650869
08:16:31.500,0.331497
08:16:31.600,-0.052507
08:16:31.700,-0.575804
08:16:31.800,-0.414351
08:16:31.900,-0.169045
08:16:32.000,0.45918
08:16:32.100,-0.241072
08:16:32.200,-0.155447
08:16:32.300,0.567467
08:16:32.400,-0.176948
08:16:32.500,0.176098
08:16:32.600,0.536531
08:16:32.700,0.611867
08:16:32.800,0.188123
08:16:32.900,0.815191
08:16:33.000,0.893818
08:16:33.100,0.459511
08:16:33.200,1.247005
08:16:33.300,0.742567
08:16:33.400,0.214611
08:16:33.500,1.062248
08:16:33.600,0.228286
08:16:33.700,0.380399
08:16:33.800,0.045938
08:16:33.900,0.327958
08:16:34.000,-0.168535
08:16:34.100,-0.256804
08:16:34.200,-0.272304
08:16:34.300,-0.493476
08:16:34.400,-0.036315
08:16:34.500,-0.935202
08:16:34.600,-0.579314
08:16:34.700,-0.592392
08:16:34.800,-0.709362
08:16:34.900,-0.352477
08:16:35.000,-1.226382
08:16:35.100,-0.492611
08:16:35.200,-1.101473
08:16:35.300,-0.801776
08:16:35.400,-1.038003
08:16:35.500,-0.611207
08:16:35.600,-0.613824
08:16:35.700,0.255602
08:16:35.800,-0.131834
08:16:35.900,0.044421
08:16:36.000,-0.387626
08:16:36.100,0.368531
08:16:36.200,0.789691
08:16:36.300,0.622262
08:16:36.400,-0.047755
08:16:36.500,0.332525
08:16:36.600,0.604283
08:16:36.700,0.421697
08:16:36.800,1.552286
08:16:36.900,0.522585
08:16:37.000,0.684827
08:16:37.100,0.481302
08:16:37.200,0.746829
08:16:37.300,1.107527
08:16:37.400,0.606511
08:16:37.500,0.41832
08:16:37.600,0.035581
08:16:37.700,0.740886
08:16:37.800,0.166019
08:16:37.900,0.04416
08:16:38.000,-0.818628
08:16:38.100,-0.15403
08:16:38.200,-0.356699
08:16:38.300,-0.956895
08:16:38.400,-0.065086
08:16:38.500,-0.68231
08:16:38.600,0.097137
08:16:38.700,-0.12865
08:16:38.800,-0.917706
08:16:38.900,-0.212122
08:16:39.000,-0.13631
08:16:39.100,-0.887044
08:16:39.200,-1.027171
08:16:39.300,-1.378079
08:16:39.400,-0.433157
08:16:39.500,-0.835639
08:16:39.600,-0.267777
08:16:39.700,-0.516541
08:16:39.800,-0.489218
08:16:39.900,-0.306026
08:16:40.000,-0.454936
08:16:40.100,-0.08718
08:16:40.200,-0.041503
08:16:40.300,0.312839
08:16:40.400,0.44794
08:16:40.500,0.120063
08:16:40.600,0.951594
08:16:40.700,0.567856
08:16:40.800,1.191593
08:16:40.900,0.775761
08:16:41.000,0.724186
08:16:41.100,0.51954
08:16:41.200,0.880933
08:16:41.300,0.635453
08:16:41.400,0.866775
08:16:41.500,1.056607
08:16:41.600,0.157051
08:16:41.700,0.532506
08:16:41.800,0.421103
08:16:41.900,0.269843
08:16:42.000,-0.15162
08:16:42.100,-0.254042
08:16:42.200,-0.420671
08:16:42.300,-0.529094
08:16:42.400,-0.705493
08:16:42.500,-0.531549
08:16:42.600,-0.831548
08:16:42.700,-0.471229
08:16:42.800,-0.645806
08:16:42.900,-0.632189
08:16:43.000,-0.795721
08:16:43.100,-0.667267
08:16:43.200,-0.752302
08:16:43.300,-0.350864
08:16:43.400,-0.721148
08:16:43.500,-0.363541
08:16:43.600,-0.86868
08:16:43.700,-0.068567
08:16:43.800,-0.412053
08:16:43.900,-0.428799
08:16:44.000,-0.39858
08:16:44.100,-0.316768
08:16:44.200,0.047797
08:16:44.300,0.842313
08:16:44.400,0.186287
08:16:44.500,-0.278235
08:16:44.600,0.694225
08:16:44.700,0.233715
08:16:44.800,0.950922
08:16:44.900,0.544005
08:16:45.000,0.604097
08:16:45.100,1.110441
08:16:45.200,0.881945
08:16:45.300,0.187473
08:16:45.400,0.181571
08:16:45.500,-0.129261
08:16:45.600,1.322577
08:16:45.700,0.015846
08:16:45.800,0.625746
08:16:45.900,-0.076792
08:16:46.000,-0.377949
08:16:46.100,-0.101958
08:16:46.200,-0.330644
08:16:46.300,-0.037137
08:16:46.400,-0.126415
08:16:46.500,-0.701524
08:16:46.600,-1.070296
08:16:46.700,-1.042712
08:16:46.800,-1.4646
08:16:46.900,-0.787443
08:16:47.000,-0.70413
08:16:47.100,-1.091372
08:16:47.200,-1.108017
08:16:47.300,-0.629334
08:16:47.400,-0.787496
08:16:47.500,-0.5695
08:16:47.600,-0.539978
08:16:47.700,-0.230738
08:16:47.800,-0.41416
08:16:47.900,-0.280565
08:16:48.000,-0.65863
08:16:48.100,0.091888
08:16:48.200,0.247354
08:16:48.300,0.255599
08:16:48.400,1.080592
08:16:48.500,0.551947
08:16:48.600,0.511545
08:16:48.700,0.798405
08:16:48.800,1.405242
08:16:48.900,0.779835
08:16:49.000,-0.078219
08:16:49.100,0.842602
08:16:49.200,0.358007
08:16:49.300,-0.049162
08:16:49.400,1.160458
08:16:49.500,1.013481
08:16:49.600,0.094638
08:16:49.700,0.003272
08:16:49.800,0.27237
08:16:49.900,-0.200308
08:16:50.000,-0.047276
08:16:50.100,-0.359118
08:16:50.200,-0.356453
08:16:50.300,-0.809318
08:16:50.400,-0.122035
08:16:50.500,-0.073649
08:16:50.600,-0.601383
08:16:50.700,-0.636389
08:16:50.800,-0.445535
08:16:50.900,-0.690716
08:16:51.000,-0.094653
08:16:51.100,-1.152109
08:16:51.200,-0.36441
08:16:51.300,-0.663675
08:16:51.400,-0.958736
08:16:51.500,0.291506
08:16:51.600,0.42337
08:16:51.700,-0.390548
08:16:51.800,-0.060658
08:16:51.900,-0.274419
08:16:52.000,-0.108603
08:16:52.100,-0.286871
08:16:52.200,-0.23178
08:16:52.300,0.963246
08:16:52.400,0.397881
08:16:52.500,0.512679
08:16:52.600,0.282631
08:16:52.700,0.690194
08:16:52.800,0.139412
08:16:52.900,0.420573
08:16:53.000,0.280079
08:16:53.100,1.143891
08:16:53.200,0.087575
08:16:53.300,0.210979
08:16:53.400,-0.150344
08:16:53.500,0.18347
08:16:53.600,0.250617
08:16:53.700,0.660016
08:16:53.800,0.138613
08:16:53.900,-0.034201
08:16:54.000,0.104968
08:16:54.100,-0.26452
08:16:54.200,0.627156
08:16:54.300,-0.524645
08:16:54.400,-0.266651
08:16:54.500,-0.205715
08:16:54.600,-0.783212
08:16:54.700,-0.565824
08:16:54.800,-0.841035
08:16:54.900,-0.595475
08:16:55.000,-0.664677
08:16:55.100,-0.740481
08:16:55.200,-1.070187
08:16:55.300,0.028589
08:16:55.400,-0.361072
08:16:55.500,-1.050998
08:16:55.600,-0.558579
08:16:55.700,-0.867082
08:16:55.800,0.050417
08:16:55.900,-0.117128
08:16:56.000,0.001427
08:16:56.100,-0.185324
08:16:56.200,0.105865
08:16:56.300,0.593308
08:16:56.400,0.780991
08:16:56.500,0.791222
08:16:56.600,0.023053
08:16:56.700,0.558564
08:16:56.800,0.754399
08:16:56.900,0.43421
08:16:57.000,0.119344
08:16:57.100,0.241061
08:16:57.200,1.190661
08:16:57.300,0.206693
08:16:57.400,0.582958
08:16:57.500,0.440257
08:16:57.600,0.357626
08:16:57.700,0.205842
08:16:57.800,0.49251
08:16:57.900,0.121969
08:16:58.000,-0.218979
08:16:58.100,-0.091534
08:16:58.200,-0.663452
08:16:58.300,-0.151213
08:16:58.400,-0.649788
08:16:58.500,-0.713155
08:16:58.600,-0.386745
08:16:58.700,-0.766265
08:16:58.800,-0.788595
08:16:58.900,-0.282711
08:16:59.000,-1.040616
08:16:59.100,-0.516947
08:16:59.200,-0.333406
08:16:59.300,-0.215291
08:16:59.400,0.19547
08:16:59.500,-0.719724
08:16:59.600,-0.715227
08:16:59.700,-0.031768
08:16:59.800,0.112772
08:16:59.900,-0.386261
08:17:00.000,0.169682
08:17:00.100,1.062977
08:17:00.200,0.252944
08:17:00.300,0.641018
08:17:00.400,0.963308
08:17:00.500,1.371286
08:17:00.600,0.652307
08:17:00.700,1.062266
08:17:00.800,0.389767
08:17:00.900,0.70009
08:17:01.000,0.543742
08:17:01.100,0.031513
08:17:01.200,0.104678
08:17:01.300,0.774216
08:17:01.400,0.723703
08:17:01.500,0.130405
08:17:01.600,0.956535
08:17:01.700,-0.0707
08:17:01.800,0.306356
08:17:01.900,-0.03583
08:17:02.000,0.037432
08:17:02.100,0.204983
08:17:02.200,0.048758
08:17:02.300,-0.070049
08:17:02.400,-0.208395
08:17:02.500,-0.940435
08:17:02.600,-0.169227
08:17:02.700,-0.994806
08:17:02.800,-0.702851
08:17:02.900,-0.814346
08:17:03.000,-0.577457
08:17:03.100,-0.861032
08:17:03.200,-0.721218
08:17:03.300,-0.057101
08:17:03.400,-1.019651
08:17:03.500,-0.495838
08:17:03.600,-0.801394
08:17:03.700,-0.081771
08:17:03.800,-0.470667
08:17:03.900,-0.096016
08:17:04.000,-0.463633
08:17:04.100,0.561543
08:17:04.200,0.241788
08:17:04.300,0.366011
08:17:04.400,0.701621
08:17:04.500,0.056982
08:17:04.600,0.351054
08:17:04.700,0.683224
08:17:04.800,0.049044
08:17:04.900,0.112262
08:17:05.000,0.412558
08:17:05.100,0.292033
08:17:05.200,0.545387
08:17:05.300,0.806556
08:17:05.400,0.82877
08:17:05.500,1.128268
08:17:05.600,0.403531
08:17:05.700,0.371819
08:17:05.800,0.207604
08:17:05.900,0.221598
08:17:06.000,0.139429
08:17:06.100,0.213237
08:17:06.200,0.105061
08:17:06.300,-0.136016
08:17:06.400,0.117111
08:17:06.500,-0.48561
08:17:06.600,-0.780361
08:17:06.700,-0.78052
08:17:06.800,-0.702782
08:17:06.900,-1.070654
08:17:07.000,-0.914679
08:17:07.100,-1.090325
08:17:07.200,-0.545353
08:17:07.300,-0.499867
08:17:07.400,-1.185432
08:17:07.500,-0.723903
08:17:07.600,0.227366
08:17:07.700,-0.09737
08:17:07.800,-0.057294
08:17:07.900,-0.341993
08:17:08.000,0.100549
08:17:08.100,0.104426
08:17:08.200,-0.062549
08:17:08.300,0.144967
08:17:08.400,0.246511
08:17:08.500,-0.026061
08:17:08.600,0.103063
08:17:08.700,0.55389
08:17:08.800,0.36894
08:17:08.900,0.58606
08:17:09.000,0.138022
08:17:09.100,0.971846
08:17:09.200,1.393907
08:17:09.300,0.983293
08:17:09.400,0.961999
08:17:09.500,0.714118
08:17:09.600,0.504405
08:17:09.700,0.348076
08:17:09.800,-0.103772
08:17:09.900,0.351024
08:17:10.000,0.220748
08:17:10.100,-0.271557
08:17:10.200,-0.03221
08:17:10.300,-0.560674
08:17:10.400,-0.632039
08:17:10.500,-0.223688
08:17:10.600,-0.415627
08:17:10.700,-0.704885
08:17:10.800,-0.787423
08:17:10.900,-0.630211
08:17:11.000,-1.34239
08:17:11.100,-0.956601
08:17:11.200,-1.108528
08:17:11.300,-0.619556
08:17:11.400,-0.185295
08:17:11.500,-0.327969
08:17:11.600,-0.590474
08:17:11.700,-0.565102
08:17:11.800,-0.480165
08:17:11.900,0.590362
08:17:12.000,0.023822
08:17:12.100,0.179417
08:17:12.200,-0.522583
08:17:12.300,-0.095535
08:17:12.400,0.395988
08:17:12.500,0.320618
08:17:12.600,0.612882
08:17:12.700,0.665662
08:17:12.800,0.875898
08:17:12.900,0.037175
08:17:13.000,0.31317
08:17:13.100,0.656518
08:17:13.200,0.439148
08:17:13.300,0.515107
08:17:13.400,0.604471
08:17:13.500,0.234248
08:17:13.600,0.478744
08:17:13.700,0.508188
08:17:13.800,0.23909
08:17:13.900,0.361759
08:17:14.000,-0.760529
08:17:14.100,-0.314616
08:17:14.200,0.096004
08:17:14.300,-0.620317
08:17:14.400,-0.76147
08:17:14.500,-0.539169
08:17:14.600,-0.572374
08:17:14.700,-0.810848
08:17:14.800,-0.020489
08:17:14.900,-0.59111
08:17:15.000,-1.016009
08:17:15.100,-1.195209
08:17:15.200,-0.523788
08:17:15.300,-0.948007
08:17:15.400,0.187105
08:17:15.500,-0.345195
08:17:15.600,-0.215459
08:17:15.700,-0.230753
08:17:15.800,0.176237
08:17:15.900,-0.947876
08:17:16.000,-0.421145
08:17:16.100,0.471452
08:17:16.200,0.741515
08:17:16.300,-0.114555
08:17:16.400,-0.225071
08:17:16.500,0.553607
08:17:16.600,0.736206
08:17:16.700,0.675288
08:17:16.800,0.644869
08:17:16.900,0.043233
08:17:17.000,0.568746
08:17:17.100,0.612316
08:17:17.200,0.473855
08:17:17.300,-0.047854
08:17:17.400,0.77097
08:17:17.500,0.797992
08:17:17.600,0.133324
08:17:17.700,0.252703
08:17:17.800,0.042393
08:17:17.900,-0.061013
08:17:18.000,0.172608
08:17:18.100,0.071558
08:17:18.200,0.159858
08:17:18.300,0.051082
08:17:18.400,-0.471582
08:17:18.500,0.499762
08:17:18.600,-0.023829
08:17:18.700,-0.854054
08:17:18.800,-0.62143
08:17:18.900,-1.386417
08:17:19.000,-0.69046
08:17:19.100,-0.105589
08:17:19.200,0.307717
08:17:19.300,-0.666152
08:17:19.400,-0.449103
08:17:19.500,-0.283116
08:17:19.600,0.281447
08:17:19.700,-0.661834
08:17:19.800,0.713118
08:17:19.900,-0.220479
08:17:20.000,-0.409554
08:17:20.100,-0.000837
08:17:20.200,-0.06705
08:17:20.300,0.464533
08:17:20.400,-0.166888
08:17:20.500,0.544549
08:17:20.600,0.798701
08:17:20.700,1.142696
08:17:20.800,0.903952
08:17:20.900,1.188828
08:17:21.000,0.488016
08:17:21.100,0.829348
08:17:21.200,-0.11449
08:17:21.300,0.583809
08:17:21.400,0.701675
08:17:21.500,0.662006
08:17:21.600,-0.139477
08:17:21.700,0.181235
08:17:21.800,0.128546
08:17:21.900,-0.040672
08:17:22.000,0.253752
08:17:22.100,-0.185394
08:17:22.200,-0.181547
08:17:22.300,-0.48916
08:17:22.400,-0.038761
08:17:22.500,-0.096243
08:17:22.600,-0.674232
08:17:22.700,0.374002
08:17:22.800,-0.934007
08:17:22.900,-0.338863
08:17:23.000,-1.03285
08:17:23.100,-0.420823
08:17:23.200,-0.422488
08:17:23.300,-0.977813
08:17:23.400,-0.612023
08:17:23.500,0.158734
08:17:23.600,-0.696455
08:17:23.700,-0.17714
08:17:23.800,-0.098893
08:17:23.900,-0.124303
08:17:24.000,-0.605896
08:17:24.100,0.399523
08:17:24.200,0.220378
08:17:24.300,0.704139
08:17:24.400,0.492565
08:17:24.500,0.517539
08:17:24.600,0.696701
08:17:24.700,0.278069
08:17:24.800,1.211077
08:17:24.900,0.559987
08:17:25.000,0.573103
08:17:25.100,1.143686
08:17:25.200,0.752309
08:17:25.300,0.540947
08:17:25.400,0.711149
08:17:25.500,0.714069
08:17:25.600,0.370031
08:17:25.700,0.640609
08:17:25.800,-0.228382
08:17:25.900,0.201138
08:17:26.000,0.280094
08:17:26.100,0.108124
08:17:26.200,-1.000679
08:17:26.300,-0.362101
08:17:26.400,-0.836363
08:17:26.500,-0.044955
08:17:26.600,-0.703048
08:17:26.700,-0.212558
08:17:26.800,-1.091705
08:17:26.900,-0.554657
08:17:27.000,-0.697221
08:17:27.100,0.276042
08:17:27.200,-0.253465
08:17:27.300,-0.233845
08:17:27.400,0.143421
08:17:27.500,-0.395656
08:17:27.600,-0.446277
08:17:27.700,-0.392527
08:17:27.800,-0.101576
08:17:27.900,-1.079047
08:17:28.000,0.000814
08:17:28.100,0.188881
08:17:28.200,0.161764
08:17:28.300,-0.218024
08:17:28.400,0.359007
08:17:28.500,-0.04182
08:17:28.600,1.187127
08:17:28.700,0.533632
08:17:28.800,-0.056207
08:17:28.900,0.619103
08:17:29.000,1.013389
08:17:29.100,0.753009
08:17:29.200,0.34589
08:17:29.300,0.386318
08:17:29.400,0.465915
08:17:29.500,0.341093
08:17:29.600,-0.029398
08:17:29.700,0.294134
08:17:29.800,-0.250495
08:17:29.900,0.44167
08:17:30.000,0.374887
08:17:30.100,-0.46062
08:17:30.200,-0.467137
08:17:30.300,-0.465843
08:17:30.400,-0.422481
08:17:30.500,-0.405078
08:17:30.600,-0.404243
08:17:30.700,-0.469802
08:17:30.800,-0.121887
08:17:30.900,-0.670254
08:17:31.000,-1.155869
08:17:31.100,-1.254595
08:17:31.200,-0.093214
08:17:31.300,-0.445325
08:17:31.400,-0.494054
08:17:31.500,-0.337821
08:17:31.600,-0.355356
08:17:31.700,-0.166177
08:17:31.800,-0.346718
08:17:31.900,0.259815
08:17:32.000,-0.183703
08:17:32.100,-0.206646
08:17:32.200,-0.375484
08:17:32.300,0.23459
08:17:32.400,0.855076
08:17:32.500,0.334902
08:17:32.600,0.08382
08:17:32.700,0.723394
08:17:32.800,0.437866
08:17:32.900,1.233275
08:17:33.000,1.076109
08:17:33.100,0.246569
08:17:33.200,0.604876
08:17:33.300,0.35936
08:17:33.400,0.160135
08:17:33.500,0.475398
08:17:33.600,0.697831
08:17:33.700,0.289196
08:17:33.800,0.035659
08:17:33.900,-0.662679
08:17:34.000,-0.233035
08:17:34.100,0.083628
08:17:34.200,-0.685991
08:17:34.300,0.131103
08:17:34.400,-0.615722
08:17:34.500,-0.427173
08:17:34.600,-0.706011
08:17:34.700,-1.035415
08:17:34.800,-0.511636
08:17:34.900,-0.900686
08:17:35.000,-0.991561
08:17:35.100,-1.523034
08:17:35.200,-0.209799
08:17:35.300,-0.621553
08:17:35.400,-0.179013
08:17:35.500,-0.277907
08:17:35.600,-0.024198
08:17:35.700,-0.515244
08:17:35.800,-0.696671
08:17:35.900,0.157438
08:17:36.000,0.04557
08:17:36.100,-0.053724
08:17:36.200,0.476262
08:17:36.300,0.425639
08:17:36.400,0.635078
08:17:36.500,0.137137
08:17:36.600,0.908478
08:17:36.700,0.622084
08:17:36.800,1.045444
08:17:36.900,1.030271
08:17:37.000,0.940204
08:17:37.100,0.652488
08:17:37.200,0.914089
08:17:37.300,1.01248
08:17:37.400,0.778668
08:17:37.500,0.565884
08:17:37.600,0.660597
08:17:37.700,0.133797
08:17:37.800,0.746208
08:17:37.900,-0.479135
08:17:38.000,0.012041
08:17:38.100,-0.251589
08:17:38.200,-0.440624
08:17:38.300,-0.210975
08:17:38.400,-0.805366
08:17:38.500,0.258202
08:17:38.600,-1.039549
08:17:38.700,-0.956648
08:17:38.800,-1.031729
08:17:38.900,-0.621907
08:17:39.000,-0.34491
08:17:39.100,-0.507279
08:17:39.200,-0.150419
08:17:39.300,-0.913248
08:17:39.400,-0.335759
08:17:39.500,-0.601213
08:17:39.600,-0.331624
08:17:39.700,0.070245
08:17:39.800,-0.808607
08:17:39.900,0.587349
08:17:40.000,-0.050835
08:17:40.100,-0.452816
08:17:40.200,-0.026185
08:17:40.300,0.3536
08:17:40.400,0.168873
08:17:40.500,-0.221788
08:17:40.600,0.600192
08:17:40.700,0.371092
08:17:40.800,0.893639
08:17:40.900,0.317446
08:17:41.000,1.491535
08:17:41.100,0.871152
08:17:41.200,0.734618
08:17:41.300,0.841798
08:17:41.400,-0.071217
08:17:41.500,0.321039
08:17:41.600,1.035507
08:17:41.700,0.205747
08:17:41.800,0.194323
08:17:41.900,-0.053771
08:17:42.000,0.512578
08:17:42.100,-0.195126
08:17:42.200,-0.654454
08:17:42.300,0.584792
08:17:42.400,-0.892708
08:17:42.500,-0.529058
08:17:42.600,-0.86094
08:17:42.700,-0.869265
08:17:42.800,-1.036681
08:17:42.900,-0.880379
08:17:43.000,-0.355588
08:17:43.100,-1.357077
08:17:43.200,-0.224457
08:17:43.300,-0.242765
08:17:43.400,-0.388141
08:17:43.500,-0.450815
08:17:43.600,-0.314626
08:17:43.700,0.180401
08:17:43.800,-0.827337
08:17:43.900,0.145047
08:17:44.000,-0.26116
08:17:44.100,0.398516
08:17:44.200,0.001552
08:17:44.300,0.565198
08:17:44.400,-0.13052
08:17:44.500,-0.097426
08:17:44.600,0.52674
08:17:44.700,1.12614
08:17:44.800,0.853439
08:17:44.900,0.876572
08:17:45.000,1.001068
08:17:45.100,0.55244
08:17:45.200,0.879502
08:17:45.300,0.420819
08:17:45.400,0.456407
08:17:45.500,0.428527
08:17:45.600,0.220515
08:17:45.700,0.294676
08:17:45.800,0.127217
08:17:45.900,-0.138179
08:17:46.000,-0.049211
08:17:46.100,-0.055161
08:17:46.200,-0.601264
08:17:46.300,-0.171684
08:17:46.400,-0.584238
08:17:46.500,-0.425603
08:17:46.600,-0.799166
08:17:46.700,-0.256031
08:17:46.800,-0.331099
08:17:46.900,-1.058668
08:17:47.000,-0.51625
08:17:47.100,-0.185187
08:17:47.200,-0.997602
08:17:47.300,-0.927839
08:17:47.400,-0.309041
08:17:47.500,-0.952487
08:17:47.600,-0.683579
08:17:47.700,-0.672926
08:17:47.800,0.045308
08:17:47.900,-0.351855
08:17:48.000,-0.099611
08:17:48.100,-0.152409
08:17:48.200,0.618292
08:17:48.300,0.017008
08:17:48.400,-0.08121
08:17:48.500,-0.011403
08:17:48.600,0.809093
08:17:48.700,0.891757
08:17:48.800,1.102734
08:17:48.900,0.250041
08:17:49.000,0.619076
08:17:49.100,1.540937
08:17:49.200,0.559929
08:17:49.300,0.426512
08:17:49.400,0.558958
08:17:49.500,0.680458
08:17:49.600,0.591081
08:17:49.700,0.102742
08:17:49.800,0.01155
08:17:49.900,0.005743
08:17:50.000,-0.25553
08:17:50.100,-0.541671
08:17:50.200,0.416471
08:17:50.300,-0.460217
08:17:50.400,-0.534035
08:17:50.500,-0.606655
08:17:50.600,-0.59449
08:17:50.700,-0.471539
08:17:50.800,-0.828557
08:17:50.900,-0.292608
08:17:51.000,-0.490764
08:17:51.100,-0.758196
08:17:51.200,-0.898922
08:17:51.300,-0.24398
08:17:51.400,-0.623027
08:17:51.500,-0.929938
08:17:51.600,-0.054077
08:17:51.700,-0.572008
08:17:51.800,0.087663
08:17:51.900,-0.989498
08:17:52.000,-0.129032
08:17:52.100,0.515493
08:17:52.200,0.218108
08:17:52.300,0.527141
08:17:52.400,0.095774
08:17:52.500,0.616672
08:17:52.600,0.567625
08:17:52.700,0.708871
08:17:52.800,1.379488
08:17:52.900,1.147988
08:17:53.000,0.977198
08:17:53.100,0.972999
08:17:53.200,0.347535
08:17:53.300,0.458774
08:17:53.400,0.029908
08:17:53.500,0.05062
08:17:53.600,0.101163
08:17:53.700,0.3076
08:17:53.800,-0.212441
08:17:53.900,0.095795
08:17:54.000,-0.05391
08:17:54.100,-0.506484
08:17:54.200,0.317644
08:17:54.300,-0.781377
08:17:54.400,-0.020386
08:17:54.500,-1.283971
08:17:54.600,-0.616094
08:17:54.700,-1.042873
08:17:54.800,-0.894799
08:17:54.900,-0.057828
08:17:55.000,-0.821439
08:17:55.100,-1.077974
08:17:55.200,-0.495067
08:17:55.300,-0.748216
08:17:55.400,-0.513562
08:17:55.500,-0.815034
08:17:55.600,-0.714275
08:17:55.700,-0.593482
08:17:55.800,0.06314
08:17:55.900,-0.188895
08:17:56.000,-0.366891
08:17:56.100,0.166141
08:17:56.200,0.24413
08:17:56.300,0.518554
08:17:56.400,0.242819
08:17:56.500,0.467825
08:17:56.600,0.713899
08:17:56.700,0.270431
08:17:56.800,0.975918
08:17:56.900,0.697137
08:17:57.000,0.314646
08:17:57.100,0.303434
08:17:57.200,0.63095
08:17:57.300,0.431126
08:17:57.400,0.830424
08:17:57.500,0.394612
08:17:57.600,0.517516
08:17:57.700,0.020776
08:17:57.800,0.208263
08:17:57.900,0.569942
08:17:58.000,-0.051845
08:17:58.100,-0.303042
08:17:58.200,-0.518644
08:17:58.300,-0.324363
08:17:58.400,0.08181
08:17:58.500,-0.972233
08:17:58.600,-0.583783
08:17:58.700,-1.22356
08:17:58.800,-0.809387
08:17:58.900,-0.599413
08:17:59.000,-1.253131
08:17:59.100,-0.847065
08:17:59.200,-0.564058
08:17:59.300,-0.577806
08:17:59.400,-0.447677
08:17:59.500,-0.836084
08:17:59.600,-0.309912
08:17:59.700,-0.527796
08:17:59.800,0.033598
08:17:59.900,-0.918232
08:18:00.000,-0.101363
08:18:00.100,0.144111
08:18:00.200,0.688613
08:18:00.300,0.348172
08:18:00.400,0.47735
08:18:00.500,0.626396
08:18:00.600,1.004892
08:18:00.700,0.490042
08:18:00.800,0.174654
08:18:00.900,0.13329
08:18:01.000,0.932468
08:18:01.100,0.769504
08:18:01.200,0.57602
08:18:01.300,0.418572
08:18:01.400,0.629603
08:18:01.500,0.568378
08:18:01.600,0.57939
08:18:01.700,-0.07024
08:18:01.800,-0.401195
08:18:01.900,-0.21023
08:18:02.000,-0.472895
08:18:02.100,-0.600528
08:18:02.200,0.333096
08:18:02.300,-1.111244
08:18:02.400,-0.247053
08:18:02.500,-0.177525
08:18:02.600,-0.220699
08:18:02.700,-0.526673
08:18:02.800,-0.203771
08:18:02.900,-0.067192
08:18:03.000,-0.805781
08:18:03.100,-0.534767
08:18:03.200,-0.219212
08:18:03.300,-0.92539
08:18:03.400,-0.65203
08:18:03.500,-0.714012
08:18:03.600,-0.250107
08:18:03.700,-0.982128
08:18:03.800,0.286508
08:18:03.900,0.077325
08:18:04.000,0.206479
08:18:04.100,-0.717656
08:18:04.200,-0.147737
08:18:04.300,0.839458
08:18:04.400,0.349358
08:18:04.500,-0.108448
08:18:04.600,0.64388
08:18:04.700,0.86141
08:18:04.800,0.851762
08:18:04.900,0.63874
08:18:05.000,1.097447
08:18:05.100,0.445678
08:18:05.200,0.854771
08:18:05.300,0.670961
08:18:05.400,0.519732
08:18:05.500,0.362326
08:18:05.600,0.291192
08:18:05.700,0.329082
08:18:05.800,0.11386
08:18:05.900,0.366079
08:18:06.000,-0.187595
08:18:06.100,0.439398
08:18:06.200,-0.419546
08:18:06.300,0.004235
08:18:06.400,-0.074324
08:18:06.500,-0.436923
08:18:06.600,-0.539446
08:18:06.700,-0.878843
08:18:06.800,-0.846715
08:18:06.900,-0.614458
08:18:07.000,-0.715797
08:18:07.100,-0.277302
08:18:07.200,-0.824846
08:18:07.300,-0.761627
08:18:07.400,-1.148968
08:18:07.500,-0.26974
08:18:07.600,-0.217823
08:18:07.700,0.024185
08:18:07.800,0.145391
08:18:07.900,0.166627
08:18:08.000,0.290891
08:18:08.100,0.323028
08:18:08.200,0.483745
08:18:08.300,-0.326893
08:18:08.400,0.026523
08:18:08.500,0.052857
08:18:08.600,1.010872
08:18:08.700,0.349669
08:18:08.800,0.447738
08:18:08.900,0.693712
08:18:09.000,0.264712
08:18:09.100,0.824573
08:18:09.200,-0.079897
08:18:09.300,0.211583
08:18:09.400,0.635898
08:18:09.500,0.060402
08:18:09.600,0.866139
08:18:09.700,0.333991
08:18:09.800,0.612536
08:18:09.900,0.234775
08:18:10.000,-0.004175
08:18:10.100,-0.458301
08:18:10.200,0.108889
08:18:10.300,-0.163354
08:18:10.400,0.318177
08:18:10.500,-0.205035
08:18:10.600,-0.705403
08:18:10.700,-0.522407
08:18:10.800,-0.517991
08:18:10.900,-0.284346
08:18:11.000,-0.237346
08:18:11.100,-0.748073
08:18:11.200,-1.091172
08:18:11.300,-1.272548
08:18:11.400,-0.965154
08:18:11.500,-0.702097
08:18:11.600,0.115068
08:18:11.700,0.214034
08:18:11.800,0.119744
08:18:11.900,0.321135
08:18:12.000,-0.247587
08:18:12.100,-0.420856
08:18:12.200,-0.135973
08:18:12.300,-0.394393
08:18:12.400,0.021565
08:18:12.500,0.317893
08:18:12.600,0.624658
08:18:12.700,0.671115
08:18:12.800,0.424367
08:18:12.900,0.890514
08:18:13.000,0.465346
08:18:13.100,0.694897
08:18:13.200,0.277246
08:18:13.300,1.004738
08:18:13.400,0.573604
08:18:13.500,0.732564
08:18:13.600,-0.014218
08:18:13.700,0.378842
08:18:13.800,0.416629
08:18:13.900,-0.605849
08:18:14.000,0.408834
08:18:14.100,-0.546803
08:18:14.200,-0.142497
08:18:14.300,0.307903
08:18:14.400,-0.077234
08:18:14.500,-1.016453
08:18:14.600,-0.628624
08:18:14.700,-0.192004
08:18:14.800,-0.951611
08:18:14.900,-0.81734
08:18:15.000,-0.835759
08:18:15.100,-0.491868
08:18:15.200,-1.203687
08:18:15.300,-0.404566
08:18:15.400,-0.784292
08:18:15.500,-0.498943
08:18:15.600,-0.490155
08:18:15.700,-0.107875
08:18:15.800,-0.223676
08:18:15.900,0.394648
08:18:16.000,0.3463
08:18:16.100,-0.168859
08:18:16.200,0.694166
08:18:16.300,0.429586
08:18:16.400,0.470909
08:18:16.500,0.791848
08:18:16.600,0.20191
08:18:16.700,0.140901
08:18:16.800,0.674469
08:18:16.900,0.479176
08:18:17.000,1.425802
08:18:17.100,0.423869
08:18:17.200,0.679826
08:18:17.300,0.690892
08:18:17.400,0.997258
08:18:17.500,0.146878
08:18:17.600,-0.152773
08:18:17.700,0.805846
08:18:17.800,0.244494
08:18:17.900,0.392914
08:18:18.000,0.299844
08:18:18.100,0.250999
08:18:18.200,-0.348564
08:18:18.300,-0.544921
08:18:18.400,-1.11014
08:18:18.500,-0.84319
08:18:18.600,-0.544559
08:18:18.700,-0.869193
08:18:18.800,-1.065055
08:18:18.900,-0.673734
08:18:19.000,-0.22997
08:18:19.100,-0.710987
08:18:19.200,-1.062226
08:18:19.300,-0.178356
08:18:19.400,-0.837253
08:18:19.500,0.022805
08:18:19.600,-0.503546
08:18:19.700,-0.281698
08:18:19.800,0.330001
08:18:19.900,-0.582528
08:18:20.000,-0.367537
08:18:20.100,-0.004788
08:18:20.200,0.167323
08:18:20.300,1.242518
08:18:20.400,0.100628
08:18:20.500,0.038488
08:18:20.600,0.23877
08:18:20.700,0.704951
08:18:20.800,0.837952
08:18:20.900,0.443901
08:18:21.000,0.707363
08:18:21.100,1.372203
08:18:21.200,0.678049
08:18:21.300,0.736051
08:18:21.400,1.227458
08:18:21.500,0.250666
08:18:21.600,0.144257
08:18:21.700,0.153405
08:18:21.800,0.031543
08:18:21.900,-0.52785
08:18:22.000,0.048298
08:18:22.100,-0.033575
08:18:22.200,-0.281362
08:18:22.300,-0.231179
08:18:22.400,-0.321112
08:18:22.500,-0.955628
08:18:22.600,-0.465288
08:18:22.700,-0.428225
08:18:22.800,-1.224725
08:18:22.900,-0.179291
08:18:23.000,-1.132529
08:18:23.100,-1.089765
08:18:23.200,-0.595055
08:18:23.300,-0.43656
08:18:23.400,-0.294127
08:18:23.500,-0.298627
08:18:23.600,-0.593346
08:18:23.700,-0.279797
08:18:23.800,-0.327147
08:18:23.900,-0.048513
08:18:24.000,0.02396
08:18:24.100,-0.067214
08:18:24.200,0.094786
08:18:24.300,-0.330478
08:18:24.400,0.701995
08:18:24.500,0.59912
08:18:24.600,-0.241026
08:18:24.700,0.901311
08:18:24.800,0.64718
08:18:24.900,0.363494
08:18:25.000,0.341101
08:18:25.100,0.450504
08:18:25.200,0.339706
08:18:25.300,0.344689
08:18:25.400,1.161534
08:18:25.500,0.624869
08:18:25.600,1.124053
08:18:25.700,0.396802
08:18:25.800,0.419055
08:18:25.900,-0.198743
08:18:26.000,-0.05881
08:18:26.100,-0.138092
08:18:26.200,0.00072
08:18:26.300,-0.335113
08:18:26.400,-0.288485
08:18:26.500,-0.38454
08:18:26.600,-0.672312
08:18:26.700,-0.765696
08:18:26.800,-0.899887
08:18:26.900,-0.312576
08:18:27.000,-0.805851
08:18:27.100,-0.576268
08:18:27.200,-0.720534
08:18:27.300,-0.251788
08:18:27.400,-1.262143
08:18:27.500,-0.388935
08:18:27.600,-0.850668
08:18:27.700,-0.181048
08:18:27.800,-0.267603
08:18:27.900,-0.626931
08:18:28.000,0.118174
08:18:28.100,0.187968
08:18:28.200,0.135384
08:18:28.300,0.281195
08:18:28.400,0.467979
08:18:28.500,0.907352
08:18:28.600,0.456297
08:18:28.700,0.978266
08:18:28.800,0.652632
08:18:28.900,1.144889
08:18:29.000,0.6177
08:18:29.100,0.458168
08:18:29.200,0.281553
08:18:29.300,0.611869
08:18:29.400,0.288701
08:18:29.500,0.986546
08:18:29.600,0.106525
08:18:29.700,0.076285
08:18:29.800,0.419691
08:18:29.900,0.524531
08:18:30.000,0.255866
08:18:30.100,0.261036
08:18:30.200,-0.244388
08:18:30.300,-0.340937
08:18:30.400,0.292666
08:18:30.500,0.096619
08:18:30.600,-0.316341
08:18:30.700,-0.236392
08:18:30.800,-0.365253
08:18:30.900,-1.113473
08:18:31.000,-0.713878
08:18:31.100,-0.167511
08:18:31.200,-0.413621
08:18:31.300,-0.645961
08:18:31.400,-0.038247
08:18:31.500,-0.365719
08:18:31.600,-0.146997
08:18:31.700,-0.186707
08:18:31.800,-0.026905
08:18:31.900,0.10493
08:18:32.000,0.454886
08:18:32.100,0.609989
08:18:32.200,0.05843
08:18:32.300,0.442222
08:18:32.400,0.856303
08:18:32.500,0.448929
08:18:32.600,0.108198
08:18:32.700,0.305678
08:18:32.800,0.371887
08:18:32.900,0.531019
08:18:33.000,0.43882
08:18:33.100,1.051569
08:18:33.200,0.568851
08:18:33.300,1.06509
08:18:33.400,0.170709
08:18:33.500,0.371312
08:18:33.600,0.447947
08:18:33.700,0.601525
08:18:33.800,0.616581
08:18:33.900,-0.078907
08:18:34.000,0.347696
08:18:34.100,-0.698167
08:18:34.200,0.088654
08:18:34.300,-0.787166
08:18:34.400,-0.255124
08:18:34.500,-0.099759
08:18:34.600,-0.255781
08:18:34.700,-1.197417
08:18:34.800,-0.822271
08:18:34.900,-0.440455
08:18:35.000,-0.459097
08:18:35.100,-0.594806
08:18:35.200,-1.436302
08:18:35.300,-0.204387
08:18:35.400,-0.084621
08:18:35.500,-0.437666
08:18:35.600,-0.331447
08:18:35.700,-0.141722
08:18:35.800,0.294843
08:18:35.900,-0.02181
08:18:36.000,-0.066911
08:18:36.100,0.243036
08:18:36.200,0.212423
08:18:36.300,0.317881
08:18:36.400,-0.206601
08:18:36.500,0.677966
08:18:36.600,0.976321
08:18:36.700,0.980835
08:18:36.800,0.998587
08:18:36.900,0.672831
08:18:37.000,0.750987
08:18:37.100,1.108373
08:18:37.200,0.969314
08:18:37.300,1.143929
08:18:37.400,0.330861
08:18:37.500,0.25734
08:18:37.600,0.295051
08:18:37.700,-0.012268
08:18:37.800,-0.246197
08:18:37.900,0.273527
08:18:38.000,0.140193
08:18:38.100,-0.023325
08:18:38.200,-0.092501
08:18:38.300,-0.830092
08:18:38.400,-0.579468
08:18:38.500,-0.597689
08:18:38.600,-0.549335
08:18:38.700,-1.134622
08:18:38.800,-0.990466
08:18:38.900,-0.844149
08:18:39.000,-0.3296
08:18:39.100,-0.599727
08:18:39.200,-0.308191
08:18:39.300,-0.666555
08:18:39.400,-0.565966
08:18:39.500,-0.320298
08:18:39.600,-0.473473
08:18:39.700,-0.536447
08:18:39.800,-0.737737
08:18:39.900,-0.318775
08:18:40.000,0.292666
08:18:40.100,0.55074
08:18:40.200,-0.054293
08:18:40.300,-0.289015
08:18:40.400,0.735763
08:18:40.500,0.519229
08:18:40.600,0.094846
08:18:40.700,-0.465072
08:18:40.800,0.328546
08:18:40.900,0.529351
08:18:41.000,0.296922
08:18:41.100,0.933549
08:18:41.200,0.381341
08:18:41.300,0.628045
08:18:41.400,1.397033
08:18:41.500,0.536086
08:18:41.600,0.371018
08:18:41.700,0.285269
08:18:41.800,0.450467
08:18:41.900,0.300284
08:18:42.000,-0.351244
08:18:42.100,-0.253408
08:18:42.200,-0.449877
08:18:42.300,-0.416718
08:18:42.400,0.227868
08:18:42.500,-0.278868
08:18:42.600,-0.594229
08:18:42.700,-0.188118
08:18:42.800,-0.599775
08:18:42.900,-1.264699
08:18:43.000,-0.117612
08:18:43.100,-0.746121
08:18:43.200,-1.455349
08:18:43.300,-1.183574
08:18:43.400,-0.171622
08:18:43.500,-1.049165
08:18:43.600,0.060779
08:18:43.700,-0.289427
08:18:43.800,0.033551
08:18:43.900,-0.199386
08:18:44.000,0.183178
08:18:44.100,0.220303
08:18:44.200,0.202826
08:18:44.300,-0.05511
08:18:44.400,0.536935
08:18:44.500,-0.140984
08:18:44.600,0.892337
08:18:44.700,0.692653
08:18:44.800,0.828208
08:18:44.900,-0.224535
08:18:45.000,0.305993
08:18:45.100,0.514364
08:18:45.200,0.901527
08:18:45.300,0.293721
08:18:45.400,1.458113
08:18:45.500,0.402815
08:18:45.600,0.055851
08:18:45.700,0.252396
08:18:45.800,-0.11652
08:18:45.900,-0.305015
08:18:46.000,0.353843
08:18:46.100,0.07013
08:18:46.200,-0.035661
08:18:46.300,0.12907
08:18:46.400,-0.241114
08:18:46.500,-0.868567
08:18:46.600,-0.318287
08:18:46.700,-1.018021
08:18:46.800,-0.833053
08:18:46.900,-0.707383
08:18:47.000,-0.751513
08:18:47.100,-1.318296
08:18:47.200,-1.004401
08:18:47.300,-0.631583
08:18:47.400,-0.780052
08:18:47.500,-0.100784
08:18:47.600,0.04267
08:18:47.700,-0.709928
08:18:47.800,-0.195398
08:18:47.900,0.444447
08:18:48.000,-0.046976
08:18:48.100,-0.032939
08:18:48.200,0.517389
08:18:48.300,0.221823
08:18:48.400,0.856254
08:18:48.500,0.286813
08:18:48.600,0.400206
08:18:48.700,0.900259
08:18:48.800,0.70093
08:18:48.900,0.729324
08:18:49.000,0.031734
08:18:49.100,0.567687
08:18:49.200,0.968153
08:18:49.300,0.349406
08:18:49.400,0.811546
08:18:49.500,0.588771
08:18:49.600,0.341549
08:18:49.700,0.793007
08:18:49.800,0.097366
08:18:49.900,0.014953
08:18:50.000,-0.073898
08:18:50.100,-0.08132
08:18:50.200,0.052123
08:18:50.300,-0.833188
08:18:50.400,-0.107634
08:18:50.500,-0.47114
08:18:50.600,-0.3724
08:18:50.700,0.213443
08:18:50.800,-0.844821
08:18:50.900,-1.120017
08:18:51.000,-0.63217
08:18:51.100,-0.568123
08:18:51.200,-0.360676
08:18:51.300,-0.812136
08:18:51.400,-0.856849
08:18:51.500,-1.031515
08:18:51.600,-0.890072
08:18:51.700,-0.46338
08:18:51.800,-0.257117
08:18:51.900,0.613293
08:18:52.000,-0.592404
08:18:52.100,0.226895
08:18:52.200,-0.037766
08:18:52.300,0.395797
08:18:52.400,0.217817
08:18:52.500,0.857359
08:18:52.600,0.926529
08:18:52.700,0.584119
08:18:52.800,1.169429
08:18:52.900,0.95742
08:18:53.000,1.187396
08:18:53.100,0.676284
08:18:53.200,0.998869
08:18:53.300,0.354812
08:18:53.400,0.261931
08:18:53.500,1.257914
08:18:53.600,0.031395
08:18:53.700,0.165156
08:18:53.800,-0.44799
08:18:53.900,-0.186548
08:18:54.000,-0.347982
08:18:54.100,-0.344106
08:18:54.200,-0.111353
08:18:54.300,-0.128431
08:18:54.400,-0.763833
08:18:54.500,-0.771358
08:18:54.600,-0.187083
08:18:54.700,-0.026852
08:18:54.800,-0.226169
08:18:54.900,-1.267598
08:18:55.000,-0.283708
08:18:55.100,-0.042591
08:18:55.200,-1.259322
08:18:55.300,-0.244759
08:18:55.400,-0.487486
08:18:55.500,-0.609473
08:18:55.600,-0.374286
08:18:55.700,-0.162652
08:18:55.800,0.188843
08:18:55.900,0.277601
08:18:56.000,-0.527425
08:18:56.100,-0.117531
08:18:56.200,0.24906
08:18:56.300,0.86807
08:18:56.400,-0.543172
08:18:56.500,0.281182
08:18:56.600,0.03155
08:18:56.700,0.144422
08:18:56.800,1.010747
08:18:56.900,0.505222
08:18:57.000,-0.116794
08:18:57.100,0.635928
08:18:57.200,1.37829
08:18:57.300,-0.008637
08:18:57.400,0.75284
08:18:57.500,1.043671
08:18:57.600,0.394152
08:18:57.700,0.992593
08:18:57.800,-0.014622
08:18:57.900,0.615583
08:18:58.000,0.423478
08:18:58.100,-0.120891
08:18:58.200,-0.736833
08:18:58.300,-0.668399
08:18:58.400,-1.231915
08:18:58.500,-0.287022
08:18:58.600,-0.400307
08:18:58.700,-0.595978
08:18:58.800,-0.708689
08:18:58.900,-0.216225
08:18:59.000,-0.595771
08:18:59.100,-0.885508
08:18:59.200,-0.61421
08:18:59.300,0.092922
08:18:59.400,-0.348553
08:18:59.500,-0.631446
08:18:59.600,-0.427015
08:18:59.700,-0.155611
08:18:59.800,-0.363692
08:18:59.900,-0.287845
08:19:00.000,-0.003963
08:19:00.100,0.641186
08:19:00.200,0.493154
08:19:00.300,0.174458
08:19:00.400,0.715604
08:19:00.500,0.497975
08:19:00.600,0.686918
08:19:00.700,0.712473
08:19:00.800,-0.07285
08:19:00.900,-0.375221
08:19:01.000,0.779317
08:19:01.100,0.39288
08:19:01.200,0.091998
08:19:01.300,0.336001
08:19:01.400,0.889937
08:19:01.500,0.620214
08:19:01.600,0.681566
08:19:01.700,0.476377
08:19:01.800,-0.105279
08:19:01.900,0.381295
08:19:02.000,0.205009
08:19:02.100,-0.150623
08:19:02.200,-0.195718
08:19:02.300,-0.04043
08:19:02.400,-0.673757
08:19:02.500,-0.114216
08:19:02.600,-0.368529
08:19:02.700,-0.622914
08:19:02.800,-0.129807
08:19:02.900,-1.144398
08:19:03.000,-0.861065
08:19:03.100,-0.93017
08:19:03.200,-0.540408
08:19:03.300,-0.20986
08:19:03.400,-0.91037
08:19:03.500,0.66195
08:19:03.600,-0.643414
08:19:03.700,-0.191554
08:19:03.800,-0.215372
08:19:03.900,-0.093349
08:19:04.000,-0.277344
08:19:04.100,0.483145
08:19:04.200,-0.082561
08:19:04.300,-0.301332
08:19:04.400,0.018751
08:19:04.500,1.000835
08:19:04.600,1.003976
08:19:04.700,-0.078828
08:19:04.800,0.950545
08:19:04.900,-0.002295
08:19:05.000,0.69047
08:19:05.100,0.268669
08:19:05.200,0.977513
08:19:05.300,0.817836
08:19:05.400,0.909165
08:19:05.500,0.391641
08:19:05.600,0.344485
08:19:05.700,-0.206943
08:19:05.800,-0.144358
08:19:05.900,0.441491
08:19:06.000,0.128543
08:19:06.100,-0.072987
08:19:06.200,0.225428
08:19:06.300,-0.772843
08:19:06.400,-0.159398
08:19:06.500,-0.90768
08:19:06.600,-0.049056
08:19:06.700,-0.433139
08:19:06.800,-0.328164
08:19:06.900,-0.936958
08:19:07.000,0.063734
08:19:07.100,0.008113
08:19:07.200,-0.515107
08:19:07.300,-0.212363
08:19:07.400,-0.671972
08:19:07.500,-0.938943
08:19:07.600,-0.132923
08:19:07.700,-0.639552
08:19:07.800,0.242265
08:19:07.900,0.257246
08:19:08.000,0.082328
08:19:08.100,0.172258
08:19:08.200,0.562563
08:19:08.300,0.413891
08:19:08.400,0.269888
08:19:08.500,-0.035103
08:19:08.600,0.901927
08:19:08.700,0.751958
08:19:08.800,1.630221
08:19:08.900,0.657813
08:19:09.000,0.805713
08:19:09.100,0.805308
08:19:09.200,0.893504
08:19:09.300,0.285297
08:19:09.400,0.539287
08:19:09.500,0.784656
08:19:09.600,0.294982
08:19:09.700,0.594359
08:19:09.800,0.250162
08:19:09.900,0.250159
08:19:10.000,0.402898
08:19:10.100,-0.189079
08:19:10.200,-0.72446
08:19:10.300,-0.411012
08:19:10.400,-0.700394
08:19:10.500,-1.238982
08:19:10.600,-0.60365
08:19:10.700,-0.554044
08:19:10.800,-0.308473
08:19:10.900,-1.09014
08:19:11.000,-0.669016
08:19:11.100,-0.29655
08:19:11.200,-0.866866
08:19:11.300,-0.436027
08:19:11.400,-0.007111
08:19:11.500,-1.14682
08:19:11.600,-0.316021
08:19:11.700,0.089218
08:19:11.800,-0.339061
08:19:11.900,0.375862
08:19:12.000,0.221978
08:19:12.100,0.728779
08:19:12.200,0.420175
08:19:12.300,0.966182
08:19:12.400,0.51645
08:19:12.500,0.016246
08:19:12.600,0.345462
08:19:12.700,0.980132
08:19:12.800,1.015281
08:19:12.900,0.582671
08:19:13.000,1.331505
08:19:13.100,0.567493
08:19:13.200,0.827432
08:19:13.300,0.775704
08:19:13.400,0.100647
08:19:13.500,0.456303
08:19:13.600,1.244565
08:19:13.700,-0.005
08:19:13.800,0.435117
08:19:13.900,-0.29453
08:19:14.000,-0.326441
08:19:14.100,-0.604505
08:19:14.200,0.113063
08:19:14.300,-0.622779
08:19:14.400,0.032173
08:19:14.500,-0.680937
08:19:14.600,-0.521512
08:19:14.700,-0.479721
08:19:14.800,-1.231646
08:19:14.900,-0.620105
08:19:15.000,-0.577536
08:19:15.100,-0.292376
08:19:15.200,-1.001566
08:19:15.300,-0.909662
08:19:15.400,-0.33547
08:19:15.500,-0.000638
08:19:15.600,-0.618826
08:19:15.700,-0.750115
08:19:15.800,-0.327167
08:19:15.900,-0.464167
08:19:16.000,0.139223
08:19:16.100,-0.268438
08:19:16.200,0.556829
08:19:16.300,0.392209
08:19:16.400,0.762885
08:19:16.500,-0.353183
08:19:16.600,-0.049041
08:19:16.700,1.07614
08:19:16.800,0.413907
08:19:16.900,0.178148
08:19:17.000,0.629056
08:19:17.100,0.776203
08:19:17.200,0.610434
08:19:17.300,0.78751
08:19:17.400,0.682687
08:19:17.500,0.593028
08:19:17.600,0.88338
08:19:17.700,0.31283
08:19:17.800,0.201059
08:19:17.900,0.390488
08:19:18.000,0.193431
08:19:18.100,-0.425505
08:19:18.200,-0.248552
08:19:18.300,-0.164413
08:19:18.400,-0.61684
08:19:18.500,-0.683686
08:19:18.600,-1.053322
08:19:18.700,-1.632677
08:19:18.800,-0.796667
08:19:18.900,-0.646832
08:19:19.000,-1.083395
08:19:19.100,-0.209127
08:19:19.200,-1.032085
08:19:19.300,-0.304319
08:19:19.400,-0.419777
08:19:19.500,0.266743
08:19:19.600,-0.222506
08:19:19.700,-0.82399
08:19:19.800,0.152716
08:19:19.900,0.48465
08:19:20.000,-0.620274
08:19:20.100,0.333199
08:19:20.200,0.517422
08:19:20.300,0.243303
08:19:20.400,-0.436234
08:19:20.500,0.391389
08:19:20.600,0.362938
08:19:20.700,1.159126
08:19:20.800,0.634733
08:19:20.900,0.547073
08:19:21.000,0.494721
08:19:21.100,0.805394
08:19:21.200,0.685643
08:19:21.300,0.347224
08:19:21.400,0.658719
08:19:21.500,0.299936
08:19:21.600,-0.495841
08:19:21.700,0.551601
08:19:21.800,0.416926
08:19:21.900,0.179413
08:19:22.000,-0.154864
08:19:22.100,-0.134725
08:19:22.200,0.070437
08:19:22.300,-0.538927
08:19:22.400,-0.110574
08:19:22.500,-1.011171
08:19:22.600,-0.507455
08:19:22.700,-0.614689
08:19:22.800,-0.3148
08:19:22.900,-1.013007
08:19:23.000,-0.983434
08:19:23.100,-1.179455
08:19:23.200,-0.864097
08:19:23.300,-0.534308
08:19:23.400,-1.195557
08:19:23.500,-0.649994
08:19:23.600,-0.197673
08:19:23.700,-0.353801
08:19:23.800,-0.18999
08:19:23.900,-0.636639
08:19:24.000,-0.035016
08:19:24.100,0.119544
08:19:24.200,0.159006
08:19:24.300,0.371274
08:19:24.400,0.303256
08:19:24.500,0.335362
08:19:24.600,0.202392
08:19:24.700,0.964766
08:19:24.800,0.236409
08:19:24.900,0.746663
08:19:25.000,1.334619
08:19:25.100,1.076884
08:19:25.200,0.844017
08:19:25.300,0.711114
08:19:25.400,0.521592
08:19:25.500,0.179502
08:19:25.600,0.322609
08:19:25.700,0.519
08:19:25.800,0.352712
08:19:25.900,0.385557
08:19:26.000,0.426885
08:19:26.100,-0.164964
08:19:26.200,-0.149164
08:19:26.300,-0.982468
08:19:26.400,0.37822
08:19:26.500,-0.639822
08:19:26.600,-0.33822
08:19:26.700,-0.768789
08:19:26.800,-0.81895
08:19:26.900,-0.774333
08:19:27.000,-1.135792
08:19:27.100,-1.559456
08:19:27.200,-0.259848
08:19:27.300,-0.432709
08:19:27.400,-0.886861
08:19:27.500,-0.336806
08:19:27.600,-0.123073
08:19:27.700,-0.56035
08:19:27.800,-0.072165
08:19:27.900,0.242877
08:19:28.000,-0.503423
08:19:28.100,0.296198
08:19:28.200,0.343847
08:19:28.300,0.975951
08:19:28.400,0.606412
08:19:28.500,0.351166
08:19:28.600,0.462996
08:19:28.700,1.331892
08:19:28.800,0.541542
08:19:28.900,0.896533
08:19:29.000,0.616567
08:19:29.100,1.069824
08:19:29.200,1.061474
08:19:29.300,0.615771
08:19:29.400,0.423945
08:19:29.500,0.344262
08:19:29.600,-0.193091
08:19:29.700,0.352989
08:19:29.800,0.244451
08:19:29.900,-0.176142
08:19:30.000,-0.642184
08:19:30.100,-0.037304
08:19:30.200,-0.099894
08:19:30.300,-0.179668
08:19:30.400,-0.757928
08:19:30.500,-0.356104
08:19:30.600,-0.628816
08:19:30.700,-0.321134
08:19:30.800,-1.006927
08:19:30.900,-0.288811
08:19:31.000,-0.171505
08:19:31.100,-0.650754
08:19:31.200,-0.524454
08:19:31.300,-0.349342
08:19:31.400,-0.925308
08:19:31.500,-0.665167
08:19:31.600,-0.346971
08:19:31.700,0.39162
08:19:31.800,-0.634949
08:19:31.900,0.463699
08:19:32.000,-0.067629
08:19:32.100,0.097451
08:19:32.200,0.642627
08:19:32.300,1.025301
08:19:32.400,0.559446
08:19:32.500,0.902636
08:19:32.600,0.244204
08:19:32.700,0.438391
08:19:32.800,0.192383
08:19:32.900,0.510926
08:19:33.000,0.897832
08:19:33.100,0.765633
08:19:33.200,1.270226
08:19:33.300,1.342853
08:19:33.400,0.518535
08:19:33.500,0.257085
08:19:33.600,0.817462
08:19:33.700,0.760272
08:19:33.800,0.370749
08:19:33.900,0.35645
08:19:34.000,0.192203
08:19:34.100,-0.455569
08:19:34.200,-0.642812
08:19:34.300,-0.335609
08:19:34.400,-0.48177
08:19:34.500,-0.398044
08:19:34.600,-0.612241
08:19:34.700,-1.219847
08:19:34.800,-1.405007
08:19:34.900,-0.433281
08:19:35.000,-0.931977
08:19:35.100,-0.772625
08:19:35.200,-0.861031
08:19:35.300,-0.943272
08:19:35.400,-0.89526
08:19:35.500,-0.138032
08:19:35.600,-0.495152
08:19:35.700,-0.095626
08:19:35.800,0.052868
08:19:35.900,0.001293
08:19:36.000,0.280715
08:19:36.100,0.114512
08:19:36.200,0.693647
08:19:36.300,0.605989
08:19:36.400,0.746205
08:19:36.500,0.166494
08:19:36.600,0.658447
08:19:36.700,-0.018554
08:19:36.800,1.156098
08:19:36.900,0.473217
08:19:37.000,0.530354
08:19:37.100,0.212805
08:19:37.200,0.653044
08:19:37.300,0.529816
08:19:37.400,1.204256
08:19:37.500,0.795707
08:19:37.600,0.231322
08:19:37.700,-0.265388
08:19:37.800,-0.582973
08:19:37.900,-0.249685
08:19:38.000,-0.465926
08:19:38.100,0.012511
08:19:38.200,-0.267043
08:19:38.300,-0.311729
08:19:38.400,-0.743572
08:19:38.500,-0.441763
08:19:38.600,-1.063454
08:19:38.700,-0.65461
08:19:38.800,-0.375153
08:19:38.900,-0.819283
08:19:39.000,-0.544725
08:19:39.100,-1.383285
08:19:39.200,-1.385719
08:19:39.300,-0.509164
08:19:39.400,-0.199855
08:19:39.500,-0.578357
08:19:39.600,0.339373
08:19:39.700,-0.822983
08:19:39.800,-0.454306
08:19:39.900,-0.060472
08:19:40.000,0.162531
08:19:40.100,-0.094862
08:19:40.200,-0.154431
08:19:40.300,0.534885
08:19:40.400,0.458084
08:19:40.500,0.374357
08:19:40.600,0.740897
08:19:40.700,0.575983
08:19:40.800,0.61683
08:19:40.900,0.62958
08:19:41.000,0.41263
08:19:41.100,0.368422
08:19:41.200,0.481744
08:19:41.300,0.634929
08:19:41.400,-0.088634
08:19:41.500,0.825635
08:19:41.600,0.417904
08:19:41.700,-0.054988
08:19:41.800,0.78212
08:19:41.900,0.124131
08:19:42.000,-0.467302
08:19:42.100,0.440598
08:19:42.200,0.257892
08:19:42.300,-0.635867
08:19:42.400,-0.524493
08:19:42.500,-0.65513
08:19:42.600,-1.227626
08:19:42.700,-0.510064
08:19:42.800,-0.369939
08:19:42.900,-0.461471
08:19:43.000,-0.688536
08:19:43.100,-0.361626
08:19:43.200,-1.063111
08:19:43.300,0.012694
08:19:43.400,-0.836541
08:19:43.500,-0.726327
08:19:43.600,-0.612775
08:19:43.700,-0.544645
08:19:43.800,-0.283765
08:19:43.900,-0.19051
08:19:44.000,0.045374
08:19:44.100,-0.17704
08:19:44.200,0.274623
08:19:44.300,-0.063856
08:19:44.400,0.667816
08:19:44.500,0.746999
08:19:44.600,0.564286
08:19:44.700,0.396311
08:19:44.800,0.774636
08:19:44.900,0.380705
08:19:45.000,0.712089
08:19:45.100,0.638246
08:19:45.200,1.586208
08:19:45.300,0.194236
08:19:45.400,-0.367247
08:19:45.500,0.271822
08:19:45.600,-0.188986
08:19:45.700,0.06345
08:19:45.800,-0.23785
08:19:45.900,-0.207071
08:19:46.000,-0.372718
08:19:46.100,0.227529
08:19:46.200,-0.233297
08:19:46.300,0.058615
08:19:46.400,-0.397281
08:19:46.500,-0.169968
08:19:46.600,-0.672063
08:19:46.700,-0.065611
08:19:46.800,-0.500901
08:19:46.900,-0.964319
08:19:47.000,-0.483298
08:19:47.100,-0.681897
08:19:47.200,-0.736617
08:19:47.300,-0.590097
08:19:47.400,-0.303374
08:19:47.500,-1.236104
08:19:47.600,-0.534279
08:19:47.700,-0.078859
08:19:47.800,-0.129432
08:19:47.900,-0.503737
08:19:48.000,-0.828717
08:19:48.100,0.704828
08:19:48.200,0.150833
08:19:48.300,0.847711
08:19:48.400,0.689687
08:19:48.500,0.21721
08:19:48.600,-0.30919
08:19:48.700,0.461952
08:19:48.800,0.652705
08:19:48.900,0.849113
08:19:49.000,0.311192
08:19:49.100,0.753684
08:19:49.200,0.727914
08:19:49.300,0.968788
08:19:49.400,0.458929
08:19:49.500,0.649941
08:19:49.600,0.512403
08:19:49.700,0.624249
08:19:49.800,-0.070657
08:19:49.900,-0.965295
08:19:50.000,-0.082902
08:19:50.100,-0.190342
08:19:50.200,-0.621443
08:19:50.300,-0.845615
08:19:50.400,-0.612595
08:19:50.500,-0.535182
08:19:50.600,-0.532912
08:19:50.700,-1.423562
08:19:50.800,-1.279479
08:19:50.900,-0.296037
08:19:51.000,-0.766363
08:19:51.100,-0.692234
08:19:51.200,-1.132379
08:19:51.300,-0.625246
08:19:51.400,-0.697797
08:19:51.500,-0.711461
08:19:51.600,-0.923092
08:19:51.700,-0.621764
08:19:51.800,0.473894
08:19:51.900,-0.231819
08:19:52.000,0.276367
08:19:52.100,0.040765
08:19:52.200,0.107071
08:19:52.300,0.095192
08:19:52.400,0.882421
08:19:52.500,0.62555
08:19:52.600,0.289949
08:19:52.700,0.485766
08:19:52.800,1.042307
08:19:52.900,-0.302107
08:19:53.000,0.808676
08:19:53.100,0.879542
08:19:53.200,0.403328
08:19:53.300,0.677813
08:19:53.400,0.74212
08:19:53.500,0.064073
08:19:53.600,0.706127
08:19:53.700,0.421862
08:19:53.800,0.162771
08:19:53.900,0.146229
08:19:54.000,0.247517
08:19:54.100,0.701137
08:19:54.200,-0.002831
08:19:54.300,-0.034089
08:19:54.400,-0.343715
08:19:54.500,0.170603
08:19:54.600,-1.07941
08:19:54.700,-1.231795
08:19:54.800,-0.612178
08:19:54.900,-0.460332
08:19:55.000,-1.601115
08:19:55.100,-0.692584
08:19:55.200,-0.728911
08:19:55.300,-0.363249
08:19:55.400,-0.416254
08:19:55.500,-1.127852
08:19:55.600,-0.78947
08:19:55.700,-0.60017
08:19:55.800,0.042319
08:19:55.900,0.021622
08:19:56.000,-0.217254
08:19:56.100,0.160096
08:19:56.200,-0.15399
08:19:56.300,1.035167
08:19:56.400,0.612475
08:19:56.500,0.770137
08:19:56.600,1.048196
08:19:56.700,0.97939
08:19:56.800,0.676774
08:19:56.900,0.626644
08:19:57.000,1.1509
08:19:57.100,0.700669
08:19:57.200,0.403583
08:19:57.300,1.312026
08:19:57.400,0.238737
08:19:57.500,-0.112172
08:19:57.600,0.758921
08:19:57.700,0.061857
08:19:57.800,0.368596
08:19:57.900,0.745528
08:19:58.000,-0.481196
08:19:58.100,-0.123825
08:19:58.200,0.302881
08:19:58.300,-0.079133
08:19:58.400,-0.474387
08:19:58.500,0.341308
08:19:58.600,-0.599673
08:19:58.700,-0.484798
08:19:58.800,-0.088465
08:19:58.900,-0.34808
08:19:59.000,-0.237398
08:19:59.100,-1.006221
08:19:59.200,-0.235878
08:19:59.300,-0.564347
08:19:59.400,-0.827335
08:19:59.500,-0.417294
08:19:59.600,-0.344863
08:19:59.700,0.336038
08:19:59.800,-0.082858
08:19:59.900,-0.382786
08:20:00.000,-0.354
08:20:00.100,0.092915
08:20:00.200,-0.254916
08:20:00.300,0.067419
08:20:00.400,0.325983
08:20:00.500,0.347315
08:20:00.600,0.82073
08:20:00.700,0.365465
08:20:00.800,-0.198754
08:20:00.900,0.101361
08:20:01.000,0.693764
08:20:01.100,0.486001
08:20:01.200,0.232904
08:20:01.300,1.309163
08:20:01.400,0.856374
08:20:01.500,0.474525
08:20:01.600,0.493104
08:20:01.700,0.224994
08:20:01.800,-0.222523
08:20:01.900,0.470256
08:20:02.000,0.297966
08:20:02.100,-0.801571
08:20:02.200,-0.137061
08:20:02.300,-0.199902
08:20:02.400,-0.524056
08:20:02.500,0.239068
08:20:02.600,0.129749
08:20:02.700,-0.755832
08:20:02.800,-0.743726
08:20:02.900,-0.810476
08:20:03.000,-0.913966
08:20:03.100,-1.013648
08:20:03.200,-0.48834
08:20:03.300,0.0628
08:20:03.400,-0.023783
08:20:03.500,-0.218763
08:20:03.600,-1.253939
08:20:03.700,-0.970386
08:20:03.800,0.156145
08:20:03.900,0.457277
08:20:04.000,0.193807
08:20:04.100,0.002551
08:20:04.200,0.689617
08:20:04.300,0.581551
08:20:04.400,0.809556
08:20:04.500,-0.154824
08:20:04.600,0.686481
08:20:04.700,1.244804
08:20:04.800,0.850347
08:20:04.900,1.023267
08:20:05.000,0.712731
08:20:05.100,0.728508
08:20:05.200,1.156624
08:20:05.300,0.389279
08:20:05.400,0.297638
08:20:05.500,0.3276
08:20:05.600,0.419656
08:20:05.700,-0.245738
08:20:05.800,0.472183
08:20:05.900,0.052018
08:20:06.000,0.298791
08:20:06.100,-0.851179
08:20:06.200,0.083821
08:20:06.300,0.15012
08:20:06.400,-0.257958
08:20:06.500,-0.484468
08:20:06.600,-0.263491
08:20:06.700,-0.178705
08:20:06.800,-0.482715
08:20:06.900,-0.482207
08:20:07.000,-0.12007
08:20:07.100,-0.424977
08:20:07.200,-0.94583
08:20:07.300,-0.18038
08:20:07.400,-0.609614
08:20:07.500,-0.483326
08:20:07.600,-0.374042
08:20:07.700,0.02131
08:20:07.800,0.395787
08:20:07.900,-0.100957
08:20:08.000,0.605942
08:20:08.100,0.16711
08:20:08.200,0.707071
08:20:08.300,0.387245
08:20:08.400,0.239101
08:20:08.500,1.167709
08:20:08.600,0.360552
08:20:08.700,0.394521
08:20:08.800,0.226125
08:20:08.900,1.134925
08:20:09.000,1.226207
08:20:09.100,0.821977
08:20:09.200,0.321384
08:20:09.300,0.621332
08:20:09.400,0.460395
08:20:09.500,0.134311
08:20:09.600,0.240338
08:20:09.700,0.494801
08:20:09.800,0.004503
08:20:09.900,0.211611
08:20:10.000,-0.621713
08:20:10.100,0.478209
08:20:10.200,-0.353306
08:20:10.300,-0.013206
08:20:10.400,-0.34541
08:20:10.500,-0.3541
08:20:10.600,-0.962506
08:20:10.700,-0.8899
08:20:10.800,-0.923988
08:20:10.900,-0.68251
08:20:11.000,-0.235846
08:20:11.100,-0.539743
08:20:11.200,-0.980859
08:20:11.300,-0.593138
08:20:11.400,-0.594534
08:20:11.500,-0.617778
08:20:11.600,-0.416845
08:20:11.700,-0.050494
08:20:11.800,-0.468286
08:20:11.900,-0.230566
08:20:12.000,0.343742
08:20:12.100,0.273641
08:20:12.200,0.664001
08:20:12.300,0.820341
08:20:12.400,-0.06474
08:20:12.500,0.595879
08:20:12.600,0.388527
08:20:12.700,0.204153
08:20:12.800,0.389522
08:20:12.900,0.586113
08:20:13.000,0.596918
08:20:13.100,0.478971
08:20:13.200,0.660965
08:20:13.300,1.480031
08:20:13.400,-0.037515
08:20:13.500,0.892987
08:20:13.600,0.405019
08:20:13.700,0.164536
08:20:13.800,-0.490062
08:20:13.900,0.376471
08:20:14.000,-0.504339
08:20:14.100,0.180259
08:20:14.200,0.393154
08:20:14.300,-0.766775
08:20:14.400,-0.002523
08:20:14.500,-0.486071
08:20:14.600,-1.299284
08:20:14.700,-1.04539
08:20:14.800,-0.60336
08:20:14.900,-0.550968
08:20:15.000,-1.253242
08:20:15.100,-0.680285
08:20:15.200,-0.377495
08:20:15.300,-0.274203
08:20:15.400,-0.710804
08:20:15.500,-0.341511
08:20:15.600,-0.036097
08:20:15.700,-0.019434
08:20:15.800,0.095691
08:20:15.900,-0.069777
08:20:16.000,-0.033081
08:20:16.100,0.204744
08:20:16.200,-0.051007
08:20:16.300,0.707027
08:20:16.400,-0.124192
08:20:16.500,0.318466
08:20:16.600,0.553627
08:20:16.700,0.788092
08:20:16.800,0.895875
08:20:16.900,1.212527
08:20:17.000,0.727213
08:20:17.100,0.440087
08:20:17.200,0.614977
08:20:17.300,0.511915
08:20:17.400,0.748289
08:20:17.500,0.121525
08:20:17.600,0.350049
08:20:17.700,0.885725
08:20:17.800,0.27926
08:20:17.900,-0.259022
08:20:18.000,-0.118925
08:20:18.100,-0.891048
08:20:18.200,-0.236913
08:20:18.300,0.258895
08:20:18.400,-0.826761
08:20:18.500,-1.004591
08:20:18.600,-0.794953
08:20:18.700,-0.301244
08:20:18.800,-0.069116
08:20:18.900,-0.534508
08:20:19.000,-1.150068
08:20:19.100,-0.699161
08:20:19.200,-0.039441
08:20:19.300,-0.73252
08:20:19.400,-0.517147
08:20:19.500,-0.410779
08:20:19.600,-0.952502
08:20:19.700,0.031488
08:20:19.800,0.082505
08:20:19.900,-0.807243
08:20:20.000,-0.465728
08:20:20.100,-0.229891
08:20:20.200,0.478234
08:20:20.300,0.054904
08:20:20.400,0.551923
08:20:20.500,0.431353
08:20:20.600,0.591222
08:20:20.700,0.797282
08:20:20.800,0.761057
08:20:20.900,0.684742
08:20:21.000,0.814478
08:20:21.100,0.767322
08:20:21.200,0.592356
08:20:21.300,0.472772
08:20:21.400,1.224467
08:20:21.500,0.340028
08:20:21.600,0.889898
08:20:21.700,0.077998
08:20:21.800,0.499873
08:20:21.900,0.73382
08:20:22.000,-0.118127
08:20:22.100,-0.343091
08:20:22.200,-0.366542
08:20:22.300,-0.324572
08:20:22.400,-0.298795
08:20:22.500,-0.508974
08:20:22.600,-0.713306
08:20:22.700,0.060385
08:20:22.800,-0.735893
08:20:22.900,-0.908417
08:20:23.000,-0.409321
08:20:23.100,-0.395129
08:20:23.200,-0.171368
08:20:23.300,0.051048
08:20:23.400,-0.445117
08:20:23.500,-0.595864
08:20:23.600,-1.077233
08:20:23.700,-0.646041
08:20:23.800,-0.143315
08:20:23.900,-0.522834
08:20:24.000,-0.554793
08:20:24.100,0.132544
08:20:24.200,0.488178
08:20:24.300,0.231526
08:20:24.400,0.725325
08:20:24.500,0.710779
08:20:24.600,0.968544
08:20:24.700,1.384408
08:20:24.800,1.580649
08:20:24.900,0.947467
08:20:25.000,0.539052
08:20:25.100,0.713024
08:20:25.200,1.216379
08:20:25.300,0.311076
08:20:25.400,1.072993
08:20:25.500,0.435501
08:20:25.600,0.490944
08:20:25.700,0.035103
08:20:25.800,-0.246992
08:20:25.900,0.011912
08:20:26.000,0.456054
08:20:26.100,-0.35519
08:20:26.200,0.348071
08:20:26.300,-0.518299
08:20:26.400,-0.785329
08:20:26.500,-0.406202
08:20:26.600,-0.328637
08:20:26.700,-0.557874
08:20:26.800,-0.612906
08:20:26.900,-0.130346
08:20:27.000,-0.66678
08:20:27.100,-0.856024
08:20:27.200,-1.062279
08:20:27.300,-0.177932
08:20:27.400,-0.715299
08:20:27.500,-0.609811
08:20:27.600,-0.043292
08:20:27.700,0.401158
08:20:27.800,-0.128346
08:20:27.900,-0.157454
08:20:28.000,-0.001978
08:20:28.100,-0.049934
08:20:28.200,0.091765
08:20:28.300,0.195122
08:20:28.400,0.730205
08:20:28.500,0.464115
08:20:28.600,1.042071
08:20:28.700,0.583008
08:20:28.800,0.537279
08:20:28.900,1.138638
08:20:29.000,0.707543
08:20:29.100,0.64713
08:20:29.200,0.677486
08:20:29.300,1.137032
08:20:29.400,0.673439
08:20:29.500,0.932294
08:20:29.600,0.329331
08:20:29.700,0.699085
08:20:29.800,0.299502
08:20:29.900,0.418406
08:20:30.000,0.338326
08:20:30.100,-0.439071
08:20:30.200,-0.191127
08:20:30.300,0.017226
08:20:30.400,-0.02068
08:20:30.500,-0.056273
08:20:30.600,-0.529657
08:20:30.700,-0.084631
08:20:30.800,-0.895762
08:20:30.900,-1.21455
08:20:31.000,-0.797164
08:20:31.100,-0.272837
08:20:31.200,-1.045912
08:20:31.300,-1.138155
08:20:31.400,-1.16849
08:20:31.500,-0.237394
08:20:31.600,-0.918111
08:20:31.700,-0.125633
08:20:31.800,-0.331142
08:20:31.900,-0.379213
08:20:32.000,-0.349553
08:20:32.100,0.181706
08:20:32.200,-0.047643
08:20:32.300,0.316053
08:20:32.400,0.551942
08:20:32.500,0.709406
08:20:32.600,0.893324
08:20:32.700,0.681359
08:20:32.800,0.298208
08:20:32.900,0.854386
08:20:33.000,0.929671
08:20:33.100,0.627836
08:20:33.200,0.564973
08:20:33.300,1.490017
08:20:33.400,0.113744
08:20:33.500,0.667761
08:20:33.600,0.777561
08:20:33.700,0.198351
08:20:33.800,0.157331
08:20:33.900,-0.031009
08:20:34.000,7.8e-05
08:20:34.100,0.205318
08:20:34.200,-0.285685
08:20:34.300,0.770914
08:20:34.400,-0.569908
08:20:34.500,-0.012844
08:20:34.600,-0.375938
08:20:34.700,-0.585739
08:20:34.800,-0.150973
08:20:34.900,-1.251409
08:20:35.000,-0.551188
08:20:35.100,-0.942115
08:20:35.200,-0.818335
08:20:35.300,-0.792755
08:20:35.400,-0.90365
08:20:35.500,-1.073378
08:20:35.600,-0.275375
08:20:35.700,-0.340848
08:20:35.800,-0.321519
08:20:35.900,0.156207
08:20:36.000,0.158177
08:20:36.100,0.016111
08:20:36.200,1.284135
08:20:36.300,0.674089
08:20:36.400,1.26713
08:20:36.500,0.349741
08:20:36.600,0.653707
08:20:36.700,0.19031
08:20:36.800,0.550072
08:20:36.900,0.486996
08:20:37.000,1.748427
08:20:37.100,0.449015
08:20:37.200,0.583828
08:20:37.300,0.11492
08:20:37.400,0.753115
08:20:37.500,0.179896
08:20:37.600,0.732941
08:20:37.700,-0.30812
08:20:37.800,0.173744
08:20:37.900,-0.536526
08:20:38.000,-0.17168
08:20:38.100,-0.210029
08:20:38.200,-0.425973
08:20:38.300,-0.492869
08:20:38.400,-0.071541
08:20:38.500,0.266084
08:20:38.600,-0.447554
08:20:38.700,-0.92472
08:20:38.800,-0.643312
08:20:38.900,-0.815376
08:20:39.000,-0.388712
08:20:39.100,-0.59063
08:20:39.200,-1.217968
08:20:39.300,-0.239427
08:20:39.400,-0.227918
08:20:39.500,0.028285
08:20:39.600,-0.592204
08:20:39.700,-0.212453
08:20:39.800,-0.630984
08:20:39.900,-0.12744
08:20:40.000,0.138945
08:20:40.100,-0.113115
08:20:40.200,0.336131
08:20:40.300,0.376593
08:20:40.400,0.254007
08:20:40.500,0.98409
08:20:40.600,0.484257
08:20:40.700,0.670202
08:20:40.800,0.152323
08:20:40.900,0.873099
08:20:41.000,0.533087
08:20:41.100,1.026406
08:20:41.200,0.206838
08:20:41.300,0.774448
08:20:41.400,-0.197408
08:20:41.500,0.710529
08:20:41.600,0.350269
08:20:41.700,0.457567
08:20:41.800,0.006255
08:20:41.900,-0.222751
08:20:42.000,-0.152076
08:20:42.100,-0.0423
08:20:42.200,-0.014512
08:20:42.300,-0.211448
08:20:42.400,-0.739316
08:20:42.500,0.148213
08:20:42.600,-0.449827
08:20:42.700,-0.841532
08:20:42.800,-0.517262
08:20:42.900,-0.601786
08:20:43.000,-0.761367
08:20:43.100,-0.793858
08:20:43.200,-0.321035
08:20:43.300,-0.018958
08:20:43.400,-1.278913
08:20:43.500,-0.064287
08:20:43.600,-0.404474
08:20:43.700,-0.234952
08:20:43.800,0.256763
08:20:43.900,-1.038687
08:20:44.000,0.285176
08:20:44.100,0.558378
08:20:44.200,-0.024704
08:20:44.300,-0.17009
08:20:44.400,0.985425
08:20:44.500,-0.119762
08:20:44.600,0.712839
08:20:44.700,0.981792
08:20:44.800,0.804549
08:20:44.900,0.889003
08:20:45.000,0.607243
08:20:45.100,0.853334
08:20:45.200,0.417776
08:20:45.300,0.421074
08:20:45.400,0.578753
08:20:45.500,-0.043971
08:20:45.600,0.613414
08:20:45.700,-0.550465
08:20:45.800,0.343297
08:20:45.900,0.269409
08:20:46.000,-0.278082
08:20:46.100,-0.541392
08:20:46.200,-0.359171
08:20:46.300,-0.093906
08:20:46.400,-0.290455
08:20:46.500,-0.884011
08:20:46.600,-0.529324
08:20:46.700,-0.53202
08:20:46.800,-0.58889
08:20:46.900,-1.036689
08:20:47.000,-0.645504
08:20:47.100,-0.370171
08:20:47.200,-0.477803
08:20:47.300,-0.479687
08:20:47.400,0.008627
08:20:47.500,-0.436248
08:20:47.600,-0.706118
08:20:47.700,-0.611353
08:20:47.800,-0.154702
08:20:47.900,-0.612644
08:20:48.000,-0.108844
08:20:48.100,0.271965
08:20:48.200,0.626213
08:20:48.300,-0.222611
08:20:48.400,0.446127
08:20:48.500,0.471092
08:20:48.600,0.579439
08:20:48.700,0.673252
08:20:48.800,0.654656
08:20:48.900,1.178655
08:20:49.000,1.135399
08:20:49.100,1.441533
08:20:49.200,0.662039
08:20:49.300,0.479963
08:20:49.400,0.227595
08:20:49.500,0.313171
08:20:49.600,0.66155
08:20:49.700,0.621777
08:20:49.800,0.452742
08:20:49.900,-0.12306
08:20:50.000,-0.230676
08:20:50.100,0.575258
08:20:50.200,-0.507509
08:20:50.300,0.17799
08:20:50.400,-0.269848
08:20:50.500,-0.751384
08:20:50.600,-0.980882
08:20:50.700,-0.864826
08:20:50.800,-0.519568
08:20:50.900,-1.009752
08:20:51.000,-0.155956
08:20:51.100,-0.764133
08:20:51.200,-0.420583
08:20:51.300,-0.406806
08:20:51.400,0.001353
08:20:51.500,-0.648264
08:20:51.600,-0.374321
08:20:51.700,-0.808281
08:20:51.800,-0.18021
08:20:51.900,0.2895
08:20:52.000,0.076815
08:20:52.100,0.918938
08:20:52.200,0.39821
08:20:52.300,0.128649
08:20:52.400,0.570967
08:20:52.500,-0.017213
08:20:52.600,0.286669
08:20:52.700,0.197751
08:20:52.800,0.671378
08:20:52.900,0.670199
08:20:53.000,1.121788
08:20:53.100,0.656708
08:20:53.200,0.314858
08:20:53.300,1.169466
08:20:53.400,-0.464312
08:20:53.500,0.508438
08:20:53.600,0.487612
08:20:53.700,0.314193
08:20:53.800,0.391344
08:20:53.900,0.148246
08:20:54.000,0.174881
08:20:54.100,-0.320281
08:20:54.200,-0.72698
08:20:54.300,-0.334017
08:20:54.400,-0.770733
08:20:54.500,-0.749958
08:20:54.600,-0.159793
08:20:54.700,-0.078405
08:20:54.800,-0.265792
08:20:54.900,-0.356298
08:20:55.000,-0.679017
08:20:55.100,-0.335976
08:20:55.200,-0.541273
08:20:55.300,0.057917
08:20:55.400,-0.887647
08:20:55.500,-0.259562
08:20:55.600,-0.853952
08:20:55.700,-0.080371
08:20:55.800,-0.817999
08:20:55.900,-0.534244
08:20:56.000,-0.448918
08:20:56.100,0.19775
08:20:56.200,0.340396
08:20:56.300,1.175461
08:20:56.400,0.379498
08:20:56.500,0.765364
08:20:56.600,0.622616
08:20:56.700,0.864819
08:20:56.800,0.716022
08:20:56.900,1.076248
08:20:57.000,0.331564
08:20:57.100,-0.165234
08:20:57.200,0.811831
08:20:57.300,-0.008073
08:20:57.400,1.02542
08:20:57.500,0.303133
08:20:57.600,0.048067
08:20:57.700,1.262975
08:20:57.800,0.209854
08:20:57.900,0.035967
08:20:58.000,0.261791
08:20:58.100,0.175908
08:20:58.200,0.182382
08:20:58.300,-0.784334
08:20:58.400,-0.223812
08:20:58.500,-0.59759
08:20:58.600,-0.888672
08:20:58.700,-0.606865
08:20:58.800,-1.299674
08:20:58.900,-0.368356
08:20:59.000,-0.801737
08:20:59.100,-0.858507
08:20:59.200,-0.713927
08:20:59.300,-0.682335
08:20:59.400,-0.167073
08:20:59.500,-0.878474
08:20:59.600,-0.545222
08:20:59.700,-0.393588
08:20:59.800,-0.589118
08:20:59.900,-0.053744
08:21:00.000,-0.253356
08:21:00.100,-0.381995
08:21:00.200,0.400491
08:21:00.300,0.85934
08:21:00.400,0.428397
08:21:00.500,0.458825
08:21:00.600,0.522745
08:21:00.700,0.443122
08:21:00.800,1.075274
08:21:00.900,0.724299
08:21:01.000,-0.062524
08:21:01.100,1.111016
08:21:01.200,0.999582
08:21:01.300,0.834265
08:21:01.400,-0.398081
08:21:01.500,0.493943
08:21:01.600,0.724149
08:21:01.700,0.450618
08:21:01.800,0.288115
08:21:01.900,0.422934
08:21:02.000,0.048758
08:21:02.100,0.311764
08:21:02.200,-0.159697
08:21:02.300,-0.289029
08:21:02.400,-0.099105
08:21:02.500,-0.63448
08:21:02.600,-0.950347
08:21:02.700,-0.622374
08:21:02.800,-0.459108
08:21:02.900,-0.367505
08:21:03.000,-0.374185
08:21:03.100,-0.715409
08:21:03.200,-0.725719
08:21:03.300,-0.830945
08:21:03.400,-0.478855
08:21:03.500,-1.069368
08:21:03.600,-0.403484
08:21:03.700,0.679595
08:21:03.800,-0.742664
08:21:03.900,-0.054612
08:21:04.000,0.132243
08:21:04.100,0.286767
08:21:04.200,-0.122013
08:21:04.300,0.498249
08:21:04.400,0.224372
08:21:04.500,-0.004679
08:21:04.600,0.899497
08:21:04.700,0.85632
08:21:04.800,0.327443
08:21:04.900,0.501053
08:21:05.000,0.496996
08:21:05.100,0.116127
08:21:05.200,0.93259
08:21:05.300,0.903676
08:21:05.400,0.449899
08:21:05.500,0.485131
08:21:05.600,0.451594
08:21:05.700,0.403331
08:21:05.800,-0.255323
08:21:05.900,0.28046
08:21:06.000,-0.411428
08:21:06.100,0.128977
08:21:06.200,-0.58902
08:21:06.300,-0.772831
08:21:06.400,-0.421263
08:21:06.500,-0.512652
08:21:06.600,-0.530001
08:21:06.700,-0.936162
08:21:06.800,-0.594753
08:21:06.900,-0.587435
08:21:07.000,-0.292
08:21:07.100,-0.62662
08:21:07.200,-0.875527
08:21:07.300,-1.095176
08:21:07.400,-1.101903
08:21:07.500,-0.381932
08:21:07.600,-0.13383
08:21:07.700,-0.629371
08:21:07.800,-0.12697
08:21:07.900,-0.170481
08:21:08.000,0.251394
08:21:08.100,0.412631
08:21:08.200,-0.576863
08:21:08.300,0.67904
08:21:08.400,0.499719
08:21:08.500,0.309
08:21:08.600,0.3901
08:21:08.700,0.634816
08:21:08.800,0.489427
08:21:08.900,0.363431
08:21:09.000,0.452271
08:21:09.100,0.327325
08:21:09.200,1.137039
08:21:09.300,0.643271
08:21:09.400,1.354807
08:21:09.500,0.624851
08:21:09.600,0.617568
08:21:09.700,-0.053768
08:21:09.800,0.139939
08:21:09.900,0.134946
08:21:10.000,-0.223037
08:21:10.100,-0.272184
08:21:10.200,-0.06926
08:21:10.300,-0.163877
08:21:10.400,-0.879381
08:21:10.500,-0.395665
08:21:10.600,-0.372757
08:21:10.700,-0.830301
08:21:10.800,-0.907909
08:21:10.900,-0.536868
08:21:11.000,-1.600581
08:21:11.100,-0.690652
08:21:11.200,-0.09369
08:21:11.300,-1.53243
08:21:11.400,-0.278306
08:21:11.500,-0.304427
08:21:11.600,-0.914785
08:21:11.700,-0.135622
08:21:11.800,0.134185
08:21:11.900,-0.52132
08:21:12.000,-0.247529
08:21:12.100,0.118642
08:21:12.200,0.558496
08:21:12.300,0.128402
08:21:12.400,0.396718
08:21:12.500,0.262262
08:21:12.600,0.574907
08:21:12.700,0.990042
08:21:12.800,0.702803
08:21:12.900,0.566271
08:21:13.000,0.688535
08:21:13.100,0.411163
08:21:13.200,0.317702
08:21:13.300,1.044901
08:21:13.400,1.13951
08:21:13.500,-0.132054
08:21:13.600,0.615195
08:21:13.700,0.61842
08:21:13.800,-0.207778
08:21:13.900,-0.05561
08:21:14.000,-0.201966
08:21:14.100,0.555827
08:21:14.200,0.362046
08:21:14.300,-0.640205
08:21:14.400,-0.922187
08:21:14.500,-0.224433
08:21:14.600,-0.37593
08:21:14.700,-0.188307
08:21:14.800,-1.036416
08:21:14.900,-0.438142
08:21:15.000,-0.956116
08:21:15.100,-0.473275
08:21:15.200,-0.678731
08:21:15.300,0.041512
08:21:15.400,-0.409724
08:21:15.500,-0.604873
08:21:15.600,-0.363173
08:21:15.700,-0.352975
08:21:15.800,-0.620365
08:21:15.900,0.564208
08:21:16.000,0.559552
08:21:16.100,0.047798
08:21:16.200,0.46127
08:21:16.300,1.035794
08:21:16.400,0.844363
08:21:16.500,0.387388
08:21:16.600,0.535527
08:21:16.700,0.022568
08:21:16.800,0.93691
08:21:16.900,1.126378
08:21:17.000,1.137397
08:21:17.100,0.936746
08:21:17.200,0.789061
08:21:17.300,0.27447
08:21:17.400,0.67821
08:21:17.500,0.273893
08:21:17.600,0.595262
08:21:17.700,0.05044
08:21:17.800,0.397898
08:21:17.900,0.572597
08:21:18.000,0.132003
08:21:18.100,0.005456
08:21:18.200,0.103248
08:21:18.300,0.301824
08:21:18.400,-0.448999
08:21:18.500,-0.312617
08:21:18.600,-0.03738
08:21:18.700,-0.389453
08:21:18.800,-1.366572
08:21:18.900,-0.941848
08:21:19.000,-0.437135
08:21:19.100,-0.831442
08:21:19.200,-0.161615
08:21:19.300,0.026569
08:21:19.400,-0.772898
08:21:19.500,-0.856351
08:21:19.600,-0.537863
08:21:19.700,-0.464414
08:21:19.800,0.321319
08:21:19.900,-0.471871
08:21:20.000,0.259851
08:21:20.100,0.595247
08:21:20.200,0.503039
08:21:20.300,0.470553
08:21:20.400,0.354676
08:21:20.500,1.142117
08:21:20.600,0.480472
08:21:20.700,0.955604
08:21:20.800,0.610182
08:21:20.900,0.046786
08:21:21.000,0.605625
08:21:21.100,0.636682
08:21:21.200,0.615551
08:21:21.300,0.392596
08:21:21.400,0.785332
08:21:21.500,0.752956
08:21:21.600,0.304413
08:21:21.700,0.207818
08:21:21.800,-0.151429
08:21:21.900,0.198531
08:21:22.000,0.482272
08:21:22.100,0.373012
08:21:22.200,-0.426014
08:21:22.300,0.379124
08:21:22.400,-0.53821
08:21:22.500,-0.850554
08:21:22.600,-1.042958
08:21:22.700,-1.000398
08:21:22.800,-0.548927
08:21:22.900,-0.781494
08:21:23.000,-0.921203
08:21:23.100,-0.98797
08:21:23.200,-1.045881
08:21:23.300,-0.935159
08:21:23.400,-0.210924
08:21:23.500,0.136193
08:21:23.600,0.241356
08:21:23.700,-0.077313
08:21:23.800,-0.388609
08:21:23.900,-0.343239
08:21:24.000,0.264649
08:21:24.100,0.023279
08:21:24.200,0.360483
08:21:24.300,0.993447
08:21:24.400,0.48734
08:21:24.500,1.292223
08:21:24.600,0.171906
08:21:24.700,0.780302
08:21:24.800,0.775547
08:21:24.900,0.346953
08:21:25.000,0.980579
08:21:25.100,1.227165
08:21:25.200,1.436674
08:21:25.300,0.767656
08:21:25.400,-0.098725
08:21:25.500,0.661921
08:21:25.600,0.671136
08:21:25.700,0.235478
08:21:25.800,0.291604
08:21:25.900,-0.059695
08:21:26.000,-0.046793
08:21:26.100,0.246616
08:21:26.200,0.269846
08:21:26.300,-0.762541
08:21:26.400,-0.590413
08:21:26.500,-1.050934
08:21:26.600,0.077102
08:21:26.700,-0.318932
08:21:26.800,-1.366091
08:21:26.900,-0.713969
08:21:27.000,-0.799211
08:21:27.100,-0.95596
08:21:27.200,-0.303043
08:21:27.300,-0.269019
08:21:27.400,-0.472004
08:21:27.500,-0.719553
08:21:27.600,-0.633086
08:21:27.700,-0.302419
08:21:27.800,-0.37631
08:21:27.900,-0.111542
08:21:28.000,0.195328
08:21:28.100,-0.427231
08:21:28.200,-0.049053
08:21:28.300,0.306001
08:21:28.400,0.95932
08:21:28.500,0.790841
08:21:28.600,0.565057
08:21:28.700,0.764513
08:21:28.800,0.630213
08:21:28.900,1.06841
08:21:29.000,0.851814
08:21:29.100,1.138962
08:21:29.200,0.191371
08:21:29.300,0.341538
08:21:29.400,0.662412
08:21:29.500,0.667704
08:21:29.600,1.251568
08:21:29.700,-0.314918
08:21:29.800,0.204736
08:21:29.900,0.082231
08:21:30.000,0.083244
08:21:30.100,0.497137
08:21:30.200,0.090385
08:21:30.300,-0.879198
08:21:30.400,0.125366
08:21:30.500,0.032077
08:21:30.600,-0.474236
08:21:30.700,-1.189922
08:21:30.800,-0.718806
08:21:30.900,-0.527327
08:21:31.000,-0.351207
08:21:31.100,-1.311039
08:21:31.200,-0.934926
08:21:31.300,-0.239399
08:21:31.400,-0.040694
08:21:31.500,-0.34429
08:21:31.600,-0.00947
08:21:31.700,-0.158445
08:21:31.800,0.120768
08:21:31.900,-0.058711
08:21:32.000,0.167982
08:21:32.100,-0.318118
08:21:32.200,0.46906
08:21:32.300,-0.12053
08:21:32.400,0.663805
08:21:32.500,0.341331
08:21:32.600,0.695808
08:21:32.700,0.290226
08:21:32.800,0.489477
08:21:32.900,0.820172
08:21:33.000,0.964016
08:21:33.100,1.074209
08:21:33.200,0.263214
08:21:33.300,0.098308
08:21:33.400,0.224955
08:21:33.500,0.122012
08:21:33.600,0.95984
08:21:33.700,0.786866
08:21:33.800,-0.132504
08:21:33.900,0.708112
08:21:34.000,0.448175
08:21:34.100,-0.679865
08:21:34.200,-0.576893
08:21:34.300,-0.898534
08:21:34.400,-0.441753
08:21:34.500,-0.488881
08:21:34.600,-0.560873
08:21:34.700,-1.333059
08:21:34.800,-1.165273
08:21:34.900,-0.600328
08:21:35.000,-0.482222
08:21:35.100,-1.398316
08:21:35.200,-1.114136
08:21:35.300,-0.26586
08:21:35.400,-0.994836
08:21:35.500,-0.500119
08:21:35.600,-0.87329
08:21:35.700,-0.026775
08:21:35.800,-0.922256
08:21:35.900,-0.216065
08:21:36.000,0.329107
08:21:36.100,0.323014
08:21:36.200,0.053873
08:21:36.300,0.073255
08:21:36.400,0.329936
08:21:36.500,0.043702
08:21:36.600,0.531309
08:21:36.700,0.594698
08:21:36.800,0.519457
08:21:36.900,1.041504
08:21:37.000,0.325331
08:21:37.100,0.094846
08:21:37.200,0.481878
08:21:37.300,0.667104
08:21:37.400,0.528957
08:21:37.500,0.442068
08:21:37.600,0.017222
08:21:37.700,-0.026096
08:21:37.800,0.045391
08:21:37.900,-0.089015
08:21:38.000,0.38433
08:21:38.100,-0.017134
08:21:38.200,-0.402709
08:21:38.300,0.065461
08:21:38.400,-0.255252
08:21:38.500,-0.970115
08:21:38.600,-1.700897
08:21:38.700,-1.087887
08:21:38.800,-0.457512
08:21:38.900,-0.379362
08:21:39.000,-1.281081
08:21:39.100,-0.460856
08:21:39.200,-0.448481
08:21:39.300,-0.13544
08:21:39.400,-0.233674
08:21:39.500,-0.021816
08:21:39.600,-0.240522
08:21:39.700,-0.158571
08:21:39.800,-0.334362
08:21:39.900,0.177586
08:21:40.000,-0.466342
08:21:40.100,0.060967
08:21:40.200,0.405271
08:21:40.300,0.810669
08:21:40.400,0.244171
08:21:40.500,0.833278
08:21:40.600,0.497299
08:21:40.700,0.969175
08:21:40.800,0.385266
08:21:40.900,0.945472
08:21:41.000,0.666632
08:21:41.100,0.276596
08:21:41.200,0.612085
08:21:41.300,1.086303
08:21:41.400,0.20959
08:21:41.500,-0.024536
08:21:41.600,0.55101
08:21:41.700,-0.269436
08:21:41.800,0.763486
08:21:41.900,0.64786
08:21:42.000,0.363398
08:21:42.100,-0.113435
08:21:42.200,0.36632
08:21:42.300,0.153113
08:21:42.400,-0.597901
08:21:42.500,0.008618
08:21:42.600,-0.885398
08:21:42.700,-0.692666
08:21:42.800,-1.293452
08:21:42.900,-0.640309
08:21:43.000,-0.803078
08:21:43.100,-0.849652
08:21:43.200,-0.723719
08:21:43.300,-0.826545
08:21:43.400,-0.551726
08:21:43.500,-0.045726
08:21:43.600,-0.783098
08:21:43.700,-0.015909
08:21:43.800,-0.140977
08:21:43.900,0.02144
08:21:44.000,-0.010748
08:21:44.100,-0.141586
08:21:44.200,0.372014
08:21:44.300,0.499387
08:21:44.400,0.131285
08:21:44.500,0.026495
08:21:44.600,0.59617
08:21:44.700,0.887857
08:21:44.800,1.017521
08:21:44.900,1.112545
08:21:45.000,0.829987
08:21:45.100,0.599257
08:21:45.200,0.664985
08:21:45.300,0.188593
08:21:45.400,0.327386
08:21:45.500,0.476339
08:21:45.600,0.318126
08:21:45.700,0.349997
08:21:45.800,-0.264881
08:21:45.900,-0.29351
08:21:46.000,0.271458
08:21:46.100,-0.401175
08:21:46.200,-0.452976
08:21:46.300,-0.284531
08:21:46.400,-0.737365
08:21:46.500,-0.107759
08:21:46.600,-1.006202
08:21:46.700,-0.623171
08:21:46.800,-0.927744
08:21:46.900,-0.636716
08:21:47.000,-0.874113
08:21:47.100,-0.69966
08:21:47.200,-0.238291
08:21:47.300,-0.864311
08:21:47.400,-0.809832
08:21:47.500,-0.60554
08:21:47.600,0.104457
08:21:47.700,-0.349203
08:21:47.800,0.215659
08:21:47.900,-0.171423
08:21:48.000,0.416373
08:21:48.100,0.252091
08:21:48.200,0.41041
08:21:48.300,-0.184726
08:21:48.400,-0.143002
08:21:48.500,0.869545
08:21:48.600,0.936532
08:21:48.700,1.471214
08:21:48.800,0.145656
08:21:48.900,0.861412
08:21:49.000,0.341663
08:21:49.100,0.432171
08:21:49.200,0.489953
08:21:49.300,0.757529
08:21:49.400,0.333903
08:21:49.500,0.506754
08:21:49.600,0.702662
08:21:49.700,0.712584
08:21:49.800,0.458718
08:21:49.900,0.267658
08:21:50.000,-0.049572
08:21:50.100,-0.30863
08:21:50.200,-0.027658
08:21:50.300,-0.685612
08:21:50.400,-0.369755
08:21:50.500,-0.871462
08:21:50.600,-0.580759
08:21:50.700,-0.992503
08:21:50.800,-0.805937
08:21:50.900,-0.927965
08:21:51.000,-0.978795
08:21:51.100,-0.721957
08:21:51.200,-1.51407
08:21:51.300,-1.254572
08:21:51.400,-0.285012
08:21:51.500,-0.443357
08:21:51.600,-0.664628
08:21:51.700,0.023073
08:21:51.800,-0.440024
08:21:51.900,-0.312397
08:21:52.000,-0.274185
08:21:52.100,0.776821
08:21:52.200,0.298598
08:21:52.300,0.386292
08:21:52.400,0.57469
08:21:52.500,-0.153474
08:21:52.600,0.358409
08:21:52.700,0.78295
08:21:52.800,0.664302
08:21:52.900,1.463278
08:21:53.000,0.512683
08:21:53.100,1.021496
08:21:53.200,0.947841
08:21:53.300,0.673692
08:21:53.400,0.679853
08:21:53.500,0.393405
08:21:53.600,-0.279159
08:21:53.700,0.440008
08:21:53.800,0.366262
08:21:53.900,0.31448
08:21:54.000,0.022084
08:21:54.100,0.230136
08:21:54.200,-0.519408
08:21:54.300,0.196142
08:21:54.400,-0.75722
08:21:54.500,-0.532718
08:21:54.600,-0.328006
08:21:54.700,-0.803938
08:21:54.800,-0.403588
08:21:54.900,-0.811357
08:21:55.000,-0.658653
08:21:55.100,-0.754777
08:21:55.200,-0.867625
08:21:55.300,0.164172
08:21:55.400,-0.860224
08:21:55.500,-1.295114
08:21:55.600,-0.692722
08:21:55.700,-0.27184
08:21:55.800,-0.34821
08:21:55.900,0.246997
08:21:56.000,0.343764
08:21:56.100,-0.001933
08:21:56.200,-0.372468
08:21:56.300,-0.131309
08:21:56.400,0.400179
08:21:56.500,-0.052604
08:21:56.600,0.437586
08:21:56.700,1.121161
08:21:56.800,0.785731
08:21:56.900,0.707366
08:21:57.000,0.33573
08:21:57.100,0.75499
08:21:57.200,0.575256
08:21:57.300,0.707227
08:21:57.400,0.820796
08:21:57.500,0.809318
08:21:57.600,0.456561
08:21:57.700,0.496966
08:21:57.800,0.037119
08:21:57.900,0.505903
08:21:58.000,-0.310493
08:21:58.100,-0.182118
08:21:58.200,0.216504
08:21:58.300,-0.486375
08:21:58.400,-0.880725
08:21:58.500,-0.638737
08:21:58.600,-0.079205
08:21:58.700,-1.418462
08:21:58.800,-0.629902
08:21:58.900,-0.913283
08:21:59.000,-0.758672
08:21:59.100,-0.813372
08:21:59.200,-0.32957
08:21:59.300,-0.604872
08:21:59.400,-0.212625
08:21:59.500,-0.045529
08:21:59.600,-0.400986
08:21:59.700,-0.443618
08:21:59.800,-0.084298
08:21:59.900,0.090061
08:22:00.000,-0.138395
08:22:00.100,0.028328
08:22:00.200,-0.030427
08:22:00.300,-0.050442
08:22:00.400,-0.082913
08:22:00.500,-0.075086
08:22:00.600,0.150677
08:22:00.700,-0.043679
08:22:00.800,0.137251
08:22:00.900,0.015723
08:22:01.000,-0.135926
08:22:01.100,0.022892
08:22:01.200,-0.14255
08:22:01.300,0.072857
08:22:01.400,-0.024933
08:22:01.500,0.102622
08:22:01.600,0.172026
08:22:01.700,-0.208241
08:22:01.800,-0.055337
08:22:01.900,-0.145135
08:22:02.000,0.258991
08:22:02.100,-0.052837
08:22:02.200,-0.157813
08:22:02.300,0.268841
08:22:02.400,-0.087129
08:22:02.500,-0.194623
08:22:02.600,-0.139008
08:22:02.700,0.017183
08:22:02.800,0.00549
08:22:02.900,-0.10032
08:22:03.000,-0.058206
08:22:03.100,0.00637
08:22:03.200,0.15887
08:22:03.300,0.039993
08:22:03.400,-0.06758
08:22:03.500,-0.027411
08:22:03.600,0.092365
08:22:03.700,0.201608
08:22:03.800,-0.132553
08:22:03.900,0.133693
08:22:04.000,-0.037533
08:22:04.100,-0.194907
08:22:04.200,-0.218668
08:22:04.300,0.160101
08:22:04.400,0.174403
08:22:04.500,-0.06829
08:22:04.600,-0.025457
08:22:04.700,-0.213883
08:22:04.800,0.091445
08:22:04.900,-0.003406
08:22:05.000,-0.186273
08:22:05.100,0.024569
08:22:05.200,-0.166732
08:22:05.300,0.0669
08:22:05.400,-0.129937
08:22:05.500,0.040448
08:22:05.600,-0.078364
08:22:05.700,-0.283884
08:22:05.800,0.119539
08:22:05.900,0.126112
08:22:06.000,-0.062614
08:22:06.100,0.032931
08:22:06.200,0.052581
08:22:06.300,0.056459
08:22:06.400,0.207072
08:22:06.500,0.050016
08:22:06.600,-0.042919
08:22:06.700,0.05135
08:22:06.800,-0.051594
08:22:06.900,-0.127866
08:22:07.000,0.146369
08:22:07.100,0.064099
08:22:07.200,-0.223394
08:22:07.300,-0.08204
08:22:07.400,0.090917
08:22:07.500,-0.187659
08:22:07.600,-0.090352
08:22:07.700,0.319381
08:22:07.800,-0.03973
08:22:07.900,0.129923
08:22:08.000,0.180056
08:22:08.100,-0.10902
08:22:08.200,0.031964
08:22:08.300,0.247058
08:22:08.400,0.055143
08:22:08.500,0.283862
08:22:08.600,-0.076427
08:22:08.700,0.215652
08:22:08.800,0.002001
08:22:08.900,-0.039298
08:22:09.000,0.076805
08:22:09.100,-0.013375
08:22:09.200,-0.010148
08:22:09.300,0.058223
08:22:09.400,-0.216928
08:22:09.500,-0.095839
08:22:09.600,0.086717
08:22:09.700,0.118984
08:22:09.800,0.042867
08:22:09.900,0.033104
08:22:10.000,0.048281
08:22:10.100,0.114936
08:22:10.200,-0.171147
08:22:10.300,-0.061137
08:22:10.400,-0.008931
08:22:10.500,0.023495
08:22:10.600,-0.253157
08:22:10.700,-0.150887
08:22:10.800,-0.001999
08:22:10.900,0.121577
08:22:11.000,-0.050285
08:22:11.100,-0.080027
08:22:11.200,0.06344
08:22:11.300,-0.039369
08:22:11.400,0.105708
08:22:11.500,-0.026559
08:22:11.600,-0.133826
08:22:11.700,0.170472
08:22:11.800,0.148471
08:22:11.900,-0.114658
08:22:12.000,0.047484
08:22:12.100,-0.0392
08:22:12.200,0.074288
08:22:12.300,-0.105083
08:22:12.400,0.104621
08:22:12.500,0.143394
08:22:12.600,-0.113681
08:22:12.700,0.008124
08:22:12.800,0.145916
08:22:12.900,-0.120164
08:22:13.000,-0.080259
08:22:13.100,0.079409
08:22:13.200,-0.019283
08:22:13.300,-0.189033
08:22:13.400,-0.038426
08:22:13.500,0.209573
08:22:13.600,0.247547
08:22:13.700,-0.07645
08:22:13.800,-0.109596
08:22:13.900,-0.054961
08:22:14.000,0.216228
08:22:14.100,0.101051
08:22:14.200,0.17569
08:22:14.300,0.119842
08:22:14.400,-0.158324
08:22:14.500,-0.113862
08:22:14.600,-0.083541
08:22:14.700,-0.062637
08:22:14.800,-0.081397
08:22:14.900,-0.067436
08:22:15.000,0.076859
08:22:15.100,0.016296
08:22:15.200,0.146373
08:22:15.300,0.030221
08:22:15.400,-0.081153
08:22:15.500,0.022615
08:22:15.600,-0.181357
08:22:15.700,-0.27742
08:22:15.800,0.077185
08:22:15.900,0.122197
08:22:16.000,0.008656
08:22:16.100,-0.046957
08:22:16.200,-0.161024
08:22:16.300,0.140031
08:22:16.400,0.059104
08:22:16.500,0.034941
08:22:16.600,-0.000579
08:22:16.700,-0.056348
08:22:16.800,-0.133594
08:22:16.900,0.030324
08:22:17.000,-0.064623
08:22:17.100,-0.050875
08:22:17.200,0.206141
08:22:17.300,-0.005769
08:22:17.400,-0.294355
08:22:17.500,-0.064255
08:22:17.600,-0.120174
08:22:17.700,-0.016706
08:22:17.800,-0.170932
08:22:17.900,0.052036
08:22:18.000,-0.035528
08:22:18.100,-0.057086
08:22:18.200,0.017954
08:22:18.300,-0.009199
08:22:18.400,-0.016165
08:22:18.500,-0.026902
08:22:18.600,-0.002438
08:22:18.700,0.041181
08:22:18.800,0.026156
08:22:18.900,0.135226
08:22:19.000,-0.065603
08:22:19.100,0.028575
08:22:19.200,0.293532
08:22:19.300,-0.004914
08:22:19.400,-0.000262
08:22:19.500,-0.151606
08:22:19.600,-0.085585
08:22:19.700,-0.012764
08:22:19.800,0.064014
08:22:19.900,0.0779
08:22:20.000,0.039153
08:22:20.100,0.096492
08:22:20.200,-0.119921
08:22:20.300,0.05867
08:22:20.400,0.001602
08:22:20.500,0.014987
08:22:20.600,-0.043478
08:22:20.700,-0.114364
08:22:20.800,-0.145818
08:22:20.900,0.038481
08:22:21.000,0.059742
08:22:21.100,-0.015548
08:22:21.200,-0.001778
08:22:21.300,-0.086425
08:22:21.400,0.060367
08:22:21.500,0.007275
08:22:21.600,-0.043874
08:22:21.700,0.10393
08:22:21.800,0.077402
08:22:21.900,-0.184304
08:22:22.000,0.005898
08:22:22.100,-0.114988
08:22:22.200,0.016743
08:22:22.300,-0.378222
08:22:22.400,0.023657
08:22:22.500,0.085438
08:22:22.600,-0.013295
08:22:22.700,-0.139766
08:22:22.800,0.234764
08:22:22.900,0.138715
08:22:23.000,-0.063727
08:22:23.100,-0.031323
08:22:23.200,-0.237724
08:22:23.300,0.056808
08:22:23.400,-0.164309
08:22:23.500,0.079964
08:22:23.600,0.123113
08:22:23.700,-0.008432
08:22:23.800,-0.127734
08:22:23.900,0.149882
08:22:24.000,0.00026
08:22:24.100,0.011187
08:22:24.200,-0.111784
08:22:24.300,0.023166
08:22:24.400,-0.02435
08:22:24.500,-0.159419
08:22:24.600,0.160799
08:22:24.700,0.211095
08:22:24.800,0.122184
08:22:24.900,0.10426
08:22:25.000,0.211812
08:22:25.100,-0.1257
08:22:25.200,-0.12714
08:22:25.300,-0.049727
08:22:25.400,0.035743
08:22:25.500,-0.035115
08:22:25.600,-0.122399
08:22:25.700,0.000679
08:22:25.800,-0.011326
08:22:25.900,0.100959
08:22:26.000,0.005345
08:22:26.100,-0.228547
08:22:26.200,0.046256
08:22:26.300,0.189814
08:22:26.400,0.003471
08:22:26.500,0.118435
08:22:26.600,-0.060615
08:22:26.700,0.06789
08:22:26.800,-0.089351
08:22:26.900,-0.02958
08:22:27.000,-0.028635
08:22:27.100,0.057203
08:22:27.200,-0.098899
08:22:27.300,-0.175786
08:22:27.400,0.056413
08:22:27.500,0.051903
08:22:27.600,0.013498
08:22:27.700,0.111947
08:22:27.800,-0.024317
08:22:27.900,0.033762
08:22:28.000,-0.04199
08:22:28.100,-0.031033
08:22:28.200,0.040826
08:22:28.300,0.271993
08:22:28.400,0.089076
08:22:28.500,0.065833
08:22:28.600,0.092813
08:22:28.700,-0.281733
08:22:28.800,0.038301
08:22:28.900,0.109257
08:22:29.000,0.010131
08:22:29.100,-0.005181
08:22:29.200,-0.112793
08:22:29.300,-0.052009
08:22:29.400,-0.100019
08:22:29.500,0.119941
08:22:29.600,0.1802
08:22:29.700,0.232208
08:22:29.800,-0.101999
08:22:29.900,-0.080209
08:22:30.000,-0.089963
08:22:30.100,-0.122227
08:22:30.200,-0.12029
08:22:30.300,-0.061859
08:22:30.400,0.104937
08:22:30.500,-0.08614
08:22:30.600,0.12637
08:22:30.700,0.164096
08:22:30.800,0.034212
08:22:30.900,0.147496
08:22:31.000,-0.163351
08:22:31.100,-0.066982
08:22:31.200,0.02273
08:22:31.300,0.026788
08:22:31.400,0.171508
08:22:31.500,-0.119861
08:22:31.600,-0.064435
08:22:31.700,-0.010198
08:22:31.800,-0.062234
08:22:31.900,-0.125115
08:22:32.000,-0.057186
08:22:32.100,-0.029463
08:22:32.200,0.173705
08:22:32.300,-0.122428
08:22:32.400,0.097822
08:22:32.500,0.152656
08:22:32.600,-0.061511
08:22:32.700,0.031187
08:22:32.800,0.069112
08:22:32.900,0.049321
08:22:33.000,0.009857
08:22:33.100,-0.081459
08:22:33.200,0.079495
08:22:33.300,-0.044935
08:22:33.400,0.003438
08:22:33.500,0.021098
08:22:33.600,0.102719
08:22:33.700,0.231353
08:22:33.800,-0.088534
08:22:33.900,0.006309
08:22:34.000,-0.17813
08:22:34.100,0.177773
08:22:34.200,0.005262
08:22:34.300,-0.035961
08:22:34.400,0.006267
08:22:34.500,0.012332
08:22:34.600,-0.087821
08:22:34.700,0.142556
08:22:34.800,0.077369
08:22:34.900,0.0941
08:22:35.000,-0.081601
08:22:35.100,-0.088094
08:22:35.200,-0.013626
08:22:35.300,0.095995
08:22:35.400,0.060203
08:22:35.500,-0.093322
08:22:35.600,0.080131
08:22:35.700,-0.116655
08:22:35.800,-0.079394
08:22:35.900,0.018927
08:22:36.000,-0.140577
08:22:36.100,-0.115623
08:22:36.200,0.186255
08:22:36.300,0.163952
08:22:36.400,0.274766
08:22:36.500,0.054069
08:22:36.600,0.077372
08:22:36.700,-0.018595
08:22:36.800,-0.042053
08:22:36.900,0.10463
08:22:37.000,0.163437
08:22:37.100,0.094398
08:22:37.200,-0.100778
08:22:37.300,0.046995
08:22:37.400,-0.092418
08:22:37.500,-0.03894
08:22:37.600,0.196347
08:22:37.700,-0.14395
08:22:37.800,0.260244
08:22:37.900,0.065944
08:22:38.000,-0.055934
08:22:38.100,0.008186
08:22:38.200,-0.082196
08:22:38.300,-0.06563
08:22:38.400,0.008795
08:22:38.500,-0.039471
08:22:38.600,-0.111956
08:22:38.700,-0.026569
08:22:38.800,-0.157754
08:22:38.900,-0.152618
08:22:39.000,-0.153846
08:22:39.100,0.200559
08:22:39.200,0.048675
08:22:39.300,0.071503
08:22:39.400,0.001351
08:22:39.500,0.060754
08:22:39.600,0.141102
08:22:39.700,0.048938
08:22:39.800,0.19684
08:22:39.900,-0.004462
08:22:40.000,0.07187
08:22:40.100,0.084482
08:22:40.200,-0.111845
08:22:40.300,0.005129
08:22:40.400,-0.220971
08:22:40.500,-0.015585
08:22:40.600,-0.033494
08:22:40.700,-0.040674
08:22:40.800,-0.048902
08:22:40.900,0.061437
08:22:41.000,-0.1063
08:22:41.100,0.223199
08:22:41.200,0.068098
08:22:41.300,-0.096356
08:22:41.400,0.077666
08:22:41.500,0.119382
08:22:41.600,0.044294
08:22:41.700,-0.120697
08:22:41.800,0.268474
08:22:41.900,0.076737
08:22:42.000,-0.14971
08:22:42.100,0.025094
08:22:42.200,-0.026438
08:22:42.300,0.000771
08:22:42.400,-0.143246
08:22:42.500,0.006519
08:22:42.600,-0.09975
08:22:42.700,-0.041945
08:22:42.800,0.046493
08:22:42.900,-0.057196
08:22:43.000,-0.034851
08:22:43.100,0.098428
08:22:43.200,-0.106632
08:22:43.300,-0.077811
08:22:43.400,-0.150551
08:22:43.500,-0.098744
08:22:43.600,0.015495
08:22:43.700,0.076736
08:22:43.800,-0.09674
08:22:43.900,0.073177
08:22:44.000,0.012626
08:22:44.100,-0.165912
08:22:44.200,0.020947
08:22:44.300,0.143323
08:22:44.400,-0.227056
08:22:44.500,0.240625
08:22:44.600,-0.073262
08:22:44.700,-0.197893
08:22:44.800,0.016611
08:22:44.900,0.09973
08:22:45.000,-0.033652
08:22:45.100,0.037392
08:22:45.200,0.254368
08:22:45.300,0.024678
08:22:45.400,0.357899
08:22:45.500,0.151756
08:22:45.600,0.006184
08:22:45.700,0.034984
08:22:45.800,-0.038332
08:22:45.900,0.029949
08:22:46.000,0.067387
08:22:46.100,-0.048498
08:22:46.200,-0.165597
08:22:46.300,0.158553
08:22:46.400,0.116818
08:22:46.500,-0.170051
08:22:46.600,0.020519
08:22:46.700,0.123249
08:22:46.800,0.110847
08:22:46.900,-0.083276
08:22:47.000,0.117854
08:22:47.100,0.001812
08:22:47.200,0.046641
08:22:47.300,-0.110339
08:22:47.400,-0.510841
08:22:47.500,-0.093279
08:22:47.600,0.064389
08:22:47.700,-0.024652
08:22:47.800,0.078023
08:22:47.900,0.132738
08:22:48.000,-0.039662
08:22:48.100,-0.051474
08:22:48.200,-0.262423
08:22:48.300,-0.185721
08:22:48.400,-0.160792
08:22:48.500,0.066797
08:22:48.600,-0.038464
08:22:48.700,-0.064108
08:22:48.800,-0.077849
08:22:48.900,-0.093478
08:22:49.000,0.110815
08:22:49.100,0.011202
08:22:49.200,0.118959
08:22:49.300,-0.263206
08:22:49.400,0.063928
08:22:49.500,-0.058055
08:22:49.600,-0.033777
08:22:49.700,0.162339
08:22:49.800,-0.046782
08:22:49.900,0.059028
08:22:50.000,-0.122153
08:22:50.100,0.004333
08:22:50.200,-0.19095
08:22:50.300,-0.006877
08:22:50.400,0.046249
08:22:50.500,0.132765
08:22:50.600,-0.098147
08:22:50.700,-0.063476
08:22:50.800,-0.077295
08:22:50.900,-0.030481
08:22:51.000,-0.115669
08:22:51.100,-0.258866
08:22:51.200,-0.125125
08:22:51.300,-0.005875
08:22:51.400,-0.017772
08:22:51.500,0.066254
08:22:51.600,0.101063
08:22:51.700,-0.053946
08:22:51.800,-0.190289
08:22:51.900,0.048386
08:22:52.000,-0.001177
08:22:52.100,-0.031013
08:22:52.200,0.146451
08:22:52.300,0.054066
08:22:52.400,0.014748
08:22:52.500,0.019666
08:22:52.600,0.101965
08:22:52.700,-0.082746
08:22:52.800,-0.105626
08:22:52.900,-0.028096
08:22:53.000,-0.141352
08:22:53.100,-0.00545
08:22:53.200,0.011634
08:22:53.300,-0.008256
08:22:53.400,-0.04337
08:22:53.500,0.198361
08:22:53.600,0.112879
08:22:53.700,-0.011657
08:22:53.800,0.011163
08:22:53.900,0.165161
08:22:54.000,-0.070147
08:22:54.100,-0.115872
08:22:54.200,0.027228
08:22:54.300,0.049669
08:22:54.400,0.058621
08:22:54.500,0.099333
08:22:54.600,-0.087909
08:22:54.700,-0.169014
08:22:54.800,-0.070148
08:22:54.900,0.069821
08:22:55.000,-0.110628
08:22:55.100,-0.23206
08:22:55.200,0.017312
08:22:55.300,-0.06805
08:22:55.400,-0.207251
08:22:55.500,0.008934
08:22:55.600,-0.046353
08:22:55.700,0.201118
08:22:55.800,0.010661
08:22:55.900,0.07033
08:22:56.000,-0.002068
08:22:56.100,-0.071704
08:22:56.200,-0.058514
08:22:56.300,0.129715
08:22:56.400,0.089735
08:22:56.500,-0.178635
08:22:56.600,-0.149833
08:22:56.700,-0.143169
08:22:56.800,0.127212
08:22:56.900,-0.207765
08:22:57.000,0.094379
08:22:57.100,0.047803
08:22:57.200,0.017618
08:22:57.300,-0.056759
08:22:57.400,0.142634
08:22:57.500,0.013616
08:22:57.600,-0.173305
08:22:57.700,-0.145359
08:22:57.800,-0.197371
08:22:57.900,0.14404
08:22:58.000,0.170911
08:22:58.100,0.130353
08:22:58.200,-0.017176
08:22:58.300,-0.171165
08:22:58.400,-0.126481
08:22:58.500,-0.118665
08:22:58.600,-0.005483
08:22:58.700,0.166493
08:22:58.800,0.166022
08:22:58.900,-0.0586
08:22:59.000,-0.268387
08:22:59.100,-0.140039
08:22:59.200,0.142632
08:22:59.300,0.027795
08:22:59.400,-0.042678
08:22:59.500,-0.051044
08:22:59.600,-0.090102
08:22:59.700,-0.144453
08:22:59.800,0.248648
08:22:59.900,0.206218
08:23:00.000,-0.098624
08:23:00.100,-0.210465
08:23:00.200,0.020282
08:23:00.300,-0.017696
08:23:00.400,0.075377
08:23:00.500,0.102553
08:23:00.600,-0.140403
08:23:00.700,0.153626
08:23:00.800,-0.042379
08:23:00.900,0.072949
08:23:01.000,-0.031376
08:23:01.100,0.110699
08:23:01.200,-0.283475
08:23:01.300,0.0886
08:23:01.400,-0.09983
08:23:01.500,0.008816
08:23:01.600,0.149364
08:23:01.700,-0.096378
08:23:01.800,-0.115202
08:23:01.900,-0.044637
08:23:02.000,-0.052208
08:23:02.100,-0.12602
08:23:02.200,0.012753
08:23:02.300,0.01898
08:23:02.400,0.055559
08:23:02.500,-0.098348
08:23:02.600,-0.11328
08:23:02.700,-0.014232
08:23:02.800,-0.029405
08:23:02.900,-0.027101
08:23:03.000,-0.084868
08:23:03.100,0.039605
08:23:03.200,-0.113098
08:23:03.300,-0.014661
08:23:03.400,-0.036764
08:23:03.500,-0.004015
08:23:03.600,0.142232
08:23:03.700,-0.15774
08:23:03.800,-0.286959
08:23:03.900,-0.071303
08:23:04.000,-0.138157
08:23:04.100,-0.361498
08:23:04.200,0.209562
08:23:04.300,0.067165
08:23:04.400,0.080059
08:23:04.500,-0.034256
08:23:04.600,0.050498
08:23:04.700,-0.050717
08:23:04.800,0.097719
08:23:04.900,0.022688
08:23:05.000,-0.004383
08:23:05.100,0.004671
08:23:05.200,0.175854
08:23:05.300,0.02008
08:23:05.400,-0.123553
08:23:05.500,0.040343
08:23:05.600,0.058685
08:23:05.700,-0.017365
08:23:05.800,-0.006252
08:23:05.900,-0.127946
08:23:06.000,0.011649
08:23:06.100,-0.145738
08:23:06.200,-0.030093
08:23:06.300,-0.080319
08:23:06.400,0.117949
08:23:06.500,0.185993
08:23:06.600,-0.137319
08:23:06.700,-0.000554
08:23:06.800,-0.037243
08:23:06.900,0.055733
08:23:07.000,0.011549
08:23:07.100,-0.046485
08:23:07.200,0.01125
08:23:07.300,-0.025758
08:23:07.400,0.190696
08:23:07.500,-0.095237
08:23:07.600,0.030898
08:23:07.700,0.061156
08:23:07.800,0.052617
08:23:07.900,-0.035747
08:23:08.000,0.164193
08:23:08.100,-0.250666
08:23:08.200,-0.131272
08:23:08.300,0.079628
08:23:08.400,-0.105613
08:23:08.500,-0.112621
08:23:08.600,-0.056063
08:23:08.700,-0.094277
08:23:08.800,0.076451
08:23:08.900,0.108529
08:23:09.000,0.010598
08:23:09.100,0.126555
08:23:09.200,-0.166372
08:23:09.300,0.009107
08:23:09.400,0.161754
08:23:09.500,0.117223
08:23:09.600,0.172355
08:23:09.700,-0.070805
08:23:09.800,0.110063
08:23:09.900,-0.051213
08:23:10.000,0.071418
08:23:10.100,0.157305
08:23:10.200,-0.095288
08:23:10.300,-0.222692
08:23:10.400,0.221708
08:23:10.500,0.058575
08:23:10.600,-0.01285
08:23:10.700,-0.019441
08:23:10.800,-0.251543
08:23:10.900,0.025048
08:23:11.000,-0.063668
08:23:11.100,0.006297
08:23:11.200,0.003635
08:23:11.300,-0.405331
08:23:11.400,0.058796
08:23:11.500,0.022676
08:23:11.600,0.038792
08:23:11.700,-0.02201
08:23:11.800,0.005871
08:23:11.900,0.020737
08:23:12.000,0.032912
08:23:12.100,0.05707
08:23:12.200,0.033932
08:23:12.300,0.221967
08:23:12.400,-0.087122
08:23:12.500,-0.044995
08:23:12.600,0.203155
08:23:12.700,-0.018552
08:23:12.800,0.111797
08:23:12.900,0.016261
08:23:13.000,-0.027337
08:23:13.100,0.11835
08:23:13.200,0.062211
08:23:13.300,-0.184081
08:23:13.400,0.020819
08:23:13.500,-0.119407
08:23:13.600,0.152538
08:23:13.700,0.210431
08:23:13.800,0.224877
08:23:13.900,0.042902
08:23:14.000,-0.055388
08:23:14.100,0.038611
08:23:14.200,-0.112767
08:23:14.300,0.28146
08:23:14.400,0.143323
08:23:14.500,0.036543
08:23:14.600,0.119646
08:23:14.700,-0.059007
08:23:14.800,-0.132955
08:23:14.900,-0.26559
08:23:15.000,0.009967
08:23:15.100,-0.024979
08:23:15.200,0.062315
08:23:15.300,0.001569
08:23:15.400,0.056866
08:23:15.500,0.09733
08:23:15.600,-0.175222
08:23:15.700,0.104268
08:23:15.800,-0.04879
08:23:15.900,0.062109
08:23:16.000,0.122667
08:23:16.100,0.123491
08:23:16.200,0.015498
08:23:16.300,0.021417
08:23:16.400,0.107029
08:23:16.500,-0.180141
08:23:16.600,-0.114189
08:23:16.700,-0.033511
08:23:16.800,-0.159935
08:23:16.900,-0.032606
08:23:17.000,-0.039162
08:23:17.100,0.010453
08:23:17.200,-0.006826
08:23:17.300,0.128322
08:23:17.400,0.068761
08:23:17.500,-0.008524
08:23:17.600,-0.039991
08:23:17.700,-0.005707
08:23:17.800,-0.003583
08:23:17.900,0.302251
08:23:18.000,-0.174903
08:23:18.100,-0.111153
08:23:18.200,-0.128751
08:23:18.300,0.032313
08:23:18.400,0.027561
08:23:18.500,-0.068769
08:23:18.600,0.107534
08:23:18.700,0.044359
08:23:18.800,0.112572
08:23:18.900,0.144415
08:23:19.000,-0.255725
08:23:19.100,0.082274
08:23:19.200,-0.154807
08:23:19.300,0.02993
08:23:19.400,-0.008748
08:23:19.500,-0.003626
08:23:19.600,-0.144555
08:23:19.700,0.123658
08:23:19.800,-0.154859
08:23:19.900,0.090064
08:23:20.000,-0.171827
08:23:20.100,-0.002143
08:23:20.200,0.216527
08:23:20.300,0.283396
08:23:20.400,-0.194246
08:23:20.500,-0.084545
08:23:20.600,-0.062719
08:23:20.700,0.270606
08:23:20.800,-0.008199
08:23:20.900,0.12896
08:23:21.000,0.035965
08:23:21.100,-0.143906
08:23:21.200,-0.223176
08:23:21.300,-0.073571
08:23:21.400,0.278025
08:23:21.500,0.030914
08:23:21.600,0.126525
08:23:21.700,-0.170189
08:23:21.800,-0.039027
08:23:21.900,0.093461
08:23:22.000,-0.13094
08:23:22.100,-0.007676
08:23:22.200,-0.105572
08:23:22.300,0.099172
08:23:22.400,0.047822
08:23:22.500,0.082006
08:23:22.600,0.104529
08:23:22.700,-0.027321
08:23:22.800,0.120388
08:23:22.900,-0.070782
08:23:23.000,0.075086
08:23:23.100,-0.236514
08:23:23.200,-0.089563
08:23:23.300,0.277896
08:23:23.400,0.073319
08:23:23.500,0.073362
08:23:23.600,-0.098868
08:23:23.700,-0.131305
08:23:23.800,-0.031723
08:23:23.900,-0.008055
08:23:24.000,0.229736
08:23:24.100,0.122273
08:23:24.200,0.013071
08:23:24.300,0.007886
08:23:24.400,0.090977
08:23:24.500,-0.158256
08:23:24.600,-0.230562
08:23:24.700,0.089207
08:23:24.800,0.008642
08:23:24.900,-0.157454
08:23:25.000,-0.251386
08:23:25.100,0.107264
08:23:25.200,-0.062587
08:23:25.300,0.048031
08:23:25.400,-0.031651
08:23:25.500,-0.004109
08:23:25.600,-0.07107
08:23:25.700,-0.009181
08:23:25.800,0.069249
08:23:25.900,-0.033087
08:23:26.000,-0.039939
08:23:26.100,0.072905
08:23:26.200,0.080902
08:23:26.300,-0.136499
08:23:26.400,-0.003469
08:23:26.500,-0.062852
08:23:26.600,0.001646
08:23:26.700,0.172076
08:23:26.800,0.043076
08:23:26.900,0.259709
08:23:27.000,0.026351
08:23:27.100,-0.019975
08:23:27.200,-0.002362
08:23:27.300,0.017116
08:23:27.400,0.038742
08:23:27.500,-0.119036
08:23:27.600,-0.027979
08:23:27.700,-0.086928
08:23:27.800,0.123555
08:23:27.900,-0.23108
08:23:28.000,0.018828
08:23:28.100,-0.18218
08:23:28.200,0.051869
08:23:28.300,-0.047869
08:23:28.400,-0.218015
08:23:28.500,0.113068
08:23:28.600,-0.301966
08:23:28.700,-0.00377
08:23:28.800,0.082943
08:23:28.900,0.165208
08:23:29.000,-0.193219
08:23:29.100,-0.061923
08:23:29.200,0.130038
08:23:29.300,0.138149
08:23:29.400,0.153689
08:23:29.500,0.30739
08:23:29.600,-0.061043
08:23:29.700,0.044686
08:23:29.800,-0.041504
08:23:29.900,-0.237014
08:23:30.000,-0.0108
08:23:30.100,-0.239324
08:23:30.200,-0.062499
08:23:30.300,-0.176179
08:23:30.400,0.052663
08:23:30.500,-0.093423
08:23:30.600,-0.214225
08:23:30.700,0.103879
08:23:30.800,-0.07245
08:23:30.900,-0.051852
08:23:31.000,-0.117331
08:23:31.100,0.137889
08:23:31.200,0.032462
08:23:31.300,-0.073571
08:23:31.400,-0.229684
08:23:31.500,0.301276
08:23:31.600,0.237524
08:23:31.700,0.173172
08:23:31.800,-0.084381
08:23:31.900,-0.060114
08:23:32.000,0.04808
08:23:32.100,-0.107262
08:23:32.200,-0.118728
08:23:32.300,0.175027
08:23:32.400,-0.006617
08:23:32.500,-0.134384
08:23:32.600,0.11432
08:23:32.700,-0.068868
08:23:32.800,-0.237523
08:23:32.900,-0.136177
08:23:33.000,-0.061979
08:23:33.100,0.026395
08:23:33.200,0.020609
08:23:33.300,0.147332
08:23:33.400,-0.028444
08:23:33.500,-0.055878
08:23:33.600,0.149406
08:23:33.700,0.117444
08:23:33.800,-0.025615
08:23:33.900,0.035044
08:23:34.000,-0.057039
08:23:34.100,-0.139459
08:23:34.200,0.263668
08:23:34.300,-0.065027
08:23:34.400,0.035399
08:23:34.500,-0.181842
08:23:34.600,0.088374
08:23:34.700,-0.144703
08:23:34.800,0.201355
08:23:34.900,0.215689
08:23:35.000,0.067877
08:23:35.100,0.013786
08:23:35.200,-0.02249
08:23:35.300,-0.005705
08:23:35.400,0.049108
08:23:35.500,0.010769
08:23:35.600,0.117805
08:23:35.700,-0.110196
08:23:35.800,0.18337
08:23:35.900,-0.050719
08:23:36.000,-0.089505
08:23:36.100,0.043513
08:23:36.200,0.051186
08:23:36.300,-0.2084
08:23:36.400,-0.057733
08:23:36.500,-0.260646
08:23:36.600,-0.081085
08:23:36.700,-0.075917
08:23:36.800,0.035695
08:23:36.900,-0.094535
08:23:37.000,-0.066126
08:23:37.100,0.156467
08:23:37.200,0.247703
08:23:37.300,-0.110509
08:23:37.400,0.122311
08:23:37.500,0.046537
08:23:37.600,-0.208655
08:23:37.700,-0.09494
08:23:37.800,-0.36334
08:23:37.900,0.038828
08:23:38.000,-0.129215
08:23:38.100,0.016071
08:23:38.200,0.308514
08:23:38.300,0.191177
08:23:38.400,-0.092041
08:23:38.500,-0.121054
08:23:38.600,0.155158
08:23:38.700,-0.120576
08:23:38.800,0.118935
08:23:38.900,0.328304
08:23:39.000,0.08105
08:23:39.100,0.142082
08:23:39.200,0.128164
08:23:39.300,-0.066852
08:23:39.400,0.034823
08:23:39.500,-0.114772
08:23:39.600,0.154791
08:23:39.700,-0.130215
08:23:39.800,0.084119
08:23:39.900,0.135806
08:23:40.000,-0.058997
08:23:40.100,-0.086519
08:23:40.200,-0.020363
08:23:40.300,-0.107092
08:23:40.400,0.018768
08:23:40.500,-0.110036
08:23:40.600,-0.101347
08:23:40.700,0.065628
08:23:40.800,0.074107
08:23:40.900,-0.035222
08:23:41.000,-0.197571
08:23:41.100,0.140503
08:23:41.200,-0.053808
08:23:41.300,0.247478
08:23:41.400,-0.015888
08:23:41.500,0.016293
08:23:41.600,-0.05181
08:23:41.700,0.029209
08:23:41.800,0.417188
08:23:41.900,-0.041876
08:23:42.000,0.153159
08:23:42.100,0.010876
08:23:42.200,0.140855
08:23:42.300,-0.231826
08:23:42.400,0.233387
08:23:42.500,0.040923
08:23:42.600,-0.032131
08:23:42.700,0.108397
08:23:42.800,0.017269
08:23:42.900,-0.137745
08:23:43.000,-0.290794
08:23:43.100,0.219127
08:23:43.200,-0.026742
08:23:43.300,-0.073552
08:23:43.400,-0.064226
08:23:43.500,0.175736
08:23:43.600,-0.058813
08:23:43.700,0.077324
08:23:43.800,-0.040156
08:23:43.900,-0.150577
08:23:44.000,0.108154
08:23:44.100,0.132361
08:23:44.200,-0.081518
08:23:44.300,-0.004531
08:23:44.400,0.011641
08:23:44.500,0.053415
08:23:44.600,0.236555
08:23:44.700,-0.038864
08:23:44.800,-0.039605
08:23:44.900,-0.021038
08:23:45.000,-0.113066
08:23:45.100,-0.206659
08:23:45.200,0.016052
08:23:45.300,0.063273
08:23:45.400,0.000294
08:23:45.500,-0.007525
08:23:45.600,-0.107848
08:23:45.700,0.030288
08:23:45.800,0.020383
08:23:45.900,0.056987
08:23:46.000,0.038841
08:23:46.100,0.047258
08:23:46.200,0.158254
08:23:46.300,0.068664
08:23:46.400,0.057673
08:23:46.500,-0.209101
08:23:46.600,0.12642
08:23:46.700,-0.035743
08:23:46.800,0.009505
08:23:46.900,-0.152748
08:23:47.000,0.250785
08:23:47.100,-0.296906
08:23:47.200,0.178573
08:23:47.300,0.051019
08:23:47.400,-0.228635
08:23:47.500,0.244368
08:23:47.600,0.061652
08:23:47.700,-0.282998
08:23:47.800,-0.050695
08:23:47.900,0.064142
08:23:48.000,0.205589
08:23:48.100,-0.04911
08:23:48.200,-0.317629
08:23:48.300,0.175082
08:23:48.400,0.059784
08:23:48.500,-0.267906
08:23:48.600,0.041124
08:23:48.700,0.053828
08:23:48.800,-0.038966
08:23:48.900,-0.099274
08:23:49.000,-0.073168
08:23:49.100,-0.039042
08:23:49.200,0.042566
08:23:49.300,0.094603
08:23:49.400,-0.25774
08:23:49.500,0.030717
08:23:49.600,0.058554
08:23:49.700,0.020297
08:23:49.800,-0.048583
08:23:49.900,0.170377
08:23:50.000,0.161328
08:23:50.100,-0.043946
08:23:50.200,-0.009969
08:23:50.300,0.092621
08:23:50.400,0.153915
08:23:50.500,-0.097863
08:23:50.600,-0.125544
08:23:50.700,0.032899
08:23:50.800,-0.13483
08:23:50.900,-0.2334
08:23:51.000,-0.098445
08:23:51.100,0.05006
08:23:51.200,0.186433
08:23:51.300,-0.085052
08:23:51.400,-0.014912
08:23:51.500,0.018665
08:23:51.600,-0.077832
08:23:51.700,-0.08726
08:23:51.800,0.040198
08:23:51.900,-0.143692
08:23:52.000,-0.09209
08:23:52.100,-0.024311
08:23:52.200,0.038695
08:23:52.300,-0.18183
08:23:52.400,-0.015698
08:23:52.500,-0.154903
08:23:52.600,-0.082104
08:23:52.700,0.094635
08:23:52.800,-0.008861
08:23:52.900,0.200288
08:23:53.000,-0.008664
08:23:53.100,0.116162
08:23:53.200,0.095373
08:23:53.300,-0.001586
08:23:53.400,-0.157878
08:23:53.500,-0.012615
08:23:53.600,-0.063932
08:23:53.700,-0.06857
08:23:53.800,0.018699
08:23:53.900,-0.173949
08:23:54.000,-0.104861
08:23:54.100,-0.121448
08:23:54.200,-0.030507
08:23:54.300,-0.092179
08:23:54.400,-0.084291
08:23:54.500,0.016256
08:23:54.600,-0.053482
08:23:54.700,0.000577
08:23:54.800,-0.133884
08:23:54.900,-0.099411
08:23:55.000,0.244899
08:23:55.100,-0.083689
08:23:55.200,-0.252771
08:23:55.300,0.041055
08:23:55.400,-0.084956
08:23:55.500,0.029262
08:23:55.600,-0.010744
08:23:55.700,0.065985
08:23:55.800,-0.011955
08:23:55.900,-0.027186
08:23:56.000,0.13775
08:23:56.100,-0.266177
08:23:56.200,-0.159059
08:23:56.300,-0.099011
08:23:56.400,-0.203141
08:23:56.500,-0.057526
08:23:56.600,-0.06937
08:23:56.700,0.116964
08:23:56.800,-0.010593
08:23:56.900,-0.025561
08:23:57.000,-0.045581
08:23:57.100,-0.12624
08:23:57.200,0.106895
08:23:57.300,0.145209
08:23:57.400,-0.14546
08:23:57.500,0.194407
08:23:57.600,-0.080518
08:23:57.700,-0.090302
08:23:57.800,0.056735
08:23:57.900,0.067445
08:23:58.000,-0.008552
08:23:58.100,-0.041554
08:23:58.200,0.140682
08:23:58.300,-0.074796
08:23:58.400,-0.008252
08:23:58.500,0.203254
08:23:58.600,-0.16045
08:23:58.700,-0.055038
08:23:58.800,0.123016
08:23:58.900,0.06336
08:23:59.000,0.107282
08:23:59.100,-0.158746
08:23:59.200,0.038534
08:23:59.300,-0.034225
08:23:59.400,0.27269
08:23:59.500,0.097125
08:23:59.600,-0.002678
08:23:59.700,0.034308
08:23:59.800,0.006515
08:23:59.900,0.083882
08:24:00.000,-0.102756
08:24:00.100,0.163826
08:24:00.200,-0.158967
08:24:00.300,0.024605
08:24:00.400,-0.098914
08:24:00.500,0.005139
08:24:00.600,0.118562
08:24:00.700,-0.205481
08:24:00.800,-0.020337
08:24:00.900,-0.172771
08:24:01.000,-0.033526
08:24:01.100,-0.173087
08:24:01.200,0.019414
08:24:01.300,-0.05114
08:24:01.400,0.089655
08:24:01.500,0.147427
08:24:01.600,0.001278
08:24:01.700,0.107239
08:24:01.800,0.165895
08:24:01.900,-0.110652
08:24:02.000,0.172198
08:24:02.100,-0.004433
08:24:02.200,-0.117405
08:24:02.300,0.035815
08:24:02.400,-0.008651
08:24:02.500,-0.168841
08:24:02.600,-0.132126
08:24:02.700,0.196478
08:24:02.800,0.033429
08:24:02.900,0.177815
08:24:03.000,-0.049989
08:24:03.100,-0.096195
08:24:03.200,-0.201998
08:24:03.300,0.116157
08:24:03.400,0.049276
08:24:03.500,-0.048905
08:24:03.600,-0.095119
08:24:03.700,0.135224
08:24:03.800,-0.021274
08:24:03.900,-0.019984
08:24:04.000,-0.072092
08:24:04.100,-0.048895
08:24:04.200,0.066015
08:24:04.300,-0.169973
08:24:04.400,0.009688
08:24:04.500,0.11467
08:24:04.600,-0.010171
08:24:04.700,0.126507
08:24:04.800,0.160872
08:24:04.900,0.10843
08:24:05.000,-0.064471
08:24:05.100,-0.004253
08:24:05.200,0.041492
08:24:05.300,-0.05637
08:24:05.400,-0.060373
08:24:05.500,-0.067598
08:24:05.600,0.305227
08:24:05.700,-0.032531
08:24:05.800,0.128241
08:24:05.900,-0.104328
08:24:06.000,0.204213
08:24:06.100,-0.045428
08:24:06.200,0.006357
08:24:06.300,-0.219927
08:24:06.400,0.133992
08:24:06.500,0.159986
08:24:06.600,-0.142473
08:24:06.700,0.140977
08:24:06.800,-0.160475
08:24:06.900,0.075848
08:24:07.000,-0.034556
08:24:07.100,0.16035
08:24:07.200,0.029903
08:24:07.300,0.111776
08:24:07.400,0.148531
08:24:07.500,-0.034924
08:24:07.600,-0.003468
08:24:07.700,-0.133342
08:24:07.800,-0.036003
08:24:07.900,0.231249
08:24:08.000,0.090694
08:24:08.100,-0.125352
08:24:08.200,0.195773
08:24:08.300,0.04668
08:24:08.400,0.099651
08:24:08.500,0.058863
08:24:08.600,0.050371
08:24:08.700,-0.239726
08:24:08.800,0.132835
08:24:08.900,-0.27052
08:24:09.000,0.121919
08:24:09.100,0.011948
08:24:09.200,0.100256
08:24:09.300,0.019008
08:24:09.400,0.12525
08:24:09.500,0.001938
08:24:09.600,0.033711
08:24:09.700,0.048571
08:24:09.800,0.225437
08:24:09.900,0.072033
08:24:10.000,-0.158022
08:24:10.100,-0.067678
08:24:10.200,0.07176
08:24:10.300,0.15117
08:24:10.400,-0.086661
08:24:10.500,0.268785
08:24:10.600,0.021072
08:24:10.700,0.050468
08:24:10.800,-0.150489
08:24:10.900,0.133857
08:24:11.000,-0.053494
08:24:11.100,-0.089506
08:24:11.200,-0.038063
08:24:11.300,0.165933
08:24:11.400,0.055889
08:24:11.500,-0.10669
08:24:11.600,-0.063645
08:24:11.700,0.169148
08:24:11.800,-0.028366
08:24:11.900,0.06725
08:24:12.000,0.096618
08:24:12.100,-0.410255
08:24:12.200,0.151727
08:24:12.300,-0.102282
08:24:12.400,-0.043271
08:24:12.500,0.184718
08:24:12.600,0.173631
08:24:12.700,0.059134
08:24:12.800,0.087413
08:24:12.900,0.117355
08:24:13.000,0.171613
08:24:13.100,0.18689
08:24:13.200,0.012924
08:24:13.300,-0.08848
08:24:13.400,-0.030618
08:24:13.500,0.015264
08:24:13.600,-0.006368
08:24:13.700,-0.121467
08:24:13.800,0.052415
08:24:13.900,-0.188135
08:24:14.000,0.010246
08:24:14.100,0.01794
08:24:14.200,0.013829
08:24:14.300,0.102146
08:24:14.400,0.086233
08:24:14.500,0.266721
08:24:14.600,-0.062125
08:24:14.700,0.03352
08:24:14.800,0.025828
08:24:14.900,0.020182
08:24:15.000,-0.151783
08:24:15.100,-0.142017
08:24:15.200,0.000776
08:24:15.300,-0.189107
08:24:15.400,-0.040105
08:24:15.500,-0.077705
08:24:15.600,-0.035757
08:24:15.700,0.135879
08:24:15.800,-0.1294
08:24:15.900,0.104376
08:24:16.000,-0.068555
08:24:16.100,-0.05361
08:24:16.200,0.055865
08:24:16.300,-0.032898
08:24:16.400,-0.107096
08:24:16.500,-0.044433
08:24:16.600,-0.213196
08:24:16.700,0.045742
08:24:16.800,-0.372222
08:24:16.900,0.106562
08:24:17.000,0.073831
08:24:17.100,0.192172
08:24:17.200,0.261849
08:24:17.300,0.112293
08:24:17.400,-0.075289
08:24:17.500,0.260715
08:24:17.600,-0.143272
08:24:17.700,-0.228324
08:24:17.800,0.222296
08:24:17.900,0.072187
08:24:18.000,-0.225098
08:24:18.100,-0.162643
08:24:18.200,0.066154
08:24:18.300,-0.104396
08:24:18.400,-0.087138
08:24:18.500,0.235971
08:24:18.600,0.257783
08:24:18.700,0.017611
08:24:18.800,-0.018059
08:24:18.900,0.108295
08:24:19.000,-0.067393
08:24:19.100,-0.267663
08:24:19.200,-0.331384
08:24:19.300,-0.008832
08:24:19.400,0.105825
08:24:19.500,0.00192
08:24:19.600,0.097195
08:24:19.700,0.10918
08:24:19.800,0.166325
08:24:19.900,0.022352
08:24:20.000,0.033105
08:24:20.100,-0.004416
08:24:20.200,-0.031008
08:24:20.300,-0.188644
08:24:20.400,0.140638
08:24:20.500,-0.046051
08:24:20.600,-0.052926
08:24:20.700,-0.064994
08:24:20.800,-0.160847
08:24:20.900,-0.010265
08:24:21.000,0.061971
08:24:21.100,-0.084635
08:24:21.200,0.124512
08:24:21.300,-0.044209
08:24:21.400,-0.183919
08:24:21.500,0.164844
08:24:21.600,0.023816
08:24:21.700,0.103594
08:24:21.800,0.106423
08:24:21.900,-0.113533
08:24:22.000,-0.06263
08:24:22.100,0.124114
08:24:22.200,0.220226
08:24:22.300,0.007594
08:24:22.400,-0.075263
08:24:22.500,0.20188
08:24:22.600,-0.075195
08:24:22.700,0.039476
08:24:22.800,-0.051334
08:24:22.900,0.032289
08:24:23.000,-0.113454
08:24:23.100,-0.044959
08:24:23.200,-0.075276
08:24:23.300,0.079469
08:24:23.400,0.019586
08:24:23.500,0.105624
08:24:23.600,-0.099091
08:24:23.700,-0.025014
08:24:23.800,0.075004
08:24:23.900,0.103044
08:24:24.000,-0.173494
08:24:24.100,0.038136
08:24:24.200,-0.09759
08:24:24.300,0.109116
08:24:24.400,0.223261
08:24:24.500,-0.31343
08:24:24.600,-0.078714
08:24:24.700,0.031652
08:24:24.800,-0.000461
08:24:24.900,0.112758
08:24:25.000,0.009488
08:24:25.100,-0.063569
08:24:25.200,-0.12244
08:24:25.300,-0.142624
08:24:25.400,-0.08913
08:24:25.500,-0.067812
08:24:25.600,0.04605
08:24:25.700,-0.018807
08:24:25.800,-0.078107
08:24:25.900,-0.121118
08:24:26.000,-0.084315
08:24:26.100,-0.067684
08:24:26.200,-0.089775
08:24:26.300,0.080774
08:24:26.400,0.164165
08:24:26.500,-0.141128
08:24:26.600,0.13431
08:24:26.700,0.083188
08:24:26.800,0.021584
08:24:26.900,0.1832
08:24:27.000,-0.020432
08:24:27.100,0.048228
08:24:27.200,0.014847
08:24:27.300,0.005922
08:24:27.400,0.05508
08:24:27.500,0.005571
08:24:27.600,0.055934
08:24:27.700,-0.080378
08:24:27.800,-0.07663
08:24:27.900,-0.080923
08:24:28.000,-0.043776
08:24:28.100,0.121594
08:24:28.200,-0.055465
08:24:28.300,0.078295
08:24:28.400,0.031854
08:24:28.500,-0.052971
08:24:28.600,0.157102
08:24:28.700,0.088333
08:24:28.800,0.000214
08:24:28.900,-0.009737
08:24:29.000,0.011247
08:24:29.100,-0.183545
08:24:29.200,-0.098995
08:24:29.300,0.055502
08:24:29.400,-0.189951
08:24:29.500,-0.089715
08:24:29.600,-0.047105
08:24:29.700,0.348439
08:24:29.800,0.080848
08:24:29.900,0.131681
08:24:30.000,-0.096618
08:24:30.100,0.043447
08:24:30.200,-0.211221
08:24:30.300,-0.039674
08:24:30.400,0.060644
08:24:30.500,-0.170109
08:24:30.600,0.047176
08:24:30.700,0.057129
08:24:30.800,-0.0723
08:24:30.900,-0.100177
08:24:31.000,-0.085829
08:24:31.100,-0.041634
08:24:31.200,-0.038013
08:24:31.300,0.061153
08:24:31.400,-0.064128
08:24:31.500,0.192255
08:24:31.600,0.191385
08:24:31.700,0.028344
08:24:31.800,-0.041356
08:24:31.900,-0.063994
08:24:32.000,0.038011
08:24:32.100,0.059006
08:24:32.200,-0.024121
08:24:32.300,-0.047176
08:24:32.400,0.042329
08:24:32.500,0.008285
08:24:32.600,-0.068655
08:24:32.700,0.013565
08:24:32.800,-0.072632
08:24:32.900,-0.090199
08:24:33.000,-0.000597
08:24:33.100,-0.06896
08:24:33.200,-0.08796
08:24:33.300,0.125486
08:24:33.400,-0.047065
08:24:33.500,0.221203
08:24:33.600,0.075197
08:24:33.700,-0.098484
08:24:33.800,0.139171
08:24:33.900,-0.085994
08:24:34.000,0.236802
08:24:34.100,0.027143
08:24:34.200,0.065108
08:24:34.300,0.003714
08:24:34.400,0.031906
08:24:34.500,-0.027493
08:24:34.600,-0.111097
08:24:34.700,0.040761
08:24:34.800,0.122976
08:24:34.900,-0.142877
08:24:35.000,0.184857
08:24:35.100,0.072136
08:24:35.200,-0.052429
08:24:35.300,-0.054573
08:24:35.400,0.223699
08:24:35.500,0.112647
08:24:35.600,0.136806
08:24:35.700,-0.030127
08:24:35.800,0.066662
08:24:35.900,0.041925
08:24:36.000,-0.020958
08:24:36.100,0.013111
08:24:36.200,0.133206
08:24:36.300,0.191951
08:24:36.400,-0.03018
08:24:36.500,-0.157567
08:24:36.600,0.197231
08:24:36.700,0.198739
08:24:36.800,0.048046
08:24:36.900,0.215116
08:24:37.000,0.039314
08:24:37.100,-0.109087
08:24:37.200,-0.157456
08:24:37.300,-0.158603
08:24:37.400,0.000547
08:24:37.500,-0.055949
08:24:37.600,-0.069463
08:24:37.700,-0.012829
08:24:37.800,0.102957
08:24:37.900,-0.065641
08:24:38.000,-0.085847
08:24:38.100,-0.057721
08:24:38.200,0.110511
08:24:38.300,-0.008402
08:24:38.400,0.033589
08:24:38.500,0.186363
08:24:38.600,0.341193
08:24:38.700,0.076846
08:24:38.800,0.064963
08:24:38.900,-0.142143
08:24:39.000,0.044222
08:24:39.100,0.007439
08:24:39.200,0.10707
08:24:39.300,-0.047022
08:24:39.400,0.024086
08:24:39.500,0.072628
08:24:39.600,0.227825
08:24:39.700,0.187653
08:24:39.800,0.151929
08:24:39.900,0.087254
08:24:40.000,-0.051759
08:24:40.100,0.087185
08:24:40.200,-0.092672
08:24:40.300,-0.024746
08:24:40.400,0.213404
08:24:40.500,0.064558
08:24:40.600,0.027242
08:24:40.700,0.042685
08:24:40.800,-0.011259
08:24:40.900,-0.258698
08:24:41.000,-0.151726
08:24:41.100,0.074069
08:24:41.200,-0.110465
08:24:41.300,-0.01291
08:24:41.400,-0.147293
08:24:41.500,-0.086238
08:24:41.600,-0.000511
08:24:41.700,0.110863
08:24:41.800,0.134919
08:24:41.900,-0.088156
08:24:42.000,0.036804
08:24:42.100,-0.171051
08:24:42.200,0.006769
08:24:42.300,0.114398
08:24:42.400,-0.008046
08:24:42.500,0.157882
08:24:42.600,0.10043
08:24:42.700,0.028959
08:24:42.800,-0.029965
08:24:42.900,-0.06412
08:24:43.000,-0.174956
08:24:43.100,-0.155419
08:24:43.200,0.119392
08:24:43.300,0.181643
08:24:43.400,-0.129724
08:24:43.500,0.008182
08:24:43.600,-0.188937
08:24:43.700,-0.117214
08:24:43.800,0.03118
08:24:43.900,-0.062244
08:24:44.000,-0.229943
08:24:44.100,0.206264
08:24:44.200,-0.005898
08:24:44.300,-0.132529
08:24:44.400,0.015364
08:24:44.500,-0.009704
08:24:44.600,0.050619
08:24:44.700,-0.040783
08:24:44.800,0.037711
08:24:44.900,0.113236
08:24:45.000,-0.158182
08:24:45.100,-0.08319
08:24:45.200,0.100711
08:24:45.300,-0.066166
08:24:45.400,-0.009801
08:24:45.500,-0.056447
08:24:45.600,-0.048963
08:24:45.700,-0.059152
08:24:45.800,-0.151043
08:24:45.900,0.055104
08:24:46.000,0.127476
08:24:46.100,-0.021179
08:24:46.200,0.113936
08:24:46.300,-0.05893
08:24:46.400,-0.066014
08:24:46.500,0.049284
08:24:46.600,0.051285
08:24:46.700,-0.013531
08:24:46.800,0.081191
08:24:46.900,-0.154437
08:24:47.000,-0.036477
08:24:47.100,0.115778
08:24:47.200,0.115455
08:24:47.300,0.100323
08:24:47.400,0.122489
08:24:47.500,-0.044705
08:24:47.600,-0.204624
08:24:47.700,-0.031054
08:24:47.800,0.076319
08:24:47.900,0.095932
08:24:48.000,-0.063153
08:24:48.100,-0.116162
08:24:48.200,-0.104221
08:24:48.300,-0.06524
08:24:48.400,-0.227657
08:24:48.500,-0.063257
08:24:48.600,0.005745
08:24:48.700,-0.011746
08:24:48.800,-0.039632
08:24:48.900,-0.082711
08:24:49.000,-0.068737
08:24:49.100,-0.066615
08:24:49.200,0.084658
08:24:49.300,-0.000111
08:24:49.400,0.380021
08:24:49.500,-0.03988
08:24:49.600,0.052545
08:24:49.700,-0.037204
08:24:49.800,-0.04012
08:24:49.900,0.187485
08:24:50.000,0.119706
08:24:50.100,-0.210563
08:24:50.200,-0.122703
08:24:50.300,-0.016349
08:24:50.400,-0.062054
08:24:50.500,-0.180999
08:24:50.600,0.013897
08:24:50.700,-0.225375
08:24:50.800,0.01521
08:24:50.900,0.087597
08:24:51.000,0.104728
08:24:51.100,-0.017318
08:24:51.200,0.181298
08:24:51.300,0.039795
08:24:51.400,0.101499
08:24:51.500,-0.088352
08:24:51.600,0.182596
08:24:51.700,-0.000355
08:24:51.800,0.189213
08:24:51.900,0.162978
08:24:52.000,0.030917
08:24:52.100,0.048682
08:24:52.200,-0.021592
08:24:52.300,-0.098302
08:24:52.400,0.071424
08:24:52.500,0.065285
08:24:52.600,-0.194241
08:24:52.700,-0.009933
08:24:52.800,0.104162
08:24:52.900,0.175888
08:24:53.000,0.087038
08:24:53.100,-0.182072
08:24:53.200,-0.126533
08:24:53.300,-0.04152
08:24:53.400,0.167857
08:24:53.500,-0.072849
08:24:53.600,0.127032
08:24:53.700,-0.074776
08:24:53.800,0.063914
08:24:53.900,-0.112803
08:24:54.000,-0.023258
08:24:54.100,-0.135793
08:24:54.200,0.173172
08:24:54.300,-0.083382
08:24:54.400,-0.185658
08:24:54.500,-0.195158
08:24:54.600,-0.010252
08:24:54.700,-0.054968
08:24:54.800,0.077847
08:24:54.900,-0.028214
08:24:55.000,0.139916
08:24:55.100,-0.04625
08:24:55.200,0.123178
08:24:55.300,-0.114307
08:24:55.400,-0.1804
08:24:55.500,-0.098801
08:24:55.600,-0.135449
08:24:55.700,-0.148876
08:24:55.800,0.049638
08:24:55.900,-0.031718
08:24:56.000,0.017013
08:24:56.100,0.063306
08:24:56.200,-0.202284
08:24:56.300,0.068392
08:24:56.400,-0.144625
08:24:56.500,-0.069218
08:24:56.600,-0.227055
08:24:56.700,0.07855
08:24:56.800,-0.202688
08:24:56.900,-0.144013
08:24:57.000,-0.13531
08:24:57.100,-0.015451
08:24:57.200,-0.019112
08:24:57.300,0.097428
08:24:57.400,-0.012548
08:24:57.500,0.115892
08:24:57.600,0.045519
08:24:57.700,-0.113458
08:24:57.800,-0.080063
08:24:57.900,0.18127
08:24:58.000,0.147292
08:24:58.100,0.098889
08:24:58.200,0.114659
08:24:58.300,0.055815
08:24:58.400,0.040213
08:24:58.500,0.005966
08:24:58.600,0.203862
08:24:58.700,-0.055759
08:24:58.800,0.028836
08:24:58.900,-0.204992
08:24:59.000,-0.171686
08:24:59.100,0.217819
08:24:59.200,0.074014
08:24:59.300,-0.025524
08:24:59.400,0.009399
08:24:59.500,-0.162975
08:24:59.600,-0.051374
08:24:59.700,-0.174976
08:24:59.800,-0.035437
08:24:59.900,0.081638
08:25:00.000,0.054396
08:25:00.100,0.190694
08:25:00.200,0.035368
08:25:00.300,-0.297418
08:25:00.400,0.23408
08:25:00.500,-0.100883
08:25:00.600,0.019452
08:25:00.700,0.012219
08:25:00.800,0.028908
08:25:00.900,0.005767
08:25:01.000,0.007881
08:25:01.100,-0.158596
08:25:01.200,0.310438
08:25:01.300,0.078172
08:25:01.400,0.006226
08:25:01.500,0.221024
08:25:01.600,-0.128631
08:25:01.700,0.104207
08:25:01.800,-0.06662
08:25:01.900,0.04828
08:25:02.000,0.050934
08:25:02.100,-0.280378
08:25:02.200,-0.1718
08:25:02.300,0.190373
08:25:02.400,-0.03026
08:25:02.500,0.24019
08:25:02.600,0.157215
08:25:02.700,-0.026433
08:25:02.800,-0.037022
08:25:02.900,0.19781
08:25:03.000,0.252362
08:25:03.100,-0.034392
08:25:03.200,0.18458
08:25:03.300,0.123602
08:25:03.400,0.144306
08:25:03.500,0.012138
08:25:03.600,-0.08069
08:25:03.700,-0.126525
08:25:03.800,-0.156512
08:25:03.900,0.229307
08:25:04.000,0.001313
08:25:04.100,-0.137373
08:25:04.200,0.120291
08:25:04.300,-0.057465
08:25:04.400,-0.078117
08:25:04.500,0.248161
08:25:04.600,-0.159684
08:25:04.700,0.028206
08:25:04.800,-0.07091
08:25:04.900,-0.090061
08:25:05.000,-0.175663
08:25:05.100,0.00715
08:25:05.200,-0.104868
08:25:05.300,0.070965
08:25:05.400,-0.005641
08:25:05.500,-0.037515
08:25:05.600,-0.104225
08:25:05.700,0.171685
08:25:05.800,0.088282
08:25:05.900,-0.081761
08:25:06.000,-0.163105
08:25:06.100,-0.226559
08:25:06.200,0.136482
08:25:06.300,0.109101
08:25:06.400,0.125588
08:25:06.500,-0.014435
08:25:06.600,0.096721
08:25:06.700,0.123263
08:25:06.800,-0.008375
08:25:06.900,-0.042978
08:25:07.000,-0.117154
08:25:07.100,0.051138
08:25:07.200,0.067106
08:25:07.300,-0.048784
08:25:07.400,-0.034649
08:25:07.500,-0.026075
08:25:07.600,0.094949
08:25:07.700,-0.164919
08:25:07.800,-0.13263
08:25:07.900,-0.130289
08:25:08.000,-0.017824
08:25:08.100,0.037833
08:25:08.200,-0.128265
08:25:08.300,0.109081
08:25:08.400,0.175518
08:25:08.500,0.049656
08:25:08.600,0.134735
08:25:08.700,-0.109821
08:25:08.800,-0.106963
08:25:08.900,0.061755
08:25:09.000,-0.004608
08:25:09.100,-0.107186
08:25:09.200,0.171006
08:25:09.300,0.035855
08:25:09.400,0.084261
08:25:09.500,-0.08091
08:25:09.600,0.201589
08:25:09.700,-0.018711
08:25:09.800,0.122287
08:25:09.900,-0.069939
08:25:10.000,0.020238
08:25:10.100,0.06694
08:25:10.200,0.239449
08:25:10.300,-0.052767
08:25:10.400,0.024308
08:25:10.500,0.071023
08:25:10.600,-0.169781
08:25:10.700,-0.260921
08:25:10.800,-0.1195
08:25:10.900,0.116062
08:25:11.000,0.205969
08:25:11.100,-0.110758
08:25:11.200,-0.146007
08:25:11.300,0.18417
08:25:11.400,-0.067851
08:25:11.500,-0.044615
08:25:11.600,0.175096
08:25:11.700,0.155364
08:25:11.800,0.112088
08:25:11.900,-0.205377
08:25:12.000,-0.151015
08:25:12.100,0.134461
08:25:12.200,0.038147
08:25:12.300,-0.093328
08:25:12.400,-0.041347
08:25:12.500,0.133318
08:25:12.600,0.183313
08:25:12.700,-0.000717
08:25:12.800,-0.08243
08:25:12.900,-0.033059
08:25:13.000,0.161168
08:25:13.100,0.158824
08:25:13.200,0.023311
08:25:13.300,-0.063539
08:25:13.400,0.129932
08:25:13.500,0.194753
08:25:13.600,-0.174421
08:25:13.700,-0.027892
08:25:13.800,0.138715
08:25:13.900,0.008841
08:25:14.000,-0.05863
08:25:14.100,0.022223
08:25:14.200,0.044485
08:25:14.300,-0.13522
08:25:14.400,0.010895
08:25:14.500,0.04408
08:25:14.600,-0.058901
08:25:14.700,-0.093539
08:25:14.800,-0.064547
08:25:14.900,-0.11651
08:25:15.000,0.102074
08:25:15.100,-0.118037
08:25:15.200,0.022685
08:25:15.300,-0.044904
08:25:15.400,-0.084742
08:25:15.500,0.164559
08:25:15.600,-0.015694
08:25:15.700,-0.080328
08:25:15.800,-0.091814
08:25:15.900,0.040688
08:25:16.000,0.099191
08:25:16.100,0.152491
08:25:16.200,-0.020119
08:25:16.300,-0.027328
08:25:16.400,0.015715
08:25:16.500,0.020055
08:25:16.600,-0.092647
08:25:16.700,0.175489
08:25:16.800,0.002667
08:25:16.900,0.064169
08:25:17.000,0.050935
08:25:17.100,0.048472
08:25:17.200,-0.120492
08:25:17.300,-0.000768
08:25:17.400,0.273689
08:25:17.500,0.19046
08:25:17.600,0.018841
08:25:17.700,-0.044024
08:25:17.800,-0.266134
08:25:17.900,-0.05968
08:25:18.000,-0.00941
08:25:18.100,-0.038078
08:25:18.200,-0.029722
08:25:18.300,0.074692
08:25:18.400,-0.120043
08:25:18.500,0.032718
08:25:18.600,-0.013231
08:25:18.700,-0.105876
08:25:18.800,0.200893
08:25:18.900,0.089737
08:25:19.000,-0.094368
08:25:19.100,0.06207
08:25:19.200,-0.166735
08:25:19.300,-0.079618
08:25:19.400,0.159308
08:25:19.500,0.042182
08:25:19.600,0.032544
08:25:19.700,0.118436
08:25:19.800,0.073353
08:25:19.900,-0.031926
08:25:20.000,0.112369
08:25:20.100,-0.202675
08:25:20.200,-0.080097
08:25:20.300,-0.011634
08:25:20.400,0.065727
08:25:20.500,-0.039
08:25:20.600,-0.214087
08:25:20.700,-0.230937
08:25:20.800,-0.008171
08:25:20.900,-0.057333
08:25:21.000,-0.109197
08:25:21.100,-0.129273
08:25:21.200,0.016053
08:25:21.300,0.156271
08:25:21.400,0.016063
08:25:21.500,0.157872
08:25:21.600,-0.044879
08:25:21.700,0.053213
08:25:21.800,0.162245
08:25:21.900,-0.018945
08:25:22.000,0.003117
08:25:22.100,-0.044938
08:25:22.200,0.071101
08:25:22.300,0.108273
08:25:22.400,0.042154
08:25:22.500,-0.027533
08:25:22.600,-0.179967
08:25:22.700,-0.005812
08:25:22.800,-0.023034
08:25:22.900,0.02832
08:25:23.000,0.014015
08:25:23.100,0.188689
08:25:23.200,-0.083569
08:25:23.300,-0.189032
08:25:23.400,-0.137104
08:25:23.500,-0.076035
08:25:23.600,0.129841
08:25:23.700,-0.155669
08:25:23.800,-0.139656
08:25:23.900,0.049669
08:25:24.000,0.101917
08:25:24.100,-0.185909
08:25:24.200,-0.212647
08:25:24.300,-0.094384
08:25:24.400,0.078883
08:25:24.500,0.017187
08:25:24.600,-0.089997
08:25:24.700,0.088732
08:25:24.800,0.014917
08:25:24.900,-0.012911
08:25:25.000,-0.193722
08:25:25.100,-0.092462
08:25:25.200,0.234831
08:25:25.300,-0.040355
08:25:25.400,-0.114815
08:25:25.500,-0.04587
08:25:25.600,0.01429
08:25:25.700,0.106001
08:25:25.800,0.07453
08:25:25.900,-0.081192
08:25:26.000,0.152589
08:25:26.100,0.097763
08:25:26.200,-0.053416
08:25:26.300,-0.015384
08:25:26.400,0.07208
08:25:26.500,0.128964
08:25:26.600,-0.18224
08:25:26.700,0.008454
08:25:26.800,-0.003735
08:25:26.900,-0.068476
08:25:27.000,-0.069096
08:25:27.100,0.126525
08:25:27.200,0.064161
08:25:27.300,0.252796
08:25:27.400,-0.068375
08:25:27.500,0.016456
08:25:27.600,0.037164
08:25:27.700,0.10753
08:25:27.800,0.16301
08:25:27.900,0.011233
08:25:28.000,-0.131373
08:25:28.100,-0.085305
08:25:28.200,0.017127
08:25:28.300,0.134731
08:25:28.400,-0.173569
08:25:28.500,-0.1404
08:25:28.600,0.090858
08:25:28.700,-0.155235
08:25:28.800,-0.135003
08:25:28.900,0.136384
08:25:29.000,-0.026559
08:25:29.100,-0.035737
08:25:29.200,0.164195
08:25:29.300,-0.127557
08:25:29.400,-0.151678
08:25:29.500,0.195506
08:25:29.600,0.027999
08:25:29.700,0.081565
08:25:29.800,-0.03733
08:25:29.900,-0.012792
08:25:30.000,-0.084452
08:25:30.100,0.038174
08:25:30.200,0.099765
08:25:30.300,0.023518
08:25:30.400,0.127309
08:25:30.500,0.079487
08:25:30.600,-0.125813
08:25:30.700,-0.017369
08:25:30.800,-0.053807
08:25:30.900,0.090412
08:25:31.000,0.05539
08:25:31.100,0.015286
08:25:31.200,0.121631
08:25:31.300,-0.223882
08:25:31.400,-0.072376
08:25:31.500,-0.062194
08:25:31.600,0.030208
08:25:31.700,0.066337
08:25:31.800,-0.000157
08:25:31.900,-0.157795
08:25:32.000,0.048813
08:25:32.100,0.015367
08:25:32.200,-0.176246
08:25:32.300,-0.035448
08:25:32.400,0.044883
08:25:32.500,0.198385
08:25:32.600,-0.130689
08:25:32.700,0.094814
08:25:32.800,-0.129177
08:25:32.900,-0.152473
08:25:33.000,-0.145391
08:25:33.100,0.072602
08:25:33.200,0.015587
08:25:33.300,-0.037763
08:25:33.400,0.05494
08:25:33.500,0.004899
08:25:33.600,0.013262
08:25:33.700,-0.036423
08:25:33.800,-0.123306
08:25:33.900,0.202957
08:25:34.000,0.168052
08:25:34.100,0.190819
08:25:34.200,-0.064718
08:25:34.300,-0.081831
08:25:34.400,-0.049733
08:25:34.500,0.128893
08:25:34.600,-2.3e-05
08:25:34.700,-0.065183
08:25:34.800,0.043663
08:25:34.900,-0.088374
08:25:35.000,-0.162647
08:25:35.100,0.015508
08:25:35.200,-0.061929
08:25:35.300,-0.001644
08:25:35.400,-0.322183
08:25:35.500,-0.107049
08:25:35.600,-0.005407
08:25:35.700,-0.181967
08:25:35.800,-0.177887
08:25:35.900,0.004652
08:25:36.000,0.08419
08:25:36.100,-0.107006
08:25:36.200,-0.031455
08:25:36.300,-0.028683
08:25:36.400,-0.187478
08:25:36.500,0.142066
08:25:36.600,-0.021955
08:25:36.700,-0.020669
08:25:36.800,0.044758
08:25:36.900,-0.187199
08:25:37.000,0.110392
08:25:37.100,0.126073
08:25:37.200,0.016864
08:25:37.300,0.055465
08:25:37.400,-0.03913
08:25:37.500,0.103595
08:25:37.600,-0.098753
08:25:37.700,-0.003888
08:25:37.800,0.003272
08:25:37.900,-0.004642
08:25:38.000,0.128295
08:25:38.100,0.262585
08:25:38.200,-0.01318
08:25:38.300,0.056443
08:25:38.400,-0.096291
08:25:38.500,0.123831
08:25:38.600,-0.062098
08:25:38.700,0.377415
08:25:38.800,-0.200489
08:25:38.900,0.257693
08:25:39.000,0.118947
08:25:39.100,-0.134669
08:25:39.200,0.278334
08:25:39.300,-0.111409
08:25:39.400,-0.03772
08:25:39.500,-0.155591
08:25:39.600,-0.017574
08:25:39.700,-0.006324
08:25:39.800,0.099604
08:25:39.900,0.292598
08:25:40.000,-0.061555
08:25:40.100,-0.330316
08:25:40.200,0.07782
08:25:40.300,-0.066037
08:25:40.400,0.218214
08:25:40.500,-0.00415
08:25:40.600,-0.091091
08:25:40.700,-0.121556
08:25:40.800,0.074746
08:25:40.900,-0.033028
08:25:41.000,0.176125
08:25:41.100,-0.025271
08:25:41.200,0.169754
08:25:41.300,-0.165616
08:25:41.400,-0.208634
08:25:41.500,0.099503
08:25:41.600,-0.055731
08:25:41.700,-0.031626
08:25:41.800,-0.121463
08:25:41.900,-0.13026
08:25:42.000,0.07628
08:25:42.100,-0.002262
08:25:42.200,-0.127224
08:25:42.300,0.094865
08:25:42.400,0.14099
08:25:42.500,-0.01306
08:25:42.600,0.120384
08:25:42.700,-0.120217
08:25:42.800,0.069265
08:25:42.900,0.01941
08:25:43.000,-0.094987
08:25:43.100,0.246367
08:25:43.200,0.027933
08:25:43.300,-0.070898
08:25:43.400,0.002355
08:25:43.500,-0.104363
08:25:43.600,-0.138825
08:25:43.700,-0.05393
08:25:43.800,-0.045805
08:25:43.900,-0.096501
08:25:44.000,0.150134
08:25:44.100,-0.091893
08:25:44.200,-0.111867
08:25:44.300,-0.142286
08:25:44.400,-0.153838
08:25:44.500,0.123294
08:25:44.600,0.03098
08:25:44.700,0.082839
08:25:44.800,0.122209
08:25:44.900,-0.039996
08:25:45.000,0.176669
08:25:45.100,-0.075227
08:25:45.200,-0.131487
08:25:45.300,0.044834
08:25:45.400,0.017346
08:25:45.500,0.017155
08:25:45.600,0.121839
08:25:45.700,0.012745
08:25:45.800,0.037566
08:25:45.900,0.163152
08:25:46.000,0.032002
08:25:46.100,0.059311
08:25:46.200,-0.170126
08:25:46.300,0.446298
08:25:46.400,-0.190901
08:25:46.500,-0.06472
08:25:46.600,-0.068348
08:25:46.700,0.252962
08:25:46.800,-0.072072
08:25:46.900,0.053026
08:25:47.000,-0.067532
08:25:47.100,-0.124812
08:25:47.200,0.068443
08:25:47.300,-0.086276
08:25:47.400,0.024911
08:25:47.500,0.075203
08:25:47.600,0.228811
08:25:47.700,-0.151461
08:25:47.800,-0.018338
08:25:47.900,-0.013376
08:25:48.000,0.000111
08:25:48.100,0.308256
08:25:48.200,-0.0208
08:25:48.300,-0.302471
08:25:48.400,-0.023812
08:25:48.500,-0.014205
08:25:48.600,-0.028925
08:25:48.700,-0.086237
08:25:48.800,-0.158556
08:25:48.900,0.259139
08:25:49.000,0.038195
08:25:49.100,-0.023069
08:25:49.200,0.255315
08:25:49.300,-0.104239
08:25:49.400,0.072289
08:25:49.500,-0.149887
08:25:49.600,0.090091
08:25:49.700,-0.136139
08:25:49.800,0.056456
08:25:49.900,0.234388
08:25:50.000,0.011214
08:25:50.100,-0.26311
08:25:50.200,0.004293
08:25:50.300,0.057654
08:25:50.400,0.108118
08:25:50.500,0.176831
08:25:50.600,0.182948
08:25:50.700,-0.015713
08:25:50.800,-0.079133
08:25:50.900,-0.134221
08:25:51.000,-0.064794
08:25:51.100,0.057184
08:25:51.200,-0.161838
08:25:51.300,-0.111223
08:25:51.400,0.067476
08:25:51.500,-0.077578
08:25:51.600,0.044398
08:25:51.700,-0.097717
08:25:51.800,0.034536
08:25:51.900,-0.092625
08:25:52.000,-0.228237
08:25:52.100,0.114715
08:25:52.200,-0.083507
08:25:52.300,-0.029836
08:25:52.400,-0.082937
08:25:52.500,0.065337
08:25:52.600,0.03998
08:25:52.700,0.065051
08:25:52.800,-0.065945
08:25:52.900,-0.005967
08:25:53.000,0.050044
08:25:53.100,0.185424
08:25:53.200,0.036784
08:25:53.300,-0.120402
08:25:53.400,0.032147
08:25:53.500,-0.0198
08:25:53.600,-0.239848
08:25:53.700,-0.221419
08:25:53.800,-0.007979
08:25:53.900,0.002136
08:25:54.000,-0.03537
08:25:54.100,0.106102
08:25:54.200,-0.112217
08:25:54.300,-0.166343
08:25:54.400,-0.099083
08:25:54.500,-0.073173
08:25:54.600,-0.006978
08:25:54.700,-0.095717
08:25:54.800,-0.257007
08:25:54.900,-0.308317
08:25:55.000,0.014779
08:25:55.100,-0.135483
08:25:55.200,-0.240643
08:25:55.300,0.074993
08:25:55.400,0.185422
08:25:55.500,-0.011335
08:25:55.600,0.032213
08:25:55.700,0.03323
08:25:55.800,-0.277578
08:25:55.900,0.106638
08:25:56.000,0.148786
08:25:56.100,0.220416
08:25:56.200,-0.052514
08:25:56.300,-0.136214
08:25:56.400,0.163027
08:25:56.500,0.059869
08:25:56.600,0.10496
08:25:56.700,-0.077649
08:25:56.800,0.032587
08:25:56.900,-0.126408
08:25:57.000,-0.000629
08:25:57.100,-0.041747
08:25:57.200,0.281226
08:25:57.300,0.065836
08:25:57.400,-0.258241
08:25:57.500,-0.000187
08:25:57.600,0.044181
08:25:57.700,-0.056875
08:25:57.800,-0.132331
08:25:57.900,0.079262
08:25:58.000,-0.115366
08:25:58.100,0.069053
08:25:58.200,-0.125505
08:25:58.300,-0.064068
08:25:58.400,0.114738
08:25:58.500,0.058701
08:25:58.600,0.003771
08:25:58.700,-0.003588
08:25:58.800,0.010866
08:25:58.900,-0.094985
08:25:59.000,-0.182004
08:25:59.100,0.068301
08:25:59.200,0.183612
08:25:59.300,0.072508
08:25:59.400,0.030501
08:25:59.500,-0.145023
08:25:59.600,0.105261
08:25:59.700,0.057767
08:25:59.800,0.091218
08:25:59.900,0.124067
08:26:00.000,0.190321
08:26:00.100,-0.133767
08:26:00.200,-0.154677
08:26:00.300,0.017778
08:26:00.400,-0.110702
08:26:00.500,-0.131485
08:26:00.600,0.146411
08:26:00.700,-0.121088
08:26:00.800,-0.001328
08:26:00.900,-0.195771
08:26:01.000,0.007565
08:26:01.100,0.141938
08:26:01.200,0.145571
08:26:01.300,0.125399
08:26:01.400,-0.009405
08:26:01.500,0.133381
08:26:01.600,0.05161
08:26:01.700,-0.052674
08:26:01.800,0.045804
08:26:01.900,0.106281
08:26:02.000,-0.159326
08:26:02.100,-0.12725
08:26:02.200,-0.017234
08:26:02.300,-0.146611
08:26:02.400,-0.148324
08:26:02.500,-0.05047
08:26:02.600,0.119039
08:26:02.700,0.116778
08:26:02.800,0.03853
08:26:02.900,0.021634
08:26:03.000,0.250497
08:26:03.100,-0.064722
08:26:03.200,0.028929
08:26:03.300,-0.070679
08:26:03.400,-0.154491
08:26:03.500,0.142186
08:26:03.600,-0.036625
08:26:03.700,0.083379
08:26:03.800,-0.029535
08:26:03.900,0.149596
08:26:04.000,-0.119668
08:26:04.100,0.13967
08:26:04.200,0.107305
08:26:04.300,-0.215357
08:26:04.400,-0.062023
08:26:04.500,0.122499
08:26:04.600,0.196479
08:26:04.700,0.08586
08:26:04.800,-0.047587
08:26:04.900,-0.116201
08:26:05.000,0.067999
08:26:05.100,-0.051123
08:26:05.200,-0.046027
08:26:05.300,-0.026899
08:26:05.400,0.105811
08:26:05.500,0.216773
08:26:05.600,0.123226
08:26:05.700,0.001146
08:26:05.800,-0.107903
08:26:05.900,0.080113
08:26:06.000,0.199853
08:26:06.100,0.120425
08:26:06.200,0.024928
08:26:06.300,-0.058682
08:26:06.400,0.041421
08:26:06.500,0.138549
08:26:06.600,0.027877
08:26:06.700,-0.012412
08:26:06.800,-0.082469
08:26:06.900,0.310731
08:26:07.000,-0.106912
08:26:07.100,-0.118003
08:26:07.200,0.019692
08:26:07.300,-0.024231
08:26:07.400,0.122796
08:26:07.500,0.126853
08:26:07.600,-0.145716
08:26:07.700,-0.090668
08:26:07.800,-0.105049
08:26:07.900,0.094143
08:26:08.000,0.051401
08:26:08.100,-0.044579
08:26:08.200,0.025968
08:26:08.300,-0.135151
08:26:08.400,-0.089106
08:26:08.500,-0.156002
08:26:08.600,0.017459
08:26:08.700,0.017003
08:26:08.800,-0.118124
08:26:08.900,0.050545
08:26:09.000,0.126854
08:26:09.100,-0.123658
08:26:09.200,-0.039158
08:26:09.300,0.061635
08:26:09.400,-0.000764
08:26:09.500,-0.164645
08:26:09.600,-0.052895
08:26:09.700,-0.056878
08:26:09.800,-0.02045
08:26:09.900,-0.01534
08:26:10.000,0.187921
08:26:10.100,-0.025021
08:26:10.200,-0.20617
08:26:10.300,0.010936
08:26:10.400,0.20973
08:26:10.500,-0.020054
08:26:10.600,-0.05257
08:26:10.700,-0.036615
08:26:10.800,0.070097
08:26:10.900,-0.037125
08:26:11.000,-0.181873
08:26:11.100,-0.080613
08:26:11.200,-0.007763
08:26:11.300,0.064275
08:26:11.400,-0.069923
08:26:11.500,-0.035546
08:26:11.600,0.005391
08:26:11.700,-0.093291
08:26:11.800,-0.01101
08:26:11.900,0.056065
08:26:12.000,-0.14238
08:26:12.100,0.036775
08:26:12.200,-0.130837
08:26:12.300,-0.128435
08:26:12.400,-0.079536
08:26:12.500,0.16385
08:26:12.600,-0.205822
08:26:12.700,-0.055674
08:26:12.800,-0.003174
08:26:12.900,0.140061
08:26:13.000,0.233753
08:26:13.100,-0.050643
08:26:13.200,0.064723
08:26:13.300,-0.011346
08:26:13.400,-0.012117
08:26:13.500,0.032792
08:26:13.600,-0.190256
08:26:13.700,-0.005746
08:26:13.800,0.054091
08:26:13.900,-0.103172
08:26:14.000,0.054889
08:26:14.100,-0.207415
08:26:14.200,0.011228
08:26:14.300,0.161061
08:26:14.400,-0.026231
08:26:14.500,-0.117381
08:26:14.600,-0.171017
08:26:14.700,0.046863
08:26:14.800,0.111362
08:26:14.900,-0.006731
08:26:15.000,-0.055643
08:26:15.100,-0.231709
08:26:15.200,0.014884
08:26:15.300,-0.082712
08:26:15.400,-0.075812
08:26:15.500,0.19397
08:26:15.600,-0.216193
08:26:15.700,-0.200131
08:26:15.800,0.027759
08:26:15.900,-0.046237
08:26:16.000,-0.062256
08:26:16.100,0.032718
08:26:16.200,0.030709
08:26:16.300,-0.116836
08:26:16.400,-0.071004
08:26:16.500,0.005947
08:26:16.600,0.020049
08:26:16.700,0.05799
08:26:16.800,-0.06998
08:26:16.900,0.041646
08:26:17.000,0.114042
08:26:17.100,0.005623
08:26:17.200,-0.012339
08:26:17.300,-0.028265
08:26:17.400,-0.074086
08:26:17.500,-0.112558
08:26:17.600,-0.035777
08:26:17.700,0.054096
08:26:17.800,-0.106699
08:26:17.900,-0.009048
08:26:18.000,-0.022972
08:26:18.100,0.213337
08:26:18.200,0.086733
08:26:18.300,0.084788
08:26:18.400,0.110405
08:26:18.500,-0.065483
08:26:18.600,0.165211
08:26:18.700,0.019101
08:26:18.800,-0.00536
08:26:18.900,-0.145768
08:26:19.000,-0.048194
08:26:19.100,-0.211913
08:26:19.200,-0.029782
08:26:19.300,-0.069156
08:26:19.400,-0.047802
08:26:19.500,-0.166315
08:26:19.600,0.084432
08:26:19.700,0.071104
08:26:19.800,0.202773
08:26:19.900,0.199376
08:26:20.000,0.018745
08:26:20.100,0.122808
08:26:20.200,0.031357
08:26:20.300,-0.051282
08:26:20.400,-0.033374
08:26:20.500,0.07667
08:26:20.600,0.490551
08:26:20.700,0.140025
08:26:20.800,0.029569
08:26:20.900,0.058055
08:26:21.000,0.056984
08:26:21.100,-0.010835
08:26:21.200,0.090776
08:26:21.300,-0.018656
08:26:21.400,-0.121381
08:26:21.500,0.057799
08:26:21.600,0.07384
08:26:21.700,-0.017497
08:26:21.800,0.037183
08:26:21.900,0.115307
08:26:22.000,-0.006217
08:26:22.100,-0.05364
08:26:22.200,-0.085118
08:26:22.300,-0.030454
08:26:22.400,0.184187
08:26:22.500,-0.023803
08:26:22.600,0.043134
08:26:22.700,-0.038937
08:26:22.800,-0.049228
08:26:22.900,-0.105516
08:26:23.000,0.012033
08:26:23.100,-0.06205
08:26:23.200,0.15284
08:26:23.300,-0.0129
08:26:23.400,-0.005344
08:26:23.500,-0.021622
08:26:23.600,0.044528
08:26:23.700,0.178909
08:26:23.800,-0.124773
08:26:23.900,0.033337
08:26:24.000,-0.188254
08:26:24.100,0.146785
08:26:24.200,-0.012977
08:26:24.300,-0.17939
08:26:24.400,-0.153093
08:26:24.500,0.097667
08:26:24.600,-0.199756
08:26:24.700,0.033395
08:26:24.800,-0.051426
08:26:24.900,-0.023371
08:26:25.000,-0.080862
08:26:25.100,-0.114342
08:26:25.200,-0.058492
08:26:25.300,0.068636
08:26:25.400,-0.03511
08:26:25.500,0.050548
08:26:25.600,-0.029069
08:26:25.700,0.073349
08:26:25.800,0.049793
08:26:25.900,-0.064887
08:26:26.000,-0.114441
08:26:26.100,0.114678
08:26:26.200,-0.097607
08:26:26.300,0.060094
08:26:26.400,0.003731
08:26:26.500,-0.055568
08:26:26.600,0.051536
08:26:26.700,0.164145
08:26:26.800,0.075061
08:26:26.900,0.015515
08:26:27.000,0.194578
08:26:27.100,-0.200912
08:26:27.200,-0.133465
08:26:27.300,-0.055734
08:26:27.400,0.170319
08:26:27.500,0.113141
08:26:27.600,-0.205954
08:26:27.700,-0.052365
08:26:27.800,-0.158859
08:26:27.900,-0.004854
08:26:28.000,0.10822
08:26:28.100,0.117078
08:26:28.200,0.032161
08:26:28.300,-0.051002
08:26:28.400,-0.011448
08:26:28.500,0.081994
08:26:28.600,0.281676
08:26:28.700,-0.142212
08:26:28.800,0.190662
08:26:28.900,0.029287
08:26:29.000,0.09843
08:26:29.100,0.02222
08:26:29.200,0.168503
08:26:29.300,0.039562
08:26:29.400,-0.077851
08:26:29.500,0.054014
08:26:29.600,0.135213
08:26:29.700,2.6e-05
08:26:29.800,-0.24889
08:26:29.900,-0.013792
08:26:30.000,0.011766
08:26:30.100,-0.005391
08:26:30.200,-0.059457
08:26:30.300,0.158762
08:26:30.400,-0.284756
08:26:30.500,0.011277
08:26:30.600,0.012958
08:26:30.700,0.251382
08:26:30.800,-0.001732
08:26:30.900,0.053475
08:26:31.000,0.015002
08:26:31.100,0.011331
08:26:31.200,0.211555
08:26:31.300,-0.133398
08:26:31.400,-0.080065
08:26:31.500,0.090501
08:26:31.600,0.030821
08:26:31.700,-0.033987
08:26:31.800,-0.008467
08:26:31.900,0.109671
08:26:32.000,0.058211
08:26:32.100,-0.085556
08:26:32.200,0.028533
08:26:32.300,-0.005976
08:26:32.400,0.056451
08:26:32.500,-0.038529
08:26:32.600,-0.144997
08:26:32.700,0.080685
08:26:32.800,0.065834
08:26:32.900,0.169836
08:26:33.000,-0.157947
08:26:33.100,-0.008446
08:26:33.200,-0.027648
08:26:33.300,-0.047546
08:26:33.400,-0.184922
08:26:33.500,-0.127954
08:26:33.600,0.032463
08:26:33.700,-0.05997
08:26:33.800,-0.099169
08:26:33.900,0.171648
08:26:34.000,0.284847
08:26:34.100,-0.006772
08:26:34.200,-0.180261
08:26:34.300,0.047569
08:26:34.400,-0.250244
08:26:34.500,-0.16202
08:26:34.600,0.049638
08:26:34.700,-0.166048
08:26:34.800,-0.035524
08:26:34.900,-0.178035
08:26:35.000,0.006751
08:26:35.100,0.134789
08:26:35.200,-0.073542
08:26:35.300,-0.00233
08:26:35.400,-0.097902
08:26:35.500,-0.089495
08:26:35.600,-0.099764
08:26:35.700,0.094312
08:26:35.800,-0.16962
08:26:35.900,-0.039822
08:26:36.000,0.049178
08:26:36.100,0.109176
08:26:36.200,0.052873
08:26:36.300,-0.008716
08:26:36.400,-0.068267
08:26:36.500,0.111038
08:26:36.600,-0.104067
08:26:36.700,-0.102264
08:26:36.800,0.1623
08:26:36.900,0.043231
08:26:37.000,0.047473
08:26:37.100,0.071826
08:26:37.200,-0.011383
08:26:37.300,-0.172523
08:26:37.400,0.03014
08:26:37.500,-0.002188
08:26:37.600,-0.103089
08:26:37.700,-0.130686
08:26:37.800,-0.005584
08:26:37.900,-0.162936
08:26:38.000,-0.017209
08:26:38.100,-0.031685
08:26:38.200,-0.014298
08:26:38.300,0.048319
08:26:38.400,0.074635
08:26:38.500,-0.08538
08:26:38.600,0.104375
08:26:38.700,-0.026324
08:26:38.800,0.210396
08:26:38.900,-0.070251
08:26:39.000,-0.19336
08:26:39.100,0.100037
08:26:39.200,0.051075
08:26:39.300,0.144199
08:26:39.400,0.037157
08:26:39.500,0.280801
08:26:39.600,-0.022667
08:26:39.700,0.125556
08:26:39.800,-0.063055
08:26:39.900,0.059013
08:26:40.000,0.081363
08:26:40.100,0.099908
08:26:40.200,0.093159
08:26:40.300,-0.388408
08:26:40.400,-0.008241
08:26:40.500,-0.069013
08:26:40.600,-0.045346
08:26:40.700,-0.034009
08:26:40.800,0.117297
08:26:40.900,0.02431
08:26:41.000,-0.060903
08:26:41.100,-0.176192
08:26:41.200,0.183967
08:26:41.300,-0.077678
08:26:41.400,-0.015685
08:26:41.500,0.256664
08:26:41.600,-0.074413
08:26:41.700,-0.033082
08:26:41.800,0.027862
08:26:41.900,-0.192714
08:26:42.000,-0.206616
08:26:42.100,-0.057794
08:26:42.200,-0.05364
08:26:42.300,0.016107
08:26:42.400,-0.117359
08:26:42.500,0.052078
08:26:42.600,-0.258806
08:26:42.700,-0.008435
08:26:42.800,0.043221
08:26:42.900,0.039413
08:26:43.000,-0.019533
08:26:43.100,-0.079241
08:26:43.200,-0.023024
08:26:43.300,0.148075
08:26:43.400,-0.071936
08:26:43.500,0.117373
08:26:43.600,0.136469
08:26:43.700,-0.208307
08:26:43.800,-0.015378
08:26:43.900,-0.117329
08:26:44.000,-0.18022
08:26:44.100,0.095044
08:26:44.200,0.056799
08:26:44.300,0.031615
08:26:44.400,-0.13026
08:26:44.500,0.025256
08:26:44.600,-0.157256
08:26:44.700,0.009271
08:26:44.800,-0.079386
08:26:44.900,0.126095
08:26:45.000,-0.043577
08:26:45.100,0.027749
08:26:45.200,0.028004
08:26:45.300,-0.009096
08:26:45.400,0.01264
08:26:45.500,0.036454
08:26:45.600,-0.107567
08:26:45.700,0.048353
08:26:45.800,0.103664
08:26:45.900,0.047682
08:26:46.000,-0.042501
08:26:46.100,0.020928
08:26:46.200,-0.043651
08:26:46.300,-0.014249
08:26:46.400,-0.142522
08:26:46.500,0.165608
08:26:46.600,0.232259
08:26:46.700,-0.084472
08:26:46.800,0.094341
08:26:46.900,0.174944
08:26:47.000,-0.114915
08:26:47.100,-0.259012
08:26:47.200,0.182016
08:26:47.300,-0.001239
08:26:47.400,-0.062339
08:26:47.500,0.005681
08:26:47.600,-0.04429
08:26:47.700,0.355135
08:26:47.800,-0.063685
08:26:47.900,0.039279
08:26:48.000,0.15507
08:26:48.100,0.154491
08:26:48.200,0.131519
08:26:48.300,-0.051081
08:26:48.400,-0.018252
08:26:48.500,-0.260936
08:26:48.600,-0.008939
08:26:48.700,0.003937
08:26:48.800,0.089007
08:26:48.900,0.215458
08:26:49.000,0.085357
08:26:49.100,0.128477
08:26:49.200,-0.002096
08:26:49.300,0.154116
08:26:49.400,0.001336
08:26:49.500,0.136873
08:26:49.600,0.09654
08:26:49.700,0.047127
08:26:49.800,-0.184887
08:26:49.900,0.131202
08:26:50.000,0.045376
08:26:50.100,0.084309
08:26:50.200,0.037625
08:26:50.300,0.058312
08:26:50.400,0.156078
08:26:50.500,-0.056871
08:26:50.600,0.056117
08:26:50.700,-0.093292
08:26:50.800,0.069202
08:26:50.900,0.030154
08:26:51.000,-0.075716
08:26:51.100,0.01124
08:26:51.200,-0.068245
08:26:51.300,-0.04536
08:26:51.400,0.042577
08:26:51.500,0.032208
08:26:51.600,-0.230457
08:26:51.700,0.044459
08:26:51.800,-0.0364
08:26:51.900,-0.049717
08:26:52.000,-0.135259
08:26:52.100,-0.005447
08:26:52.200,-0.062762
08:26:52.300,0.152823
08:26:52.400,-0.209932
08:26:52.500,-0.115671
08:26:52.600,-0.123796
08:26:52.700,0.031039
08:26:52.800,0.140775
08:26:52.900,0.060375
08:26:53.000,-0.131358
08:26:53.100,-0.051508
08:26:53.200,-0.097101
08:26:53.300,0.060928
08:26:53.400,-0.053948
08:26:53.500,-0.169536
08:26:53.600,0.070165
08:26:53.700,0.151591
08:26:53.800,-0.021441
08:26:53.900,0.014448
08:26:54.000,-0.180756
08:26:54.100,-0.247109
08:26:54.200,-0.22189
08:26:54.300,-0.005367
08:26:54.400,-0.036953
08:26:54.500,0.065548
08:26:54.600,-0.023718
08:26:54.700,0.118531
08:26:54.800,0.104672
08:26:54.900,-0.038695
08:26:55.000,-0.120413
08:26:55.100,-0.229939
08:26:55.200,0.172028
08:26:55.300,-0.113103
08:26:55.400,-0.179572
08:26:55.500,0.015583
08:26:55.600,-0.178505
08:26:55.700,0.015462
08:26:55.800,-0.040357
08:26:55.900,0.110841
08:26:56.000,0.100404
08:26:56.100,0.132399
08:26:56.200,0.024751
08:26:56.300,-0.103001
08:26:56.400,-0.124426
08:26:56.500,-0.063684
08:26:56.600,0.239313
08:26:56.700,-0.029903
08:26:56.800,0.019322
08:26:56.900,0.182231
08:26:57.000,0.030554
08:26:57.100,-0.089838
08:26:57.200,0.087619
08:26:57.300,-0.051417
08:26:57.400,0.034695
08:26:57.500,0.061459
08:26:57.600,-0.059317
08:26:57.700,0.022365
08:26:57.800,0.192006
08:26:57.900,-0.075184
08:26:58.000,0.158027
08:26:58.100,-0.07086
08:26:58.200,0.216248
08:26:58.300,-0.102658
08:26:58.400,-0.047263
08:26:58.500,0.180991
08:26:58.600,0.186268
08:26:58.700,0.098211
08:26:58.800,-0.129822
08:26:58.900,0.009889
08:26:59.000,0.00015
08:26:59.100,-0.102698
08:26:59.200,0.08362
08:26:59.300,-0.093203
08:26:59.400,-0.154871
08:26:59.500,-0.194504
08:26:59.600,0.205475
08:26:59.700,-0.061258
08:26:59.800,-0.058741
08:26:59.900,-0.12368
08:27:00.000,0.164151
08:27:00.100,-0.16563
08:27:00.200,-0.144496
08:27:00.300,-0.038619
08:27:00.400,-0.002588
08:27:00.500,0.079036
08:27:00.600,-0.081071
08:27:00.700,0.18532
08:27:00.800,-0.080255
08:27:00.900,-0.12103
08:27:01.000,-0.132453
08:27:01.100,-0.092867
08:27:01.200,-0.140225
08:27:01.300,0.090109
08:27:01.400,-0.120101
08:27:01.500,-0.015939
08:27:01.600,-0.123546
08:27:01.700,-0.140935
08:27:01.800,0.132784
08:27:01.900,0.192333
08:27:02.000,0.15228
08:27:02.100,-0.17656
08:27:02.200,-0.15991
08:27:02.300,0.237405
08:27:02.400,-0.03052
08:27:02.500,-0.164975
08:27:02.600,0.129868
08:27:02.700,0.008086
08:27:02.800,0.06834
08:27:02.900,-0.268547
08:27:03.000,-0.039153
08:27:03.100,0.113856
08:27:03.200,-0.076843
08:27:03.300,0.1482
08:27:03.400,-0.158011
08:27:03.500,-0.01351
08:27:03.600,0.197391
08:27:03.700,-0.138103
08:27:03.800,0.032577
08:27:03.900,0.070212
08:27:04.000,0.010968
08:27:04.100,-0.030006
08:27:04.200,-0.105158
08:27:04.300,0.023586
08:27:04.400,-0.012319
08:27:04.500,-0.172355
08:27:04.600,0.131982
08:27:04.700,-0.109206
08:27:04.800,-0.169238
08:27:04.900,-0.071482
08:27:05.000,-0.107126
08:27:05.100,-0.030989
08:27:05.200,-0.149094
08:27:05.300,0.053757
08:27:05.400,0.165726
08:27:05.500,0.012704
08:27:05.600,-0.173314
08:27:05.700,-0.109586
08:27:05.800,0.026554
08:27:05.900,-0.236034
08:27:06.000,-0.147934
08:27:06.100,-0.1977
08:27:06.200,0.013852
08:27:06.300,0.259462
08:27:06.400,-0.151319
08:27:06.500,0.09796
08:27:06.600,-0.067665
08:27:06.700,-0.158421
08:27:06.800,0.187695
08:27:06.900,0.259181
08:27:07.000,0.049424
08:27:07.100,0.043501
08:27:07.200,0.007472
08:27:07.300,-0.01779
08:27:07.400,0.040809
08:27:07.500,0.081134
08:27:07.600,0.199601
08:27:07.700,-0.062728
08:27:07.800,0.015286
08:27:07.900,-0.010614
08:27:08.000,0.122887
08:27:08.100,0.28801
08:27:08.200,0.127028
08:27:08.300,0.095789
08:27:08.400,0.108945
08:27:08.500,0.152091
08:27:08.600,0.289734
08:27:08.700,-0.202246
08:27:08.800,0.071951
08:27:08.900,-0.309745
08:27:09.000,0.114162
08:27:09.100,0.066125
08:27:09.200,-0.065619
08:27:09.300,-0.320404
08:27:09.400,-0.001727
08:27:09.500,0.026741
08:27:09.600,-0.007573
08:27:09.700,-0.074571
08:27:09.800,-0.107615
08:27:09.900,-0.006214
08:27:10.000,-0.096225
08:27:10.100,0.097116
08:27:10.200,-0.009444
08:27:10.300,-0.20696
08:27:10.400,0.021204
08:27:10.500,0.049703
08:27:10.600,0.194159
08:27:10.700,0.111377
08:27:10.800,-0.107843
08:27:10.900,0.171099
08:27:11.000,-0.166324
08:27:11.100,0.00338
08:27:11.200,0.090488
08:27:11.300,0.175043
08:27:11.400,0.226668
08:27:11.500,0.152967
08:27:11.600,-0.016394
08:27:11.700,0.069561
08:27:11.800,0.026928
08:27:11.900,-0.085132
08:27:12.000,-0.013875
08:27:12.100,0.215738
08:27:12.200,0.077539
08:27:12.300,0.247124
08:27:12.400,-0.1299
08:27:12.500,-0.045787
08:27:12.600,0.049831
08:27:12.700,0.089083
08:27:12.800,-0.014014
08:27:12.900,0.09606
08:27:13.000,0.095155
08:27:13.100,-0.166551
08:27:13.200,0.090413
08:27:13.300,0.128792
08:27:13.400,0.035539
08:27:13.500,-0.220795
08:27:13.600,-0.03322
08:27:13.700,0.052553
08:27:13.800,-0.103885
08:27:13.900,0.110197
08:27:14.000,0.087551
08:27:14.100,0.016138
08:27:14.200,0.002093
08:27:14.300,0.023146
08:27:14.400,-0.000487
08:27:14.500,-0.154258
08:27:14.600,-0.051613
08:27:14.700,0.008697
08:27:14.800,0.170232
08:27:14.900,0.083045
08:27:15.000,0.176678
08:27:15.100,-0.168595
08:27:15.200,-0.042741
08:27:15.300,0.248863
08:27:15.400,-0.089156
08:27:15.500,-0.091551
08:27:15.600,-0.032611
08:27:15.700,0.242173
08:27:15.800,-0.080583
08:27:15.900,0.066898
08:27:16.000,0.047044
08:27:16.100,-0.231419
08:27:16.200,-0.001881
08:27:16.300,-0.066351
08:27:16.400,0.081357
08:27:16.500,0.208688
08:27:16.600,-0.041346
08:27:16.700,-0.041351
08:27:16.800,0.302139
08:27:16.900,-0.085385
08:27:17.000,-0.16116
08:27:17.100,0.165309
08:27:17.200,-0.006076
08:27:17.300,0.033998
08:27:17.400,0.267781
08:27:17.500,-0.168357
08:27:17.600,-0.023455
08:27:17.700,-0.148352
08:27:17.800,0.040222
08:27:17.900,-0.06636
08:27:18.000,-0.140753
08:27:18.100,0.087873
08:27:18.200,0.001239
08:27:18.300,-0.150196
08:27:18.400,-0.142844
08:27:18.500,0.024937
08:27:18.600,-0.200493
08:27:18.700,0.027298
08:27:18.800,0.160747
08:27:18.900,0.080047
08:27:19.000,-0.074799
08:27:19.100,0.032921
08:27:19.200,-0.150189
08:27:19.300,0.016354
08:27:19.400,-0.039222
08:27:19.500,-0.124722
08:27:19.600,0.074846
08:27:19.700,-0.237297
08:27:19.800,-0.142298
08:27:19.900,-0.12787
08:27:20.000,-0.060577
08:27:20.100,0.15592
08:27:20.200,0.090511
08:27:20.300,0.012637
08:27:20.400,0.00698
08:27:20.500,-0.001411
08:27:20.600,0.164619
08:27:20.700,-0.217883
08:27:20.800,0.092587
08:27:20.900,-0.060983
08:27:21.000,0.060359
08:27:21.100,0.060933
08:27:21.200,0.087989
08:27:21.300,0.190038
08:27:21.400,-0.164524
08:27:21.500,0.120653
08:27:21.600,-0.007663
08:27:21.700,-0.055303
08:27:21.800,0.244051
08:27:21.900,0.084229
08:27:22.000,-0.050065
08:27:22.100,0.114877
08:27:22.200,-0.005527
08:27:22.300,-0.051946
08:27:22.400,-0.07273
08:27:22.500,0.036548
08:27:22.600,-0.073665
08:27:22.700,0.018651
08:27:22.800,0.106442
08:27:22.900,0.013261
08:27:23.000,0.23718
08:27:23.100,0.001585
08:27:23.200,0.161885
08:27:23.300,0.117155
08:27:23.400,0.183036
08:27:23.500,0.236652
08:27:23.600,-0.21136
08:27:23.700,0.03182
08:27:23.800,-0.013424
08:27:23.900,0.013372
08:27:24.000,-0.047688
08:27:24.100,-0.065215
08:27:24.200,-0.131951
08:27:24.300,0.011686
08:27:24.400,0.112082
08:27:24.500,-0.059243
08:27:24.600,-0.039421
08:27:24.700,-0.083769
08:27:24.800,-0.119322
08:27:24.900,-0.028337
08:27:25.000,0.041186
08:27:25.100,0.150882
08:27:25.200,-0.143052
08:27:25.300,-0.003646
08:27:25.400,0.141376
08:27:25.500,-0.141461
08:27:25.600,0.152042
08:27:25.700,-0.052674
08:27:25.800,0.085361
08:27:25.900,-0.026168
08:27:26.000,0.05505
08:27:26.100,0.193085
08:27:26.200,-0.01457
08:27:26.300,0.11958
08:27:26.400,0.032956
08:27:26.500,-0.094322
08:27:26.600,-0.01747
08:27:26.700,-0.024973
08:27:26.800,-0.169417
08:27:26.900,0.055085
08:27:27.000,0.078957
08:27:27.100,0.097487
08:27:27.200,0.171575
08:27:27.300,0.114471
08:27:27.400,-0.072363
08:27:27.500,-0.046824
08:27:27.600,0.100651
08:27:27.700,0.046765
08:27:27.800,-0.002139
08:27:27.900,-0.104966
08:27:28.000,-0.063686
08:27:28.100,0.069937
08:27:28.200,-0.234102
08:27:28.300,-0.280796
08:27:28.400,0.083205
08:27:28.500,-0.064018
08:27:28.600,0.056224
08:27:28.700,0.189201
08:27:28.800,-0.121568
08:27:28.900,-0.200351
08:27:29.000,-0.033168
08:27:29.100,-0.082176
08:27:29.200,-0.003043
08:27:29.300,0.064564
08:27:29.400,0.039203
08:27:29.500,0.00555
08:27:29.600,0.126979
08:27:29.700,0.080484
08:27:29.800,-0.021768
08:27:29.900,0.07623
08:27:30.000,-0.185474
08:27:30.100,0.12765
08:27:30.200,0.002663
08:27:30.300,-0.144082
08:27:30.400,-0.049997
08:27:30.500,0.124505
08:27:30.600,-0.092119
08:27:30.700,0.049272
08:27:30.800,0.105453
08:27:30.900,0.002933
08:27:31.000,-0.103751
08:27:31.100,-0.007668
08:27:31.200,-0.169127
08:27:31.300,-0.058639
08:27:31.400,-0.132868
08:27:31.500,-0.005629
08:27:31.600,-0.152318
08:27:31.700,0.01001
08:27:31.800,0.135944
08:27:31.900,0.14348
08:27:32.000,-0.149453
08:27:32.100,-0.079932
08:27:32.200,0.102332
08:27:32.300,0.084485
08:27:32.400,-0.073824
08:27:32.500,-0.058376
08:27:32.600,0.009872
08:27:32.700,-0.219995
08:27:32.800,0.06304
08:27:32.900,0.129969
08:27:33.000,-0.046693
08:27:33.100,-0.170306
08:27:33.200,0.169514
08:27:33.300,0.026332
08:27:33.400,0.085075
08:27:33.500,-0.158536
08:27:33.600,-0.158098
08:27:33.700,0.049695
08:27:33.800,0.123308
08:27:33.900,-0.135509
08:27:34.000,-0.012216
08:27:34.100,-0.190467
08:27:34.200,-0.084187
08:27:34.300,-0.030843
08:27:34.400,0.058657
08:27:34.500,-0.252693
08:27:34.600,0.158448
08:27:34.700,-0.020466
08:27:34.800,0.155326
08:27:34.900,0.083844
08:27:35.000,0.102276
08:27:35.100,0.242436
08:27:35.200,-0.093794
08:27:35.300,0.016253
08:27:35.400,-0.118885
08:27:35.500,-0.012265
08:27:35.600,0.086411
08:27:35.700,0.13528
08:27:35.800,-0.045871
08:27:35.900,-0.144574
08:27:36.000,0.008797
08:27:36.100,-0.10226
08:27:36.200,-0.069346
08:27:36.300,0.080608
08:27:36.400,0.058276
08:27:36.500,0.100104
08:27:36.600,-0.040466
08:27:36.700,0.121077
08:27:36.800,0.001722
08:27:36.900,-0.034099
08:27:37.000,-0.131856
08:27:37.100,-0.250792
08:27:37.200,-0.187671
08:27:37.300,0.025855
08:27:37.400,-0.108902
08:27:37.500,-0.197432
08:27:37.600,-0.050325
08:27:37.700,0.033574
08:27:37.800,0.049808
08:27:37.900,-0.003464
08:27:38.000,-0.007303
08:27:38.100,-0.064609
08:27:38.200,0.076069
08:27:38.300,-0.021218
08:27:38.400,-0.00916
08:27:38.500,0.124541
08:27:38.600,0.095028
08:27:38.700,-0.022184
08:27:38.800,-0.039247
08:27:38.900,-0.040181
08:27:39.000,-0.242552
08:27:39.100,0.131628
08:27:39.200,-0.082177
08:27:39.300,0.102554
08:27:39.400,0.004991
08:27:39.500,0.167
08:27:39.600,0.063538
08:27:39.700,0.109455
08:27:39.800,-0.071049
08:27:39.900,-0.154249
08:27:40.000,0.017703
08:27:40.100,-0.230062
08:27:40.200,-0.056154
08:27:40.300,-0.142732
08:27:40.400,-0.100759
08:27:40.500,0.071483
08:27:40.600,0.063596
08:27:40.700,-0.019435
08:27:40.800,0.038401
08:27:40.900,-0.064883
08:27:41.000,0.291199
08:27:41.100,0.0361
08:27:41.200,-0.070839
08:27:41.300,0.105044
08:27:41.400,0.148822
08:27:41.500,-0.092906
08:27:41.600,-0.170227
08:27:41.700,-0.146454
08:27:41.800,-0.080395
08:27:41.900,-0.006512
08:27:42.000,-0.195496
08:27:42.100,-0.05019
08:27:42.200,-0.024952
08:27:42.300,0.038983
08:27:42.400,0.073414
08:27:42.500,0.048185
08:27:42.600,0.215061
08:27:42.700,0.131295
08:27:42.800,0.026635
08:27:42.900,-0.116459
08:27:43.000,-0.08106
08:27:43.100,-0.17144
08:27:43.200,0.018401
08:27:43.300,0.039763
08:27:43.400,0.10715
08:27:43.500,0.032078
08:27:43.600,0.126479
08:27:43.700,0.12894
08:27:43.800,-0.123372
08:27:43.900,-0.062168
08:27:44.000,-0.001325
08:27:44.100,-0.084729
08:27:44.200,-0.029199
08:27:44.300,0.036151
08:27:44.400,-0.014769
08:27:44.500,3.7e-05
08:27:44.600,-0.113117
08:27:44.700,0.060773
08:27:44.800,0.051991
08:27:44.900,-0.0915
08:27:45.000,-0.155187
08:27:45.100,0.147629
08:27:45.200,0.209781
08:27:45.300,0.028165
08:27:45.400,-0.043402
08:27:45.500,0.125553
08:27:45.600,0.056442
08:27:45.700,-0.025285
08:27:45.800,0.116169
08:27:45.900,-0.097156
08:27:46.000,-0.082897
08:27:46.100,0.043636
08:27:46.200,0.013709
08:27:46.300,0.076473
08:27:46.400,0.1432
08:27:46.500,-0.186294
08:27:46.600,0.004674
08:27:46.700,0.22813
08:27:46.800,-0.071586
08:27:46.900,-0.08577
08:27:47.000,-0.268918
08:27:47.100,0.01221
08:27:47.200,0.069673
08:27:47.300,0.069427
08:27:47.400,-0.124446
08:27:47.500,-0.001046
08:27:47.600,0.026586
08:27:47.700,0.006253
08:27:47.800,-0.131377
08:27:47.900,0.009277
08:27:48.000,-0.097748
08:27:48.100,-0.224629
08:27:48.200,0.081757
08:27:48.300,0.016804
08:27:48.400,0.071027
08:27:48.500,-0.064135
08:27:48.600,0.075185
08:27:48.700,0.122655
08:27:48.800,0.210479
08:27:48.900,0.097663
08:27:49.000,0.046175
08:27:49.100,-0.165586
08:27:49.200,-0.012783
08:27:49.300,-0.170719
08:27:49.400,-0.098265
08:27:49.500,0.234607
08:27:49.600,-0.122764
08:27:49.700,-0.281111
08:27:49.800,0.09758
08:27:49.900,-0.080768
08:27:50.000,0.092161
08:27:50.100,-0.140416
08:27:50.200,-0.05111
08:27:50.300,0.143506
08:27:50.400,-0.158642
08:27:50.500,-0.020312
08:27:50.600,0.034957
08:27:50.700,-0.086308
08:27:50.800,0.029036
08:27:50.900,0.001878
08:27:51.000,0.064145
08:27:51.100,0.221063
08:27:51.200,0.321025
08:27:51.300,0.055599
08:27:51.400,-0.013247
08:27:51.500,0.05291
08:27:51.600,-0.027869
08:27:51.700,-0.190486
08:27:51.800,-0.005591
08:27:51.900,0.129854
08:27:52.000,-0.17577
08:27:52.100,-0.118151
08:27:52.200,-0.069834
08:27:52.300,0.044681
08:27:52.400,0.28524
08:27:52.500,-0.097118
08:27:52.600,0.010946
08:27:52.700,0.000693
08:27:52.800,-0.03615
08:27:52.900,-0.005724
08:27:53.000,-0.055768
08:27:53.100,0.329157
08:27:53.200,0.089961
08:27:53.300,-0.054737
08:27:53.400,0.14203
08:27:53.500,0.030803
08:27:53.600,0.006954
08:27:53.700,-0.021842
08:27:53.800,-0.030004
08:27:53.900,-0.146396
08:27:54.000,-0.200839
08:27:54.100,0.044489
08:27:54.200,-0.02305
08:27:54.300,0.105292
08:27:54.400,-0.106788
08:27:54.500,-0.131753
08:27:54.600,0.093141
08:27:54.700,-0.035441
08:27:54.800,0.102688
08:27:54.900,0.004015
08:27:55.000,0.225303
08:27:55.100,0.090689
08:27:55.200,0.04917
08:27:55.300,0.095991
08:27:55.400,-0.032748
08:27:55.500,-0.19715
08:27:55.600,0.043311
08:27:55.700,0.232991
08:27:55.800,-0.274853
08:27:55.900,0.056297
08:27:56.000,-0.184223
08:27:56.100,-0.002797
08:27:56.200,0.009535
08:27:56.300,0.089622
08:27:56.400,0.02522
08:27:56.500,0.164822
08:27:56.600,0.139968
08:27:56.700,-0.023601
08:27:56.800,0.131327
08:27:56.900,-0.037534
08:27:57.000,-0.058183
08:27:57.100,-0.144526
08:27:57.200,0.157436
08:27:57.300,-0.036003
08:27:57.400,-0.290581
08:27:57.500,0.065048
08:27:57.600,-0.052082
08:27:57.700,-0.035834
08:27:57.800,-0.028082
08:27:57.900,-0.040386
08:27:58.000,0.327332
08:27:58.100,0.199525
08:27:58.200,0.083901
08:27:58.300,0.028959
08:27:58.400,0.135451
08:27:58.500,0.029239
08:27:58.600,0.097904
08:27:58.700,0.066987
08:27:58.800,0.015401
08:27:58.900,0.112837
08:27:59.000,-0.050421
08:27:59.100,0.007014
08:27:59.200,-0.117532
08:27:59.300,-0.103677
08:27:59.400,-0.303498
08:27:59.500,0.054788
08:27:59.600,0.087782
08:27:59.700,0.13025
08:27:59.800,-0.132291
08:27:59.900,0.052789
08:28:00.000,-8.5e-05
08:28:00.100,0.08851
08:28:00.200,-0.07817
08:28:00.300,-0.040355
08:28:00.400,-0.18642
08:28:00.500,-0.08603
08:28:00.600,0.000372
08:28:00.700,0.020895
08:28:00.800,-0.202306
08:28:00.900,-0.061374
08:28:01.000,0.019238
08:28:01.100,0.168965
08:28:01.200,-0.101402
08:28:01.300,0.058808
08:28:01.400,-0.067388
08:28:01.500,-0.053493
08:28:01.600,-0.105309
08:28:01.700,-0.125321
08:28:01.800,-0.056975
08:28:01.900,0.125761
08:28:02.000,-0.090596
08:28:02.100,-0.109288
08:28:02.200,0.025095
08:28:02.300,0.000626
08:28:02.400,-0.008189
08:28:02.500,0.030479
08:28:02.600,-0.121149
08:28:02.700,-0.107868
08:28:02.800,0.11835
08:28:02.900,-0.017512
08:28:03.000,0.071573
08:28:03.100,0.146885
08:28:03.200,0.101489
08:28:03.300,-0.164375
08:28:03.400,-0.01398
08:28:03.500,0.1249
08:28:03.600,0.062729
08:28:03.700,0.022073
08:28:03.800,-0.196746
08:28:03.900,-0.073982
08:28:04.000,0.008319
08:28:04.100,-0.171108
08:28:04.200,0.095236
08:28:04.300,-0.014113
08:28:04.400,-0.237558
08:28:04.500,-0.067993
08:28:04.600,-0.034359
08:28:04.700,-0.015585
08:28:04.800,0.170355
08:28:04.900,0.069415
08:28:05.000,-0.163855
08:28:05.100,-0.178741
08:28:05.200,-0.032018
08:28:05.300,0.015145
08:28:05.400,0.119086
08:28:05.500,0.207587
08:28:05.600,0.214107
08:28:05.700,-0.053082
08:28:05.800,0.112146
08:28:05.900,0.051075
08:28:06.000,-0.130894
08:28:06.100,-0.226547
08:28:06.200,0.017293
08:28:06.300,-0.17942
08:28:06.400,-0.102175
08:28:06.500,-0.08218
08:28:06.600,0.02625
08:28:06.700,0.153675
08:28:06.800,0.001529
08:28:06.900,-0.064666
08:28:07.000,-0.248216
08:28:07.100,0.055005
08:28:07.200,0.003427
08:28:07.300,-0.065962
08:28:07.400,0.139931
08:28:07.500,-0.142896
08:28:07.600,-0.082186
08:28:07.700,-0.029403
08:28:07.800,-0.067462
08:28:07.900,0.066091
08:28:08.000,0.05567
08:28:08.100,0.126116
08:28:08.200,0.060278
08:28:08.300,-0.013845
08:28:08.400,-0.040778
08:28:08.500,0.054633
08:28:08.600,-0.022837
08:28:08.700,0.005667
08:28:08.800,0.061162
08:28:08.900,0.016627
08:28:09.000,0.037031
08:28:09.100,-0.094911
08:28:09.200,0.161965
08:28:09.300,-0.132801
08:28:09.400,0.052704
08:28:09.500,-0.058301
08:28:09.600,0.129882
08:28:09.700,0.106049
08:28:09.800,-0.000246
08:28:09.900,0.186566
08:28:10.000,-0.022488
08:28:10.100,0.105803
08:28:10.200,-0.087148
08:28:10.300,0.048597
08:28:10.400,-0.111895
08:28:10.500,0.002337
08:28:10.600,-0.006169
08:28:10.700,0.105427
08:28:10.800,-0.08049
08:28:10.900,0.368802
08:28:11.000,-0.16585
08:28:11.100,0.027954
08:28:11.200,0.034535
08:28:11.300,0.064571
08:28:11.400,-0.061847
08:28:11.500,0.029012
08:28:11.600,-0.067734
08:28:11.700,0.224777
08:28:11.800,-0.076213
08:28:11.900,-0.017762
08:28:12.000,-0.0796
08:28:12.100,-0.096032
08:28:12.200,-0.16813
08:28:12.300,0.080648
08:28:12.400,-0.080738
08:28:12.500,-0.095658
08:28:12.600,-0.11558
08:28:12.700,0.036526
08:28:12.800,0.002601
08:28:12.900,0.003151
08:28:13.000,-0.091363
08:28:13.100,0.052228
08:28:13.200,-0.079482
08:28:13.300,0.008422
08:28:13.400,-0.016768
08:28:13.500,-0.202618
08:28:13.600,0.243454
08:28:13.700,0.068975
08:28:13.800,0.021625
08:28:13.900,0.040564
08:28:14.000,0.24628
08:28:14.100,0.136424
08:28:14.200,0.041852
08:28:14.300,-0.084997
08:28:14.400,-0.066065
08:28:14.500,-0.216391
08:28:14.600,-0.044194
08:28:14.700,0.079421
08:28:14.800,0.076035
08:28:14.900,0.073938
08:28:15.000,-0.061844
08:28:15.100,0.066125
08:28:15.200,0.098902
08:28:15.300,-0.267234
08:28:15.400,0.036531
08:28:15.500,0.249726
08:28:15.600,-0.034976
08:28:15.700,-0.302618
08:28:15.800,-0.097519
08:28:15.900,-0.217745
08:28:16.000,-0.076123
08:28:16.100,-0.146888
08:28:16.200,0.111703
08:28:16.300,0.093422
08:28:16.400,0.041159
08:28:16.500,0.147148
08:28:16.600,-0.067846
08:28:16.700,0.008826
08:28:16.800,0.263329
08:28:16.900,0.070234
08:28:17.000,0.069936
08:28:17.100,-0.092105
08:28:17.200,-0.049989
08:28:17.300,-0.120355
08:28:17.400,0.20171
08:28:17.500,-0.186985
08:28:17.600,0.109697
08:28:17.700,0.069735
08:28:17.800,-0.192404
08:28:17.900,0.137089
08:28:18.000,-0.031044
08:28:18.100,-0.158506
08:28:18.200,0.043738
08:28:18.300,-0.098698
08:28:18.400,-0.024592
08:28:18.500,-0.06069
08:28:18.600,-0.105495
08:28:18.700,-0.142608
08:28:18.800,0.09562
08:28:18.900,0.038985
08:28:19.000,0.031279
08:28:19.100,-0.043707
08:28:19.200,0.006156
08:28:19.300,-0.088326
08:28:19.400,-0.090396
08:28:19.500,0.205229
08:28:19.600,0.106145
08:28:19.700,-0.067374
08:28:19.800,-0.17954
08:28:19.900,-0.20413
08:28:20.000,-0.076101
08:28:20.100,0.012925
08:28:20.200,0.014204
08:28:20.300,0.017798
08:28:20.400,0.040107
08:28:20.500,-0.124603
08:28:20.600,0.18093
08:28:20.700,-0.023686
08:28:20.800,0.035381
08:28:20.900,-0.078744
08:28:21.000,0.037379
08:28:21.100,0.249237
08:28:21.200,-0.11872
08:28:21.300,-0.133871
08:28:21.400,-0.103744
08:28:21.500,-0.039979
08:28:21.600,-0.062568
08:28:21.700,-0.124879
08:28:21.800,-0.005959
08:28:21.900,0.187337
08:28:22.000,-0.017978
08:28:22.100,-0.011573
08:28:22.200,0.041153
08:28:22.300,0.07772
08:28:22.400,0.164787
08:28:22.500,0.028805
08:28:22.600,-0.000319
08:28:22.700,-0.118984
08:28:22.800,0.088795
08:28:22.900,-0.101342
08:28:23.000,-0.10506
08:28:23.100,0.023176
08:28:23.200,0.184983
08:28:23.300,0.087175
08:28:23.400,-0.004504
08:28:23.500,-0.117791
08:28:23.600,0.182654
08:28:23.700,-0.00679
08:28:23.800,-0.034825
08:28:23.900,0.06662
08:28:24.000,-0.053766
08:28:24.100,-0.09036
08:28:24.200,-0.078851
08:28:24.300,-0.079172
08:28:24.400,-0.135284
08:28:24.500,-0.148671
08:28:24.600,0.116644
08:28:24.700,0.080261
08:28:24.800,-0.098736
08:28:24.900,0.106608
08:28:25.000,0.037118
08:28:25.100,-0.038855
08:28:25.200,-0.1471
08:28:25.300,0.040974
08:28:25.400,0.223846
08:28:25.500,0.001749
08:28:25.600,0.119838
08:28:25.700,-0.025406
08:28:25.800,0.11062
08:28:25.900,-0.018025
08:28:26.000,-0.288639
08:28:26.100,-0.086608
08:28:26.200,0.015871
08:28:26.300,0.129915
08:28:26.400,-0.01842
08:28:26.500,0.003578
08:28:26.600,-0.070472
08:28:26.700,0.187311
08:28:26.800,0.180083
08:28:26.900,-0.081149
08:28:27.000,-0.181969
08:28:27.100,-0.216864
08:28:27.200,0.072409
08:28:27.300,0.016227
08:28:27.400,-0.093815
08:28:27.500,0.032621
08:28:27.600,-0.147639
08:28:27.700,0.095391
08:28:27.800,-0.045877
08:28:27.900,-0.129775
08:28:28.000,-0.044042
08:28:28.100,-0.048177
08:28:28.200,0.043807
08:28:28.300,0.13992
08:28:28.400,0.133696
08:28:28.500,0.019156
08:28:28.600,-0.022463
08:28:28.700,-0.068237
08:28:28.800,-0.212162
08:28:28.900,-0.002306
08:28:29.000,-0.102121
08:28:29.100,0.146201
08:28:29.200,-0.024086
08:28:29.300,0.08965
08:28:29.400,-0.057902
08:28:29.500,-0.081058
08:28:29.600,0.072575
08:28:29.700,0.033316
08:28:29.800,0.038665
08:28:29.900,-0.011254
08:28:30.000,0.094727
08:28:30.100,0.077373
08:28:30.200,-0.261218
08:28:30.300,-0.030894
08:28:30.400,0.121769
08:28:30.500,-0.122344
08:28:30.600,-0.203087
08:28:30.700,-0.016654
08:28:30.800,0.062488
08:28:30.900,-0.055258
08:28:31.000,0.155154
08:28:31.100,0.221235
08:28:31.200,-0.231009
08:28:31.300,-0.046079
08:28:31.400,-0.273821
08:28:31.500,0.079321
08:28:31.600,-0.081583
08:28:31.700,-0.057097
08:28:31.800,0.137771
08:28:31.900,-0.159408
08:28:32.000,-0.189547
08:28:32.100,-0.273297
08:28:32.200,0.152463
08:28:32.300,0.124586
08:28:32.400,-0.035267
08:28:32.500,-0.153029
08:28:32.600,0.100092
08:28:32.700,0.330561
08:28:32.800,-0.028283
08:28:32.900,-0.144348
08:28:33.000,0.149003
08:28:33.100,-0.135899
08:28:33.200,-0.044001
08:28:33.300,-0.316645
08:28:33.400,-0.036393
08:28:33.500,-0.153394
08:28:33.600,0.15106
08:28:33.700,-0.117137
08:28:33.800,0.093577
08:28:33.900,-0.012593
08:28:34.000,0.015044
08:28:34.100,0.062667
08:28:34.200,-0.006414
08:28:34.300,-0.077737
08:28:34.400,-0.097443
08:28:34.500,0.061078
08:28:34.600,-0.228209
08:28:34.700,0.20138
08:28:34.800,0.015819
08:28:34.900,-0.040487
08:28:35.000,0.03193
08:28:35.100,-0.071316
08:28:35.200,-0.021366
08:28:35.300,-0.135807
08:28:35.400,0.04501
08:28:35.500,-0.009415
08:28:35.600,0.022496
08:28:35.700,0.177977
08:28:35.800,-0.096505
08:28:35.900,-0.015466
08:28:36.000,-0.19817
08:28:36.100,0.066004
08:28:36.200,-0.002098
08:28:36.300,0.002082
08:28:36.400,-0.018883
08:28:36.500,-0.069383
08:28:36.600,0.299523
08:28:36.700,0.004586
08:28:36.800,0.035582
08:28:36.900,-0.13673
08:28:37.000,0.106213
08:28:37.100,-0.014816
08:28:37.200,0.053498
08:28:37.300,0.10828
08:28:37.400,-0.012469
08:28:37.500,-0.081239
08:28:37.600,-0.279328
08:28:37.700,-0.046462
08:28:37.800,-0.081889
08:28:37.900,-0.137166
08:28:38.000,0.17437
08:28:38.100,0.117932
08:28:38.200,-0.219581
08:28:38.300,0.018445
08:28:38.400,-0.098069
08:28:38.500,0.044015
08:28:38.600,-0.095958
08:28:38.700,-0.06468
08:28:38.800,0.115565
08:28:38.900,0.098321
08:28:39.000,0.181138
08:28:39.100,-0.026046
08:28:39.200,-0.174679
08:28:39.300,0.110555
08:28:39.400,0.11125
08:28:39.500,0.075392
08:28:39.600,-0.08925
08:28:39.700,-0.128496
08:28:39.800,0.064316
08:28:39.900,-0.106338
08:28:40.000,-0.036957
08:28:40.100,0.348781
08:28:40.200,0.255474
08:28:40.300,0.095123
08:28:40.400,-0.079472
08:28:40.500,-0.086679
08:28:40.600,0.085895
08:28:40.700,0.179639
08:28:40.800,-0.061396
08:28:40.900,-0.054816
08:28:41.000,0.010525
08:28:41.100,-0.166676
08:28:41.200,-0.163007
08:28:41.300,-0.141121
08:28:41.400,0.065527
08:28:41.500,0.032639
08:28:41.600,0.136434
08:28:41.700,-0.208463
08:28:41.800,-0.18203
08:28:41.900,0.054687
08:28:42.000,-0.104644
08:28:42.100,-0.095932
08:28:42.200,0.12153
08:28:42.300,-0.066354
08:28:42.400,-0.05231
08:28:42.500,-0.030011
08:28:42.600,-0.02273
08:28:42.700,0.082192
08:28:42.800,-0.145201
08:28:42.900,-0.022574
08:28:43.000,0.139485
08:28:43.100,0.25593
08:28:43.200,-0.162797
08:28:43.300,0.039721
08:28:43.400,-0.022813
08:28:43.500,-0.011855
08:28:43.600,-0.09475
08:28:43.700,0.090697
08:28:43.800,0.084539
08:28:43.900,0.302745
08:28:44.000,-0.15853
08:28:44.100,-0.209749
08:28:44.200,0.246568
08:28:44.300,-0.006227
08:28:44.400,-0.054816
08:28:44.500,0.022589
08:28:44.600,-0.167382
08:28:44.700,0.045103
08:28:44.800,-0.009631
08:28:44.900,0.128853
08:28:45.000,0.102842
08:28:45.100,0.11284
08:28:45.200,0.0229
08:28:45.300,0.192522
08:28:45.400,0.06915
08:28:45.500,-0.063974
08:28:45.600,-0.097107
08:28:45.700,-0.083584
08:28:45.800,0.07066
08:28:45.900,-0.159794
08:28:46.000,0.018613
08:28:46.100,-0.099945
08:28:46.200,-0.150375
08:28:46.300,-0.131
08:28:46.400,-0.002855
08:28:46.500,0.091653
08:28:46.600,-0.081112
08:28:46.700,-0.249117
08:28:46.800,0.37852
08:28:46.900,0.134136
08:28:47.000,0.111874
08:28:47.100,0.195345
08:28:47.200,0.011084
08:28:47.300,-0.0162
08:28:47.400,0.162695
08:28:47.500,0.161885
08:28:47.600,0.073822
08:28:47.700,0.1059
08:28:47.800,-0.148653
08:28:47.900,-0.030896
08:28:48.000,0.204458
08:28:48.100,0.096521
08:28:48.200,-0.175443
08:28:48.300,-0.063732
08:28:48.400,0.184915
08:28:48.500,0.054626
08:28:48.600,0.021827
08:28:48.700,0.025435
08:28:48.800,-0.010027
08:28:48.900,-0.062909
08:28:49.000,-0.100031
08:28:49.100,0.121239
08:28:49.200,0.028505
08:28:49.300,0.084846
08:28:49.400,0.065603
08:28:49.500,0.169046
08:28:49.600,0.054557
08:28:49.700,0.098833
08:28:49.800,0.020074
08:28:49.900,-0.113693
08:28:50.000,-0.027074
08:28:50.100,0.07079
08:28:50.200,0.081321
08:28:50.300,0.174123
08:28:50.400,-0.05519
08:28:50.500,0.02712
08:28:50.600,-0.015499
08:28:50.700,0.194918
08:28:50.800,0.045174
08:28:50.900,0.047471
08:28:51.000,-0.004279
08:28:51.100,-0.027008
08:28:51.200,-0.17384
08:28:51.300,-0.151344
08:28:51.400,0.021461
08:28:51.500,0.006498
08:28:51.600,0.022131
08:28:51.700,0.112967
08:28:51.800,0.011153
08:28:51.900,-0.041797
08:28:52.000,-0.025197
08:28:52.100,0.029269
08:28:52.200,-0.0456
08:28:52.300,0.127727
08:28:52.400,-0.001353
08:28:52.500,0.030199
08:28:52.600,-0.097988
08:28:52.700,0.127785
08:28:52.800,0.172676
08:28:52.900,-0.163578
08:28:53.000,0.048107
08:28:53.100,-0.012949
08:28:53.200,0.034084
08:28:53.300,0.054251
08:28:53.400,-0.268195
08:28:53.500,0.091138
08:28:53.600,0.133488
08:28:53.700,0.146977
08:28:53.800,-0.113355
08:28:53.900,-0.003717
08:28:54.000,-0.06467
08:28:54.100,-0.229829
08:28:54.200,-0.074464
08:28:54.300,-0.130093
08:28:54.400,0.040143
08:28:54.500,-0.195774
08:28:54.600,-0.117546
08:28:54.700,-0.062336
08:28:54.800,0.092419
08:28:54.900,0.333333
08:28:55.000,0.036371
08:28:55.100,-0.123853
08:28:55.200,-0.081492
08:28:55.300,0.078967
08:28:55.400,-0.161521
08:28:55.500,0.131606
08:28:55.600,0.032809
08:28:55.700,-0.015009
08:28:55.800,-0.202186
08:28:55.900,0.110446
08:28:56.000,-0.091395
08:28:56.100,0.018443
08:28:56.200,-0.018859
08:28:56.300,-0.190056
08:28:56.400,-0.027682
08:28:56.500,-0.145234
08:28:56.600,-0.078242
08:28:56.700,0.051934
08:28:56.800,0.084295
08:28:56.900,-0.00219
08:28:57.000,-0.106073
08:28:57.100,-0.077689
08:28:57.200,-0.079773
08:28:57.300,-0.256448
08:28:57.400,0.008791
08:28:57.500,-0.199929
08:28:57.600,0.009143
08:28:57.700,-0.175132
08:28:57.800,-0.144751
08:28:57.900,0.080234
08:28:58.000,0.002948
08:28:58.100,-0.226181
08:28:58.200,-0.067056
08:28:58.300,0.031434
08:28:58.400,-0.074315
08:28:58.500,-0.041178
08:28:58.600,0.029289
08:28:58.700,0.005364
08:28:58.800,-0.119071
08:28:58.900,0.002676
08:28:59.000,-0.034481
08:28:59.100,0.206894
08:28:59.200,-0.01237
08:28:59.300,0.016197
08:28:59.400,0.031174
08:28:59.500,-0.038677
08:28:59.600,-0.086391
08:28:59.700,0.055172
08:28:59.800,0.056153
08:28:59.900,0.249909
08:29:00.000,0.08909
08:29:00.100,0.091114
08:29:00.200,0.086128
08:29:00.300,-0.082839
08:29:00.400,-0.150957
08:29:00.500,-0.120431
08:29:00.600,0.082557
08:29:00.700,0.170595
08:29:00.800,0.08808
08:29:00.900,-0.020032
08:29:01.000,0.201201
08:29:01.100,-0.053239
08:29:01.200,-0.137778
08:29:01.300,0.030359
08:29:01.400,0.155023
08:29:01.500,-0.101256
08:29:01.600,-0.204575
08:29:01.700,0.004525
08:29:01.800,0.092572
08:29:01.900,-0.355748
08:29:02.000,0.117284
08:29:02.100,-0.164016
08:29:02.200,0.08698
08:29:02.300,-0.239604
08:29:02.400,-0.176982
08:29:02.500,0.074246
08:29:02.600,0.145892
08:29:02.700,-0.001097
08:29:02.800,0.287441
08:29:02.900,-0.122712
08:29:03.000,-0.124244
08:29:03.100,-0.036266
08:29:03.200,-0.041977
08:29:03.300,0.034018
08:29:03.400,-0.089143
08:29:03.500,0.068101
08:29:03.600,0.065233
08:29:03.700,0.193606
08:29:03.800,-0.058853
08:29:03.900,0.040437
08:29:04.000,0.072701
08:29:04.100,-0.000868
08:29:04.200,-0.0254
08:29:04.300,-0.247651
08:29:04.400,0.010007
08:29:04.500,0.07146
08:29:04.600,-0.006938
08:29:04.700,-0.093873
08:29:04.800,-0.201506
08:29:04.900,0.054367
08:29:05.000,0.003976
08:29:05.100,0.166794
08:29:05.200,-0.173928
08:29:05.300,-0.056437
08:29:05.400,-0.158557
08:29:05.500,0.123038
08:29:05.600,0.148684
08:29:05.700,0.23071
08:29:05.800,0.062571
08:29:05.900,0.094712
08:29:06.000,0.05233
08:29:06.100,0.068773
08:29:06.200,0.005889
08:29:06.300,0.074259
08:29:06.400,0.256799
08:29:06.500,0.026242
08:29:06.600,0.002881
08:29:06.700,0.023769
08:29:06.800,-0.017891
08:29:06.900,0.029571
08:29:07.000,-0.02196
08:29:07.100,0.137278
08:29:07.200,0.125287
08:29:07.300,0.259912
08:29:07.400,-0.002825
08:29:07.500,0.034636
08:29:07.600,0.029637
08:29:07.700,0.023951
08:29:07.800,0.135599
08:29:07.900,-0.194998
08:29:08.000,0.055285
08:29:08.100,0.239492
08:29:08.200,0.163554
08:29:08.300,0.149828
08:29:08.400,0.101047
08:29:08.500,-0.071494
08:29:08.600,-0.089981
08:29:08.700,-0.089044
08:29:08.800,-0.136615
08:29:08.900,0.113593
08:29:09.000,0.176204
08:29:09.100,0.052131
08:29:09.200,0.096574
08:29:09.300,0.035216
08:29:09.400,0.068251
08:29:09.500,-0.254046
08:29:09.600,0.037761
08:29:09.700,-0.051065
08:29:09.800,-0.004819
08:29:09.900,0.027092
08:29:10.000,-0.085872
08:29:10.100,-0.129073
08:29:10.200,-0.089514
08:29:10.300,-0.1738
08:29:10.400,-0.138625
08:29:10.500,-0.122147
08:29:10.600,-0.17221
08:29:10.700,0.063453
08:29:10.800,-0.10806
08:29:10.900,-0.223581
08:29:11.000,-0.04815
08:29:11.100,-0.133587
08:29:11.200,0.17509
08:29:11.300,0.01595
08:29:11.400,-0.176458
08:29:11.500,0.068244
08:29:11.600,0.010197
08:29:11.700,-0.028633
08:29:11.800,0.188954
08:29:11.900,-0.117063
08:29:12.000,0.124218
08:29:12.100,-0.049143
08:29:12.200,-0.002203
08:29:12.300,-0.089979
08:29:12.400,-0.082329
08:29:12.500,-0.052325
08:29:12.600,-0.228092
08:29:12.700,0.041598
08:29:12.800,0.013787
08:29:12.900,-0.179725
08:29:13.000,0.079194
08:29:13.100,0.174848
08:29:13.200,-0.079742
08:29:13.300,-0.094172
08:29:13.400,0.13361
08:29:13.500,0.04839
08:29:13.600,-0.016311
08:29:13.700,0.097747
08:29:13.800,0.032893
08:29:13.900,0.17142
08:29:14.000,-0.002011
08:29:14.100,0.051177
08:29:14.200,0.131767
08:29:14.300,-0.293739
08:29:14.400,0.13611
08:29:14.500,-0.060613
08:29:14.600,0.059994
08:29:14.700,0.199695
08:29:14.800,-0.036708
08:29:14.900,-0.054662
08:29:15.000,-0.006569
08:29:15.100,-0.174275
08:29:15.200,0.263895
08:29:15.300,-0.005102
08:29:15.400,0.197471
08:29:15.500,-0.039985
08:29:15.600,0.004081
08:29:15.700,0.113312
08:29:15.800,-0.132266
08:29:15.900,-0.012306
08:29:16.000,0.108816
08:29:16.100,-0.025564
08:29:16.200,-0.057969
08:29:16.300,0.133827
08:29:16.400,0.168134
08:29:16.500,0.187216
08:29:16.600,-0.080999
08:29:16.700,-0.069518
08:29:16.800,-0.05659
08:29:16.900,0.086222
08:29:17.000,-0.143616
08:29:17.100,-0.13684
08:29:17.200,-0.085721
08:29:17.300,-0.112587
08:29:17.400,0.106123
08:29:17.500,0.098037
08:29:17.600,-0.057802
08:29:17.700,-0.023264
08:29:17.800,-0.304768
08:29:17.900,-0.054891
08:29:18.000,0.149274
08:29:18.100,-0.061418
08:29:18.200,-0.131101
08:29:18.300,0.165147
08:29:18.400,-0.133738
08:29:18.500,0.185527
08:29:18.600,0.346549
08:29:18.700,-0.013125
08:29:18.800,0.149253
08:29:18.900,-0.200272
08:29:19.000,-0.205553
08:29:19.100,-0.095607
08:29:19.200,0.09869
08:29:19.300,0.000209
08:29:19.400,-0.022368
08:29:19.500,-0.1549
08:29:19.600,-0.015282
08:29:19.700,-0.077233
08:29:19.800,-0.110699
08:29:19.900,-0.120883
08:29:20.000,0.023033
08:29:20.100,-0.086439
08:29:20.200,-0.000782
08:29:20.300,-0.212282
08:29:20.400,0.060377
08:29:20.500,0.028886
08:29:20.600,-0.027764
08:29:20.700,0.019382
08:29:20.800,0.1121
08:29:20.900,-0.173857
08:29:21.000,0.008003
08:29:21.100,-0.156617
08:29:21.200,0.010513
08:29:21.300,-0.031062
08:29:21.400,-0.002989
08:29:21.500,0.10181
08:29:21.600,0.098221
08:29:21.700,0.130405
08:29:21.800,-0.047565
08:29:21.900,0.08438
08:29:22.000,0.060797
08:29:22.100,-0.044545
08:29:22.200,0.014064
08:29:22.300,-0.015862
08:29:22.400,0.167386
08:29:22.500,0.097226
08:29:22.600,-0.040304
08:29:22.700,-0.048653
08:29:22.800,0.114914
08:29:22.900,0.160796
08:29:23.000,0.037864
08:29:23.100,0.079029
08:29:23.200,0.156376
08:29:23.300,-0.020974
08:29:23.400,0.010016
08:29:23.500,0.058407
08:29:23.600,-0.05148
08:29:23.700,0.203885
08:29:23.800,-0.05256
08:29:23.900,0.007354
08:29:24.000,0.229965
08:29:24.100,-0.223413
08:29:24.200,0.025915
08:29:24.300,-0.079268
08:29:24.400,2e-05
08:29:24.500,-0.144706
08:29:24.600,-0.044505
08:29:24.700,0.002973
08:29:24.800,0.028598
08:29:24.900,0.107477
08:29:25.000,-0.278861
08:29:25.100,-0.015104
08:29:25.200,-0.020963
08:29:25.300,-0.007713
08:29:25.400,0.003873
08:29:25.500,-0.099614
08:29:25.600,-0.18564
08:29:25.700,0.026053
08:29:25.800,-0.11931
08:29:25.900,0.048329
08:29:26.000,-0.112464
08:29:26.100,0.083127
08:29:26.200,-0.006535
08:29:26.300,0.001795
08:29:26.400,-0.029561
08:29:26.500,-0.048803
08:29:26.600,-0.027958
08:29:26.700,0.141798
08:29:26.800,-0.184125
08:29:26.900,-0.077776
08:29:27.000,0.126799
08:29:27.100,0.098373
08:29:27.200,0.161224
08:29:27.300,-0.007109
08:29:27.400,-0.158195
08:29:27.500,-0.132941
08:29:27.600,-0.035845
08:29:27.700,0.091284
08:29:27.800,-0.030561
08:29:27.900,-0.039802
08:29:28.000,0.047632
08:29:28.100,0.003327
08:29:28.200,-0.052871
08:29:28.300,-0.120182
08:29:28.400,0.113634
08:29:28.500,0.125738
08:29:28.600,-0.126922
08:29:28.700,-0.048313
08:29:28.800,0.080037
08:29:28.900,-0.136519
08:29:29.000,0.043821
08:29:29.100,-0.039179
08:29:29.200,-0.146011
08:29:29.300,0.213281
08:29:29.400,-0.040972
08:29:29.500,0.062917
08:29:29.600,-0.134541
08:29:29.700,0.186281
08:29:29.800,0.233686
08:29:29.900,-0.180261
08:29:30.000,-0.019747
08:29:30.100,0.159347
08:29:30.200,-0.056212
08:29:30.300,0.049116
08:29:30.400,-0.201641
08:29:30.500,-0.094596
08:29:30.600,0.036605
08:29:30.700,-0.070735
08:29:30.800,-0.043264
08:29:30.900,-0.181869
08:29:31.000,0.078488
08:29:31.100,-0.160749
08:29:31.200,0.184883
08:29:31.300,-0.081923
08:29:31.400,0.096084
08:29:31.500,0.084265
08:29:31.600,-0.118209
08:29:31.700,-0.069091
08:29:31.800,-0.054893
08:29:31.900,-0.046758
08:29:32.000,-0.15572
08:29:32.100,0.064064
08:29:32.200,-0.08265
08:29:32.300,-0.013701
08:29:32.400,0.120762
08:29:32.500,0.068616
08:29:32.600,-0.074557
08:29:32.700,0.124912
08:29:32.800,0.079865
08:29:32.900,-0.084701
08:29:33.000,-0.061686
08:29:33.100,0.12006
08:29:33.200,0.093441
08:29:33.300,-0.180308
08:29:33.400,-0.120671
08:29:33.500,0.083445
08:29:33.600,-0.140925
08:29:33.700,0.096593
08:29:33.800,0.232294
08:29:33.900,0.044795
08:29:34.000,-0.110759
08:29:34.100,0.021181
08:29:34.200,0.124154
08:29:34.300,0.011869
08:29:34.400,0.05806
08:29:34.500,-0.09593
08:29:34.600,-0.08684
08:29:34.700,0.108727
08:29:34.800,-0.085447
08:29:34.900,-0.310344
08:29:35.000,-0.03676
08:29:35.100,0.037704
08:29:35.200,0.127021
08:29:35.300,0.197493
08:29:35.400,0.010164
08:29:35.500,0.079034
08:29:35.600,0.014475
08:29:35.700,0.042488
08:29:35.800,-0.022423
08:29:35.900,0.046373
08:29:36.000,-0.087591
08:29:36.100,0.23761
08:29:36.200,-0.286947
08:29:36.300,0.068506
08:29:36.400,0.038346
08:29:36.500,0.044554
08:29:36.600,-0.141938
08:29:36.700,-0.201377
08:29:36.800,0.072693
08:29:36.900,0.16092
08:29:37.000,0.026427
08:29:37.100,0.096632
08:29:37.200,-0.054977
08:29:37.300,0.039789
08:29:37.400,0.147079
08:29:37.500,-0.037626
08:29:37.600,0.142286
08:29:37.700,-0.196149
08:29:37.800,-0.07356
08:29:37.900,0.06551
08:29:38.000,0.228337
08:29:38.100,0.001713
08:29:38.200,-0.12407
08:29:38.300,0.225609
08:29:38.400,-0.015137
08:29:38.500,0.079773
08:29:38.600,-0.040131
08:29:38.700,0.017073
08:29:38.800,-0.067454
08:29:38.900,0.270917
08:29:39.000,0.142948
08:29:39.100,0.212175
08:29:39.200,-0.094615
08:29:39.300,-0.219003
08:29:39.400,-0.035155
08:29:39.500,0.301977
08:29:39.600,-0.038625
08:29:39.700,0.126215
08:29:39.800,-0.122981
08:29:39.900,-0.099481
08:29:40.000,-0.009575
08:29:40.100,0.253163
08:29:40.200,0.132028
08:29:40.300,-0.246382
08:29:40.400,0.080008
08:29:40.500,-0.137848
08:29:40.600,-0.081787
08:29:40.700,0.061247
08:29:40.800,0.167812
08:29:40.900,0.161912
08:29:41.000,0.039788
08:29:41.100,0.041474
08:29:41.200,0.161545
08:29:41.300,-0.189065
08:29:41.400,0.219283
08:29:41.500,-0.088318
08:29:41.600,0.031274
08:29:41.700,-0.05955
08:29:41.800,-0.138721
08:29:41.900,0.055391
08:29:42.000,0.028384
08:29:42.100,-0.012647
08:29:42.200,-0.01832
08:29:42.300,0.183114
08:29:42.400,0.263136
08:29:42.500,0.150348
08:29:42.600,0.033289
08:29:42.700,-0.196472
08:29:42.800,0.075259
08:29:42.900,0.080567
08:29:43.000,0.09256
08:29:43.100,-0.136918
08:29:43.200,0.102008
08:29:43.300,0.18739
08:29:43.400,-0.117915
08:29:43.500,0.082159
08:29:43.600,-0.097413
08:29:43.700,-0.012512
08:29:43.800,-0.113843
08:29:43.900,-0.042085
08:29:44.000,-0.041155
08:29:44.100,0.049473
08:29:44.200,0.106843
08:29:44.300,0.145941
08:29:44.400,-0.078236
08:29:44.500,0.043184
08:29:44.600,-0.13178
08:29:44.700,-0.013283
08:29:44.800,0.005129
08:29:44.900,-0.110704
08:29:45.000,0.067093
08:29:45.100,-0.018691
08:29:45.200,0.018524
08:29:45.300,0.146941
08:29:45.400,-0.051321
08:29:45.500,0.102024
08:29:45.600,0.173145
08:29:45.700,0.165792
08:29:45.800,-0.022576
08:29:45.900,-0.116719
08:29:46.000,-0.085192
08:29:46.100,-0.190402
08:29:46.200,0.082322
08:29:46.300,0.08977
08:29:46.400,0.014088
08:29:46.500,-0.165136
08:29:46.600,-0.043834
08:29:46.700,0.165631
08:29:46.800,0.07316
08:29:46.900,0.093966
08:29:47.000,0.396967
08:29:47.100,0.039369
08:29:47.200,-0.259038
08:29:47.300,-0.132132
08:29:47.400,0.036667
08:29:47.500,0.002249
08:29:47.600,-0.020639
08:29:47.700,-0.018532
08:29:47.800,-0.094132
08:29:47.900,0.044858
08:29:48.000,0.167323
08:29:48.100,0.207881
08:29:48.200,0.204478
08:29:48.300,-0.114716
08:29:48.400,-0.002421
08:29:48.500,-0.037661
08:29:48.600,0.071037
08:29:48.700,-0.009924
08:29:48.800,-0.027075
08:29:48.900,0.17455
08:29:49.000,0.011805
08:29:49.100,0.014902
08:29:49.200,0.049589
08:29:49.300,0.081143
08:29:49.400,0.081835
08:29:49.500,0.186256
08:29:49.600,-0.154274
08:29:49.700,0.038935
08:29:49.800,-0.012286
08:29:49.900,-0.036105
08:29:50.000,0.090934
08:29:50.100,0.155585
08:29:50.200,-0.071011
08:29:50.300,0.202433
08:29:50.400,-0.171798
08:29:50.500,0.070831
08:29:50.600,-0.106882
08:29:50.700,-0.077013
08:29:50.800,0.00721
08:29:50.900,-0.047859
08:29:51.000,-0.343593
08:29:51.100,0.073376
08:29:51.200,0.093571
08:29:51.300,-0.019328
08:29:51.400,-0.028757
08:29:51.500,-0.044747
08:29:51.600,-0.205376
08:29:51.700,-0.218075
08:29:51.800,0.096436
08:29:51.900,0.127764
08:29:52.000,0.07162
08:29:52.100,0.04551
08:29:52.200,0.093926
08:29:52.300,0.085933
08:29:52.400,-0.094219
08:29:52.500,0.026695
08:29:52.600,-0.035529
08:29:52.700,-0.033944
08:29:52.800,0.136825
08:29:52.900,0.188959
08:29:53.000,-0.281561
08:29:53.100,-0.030609
08:29:53.200,-0.036892
08:29:53.300,0.139377
08:29:53.400,-0.174045
08:29:53.500,-0.358749
08:29:53.600,0.098512
08:29:53.700,0.115552
08:29:53.800,-0.214081
08:29:53.900,-0.014928
08:29:54.000,0.183622
08:29:54.100,-0.129365
08:29:54.200,0.012126
08:29:54.300,0.060955
08:29:54.400,-0.171316
08:29:54.500,-0.067661
08:29:54.600,-0.2029
08:29:54.700,-0.019744
08:29:54.800,-0.094919
08:29:54.900,0.024922
08:29:55.000,0.076179
08:29:55.100,0.166635
08:29:55.200,0.279874
08:29:55.300,0.024924
08:29:55.400,-0.037988
08:29:55.500,-0.04496
08:29:55.600,-0.115784
08:29:55.700,0.053779
08:29:55.800,-0.059385
08:29:55.900,0.062166
08:29:56.000,-0.111963
08:29:56.100,-0.055929
08:29:56.200,0.051882
08:29:56.300,-0.014989
08:29:56.400,-0.230439
08:29:56.500,-0.001823
08:29:56.600,-0.096213
08:29:56.700,0.141772
08:29:56.800,0.116533
08:29:56.900,-0.273952
08:29:57.000,0.09618
08:29:57.100,0.046716
08:29:57.200,-0.178085
08:29:57.300,0.105399
08:29:57.400,-0.153586
08:29:57.500,0.137445
08:29:57.600,-0.077543
08:29:57.700,-0.182166
08:29:57.800,0.25449
08:29:57.900,-0.185559
08:29:58.000,-0.096723
08:29:58.100,-0.07319
08:29:58.200,-0.05468
08:29:58.300,0.083854
08:29:58.400,0.006949
08:29:58.500,0.120516
08:29:58.600,0.04463
08:29:58.700,-0.20076
08:29:58.800,0.065983
08:29:58.900,0.028057
08:29:59.000,-0.074955
08:29:59.100,0.248847
08:29:59.200,0.073002
08:29:59.300,0.113007
08:29:59.400,0.117189
08:29:59.500,-0.050406
08:29:59.600,0.076006
08:29:59.700,0.037923
08:29:59.800,-0.066843
08:29:59.900,-0.14659
08:30:00.000,0.002908
08:30:00.100,0.070432
08:30:00.200,0.001949
08:30:00.300,-0.021877
08:30:00.400,0.003283
08:30:00.500,-0.034438
08:30:00.600,0.185918
08:30:00.700,0.032429
08:30:00.800,-0.058376
08:30:00.900,-0.216963
08:30:01.000,-0.023665
08:30:01.100,-0.069219
08:30:01.200,-0.073675
08:30:01.300,0.113113
08:30:01.400,0.009568
08:30:01.500,-0.201893
08:30:01.600,0.07426
08:30:01.700,-0.189844
08:30:01.800,0.083198
08:30:01.900,-0.057009
08:30:02.000,0.010429
08:30:02.100,-0.002989
08:30:02.200,-0.017775
08:30:02.300,0.025143
08:30:02.400,0.009826
08:30:02.500,0.224368
08:30:02.600,0.026874
08:30:02.700,0.029662
08:30:02.800,-0.085143
08:30:02.900,0.045707
08:30:03.000,-0.122831
08:30:03.100,0.138015
08:30:03.200,-0.178122
08:30:03.300,-0.101239
08:30:03.400,-0.195496
08:30:03.500,0.050357
08:30:03.600,-0.050865
08:30:03.700,0.082311
08:30:03.800,-0.117071
08:30:03.900,0.063777
08:30:04.000,0.06958
08:30:04.100,0.025416
08:30:04.200,0.003705
08:30:04.300,0.016464
08:30:04.400,-0.109283
08:30:04.500,-0.129032
08:30:04.600,0.065265
08:30:04.700,-0.044243
08:30:04.800,0.054407
08:30:04.900,0.186119
08:30:05.000,-0.054859
08:30:05.100,-0.072011
08:30:05.200,-0.038914
08:30:05.300,0.004677
08:30:05.400,0.073697
08:30:05.500,-0.003406
08:30:05.600,0.249426
08:30:05.700,0.050502
08:30:05.800,0.093699
08:30:05.900,-0.004423
08:30:06.000,0.12142
08:30:06.100,-0.024633
08:30:06.200,-0.077307
08:30:06.300,0.108641
08:30:06.400,-0.006875
08:30:06.500,0.029432
08:30:06.600,0.117826
08:30:06.700,0.016678
08:30:06.800,-0.01791
08:30:06.900,-0.064248
08:30:07.000,0.127402
08:30:07.100,-0.041007
08:30:07.200,-0.006132
08:30:07.300,0.034429
08:30:07.400,0.033934
08:30:07.500,0.121644
08:30:07.600,-0.008378
08:30:07.700,0.165166
08:30:07.800,-0.029851
08:30:07.900,0.044491
08:30:08.000,-0.022053
08:30:08.100,0.251177
08:30:08.200,-0.042076
08:30:08.300,-0.031224
08:30:08.400,0.013769
08:30:08.500,-0.032013
08:30:08.600,0.037739
08:30:08.700,0.147491
08:30:08.800,0.017677
08:30:08.900,0.022112
08:30:09.000,-0.027498
08:30:09.100,-0.060609
08:30:09.200,0.011584
08:30:09.300,0.000912
08:30:09.400,0.140791
08:30:09.500,-0.115089
08:30:09.600,0.174544
08:30:09.700,-0.017618
08:30:09.800,0.017824
08:30:09.900,-0.12778
08:30:10.000,0.067432
08:30:10.100,-0.115257
08:30:10.200,0.044807
08:30:10.300,0.033084
08:30:10.400,-0.039075
08:30:10.500,-0.247833
08:30:10.600,0.259275
08:30:10.700,-0.126503
08:30:10.800,0.03273
08:30:10.900,-0.087577
08:30:11.000,0.12576
08:30:11.100,-0.045538
08:30:11.200,-0.090237
08:30:11.300,0.071419
08:30:11.400,-0.152635
08:30:11.500,-0.049593
08:30:11.600,0.082829
08:30:11.700,0.180821
08:30:11.800,-0.115489
08:30:11.900,-0.073387
08:30:12.000,0.042257
08:30:12.100,-0.239691
08:30:12.200,0.162915
08:30:12.300,-0.11994
08:30:12.400,-0.052489
08:30:12.500,0.031301
08:30:12.600,0.006148
08:30:12.700,-0.115634
08:30:12.800,0.206575
08:30:12.900,-0.309016
08:30:13.000,-0.134641
08:30:13.100,-0.076413
08:30:13.200,-0.113965
08:30:13.300,0.146346
08:30:13.400,-0.199001
08:30:13.500,0.186896
08:30:13.600,-0.033376
08:30:13.700,-0.163313
08:30:13.800,-0.252108
08:30:13.900,-0.025816
08:30:14.000,-0.084236
08:30:14.100,0.028379
08:30:14.200,-0.054069
08:30:14.300,0.114696
08:30:14.400,-0.017099
08:30:14.500,-0.050869
08:30:14.600,0.116791
08:30:14.700,0.02738
08:30:14.800,0.092956
08:30:14.900,0.137839
08:30:15.000,-0.035256
08:30:15.100,0.00459
08:30:15.200,0.101256
08:30:15.300,-0.294079
08:30:15.400,-0.012212
08:30:15.500,-0.026984
08:30:15.600,0.044886
08:30:15.700,-0.096133
08:30:15.800,0.131454
08:30:15.900,-0.088532
08:30:16.000,-0.055082
08:30:16.100,-0.079729
08:30:16.200,0.147586
08:30:16.300,-0.250269
08:30:16.400,0.214426
08:30:16.500,0.176804
08:30:16.600,-0.067784
08:30:16.700,0.123231
08:30:16.800,0.015611
08:30:16.900,0.198349
08:30:17.000,0.114078
08:30:17.100,0.263177
08:30:17.200,-0.187458
08:30:17.300,0.022961
08:30:17.400,-0.206892
08:30:17.500,-0.062246
08:30:17.600,0.269958
08:30:17.700,0.056184
08:30:17.800,0.118145
08:30:17.900,0.061673
08:30:18.000,0.054055
08:30:18.100,-0.062682
08:30:18.200,-0.085037
08:30:18.300,-0.065899
08:30:18.400,-0.327647
08:30:18.500,-0.009845
08:30:18.600,0.028782
08:30:18.700,-0.074306
08:30:18.800,-0.015682
08:30:18.900,0.063006
08:30:19.000,0.106176
08:30:19.100,-0.143737
08:30:19.200,-0.095373
08:30:19.300,0.090355
08:30:19.400,0.070681
08:30:19.500,0.161328
08:30:19.600,0.156351
08:30:19.700,0.289785
08:30:19.800,-0.035132
08:30:19.900,0.189428
08:30:20.000,-0.110402
08:30:20.100,0.287286
08:30:20.200,0.054564
08:30:20.300,0.065042
08:30:20.400,0.118791
08:30:20.500,-0.162644
08:30:20.600,-0.128971
08:30:20.700,0.013881
08:30:20.800,0.041486
08:30:20.900,0.249906
08:30:21.000,-0.113904
08:30:21.100,0.184823
08:30:21.200,-0.031871
08:30:21.300,-0.033543
08:30:21.400,-0.019661
08:30:21.500,-0.036633
08:30:21.600,0.058385
08:30:21.700,-0.047393
08:30:21.800,-0.169255
08:30:21.900,-0.032137
08:30:22.000,0.054797
08:30:22.100,-0.168279
08:30:22.200,0.06982
08:30:22.300,0.141662
08:30:22.400,0.177592
08:30:22.500,0.04052
08:30:22.600,-0.216558
08:30:22.700,0.077714
08:30:22.800,0.116061
08:30:22.900,-0.083584
08:30:23.000,-0.008722
08:30:23.100,0.058032
08:30:23.200,0.214471
08:30:23.300,-0.030702
08:30:23.400,0.106951
08:30:23.500,0.037956
08:30:23.600,0.023931
08:30:23.700,0.159656
08:30:23.800,-0.099771
08:30:23.900,0.027649
08:30:24.000,0.003262
08:30:24.100,-0.18083
08:30:24.200,0.14791
08:30:24.300,0.099482
08:30:24.400,0.004066
08:30:24.500,-0.031365
08:30:24.600,2.7e-05
08:30:24.700,0.084885
08:30:24.800,0.006347
08:30:24.900,-0.0801
08:30:25.000,-0.06205
08:30:25.100,-0.001455
08:30:25.200,-0.111911
08:30:25.300,0.039999
08:30:25.400,-0.095162
08:30:25.500,-0.114521
08:30:25.600,0.383176
08:30:25.700,0.232782
08:30:25.800,0.017273
08:30:25.900,0.102122
08:30:26.000,0.122514
08:30:26.100,-0.009053
08:30:26.200,0.033931
08:30:26.300,-0.03146
08:30:26.400,0.15068
08:30:26.500,0.152332
08:30:26.600,0.18743
08:30:26.700,0.03192
08:30:26.800,0.260137
08:30:26.900,-0.009162
08:30:27.000,0.245632
08:30:27.100,-0.055596
08:30:27.200,-0.155693
08:30:27.300,0.243337
08:30:27.400,0.079245
08:30:27.500,0.062295
08:30:27.600,-0.043258
08:30:27.700,-0.101418
08:30:27.800,-0.09003
08:30:27.900,0.016626
08:30:28.000,-0.018024
08:30:28.100,-0.23287
08:30:28.200,0.203251
08:30:28.300,-0.050365
08:30:28.400,0.148609
08:30:28.500,-0.084678
08:30:28.600,0.018581
08:30:28.700,0.116677
08:30:28.800,0.100122
08:30:28.900,-0.032155
08:30:29.000,0.061115
08:30:29.100,0.081114
08:30:29.200,-0.017752
08:30:29.300,-0.133646
08:30:29.400,-0.074948
08:30:29.500,-0.045507
08:30:29.600,0.003127
08:30:29.700,0.191086
08:30:29.800,0.108898
08:30:29.900,-0.097928
08:30:30.000,0.220383
08:30:30.100,-0.00946
08:30:30.200,0.080674
08:30:30.300,-0.112678
08:30:30.400,-0.054268
08:30:30.500,0.124553
08:30:30.600,-0.105465
08:30:30.700,0.006621
08:30:30.800,0.056509
08:30:30.900,-0.122752
08:30:31.000,-0.213304
08:30:31.100,0.108886
08:30:31.200,0.343606
08:30:31.300,0.055064
08:30:31.400,0.07809
08:30:31.500,-0.106089
08:30:31.600,0.176361
08:30:31.700,-0.045212
08:30:31.800,0.139646
08:30:31.900,0.072876
08:30:32.000,0.075804
08:30:32.100,0.071197
08:30:32.200,0.067372
08:30:32.300,0.034007
08:30:32.400,0.116312
08:30:32.500,-0.087126
08:30:32.600,-0.028658
08:30:32.700,0.176171
08:30:32.800,0.020749
08:30:32.900,-0.039113
08:30:33.000,0.124184
08:30:33.100,0.100492
08:30:33.200,-0.155978
08:30:33.300,0.087592
08:30:33.400,0.016481
08:30:33.500,0.085428
08:30:33.600,0.001285
08:30:33.700,0.055716
08:30:33.800,-0.21972
08:30:33.900,-0.107392
08:30:34.000,0.088812
08:30:34.100,0.314572
08:30:34.200,0.044073
08:30:34.300,-0.083137
08:30:34.400,0.016249
08:30:34.500,-0.107211
08:30:34.600,0.149979
08:30:34.700,0.00577
08:30:34.800,0.126385
08:30:34.900,-0.018415
08:30:35.000,0.137035
08:30:35.100,-0.194831
08:30:35.200,0.002937
08:30:35.300,0.064751
08:30:35.400,-0.032202
08:30:35.500,0.043141
08:30:35.600,0.041105
08:30:35.700,0.12586
08:30:35.800,0.074583
08:30:35.900,0.047151
08:30:36.000,0.105536
08:30:36.100,-0.162366
08:30:36.200,-0.090289
08:30:36.300,-0.166231
08:30:36.400,0.065832
08:30:36.500,0.049658
08:30:36.600,0.166235
08:30:36.700,0.0422
08:30:36.800,-0.075804
08:30:36.900,0.01608
08:30:37.000,-0.225051
08:30:37.100,-0.048987
08:30:37.200,-0.281652
08:30:37.300,0.039422
08:30:37.400,-0.033516
08:30:37.500,-0.015873
08:30:37.600,-0.11179
08:30:37.700,-0.080263
08:30:37.800,0.083114
08:30:37.900,-0.172328
08:30:38.000,0.060683
08:30:38.100,-0.097347
08:30:38.200,-0.20172
08:30:38.300,0.147161
08:30:38.400,0.159502
08:30:38.500,-0.064736
08:30:38.600,-0.065913
08:30:38.700,-0.030105
08:30:38.800,-0.097208
08:30:38.900,-0.076062
08:30:39.000,0.054007
08:30:39.100,0.248867
08:30:39.200,-0.042565
08:30:39.300,0.122773
08:30:39.400,0.042347
08:30:39.500,-0.200668
08:30:39.600,-0.002932
08:30:39.700,-0.018006
08:30:39.800,0.175745
08:30:39.900,0.180618
08:30:40.000,0.045216
08:30:40.100,0.145711
08:30:40.200,-0.017563
08:30:40.300,0.134323
08:30:40.400,0.01204
08:30:40.500,0.131721
08:30:40.600,0.143929
08:30:40.700,0.085974
08:30:40.800,-0.088991
08:30:40.900,-0.050465
08:30:41.000,0.090271
08:30:41.100,0.107215
08:30:41.200,0.019007
08:30:41.300,-0.037475
08:30:41.400,0.022967
08:30:41.500,-0.033417
08:30:41.600,-0.032749
08:30:41.700,0.235204
08:30:41.800,-0.057058
08:30:41.900,0.060935
08:30:42.000,0.018351
08:30:42.100,-0.147186
08:30:42.200,-0.151322
08:30:42.300,-0.009734
08:30:42.400,-0.234323
08:30:42.500,0.219649
08:30:42.600,-0.043394
08:30:42.700,-0.053183
08:30:42.800,0.146768
08:30:42.900,-0.016886
08:30:43.000,0.078125
08:30:43.100,-0.06871
08:30:43.200,0.005452
08:30:43.300,0.116217
08:30:43.400,-0.103418
08:30:43.500,0.063328
08:30:43.600,-0.289981
08:30:43.700,0.151861
08:30:43.800,-0.06677
08:30:43.900,-0.010279
08:30:44.000,-0.011754
08:30:44.100,-0.116983
08:30:44.200,-0.126196
08:30:44.300,0.062561
08:30:44.400,0.0682
08:30:44.500,-0.106233
08:30:44.600,0.064928
08:30:44.700,0.066947
08:30:44.800,-0.045386
08:30:44.900,-0.155219
08:30:45.000,-0.004505
08:30:45.100,0.04381
08:30:45.200,-0.007064
08:30:45.300,-0.071099
08:30:45.400,0.056036
08:30:45.500,0.151839
08:30:45.600,-0.092436
08:30:45.700,-0.035761
08:30:45.800,0.329177
08:30:45.900,0.034904
08:30:46.000,-0.152017
08:30:46.100,-0.05731
08:30:46.200,-0.09083
08:30:46.300,0.045647
08:30:46.400,0.036927
08:30:46.500,-0.076378
08:30:46.600,0.222757
08:30:46.700,0.010216
08:30:46.800,-0.054688
08:30:46.900,-0.146535
08:30:47.000,-0.107372
08:30:47.100,-0.149523
08:30:47.200,-0.022868
08:30:47.300,-0.106196
08:30:47.400,0.094078
08:30:47.500,-0.070132
08:30:47.600,0.100824
08:30:47.700,0.058976
08:30:47.800,0.077461
08:30:47.900,0.10761
08:30:48.000,0.239199
08:30:48.100,-0.10188
08:30:48.200,0.10152
08:30:48.300,0.047774
08:30:48.400,0.127594
08:30:48.500,0.013296
08:30:48.600,0.141121
08:30:48.700,-0.154992
08:30:48.800,-0.120517
08:30:48.900,-0.068305
08:30:49.000,-0.00897
08:30:49.100,0.005563
08:30:49.200,-0.088803
08:30:49.300,-0.118905
08:30:49.400,-0.078635
08:30:49.500,-0.205117
08:30:49.600,-0.034576
08:30:49.700,-0.007009
08:30:49.800,0.052924
08:30:49.900,0.020025
08:30:50.000,0.215208
08:30:50.100,0.097485
08:30:50.200,0.088478
08:30:50.300,0.043764
08:30:50.400,0.064287
08:30:50.500,-0.026489
08:30:50.600,0.011955
08:30:50.700,0.230587
08:30:50.800,-0.008407
08:30:50.900,-0.159824
08:30:51.000,0.083617
08:30:51.100,0.105025
08:30:51.200,0.018543
08:30:51.300,-0.225401
08:30:51.400,0.154393
08:30:51.500,0.027589
08:30:51.600,-0.037231
08:30:51.700,0.142567
08:30:51.800,-0.242957
08:30:51.900,0.013423
08:30:52.000,-0.064895
08:30:52.100,0.179058
08:30:52.200,0.029146
08:30:52.300,-0.103759
08:30:52.400,0.136588
08:30:52.500,-0.295084
08:30:52.600,0.060948
08:30:52.700,-0.151595
08:30:52.800,-0.055493
08:30:52.900,-0.028881
08:30:53.000,0.109213
08:30:53.100,0.264409
08:30:53.200,-0.213546
08:30:53.300,0.053557
08:30:53.400,0.264295
08:30:53.500,-0.068752
08:30:53.600,-0.0762
08:30:53.700,0.028314
08:30:53.800,0.09946
08:30:53.900,0.078912
08:30:54.000,-0.043044
08:30:54.100,-0.096304
08:30:54.200,0.157936
08:30:54.300,-0.092948
08:30:54.400,-0.229942
08:30:54.500,-0.174407
08:30:54.600,-0.069137
08:30:54.700,0.179101
08:30:54.800,-0.142603
08:30:54.900,0.18263
08:30:55.000,0.156818
08:30:55.100,0.027028
08:30:55.200,-0.305891
08:30:55.300,-0.142087
08:30:55.400,-0.076024
08:30:55.500,0.207684
08:30:55.600,-0.0683
08:30:55.700,-0.092752
08:30:55.800,0.022596
08:30:55.900,-0.169143
08:30:56.000,-0.002955
08:30:56.100,-0.095827
08:30:56.200,0.32253
08:30:56.300,-0.110115
08:30:56.400,0.231592
08:30:56.500,-0.13682
08:30:56.600,0.031533
08:30:56.700,0.060038
08:30:56.800,0.017012
08:30:56.900,0.009648
08:30:57.000,0.103375
08:30:57.100,0.050084
08:30:57.200,-0.020748
08:30:57.300,-0.080932
08:30:57.400,-0.019889
08:30:57.500,-0.021371
08:30:57.600,-0.023732
08:30:57.700,0.009144
08:30:57.800,-0.169119
08:30:57.900,-0.123309
08:30:58.000,0.099813
08:30:58.100,-0.27005
08:30:58.200,0.143644
08:30:58.300,-0.06707
08:30:58.400,0.200337
08:30:58.500,0.147146
08:30:58.600,-0.039288
08:30:58.700,-0.026846
08:30:58.800,0.191191
08:30:58.900,0.152788
08:30:59.000,0.116729
08:30:59.100,0.137303
08:30:59.200,-0.130503
08:30:59.300,0.024636
08:30:59.400,-0.092445
08:30:59.500,-0.133588
08:30:59.600,0.019667
08:30:59.700,-0.049661
08:30:59.800,-0.01995
08:30:59.900,-0.060004
08:31:00.000,-0.150537
08:31:00.100,0.203615
08:31:00.200,0.018699
08:31:00.300,-0.173063
08:31:00.400,0.021837
08:31:00.500,0.182567
08:31:00.600,0.115047
08:31:00.700,-0.062247
08:31:00.800,-0.059365
08:31:00.900,-0.114849
08:31:01.000,-0.08907
08:31:01.100,-0.079306
08:31:01.200,-0.176193
08:31:01.300,-0.053278
08:31:01.400,0.041277
08:31:01.500,-0.04968
08:31:01.600,0.026082
08:31:01.700,0.194632
08:31:01.800,0.22028
08:31:01.900,-0.008151
08:31:02.000,0.105622
08:31:02.100,-0.019998
08:31:02.200,-0.058545
08:31:02.300,-0.134019
08:31:02.400,0.010393
08:31:02.500,0.130126
08:31:02.600,-0.15293
08:31:02.700,-0.034451
08:31:02.800,-0.040241
08:31:02.900,0.029625
08:31:03.000,0.031532
08:31:03.100,0.064468
08:31:03.200,0.227638
08:31:03.300,-0.104459
08:31:03.400,-0.111054
08:31:03.500,0.029684
08:31:03.600,0.174327
08:31:03.700,-0.175485
08:31:03.800,0.039765
08:31:03.900,-0.024161
08:31:04.000,0.102515
08:31:04.100,0.075383
08:31:04.200,0.005822
08:31:04.300,0.058503
08:31:04.400,-0.078993
08:31:04.500,0.096027
08:31:04.600,0.166383
08:31:04.700,0.012019
08:31:04.800,-0.048954
08:31:04.900,-0.017418
08:31:05.000,0.094765
08:31:05.100,-0.005024
08:31:05.200,-0.143957
08:31:05.300,0.114253
08:31:05.400,-0.11794
08:31:05.500,0.050939
08:31:05.600,-0.223963
08:31:05.700,0.012978
08:31:05.800,-0.008196
08:31:05.900,-0.236048
08:31:06.000,0.039938
08:31:06.100,-0.132163
08:31:06.200,0.01017
08:31:06.300,-0.049408
08:31:06.400,-0.177667
08:31:06.500,-0.125487
08:31:06.600,-0.115883
08:31:06.700,0.11789
08:31:06.800,0.100298
08:31:06.900,0.26334
08:31:07.000,-0.061425
08:31:07.100,-0.065288
08:31:07.200,0.016185
08:31:07.300,-0.042632
08:31:07.400,-0.069908
08:31:07.500,0.006531
08:31:07.600,0.084433
08:31:07.700,-0.253457
08:31:07.800,-0.068664
08:31:07.900,-0.168335
08:31:08.000,-0.01846
08:31:08.100,0.051916
08:31:08.200,0.134033
08:31:08.300,-0.052049
08:31:08.400,0.012753
08:31:08.500,-0.201855
08:31:08.600,-0.103256
08:31:08.700,0.024857
08:31:08.800,-0.163082
08:31:08.900,0.148441
08:31:09.000,0.062822
08:31:09.100,-0.10855
08:31:09.200,-0.17786
08:31:09.300,-0.086316
08:31:09.400,-0.107918
08:31:09.500,-0.14604
08:31:09.600,-0.168817
08:31:09.700,-0.027648
08:31:09.800,0.087871
08:31:09.900,-0.08533
08:31:10.000,0.053386
08:31:10.100,-0.039329
08:31:10.200,0.073478
08:31:10.300,-0.094377
08:31:10.400,0.033719
08:31:10.500,0.014416
08:31:10.600,0.163478
08:31:10.700,0.067049
08:31:10.800,0.030721
08:31:10.900,-0.176387
08:31:11.000,-0.06303
08:31:11.100,-0.096048
08:31:11.200,-0.098665
08:31:11.300,0.001861
08:31:11.400,0.028899
08:31:11.500,0.033593
08:31:11.600,0.151373
08:31:11.700,0.058026
08:31:11.800,-0.147342
08:31:11.900,0.024305
08:31:12.000,0.070125
08:31:12.100,0.151463
08:31:12.200,-0.018503
08:31:12.300,-0.017336
08:31:12.400,0.129468
08:31:12.500,0.02143
08:31:12.600,-0.191809
08:31:12.700,-0.217545
08:31:12.800,0.220893
08:31:12.900,-0.205647
08:31:13.000,-0.020065
08:31:13.100,0.105974
08:31:13.200,-0.211753
08:31:13.300,-0.129787
08:31:13.400,-0.149609
08:31:13.500,0.216135
08:31:13.600,0.242178
08:31:13.700,-0.088101
08:31:13.800,0.06954
08:31:13.900,0.036967
08:31:14.000,-0.033695
08:31:14.100,-0.195213
08:31:14.200,0.276896
08:31:14.300,-0.217922
08:31:14.400,0.025453
08:31:14.500,-0.077712
08:31:14.600,0.120967
08:31:14.700,0.101514
08:31:14.800,-0.117458
08:31:14.900,-0.094815
08:31:15.000,-0.186018
08:31:15.100,0.023376
08:31:15.200,0.085305
08:31:15.300,-0.053
08:31:15.400,-0.029377
08:31:15.500,0.228942
08:31:15.600,0.112349
08:31:15.700,0.161732
08:31:15.800,-0.269045
08:31:15.900,0.065663
08:31:16.000,0.030165
08:31:16.100,-0.150238
08:31:16.200,-0.125268
08:31:16.300,-0.026212
08:31:16.400,-0.161039
08:31:16.500,-0.095844
08:31:16.600,-0.055391
08:31:16.700,0.068822
08:31:16.800,-0.084817
08:31:16.900,-0.053668
08:31:17.000,0.12292
08:31:17.100,-0.211711
08:31:17.200,0.027274
08:31:17.300,0.046728
08:31:17.400,0.050019
08:31:17.500,-0.060163
08:31:17.600,-0.127784
08:31:17.700,0.182342
08:31:17.800,-0.102779
08:31:17.900,-0.134044
08:31:18.000,0.002424
08:31:18.100,-0.088695
08:31:18.200,0.126096
08:31:18.300,-0.031821
08:31:18.400,0.141657
08:31:18.500,0.053853
08:31:18.600,-0.046585
08:31:18.700,0.133682
08:31:18.800,-0.0781
08:31:18.900,-0.038417
08:31:19.000,0.063499
08:31:19.100,0.027195
08:31:19.200,-0.080842
08:31:19.300,-0.184362
08:31:19.400,-0.002237
08:31:19.500,-0.087254
08:31:19.600,0.003557
08:31:19.700,-0.050517
08:31:19.800,-0.086108
08:31:19.900,-0.032179
08:31:20.000,-0.008811
08:31:20.100,0.083401
08:31:20.200,0.050783
08:31:20.300,0.251331
08:31:20.400,0.016972
08:31:20.500,-0.080752
08:31:20.600,-0.019955
08:31:20.700,0.068199
08:31:20.800,0.120411
08:31:20.900,0.160976
08:31:21.000,-0.122041
08:31:21.100,0.153681
08:31:21.200,-0.005522
08:31:21.300,-0.111234
08:31:21.400,-0.024453
08:31:21.500,0.145291
08:31:21.600,0.054873
08:31:21.700,-0.145445
08:31:21.800,-0.144545
08:31:21.900,-0.147875
08:31:22.000,-0.087785
08:31:22.100,0.009294
08:31:22.200,-0.135142
08:31:22.300,-0.051399
08:31:22.400,0.168244
08:31:22.500,0.194137
08:31:22.600,0.186057
08:31:22.700,-0.215388
08:31:22.800,0.200847
08:31:22.900,0.011004
08:31:23.000,0.009356
08:31:23.100,0.123468
08:31:23.200,0.084415
08:31:23.300,-0.224241
08:31:23.400,-0.073496
08:31:23.500,-0.043928
08:31:23.600,-0.159632
08:31:23.700,0.119659
08:31:23.800,0.172672
08:31:23.900,-0.001267
08:31:24.000,0.035831
08:31:24.100,-0.001354
08:31:24.200,0.011898
08:31:24.300,0.134122
08:31:24.400,-0.21186
08:31:24.500,0.058332
08:31:24.600,0.001422
08:31:24.700,-0.085617
08:31:24.800,-0.060402
08:31:24.900,0.219884
08:31:25.000,-0.1593
08:31:25.100,-0.020227
08:31:25.200,0.195538
08:31:25.300,-0.152416
08:31:25.400,-0.05474
08:31:25.500,0.005077
08:31:25.600,0.049519
08:31:25.700,-0.009637
08:31:25.800,-0.107444
08:31:25.900,0.053688
08:31:26.000,-0.012072
08:31:26.100,0.075331
08:31:26.200,0.110843
08:31:26.300,-0.178349
08:31:26.400,0.123976
08:31:26.500,-0.030556
08:31:26.600,0.099025
08:31:26.700,0.059265
08:31:26.800,0.22249
08:31:26.900,0.00075
08:31:27.000,-0.048398
08:31:27.100,-0.061556
08:31:27.200,-0.124451
08:31:27.300,0.096972
08:31:27.400,-0.13217
08:31:27.500,0.095919
08:31:27.600,-0.02682
08:31:27.700,-0.211587
08:31:27.800,0.178593
08:31:27.900,-0.405098
08:31:28.000,-0.009811
08:31:28.100,0.028075
08:31:28.200,-0.276726
08:31:28.300,0.05295
08:31:28.400,-0.080375
08:31:28.500,-0.029822
08:31:28.600,0.161161
08:31:28.700,0.017126
08:31:28.800,-0.042068
08:31:28.900,-0.020455
08:31:29.000,0.213132
08:31:29.100,0.048554
08:31:29.200,-0.106052
08:31:29.300,-0.058598
08:31:29.400,-0.142809
08:31:29.500,-0.054205
08:31:29.600,0.192947
08:31:29.700,-0.01996
08:31:29.800,-0.160442
08:31:29.900,0.051711
08:31:30.000,-0.047109
08:31:30.100,0.067369
08:31:30.200,-0.029088
08:31:30.300,0.173432
08:31:30.400,-0.109278
08:31:30.500,-0.139819
08:31:30.600,0.112512
08:31:30.700,-0.240427
08:31:30.800,-0.020632
08:31:30.900,0.096074
08:31:31.000,-0.263328
08:31:31.100,0.007757
08:31:31.200,-0.179514
08:31:31.300,-0.221381
08:31:31.400,-0.127913
08:31:31.500,-0.022007
08:31:31.600,-0.084705
08:31:31.700,0.132848
08:31:31.800,0.009886
08:31:31.900,-0.058675
08:31:32.000,-0.157188
08:31:32.100,0.026893
08:31:32.200,0.247068
08:31:32.300,-0.08435
08:31:32.400,-0.070266
08:31:32.500,-0.127286
08:31:32.600,0.142102
08:31:32.700,0.111241
08:31:32.800,-0.053553
08:31:32.900,-0.071885
08:31:33.000,-0.113262
08:31:33.100,-0.034717
08:31:33.200,0.122385
08:31:33.300,0.004983
08:31:33.400,0.154518
08:31:33.500,-0.086419
08:31:33.600,-0.277526
08:31:33.700,0.31264
08:31:33.800,0.02575
08:31:33.900,0.093423
08:31:34.000,-0.094502
08:31:34.100,-0.163505
08:31:34.200,0.01857
08:31:34.300,-0.239003
08:31:34.400,-0.032047
08:31:34.500,0.122677
08:31:34.600,0.053816
08:31:34.700,0.030588
08:31:34.800,0.209249
08:31:34.900,0.045041
08:31:35.000,-0.228531
08:31:35.100,-0.017888
08:31:35.200,0.231038
08:31:35.300,-0.037132
08:31:35.400,0.223692
08:31:35.500,0.122837
08:31:35.600,-0.049017
08:31:35.700,-0.12966
08:31:35.800,0.040787
08:31:35.900,0.15246
08:31:36.000,-0.189437
08:31:36.100,0.014446
08:31:36.200,-0.244967
08:31:36.300,-0.040751
08:31:36.400,-0.198568
08:31:36.500,0.067468
08:31:36.600,-0.08268
08:31:36.700,0.138964
08:31:36.800,-0.064859
08:31:36.900,-0.075789
08:31:37.000,-0.19382
08:31:37.100,0.046926
08:31:37.200,0.059052
08:31:37.300,0.112769
08:31:37.400,0.078624
08:31:37.500,0.048152
08:31:37.600,0.071502
08:31:37.700,0.08362
08:31:37.800,0.108919
08:31:37.900,-0.183309
08:31:38.000,-0.055418
08:31:38.100,-0.194767
08:31:38.200,0.039856
08:31:38.300,0.195595
08:31:38.400,0.107561
08:31:38.500,-0.072846
08:31:38.600,0.06065
08:31:38.700,0.041873
08:31:38.800,0.027976
08:31:38.900,-0.156401
08:31:39.000,0.157816
08:31:39.100,-0.141371
08:31:39.200,-0.044009
08:31:39.300,0.115097
08:31:39.400,-0.04481
08:31:39.500,0.009516
08:31:39.600,0.014353
08:31:39.700,0.00791
08:31:39.800,0.013807
08:31:39.900,0.02567
08:31:40.000,0.008964
08:31:40.100,-0.107459
08:31:40.200,-0.186005
08:31:40.300,0.119775
08:31:40.400,0.125253
08:31:40.500,0.040497
08:31:40.600,0.039495
08:31:40.700,-0.109823
08:31:40.800,-0.29263
08:31:40.900,-0.029843
08:31:41.000,-0.227682
08:31:41.100,0.022128
08:31:41.200,0.156509
08:31:41.300,-0.073937
08:31:41.400,-0.067043
08:31:41.500,-0.120699
08:31:41.600,0.00531
08:31:41.700,-0.003988
08:31:41.800,-0.122296
08:31:41.900,0.109509
08:31:42.000,0.324284
08:31:42.100,0.142783
08:31:42.200,-0.013273
08:31:42.300,-0.014705
08:31:42.400,-0.061627
08:31:42.500,-0.064101
08:31:42.600,0.114979
08:31:42.700,0.120205
08:31:42.800,-0.140344
08:31:42.900,0.043958
08:31:43.000,0.133335
08:31:43.100,-0.042022
08:31:43.200,-0.025384
08:31:43.300,0.083518
08:31:43.400,0.08693
08:31:43.500,0.051487
08:31:43.600,0.030507
08:31:43.700,0.046631
08:31:43.800,-0.033326
08:31:43.900,-0.134126
08:31:44.000,-0.186794
08:31:44.100,0.071467
08:31:44.200,0.012984
08:31:44.300,0.054662
08:31:44.400,-0.099466
08:31:44.500,0.01231
08:31:44.600,0.009437
08:31:44.700,0.153481
08:31:44.800,0.102211
08:31:44.900,-0.088795
08:31:45.000,0.060546
08:31:45.100,-0.089627
08:31:45.200,-0.313558
08:31:45.300,0.207114
08:31:45.400,-0.044992
08:31:45.500,0.124736
08:31:45.600,-0.079361
08:31:45.700,-0.096882
08:31:45.800,-0.065591
08:31:45.900,0.030318
08:31:46.000,0.021138
08:31:46.100,0.059724
08:31:46.200,-0.059564
08:31:46.300,0.004851
08:31:46.400,-0.101181
08:31:46.500,0.176316
08:31:46.600,-0.15768
08:31:46.700,-0.098636
08:31:46.800,-0.050811
08:31:46.900,0.286672
08:31:47.000,0.09202
08:31:47.100,-0.10243
08:31:47.200,0.098663
08:31:47.300,0.0619
08:31:47.400,0.032849
08:31:47.500,0.083498
08:31:47.600,0.006969
08:31:47.700,0.020496
08:31:47.800,-0.186351
08:31:47.900,0.173172
08:31:48.000,-0.053701
08:31:48.100,-0.148467
08:31:48.200,-0.060519
08:31:48.300,-0.055687
08:31:48.400,-0.096148
08:31:48.500,0.093318
08:31:48.600,0.116903
08:31:48.700,-0.235104
08:31:48.800,-0.061773
08:31:48.900,-0.053173
08:31:49.000,-0.020657
08:31:49.100,0.204758
08:31:49.200,-0.097629
08:31:49.300,0.187489
08:31:49.400,-0.017545
08:31:49.500,0.188607
08:31:49.600,-0.037315
08:31:49.700,-0.05137
08:31:49.800,-0.002716
08:31:49.900,0.15507
08:31:50.000,0.018998
08:31:50.100,0.02511
08:31:50.200,0.076404
08:31:50.300,-0.105567
08:31:50.400,0.040403
08:31:50.500,-0.075378
08:31:50.600,0.176552
08:31:50.700,0.050239
08:31:50.800,0.083127
08:31:50.900,-0.244719
08:31:51.000,0.084808
08:31:51.100,-0.021305
08:31:51.200,-0.172459
08:31:51.300,0.011398
08:31:51.400,-0.182195
08:31:51.500,0.073323
08:31:51.600,0.172077
08:31:51.700,-0.214868
08:31:51.800,-0.003598
08:31:51.900,-0.019787
08:31:52.000,-0.238749
08:31:52.100,0.10998
08:31:52.200,0.075085
08:31:52.300,0.243131
08:31:52.400,0.05954
08:31:52.500,-0.10548
08:31:52.600,0.06172
08:31:52.700,0.154177
08:31:52.800,-0.055784
08:31:52.900,0.10229
08:31:53.000,-0.282589
08:31:53.100,0.177008
08:31:53.200,0.096047
08:31:53.300,-0.305324
08:31:53.400,0.045919
08:31:53.500,-0.23838
08:31:53.600,-0.07333
08:31:53.700,0.081464
08:31:53.800,-0.016323
08:31:53.900,0.150794
08:31:54.000,0.007648
08:31:54.100,-0.004494
08:31:54.200,0.131819
08:31:54.300,-0.040512
08:31:54.400,-0.00302
08:31:54.500,0.0128
08:31:54.600,-0.0081
08:31:54.700,0.139226
08:31:54.800,-0.080016
08:31:54.900,-0.099637
08:31:55.000,-0.127402
08:31:55.100,-0.25702
08:31:55.200,0.178049
08:31:55.300,-0.108094
08:31:55.400,-0.028631
08:31:55.500,0.186958
08:31:55.600,-0.017026
08:31:55.700,0.061729
08:31:55.800,-0.170471
08:31:55.900,0.167803
08:31:56.000,-0.014592
08:31:56.100,-0.122195
08:31:56.200,-0.122283
08:31:56.300,0.202797
08:31:56.400,-0.070341
08:31:56.500,-0.119591
08:31:56.600,-0.051968
08:31:56.700,0.005445
08:31:56.800,0.018218
08:31:56.900,0.053323
08:31:57.000,0.028171
08:31:57.100,0.077657
08:31:57.200,-0.03273
08:31:57.300,0.248662
08:31:57.400,-0.058613
08:31:57.500,0.162287
08:31:57.600,-0.071881
08:31:57.700,-0.171332
08:31:57.800,-0.200051
08:31:57.900,0.036474
08:31:58.000,0.139435
08:31:58.100,-0.138123
08:31:58.200,-0.105299
08:31:58.300,0.046335
08:31:58.400,-0.000305
08:31:58.500,-0.070278
08:31:58.600,-0.153511
08:31:58.700,0.037089
08:31:58.800,0.078352
08:31:58.900,0.05901
08:31:59.000,0.003182
08:31:59.100,-0.126685
08:31:59.200,0.037747
08:31:59.300,0.028779
08:31:59.400,-0.157586
08:31:59.500,-0.036281
08:31:59.600,0.043972
08:31:59.700,-0.009389
08:31:59.800,-0.235264
08:31:59.900,-0.076842
08:32:00.000,-0.084825
08:32:00.100,0.067115
08:32:00.200,0.311806
08:32:00.300,0.016076
08:32:00.400,-0.143756
08:32:00.500,-0.019261
08:32:00.600,0.001276
08:32:00.700,0.090791
08:32:00.800,0.149055
08:32:00.900,0.166922
08:32:01.000,0.064468
08:32:01.100,-9.5e-05
08:32:01.200,0.178008
08:32:01.300,-0.0417
08:32:01.400,0.006538
08:32:01.500,-0.029212
08:32:01.600,-0.255755
08:32:01.700,0.152611
08:32:01.800,0.081062
08:32:01.900,-0.284401
08:32:02.000,0.12021
08:32:02.100,-0.036412
08:32:02.200,0.118626
08:32:02.300,0.009095
08:32:02.400,-0.162881
08:32:02.500,0.003162
08:32:02.600,-0.107814
08:32:02.700,-0.146746
08:32:02.800,0.104043
08:32:02.900,0.046985
08:32:03.000,0.179708
08:32:03.100,-0.047326
08:32:03.200,-0.115548
08:32:03.300,0.076657
08:32:03.400,-0.100042
08:32:03.500,-0.037223
08:32:03.600,0.063011
08:32:03.700,-0.015113
08:32:03.800,-0.058648
08:32:03.900,-0.168319
08:32:04.000,0.112427
08:32:04.100,-0.044211
08:32:04.200,0.074171
08:32:04.300,0.058319
08:32:04.400,0.130954
08:32:04.500,-0.028268
08:32:04.600,-0.041726
08:32:04.700,-0.132992
08:32:04.800,-0.065118
08:32:04.900,0.04094
08:32:05.000,-0.098047
08:32:05.100,0.037894
08:32:05.200,0.176075
08:32:05.300,-0.053425
08:32:05.400,-0.157724
08:32:05.500,-0.049608
08:32:05.600,-0.170719
08:32:05.700,0.160107
08:32:05.800,0.010182
08:32:05.900,-0.087414
08:32:06.000,-0.067183
08:32:06.100,-0.141854
08:32:06.200,0.121337
08:32:06.300,0.220464
08:32:06.400,-0.179291
08:32:06.500,0.125191
08:32:06.600,-0.029502
08:32:06.700,0.152099
08:32:06.800,-0.220059
08:32:06.900,0.027047
08:32:07.000,-0.048948
08:32:07.100,0.079091
08:32:07.200,0.007337
08:32:07.300,0.002671
08:32:07.400,-0.012718
08:32:07.500,0.187476
08:32:07.600,-0.020997
08:32:07.700,0.103714
08:32:07.800,0.075422
08:32:07.900,0.106657
08:32:08.000,-0.12177
08:32:08.100,0.084861
08:32:08.200,0.040424
08:32:08.300,-0.142735
08:32:08.400,-0.025487
08:32:08.500,0.275314
08:32:08.600,-0.047017
08:32:08.700,-0.044118
08:32:08.800,0.054085
08:32:08.900,-0.064904
08:32:09.000,0.016854
08:32:09.100,-0.053869
08:32:09.200,0.048286
08:32:09.300,-0.007426
08:32:09.400,0.234239
08:32:09.500,0.005521
08:32:09.600,-0.026713
08:32:09.700,0.123532
08:32:09.800,-0.16693
08:32:09.900,0.203007
08:32:10.000,-0.118618
08:32:10.100,0.143094
08:32:10.200,0.174793
08:32:10.300,-0.063097
08:32:10.400,-0.051566
08:32:10.500,-0.013101
08:32:10.600,0.074586
08:32:10.700,-0.119767
08:32:10.800,-0.013107
08:32:10.900,-0.037611
08:32:11.000,-0.138157
08:32:11.100,-0.125401
08:32:11.200,0.01539
08:32:11.300,0.013263
08:32:11.400,-0.091677
08:32:11.500,0.009509
08:32:11.600,-0.077634
08:32:11.700,0.156851
08:32:11.800,-0.012358
08:32:11.900,0.131704
08:32:12.000,-0.203123
08:32:12.100,0.038732
08:32:12.200,0.071529
08:32:12.300,-0.016546
08:32:12.400,-0.064662
08:32:12.500,-0.018466
08:32:12.600,0.089096
08:32:12.700,-0.145264
08:32:12.800,0.084059
08:32:12.900,0.038204
08:32:13.000,-0.031295
08:32:13.100,-0.026168
08:32:13.200,0.007423
08:32:13.300,0.199034
08:32:13.400,0.04176
08:32:13.500,-0.113123
08:32:13.600,-0.052236
08:32:13.700,-0.137349
08:32:13.800,-0.226775
08:32:13.900,-0.139457
08:32:14.000,0.014409
08:32:14.100,0.152875
08:32:14.200,0.119493
08:32:14.300,-0.138631
08:32:14.400,-0.095718
08:32:14.500,-0.112642
08:32:14.600,-0.309793
08:32:14.700,-0.020117
08:32:14.800,0.096391
08:32:14.900,-0.030287
08:32:15.000,-0.152138
08:32:15.100,-0.101418
08:32:15.200,-0.039462
08:32:15.300,0.092426
08:32:15.400,-0.021938
08:32:15.500,0.076189
08:32:15.600,-0.009761
08:32:15.700,0.028415
08:32:15.800,-0.11282
08:32:15.900,-0.082301
08:32:16.000,-0.150697
08:32:16.100,0.072199
08:32:16.200,-0.034942
08:32:16.300,-0.431716
08:32:16.400,0.057739
08:32:16.500,0.116897
08:32:16.600,-0.097405
08:32:16.700,0.057634
08:32:16.800,-0.025167
08:32:16.900,-0.254138
08:32:17.000,0.234356
08:32:17.100,-0.024446
08:32:17.200,0.02417
08:32:17.300,-0.074951
08:32:17.400,-0.035464
08:32:17.500,0.019399
08:32:17.600,-0.125105
08:32:17.700,0.203276
08:32:17.800,0.100578
08:32:17.900,0.062019
08:32:18.000,-0.017014
08:32:18.100,-0.091346
08:32:18.200,0.123611
08:32:18.300,0.073283
08:32:18.400,-0.047931
08:32:18.500,-0.130143
08:32:18.600,-0.189108
08:32:18.700,0.003429
08:32:18.800,-0.029871
08:32:18.900,0.142275
08:32:19.000,0.119065
08:32:19.100,0.004667
08:32:19.200,-0.009734
08:32:19.300,-0.13825
08:32:19.400,0.127317
08:32:19.500,-0.006808
08:32:19.600,0.072634
08:32:19.700,0.141216
08:32:19.800,-0.067873
08:32:19.900,-0.09935
08:32:20.000,0.296245
08:32:20.100,0.071336
08:32:20.200,-0.033432
08:32:20.300,0.148787
08:32:20.400,-0.036991
08:32:20.500,0.039058
08:32:20.600,-0.068188
08:32:20.700,-0.002036
08:32:20.800,-0.032888
08:32:20.900,-0.090226
08:32:21.000,0.029143
08:32:21.100,-0.076631
08:32:21.200,0.069118
08:32:21.300,-0.036545
08:32:21.400,-0.206412
08:32:21.500,0.074502
08:32:21.600,0.076512
08:32:21.700,0.270426
08:32:21.800,0.002127
08:32:21.900,0.021999
08:32:22.000,0.057431
08:32:22.100,0.122364
08:32:22.200,0.114864
08:32:22.300,0.038254
08:32:22.400,-0.003957
08:32:22.500,0.101119
08:32:22.600,-0.008952
08:32:22.700,-0.1547
08:32:22.800,-0.180147
08:32:22.900,-0.035192
08:32:23.000,0.014396
08:32:23.100,0.296644
08:32:23.200,-0.014403
08:32:23.300,0.005592
08:32:23.400,-0.04852
08:32:23.500,0.074257
08:32:23.600,0.033641
08:32:23.700,-0.0766
08:32:23.800,-0.121375
08:32:23.900,-0.048284
08:32:24.000,-0.101205
08:32:24.100,-0.027739
08:32:24.200,0.016978
08:32:24.300,-0.060143
08:32:24.400,0.17454
08:32:24.500,0.139127
08:32:24.600,-0.027547
08:32:24.700,-0.1157
08:32:24.800,-0.003575
08:32:24.900,-0.016046
08:32:25.000,-0.007534
08:32:25.100,-0.047763
08:32:25.200,-0.125928
08:32:25.300,0.004187
08:32:25.400,-0.042104
08:32:25.500,-0.031432
08:32:25.600,0.011275
08:32:25.700,-0.008323
08:32:25.800,0.008666
08:32:25.900,-0.047662
08:32:26.000,0.043217
08:32:26.100,-0.086136
08:32:26.200,-0.130553
08:32:26.300,-0.106797
08:32:26.400,-0.081203
08:32:26.500,-0.154536
08:32:26.600,-0.203125
08:32:26.700,0.060415
08:32:26.800,0.152909
08:32:26.900,0.066924
08:32:27.000,-0.057972
08:32:27.100,-0.205972
08:32:27.200,0.023033
08:32:27.300,-0.192877
08:32:27.400,-0.010399
08:32:27.500,-0.09595
08:32:27.600,-0.273671
08:32:27.700,0.177664
08:32:27.800,-0.150696
08:32:27.900,-0.042695
08:32:28.000,-0.015476
08:32:28.100,-0.056454
08:32:28.200,0.05575
08:32:28.300,-0.088916
08:32:28.400,0.045829
08:32:28.500,0.038221
08:32:28.600,-0.16533
08:32:28.700,0.028301
08:32:28.800,-0.126477
08:32:28.900,-0.139877
08:32:29.000,0.034868
08:32:29.100,-0.049002
08:32:29.200,0.044753
08:32:29.300,0.045809
08:32:29.400,-0.171361
08:32:29.500,0.088874
08:32:29.600,0.034202
08:32:29.700,-0.070397
08:32:29.800,-0.016305
08:32:29.900,0.092297
08:32:30.000,-0.038353
08:32:30.100,0.253831
08:32:30.200,0.178883
08:32:30.300,0.014014
08:32:30.400,-0.027358
08:32:30.500,-0.022161
08:32:30.600,-0.072078
08:32:30.700,0.015027
08:32:30.800,0.082506
08:32:30.900,-0.161937
08:32:31.000,0.077133
08:32:31.100,0.112026
08:32:31.200,0.068661
08:32:31.300,-0.015593
08:32:31.400,0.063676
08:32:31.500,0.155914
08:32:31.600,-0.006983
08:32:31.700,0.002833
08:32:31.800,0.255905
08:32:31.900,0.036869
08:32:32.000,-0.120875
08:32:32.100,0.104757
08:32:32.200,0.048233
08:32:32.300,-0.07865
08:32:32.400,-0.132474
08:32:32.500,0.028632
08:32:32.600,-0.007212
08:32:32.700,-0.14931
08:32:32.800,-0.010617
08:32:32.900,-0.018173
08:32:33.000,-0.00749
08:32:33.100,0.058991
08:32:33.200,-0.211427
08:32:33.300,-0.133455
08:32:33.400,-0.058433
08:32:33.500,0.159141
08:32:33.600,0.284134
08:32:33.700,0.000581
08:32:33.800,0.005465
08:32:33.900,-0.293204
08:32:34.000,0.108535
08:32:34.100,0.053957
08:32:34.200,0.033976
08:32:34.300,-0.149546
08:32:34.400,0.237587
08:32:34.500,0.182465
08:32:34.600,0.035322
08:32:34.700,0.119039
08:32:34.800,0.006133
08:32:34.900,0.098529
08:32:35.000,-0.15687
08:32:35.100,-0.272845
08:32:35.200,-0.152339
08:32:35.300,-0.096778
08:32:35.400,-0.077228
08:32:35.500,0.053774
08:32:35.600,-0.030881
08:32:35.700,-0.00344
08:32:35.800,-0.142153
08:32:35.900,-0.15254
08:32:36.000,0.004932
08:32:36.100,-0.065053
08:32:36.200,0.000548
08:32:36.300,0.065328
08:32:36.400,0.196738
08:32:36.500,-0.002454
08:32:36.600,0.217601
08:32:36.700,0.048753
08:32:36.800,0.08274
08:32:36.900,0.12637
08:32:37.000,0.08637
08:32:37.100,-0.096205
08:32:37.200,0.129967
08:32:37.300,-0.04489
08:32:37.400,0.036203
08:32:37.500,0.015942
08:32:37.600,0.137292
08:32:37.700,0.047168
08:32:37.800,-0.166339
08:32:37.900,0.250999
08:32:38.000,0.100192
08:32:38.100,-0.066059
08:32:38.200,-0.136476
08:32:38.300,0.113912
08:32:38.400,-0.122288
08:32:38.500,0.096086
08:32:38.600,0.12829
08:32:38.700,-0.077972
08:32:38.800,-0.088678
08:32:38.900,-0.056426
08:32:39.000,-0.118666
08:32:39.100,0.027548
08:32:39.200,0.044674
08:32:39.300,0.087299
08:32:39.400,-0.099999
08:32:39.500,0.100795
08:32:39.600,-0.118521
08:32:39.700,0.100727
08:32:39.800,-0.178399
08:32:39.900,0.188129
08:32:40.000,-0.062582
08:32:40.100,0.071891
08:32:40.200,0.081415
08:32:40.300,-0.152344
08:32:40.400,0.100216
08:32:40.500,-0.06609
08:32:40.600,-0.036729
08:32:40.700,-0.080427
08:32:40.800,0.193655
08:32:40.900,-0.140397
08:32:41.000,0.051635
08:32:41.100,-0.074839
08:32:41.200,0.130929
08:32:41.300,0.278563
08:32:41.400,-0.075641
08:32:41.500,0.016807
08:32:41.600,-0.046224
08:32:41.700,0.124569
08:32:41.800,-0.029844
08:32:41.900,0.108663
08:32:42.000,-0.047728
08:32:42.100,0.269248
08:32:42.200,-0.262983
08:32:42.300,0.045224
08:32:42.400,-0.001265
08:32:42.500,-0.005608
08:32:42.600,0.034247
08:32:42.700,0.007012
08:32:42.800,0.026285
08:32:42.900,0.048972
08:32:43.000,0.209878
08:32:43.100,-0.33187
08:32:43.200,0.22165
08:32:43.300,0.307176
08:32:43.400,-0.21013
08:32:43.500,0.005743
08:32:43.600,0.164555
08:32:43.700,0.110224
08:32:43.800,0.201145
08:32:43.900,0.044633
08:32:44.000,-0.243935
08:32:44.100,0.156556
08:32:44.200,0.076257
08:32:44.300,0.175961
08:32:44.400,-0.184079
08:32:44.500,-0.145919
08:32:44.600,0.001975
08:32:44.700,0.159971
08:32:44.800,0.193391
08:32:44.900,-0.08709
08:32:45.000,-0.048773
08:32:45.100,0.344635
08:32:45.200,-0.066334
08:32:45.300,0.081042
08:32:45.400,-0.054221
08:32:45.500,0.056971
08:32:45.600,-0.10396
08:32:45.700,-0.10054
08:32:45.800,-0.044494
08:32:45.900,-0.065426
08:32:46.000,-0.036494
08:32:46.100,0.063102
08:32:46.200,0.226845
08:32:46.300,-0.070861
08:32:46.400,-0.118616
08:32:46.500,0.001141
08:32:46.600,-0.102162
08:32:46.700,-0.196216
08:32:46.800,0.127712
08:32:46.900,0.009661
08:32:47.000,0.021419
08:32:47.100,-0.23126
08:32:47.200,-0.070171
08:32:47.300,-0.169905
08:32:47.400,-0.002456
08:32:47.500,0.016119
08:32:47.600,0.016032
08:32:47.700,-0.080034
08:32:47.800,-0.102356
08:32:47.900,-0.023186
08:32:48.000,0.042841
08:32:48.100,-0.069506
08:32:48.200,-0.112489
08:32:48.300,-0.107366
08:32:48.400,-0.079012
08:32:48.500,-0.054318
08:32:48.600,-0.131782
08:32:48.700,-0.053461
08:32:48.800,0.148336
08:32:48.900,-0.035341
08:32:49.000,-0.148662
08:32:49.100,-0.271019
08:32:49.200,0.220366
08:32:49.300,0.136718
08:32:49.400,0.034153
08:32:49.500,0.139524
08:32:49.600,0.063311
08:32:49.700,-0.00908
08:32:49.800,-0.148823
08:32:49.900,0.229036
08:32:50.000,-0.052445
08:32:50.100,-0.045887
08:32:50.200,0.004495
08:32:50.300,0.006555
08:32:50.400,0.068965
08:32:50.500,0.055151
08:32:50.600,-0.069224
08:32:50.700,0.003106
08:32:50.800,0.065169
08:32:50.900,-0.079439
08:32:51.000,0.173599
08:32:51.100,-0.00243
08:32:51.200,0.191817
08:32:51.300,-0.167056
08:32:51.400,0.078555
08:32:51.500,-0.106844
08:32:51.600,-0.076137
08:32:51.700,0.108582
08:32:51.800,-0.027417
08:32:51.900,0.311689
08:32:52.000,0.062163
08:32:52.100,-0.083493
08:32:52.200,0.062376
08:32:52.300,-0.028464
08:32:52.400,0.099846
08:32:52.500,-0.035542
08:32:52.600,0.048801
08:32:52.700,0.023812
08:32:52.800,0.009411
08:32:52.900,0.125016
08:32:53.000,-0.21639
08:32:53.100,0.011701
08:32:53.200,-0.084141
08:32:53.300,-0.161838
08:32:53.400,-0.100537
08:32:53.500,-0.07437
08:32:53.600,-0.02824
08:32:53.700,0.04048
08:32:53.800,0.065075
08:32:53.900,-0.049088
08:32:54.000,0.190155
08:32:54.100,-0.04456
08:32:54.200,-0.233575
08:32:54.300,-0.041351
08:32:54.400,0.005659
08:32:54.500,-0.392756
08:32:54.600,0.14488
08:32:54.700,-0.011889
08:32:54.800,-0.138288
08:32:54.900,-0.115216
08:32:55.000,0.091407
08:32:55.100,0.106071
08:32:55.200,-0.077852
08:32:55.300,-0.162635
08:32:55.400,0.015706
08:32:55.500,0.037729
08:32:55.600,0.067832
08:32:55.700,-0.067575
08:32:55.800,-0.014652
08:32:55.900,0.002417
08:32:56.000,0.116017
08:32:56.100,0.159516
08:32:56.200,0.192083
08:32:56.300,0.156298
08:32:56.400,0.217615
08:32:56.500,0.121579
08:32:56.600,-0.070722
08:32:56.700,0.184021
08:32:56.800,-0.16517
08:32:56.900,0.283736
08:32:57.000,-0.117028
08:32:57.100,0.106518
08:32:57.200,0.17331
08:32:57.300,0.055115
08:32:57.400,-0.246042
08:32:57.500,-0.113753
08:32:57.600,0.042818
08:32:57.700,0.076275
08:32:57.800,-0.021455
08:32:57.900,0.00892
08:32:58.000,-0.176268
08:32:58.100,0.212922
08:32:58.200,-0.045352
08:32:58.300,0.094651
08:32:58.400,0.168427
08:32:58.500,-0.138605
08:32:58.600,0.015362
08:32:58.700,0.033359
08:32:58.800,-0.030966
08:32:58.900,0.111283
08:32:59.000,-0.080069
08:32:59.100,0.006597
08:32:59.200,-0.044507
08:32:59.300,0.279065
08:32:59.400,-0.079536
08:32:59.500,0.089394
08:32:59.600,0.215597
08:32:59.700,-0.110204
08:32:59.800,0.01144
08:32:59.900,-0.11837
08:33:00.000,-0.24155
08:33:00.100,-0.094202
08:33:00.200,-0.068444
08:33:00.300,-0.061311
08:33:00.400,-0.035957
08:33:00.500,0.000735
08:33:00.600,-0.143616
08:33:00.700,0.042194
08:33:00.800,0.1456
08:33:00.900,0.159677
08:33:01.000,-0.031221
08:33:01.100,0.107267
08:33:01.200,-0.08172
08:33:01.300,-0.041204
08:33:01.400,0.047823
08:33:01.500,-0.040165
08:33:01.600,-0.151669
08:33:01.700,0.099991
08:33:01.800,-0.099432
08:33:01.900,-0.062397
08:33:02.000,0.126987
08:33:02.100,0.064455
08:33:02.200,0.021133
08:33:02.300,-0.176317
08:33:02.400,-0.139596
08:33:02.500,0.047679
08:33:02.600,0.075604
08:33:02.700,0.030362
08:33:02.800,-0.056849
08:33:02.900,-0.060793
08:33:03.000,0.0259
08:33:03.100,-0.150213
08:33:03.200,0.011003
08:33:03.300,-0.166652
08:33:03.400,-0.126315
08:33:03.500,0.021386
08:33:03.600,0.069988
08:33:03.700,0.041016
08:33:03.800,-0.133744
08:33:03.900,-0.224522
08:33:04.000,-0.000998
08:33:04.100,-0.227925
08:33:04.200,0.113331
08:33:04.300,-0.12976
08:33:04.400,0.268103
08:33:04.500,-0.115439
08:33:04.600,0.055554
08:33:04.700,-0.088393
08:33:04.800,-0.020181
08:33:04.900,0.022077
08:33:05.000,0.103235
08:33:05.100,0.122342
08:33:05.200,0.087278
08:33:05.300,0.124516
08:33:05.400,-0.073934
08:33:05.500,0.077856
08:33:05.600,-0.040907
08:33:05.700,0.118347
08:33:05.800,0.013869
08:33:05.900,0.074431
08:33:06.000,0.034977
08:33:06.100,0.091245
08:33:06.200,-0.096918
08:33:06.300,-0.18863
08:33:06.400,0.118676
08:33:06.500,0.161399
08:33:06.600,-0.013908
08:33:06.700,0.097332
08:33:06.800,-0.195517
08:33:06.900,-0.074585
08:33:07.000,0.009835
08:33:07.100,-0.208232
08:33:07.200,-0.183539
08:33:07.300,0.018954
08:33:07.400,-0.072682
08:33:07.500,-0.041601
08:33:07.600,-0.048756
08:33:07.700,-0.154029
08:33:07.800,-0.026103
08:33:07.900,-0.001644
08:33:08.000,-0.069925
08:33:08.100,-0.060177
08:33:08.200,-0.024477
08:33:08.300,0.098371
08:33:08.400,-0.011335
08:33:08.500,-0.231159
08:33:08.600,-0.143263
08:33:08.700,0.111818
08:33:08.800,-0.082273
08:33:08.900,-0.010618
08:33:09.000,0.230987
08:33:09.100,0.075818
08:33:09.200,-0.257799
08:33:09.300,0.173389
08:33:09.400,0.017958
08:33:09.500,0.044316
08:33:09.600,0.0365
08:33:09.700,0.109603
08:33:09.800,-0.009569
08:33:09.900,-0.177788
08:33:10.000,0.038823
08:33:10.100,-0.165818
08:33:10.200,0.217991
08:33:10.300,-0.043457
08:33:10.400,-0.006209
08:33:10.500,-0.081123
08:33:10.600,0.0407
08:33:10.700,0.054524
08:33:10.800,-0.081444
08:33:10.900,0.054368
08:33:11.000,0.008127
08:33:11.100,-0.011504
08:33:11.200,-0.090185
08:33:11.300,0.277727
08:33:11.400,0.141935
08:33:11.500,0.087404
08:33:11.600,0.135178
08:33:11.700,0.035989
08:33:11.800,-0.04192
08:33:11.900,-0.317168
08:33:12.000,-0.146278
08:33:12.100,0.259803
08:33:12.200,0.139224
08:33:12.300,0.024278
08:33:12.400,-0.189304
08:33:12.500,0.076173
08:33:12.600,-0.033365
08:33:12.700,0.083755
08:33:12.800,-0.13343
08:33:12.900,-0.058794
08:33:13.000,0.106214
08:33:13.100,0.231338
08:33:13.200,-0.079013
08:33:13.300,-0.119953
08:33:13.400,0.122746
08:33:13.500,-0.15119
08:33:13.600,-0.142563
08:33:13.700,0.031912
08:33:13.800,0.250282
08:33:13.900,-0.101854
08:33:14.000,-0.044371
08:33:14.100,0.013356
08:33:14.200,-0.056726
08:33:14.300,-0.21202
08:33:14.400,0.096235
08:33:14.500,0.022359
08:33:14.600,0.044024
08:33:14.700,-0.017004
08:33:14.800,0.181581
08:33:14.900,-0.060545
08:33:15.000,-0.129246
08:33:15.100,0.199645
08:33:15.200,-0.263834
08:33:15.300,-0.018456
08:33:15.400,-0.009061
08:33:15.500,-0.013746
08:33:15.600,-0.186145
08:33:15.700,-0.142205
08:33:15.800,0.114959
08:33:15.900,0.166241
08:33:16.000,-0.050077
08:33:16.100,-0.11168
08:33:16.200,-0.214175
08:33:16.300,0.112868
08:33:16.400,0.119958
08:33:16.500,-0.337295
08:33:16.600,-0.290869
08:33:16.700,0.016418
08:33:16.800,0.031942
08:33:16.900,-0.057279
08:33:17.000,-0.003954
08:33:17.100,-0.029669
08:33:17.200,0.003171
08:33:17.300,-0.108109
08:33:17.400,-0.00147
08:33:17.500,-0.080924
08:33:17.600,-0.090925
08:33:17.700,-0.224027
08:33:17.800,-0.021065
08:33:17.900,0.096357
08:33:18.000,-0.03907
08:33:18.100,-0.042418
08:33:18.200,0.150686
08:33:18.300,0.122998
08:33:18.400,0.20815
08:33:18.500,0.27085
08:33:18.600,0.007138
08:33:18.700,-0.13886
08:33:18.800,-0.062537
08:33:18.900,0.06876
08:33:19.000,0.172813
08:33:19.100,-0.125864
08:33:19.200,0.030633
08:33:19.300,-0.095143
08:33:19.400,-0.017599
08:33:19.500,-0.019394
08:33:19.600,0.045742
08:33:19.700,0.243879
08:33:19.800,0.057011
08:33:19.900,-0.05158
08:33:20.000,-0.071385
08:33:20.100,-0.022901
08:33:20.200,-0.104603
08:33:20.300,0.016758
08:33:20.400,-0.289348
08:33:20.500,-0.025343
08:33:20.600,-0.015841
08:33:20.700,-0.139278
08:33:20.800,-0.045857
08:33:20.900,0.13439
08:33:21.000,0.143046
08:33:21.100,-0.063977
08:33:21.200,0.062818
08:33:21.300,-0.17982
08:33:21.400,-0.035539
08:33:21.500,0.027697
08:33:21.600,0.183231
08:33:21.700,0.143136
08:33:21.800,0.025072
08:33:21.900,-0.109383
08:33:22.000,0.163022
08:33:22.100,-0.040835
08:33:22.200,0.053819
08:33:22.300,-0.014703
08:33:22.400,0.239069
08:33:22.500,-0.073205
08:33:22.600,0.10995
08:33:22.700,-0.010369
08:33:22.800,0.068293
08:33:22.900,0.194401
08:33:23.000,-0.240549
08:33:23.100,-0.007847
08:33:23.200,-0.107288
08:33:23.300,0.053488
08:33:23.400,0.08296
08:33:23.500,-0.056457
08:33:23.600,-0.062646
08:33:23.700,0.024457
08:33:23.800,-0.152785
08:33:23.900,0.039986
08:33:24.000,-0.098125
08:33:24.100,0.088038
08:33:24.200,-0.158146
08:33:24.300,-0.068072
08:33:24.400,-0.090136
08:33:24.500,-0.035779
08:33:24.600,0.165161
08:33:24.700,0.101516
08:33:24.800,-0.057562
08:33:24.900,-0.057666
08:33:25.000,0.106238
08:33:25.100,-0.139675
08:33:25.200,0.002686
08:33:25.300,-0.072692
08:33:25.400,-0.020603
08:33:25.500,0.097093
08:33:25.600,-0.08031
08:33:25.700,0.116898
08:33:25.800,0.26395
08:33:25.900,0.072481
08:33:26.000,-0.01009
08:33:26.100,0.138856
08:33:26.200,-0.133061
08:33:26.300,0.182529
08:33:26.400,-0.090368
08:33:26.500,0.260171
08:33:26.600,-0.086054
08:33:26.700,0.079404
08:33:26.800,-0.187149
08:33:26.900,-0.02559
08:33:27.000,-0.129563
08:33:27.100,-0.172982
08:33:27.200,0.144662
08:33:27.300,-0.147307
08:33:27.400,-0.088209
08:33:27.500,-0.102193
08:33:27.600,0.13676
08:33:27.700,0.1221
08:33:27.800,0.152435
08:33:27.900,-0.094376
08:33:28.000,0.161952
08:33:28.100,-0.095398
08:33:28.200,-0.090563
08:33:28.300,-0.083847
08:33:28.400,-0.079477
08:33:28.500,-0.010894
08:33:28.600,-0.100643
08:33:28.700,0.027769
08:33:28.800,-0.313128
08:33:28.900,0.027378
08:33:29.000,-0.130762
08:33:29.100,-0.080329
08:33:29.200,-0.077431
08:33:29.300,0.113181
08:33:29.400,0.060552
08:33:29.500,-0.019865
08:33:29.600,-0.085828
08:33:29.700,0.093945
08:33:29.800,0.215365
08:33:29.900,-0.003359
08:33:30.000,-0.191798
08:33:30.100,-0.084348
08:33:30.200,0.067106
08:33:30.300,-0.053126
08:33:30.400,-0.103043
08:33:30.500,-0.108262
08:33:30.600,0.011001
08:33:30.700,-0.184059
08:33:30.800,-0.004159
08:33:30.900,0.010616
08:33:31.000,-0.053943
08:33:31.100,-0.125143
08:33:31.200,0.122208
08:33:31.300,-0.159934
08:33:31.400,0.020728
08:33:31.500,0.08733
08:33:31.600,0.019135
08:33:31.700,0.147742
08:33:31.800,-0.136248
08:33:31.900,-0.09491
08:33:32.000,-0.055348
08:33:32.100,0.394884
08:33:32.200,0.060936
08:33:32.300,0.083402
08:33:32.400,0.078402
08:33:32.500,0.009458
08:33:32.600,0.125933
08:33:32.700,-0.224436
08:33:32.800,0.033237
08:33:32.900,0.051386
08:33:33.000,0.122238
08:33:33.100,-0.138682
08:33:33.200,-0.129851
08:33:33.300,-0.122265
08:33:33.400,0.062678
08:33:33.500,0.06439
08:33:33.600,-0.113976
08:33:33.700,0.229713
08:33:33.800,0.034365
08:33:33.900,0.014905
08:33:34.000,-0.024915
08:33:34.100,0.111659
08:33:34.200,0.046739
08:33:34.300,0.226782
08:33:34.400,-0.145668
08:33:34.500,-0.185468
08:33:34.600,-0.088807
08:33:34.700,0.066402
08:33:34.800,-0.051371
08:33:34.900,0.152523
08:33:35.000,-0.047227
08:33:35.100,0.129829
08:33:35.200,-0.099691
08:33:35.300,0.141966
08:33:35.400,0.164298
08:33:35.500,-0.067774
08:33:35.600,0.058747
08:33:35.700,0.032126
08:33:35.800,0.062005
08:33:35.900,0.154132
08:33:36.000,0.116785
08:33:36.100,0.061694
08:33:36.200,0.079566
08:33:36.300,-0.152312
08:33:36.400,-0.00491
08:33:36.500,-0.13218
08:33:36.600,-0.002179
08:33:36.700,0.134017
08:33:36.800,-0.000846
08:33:36.900,-0.300671
08:33:37.000,-0.125616
08:33:37.100,0.069731
08:33:37.200,-0.064694
08:33:37.300,0.094061
08:33:37.400,-0.144865
08:33:37.500,0.045806
08:33:37.600,0.051833
08:33:37.700,0.094788
08:33:37.800,-0.078625
08:33:37.900,0.093575
08:33:38.000,0.180787
08:33:38.100,-0.272723
08:33:38.200,0.006204
08:33:38.300,-0.216762
08:33:38.400,-0.103224
08:33:38.500,-0.093429
08:33:38.600,-0.007974
08:33:38.700,0.045305
08:33:38.800,0.108598
08:33:38.900,0.031683
08:33:39.000,0.080835
08:33:39.100,-0.12942
08:33:39.200,0.126799
08:33:39.300,-0.395499
08:33:39.400,0.183203
08:33:39.500,0.161664
08:33:39.600,0.090006
08:33:39.700,0.267476
08:33:39.800,-0.216458
08:33:39.900,0.093531
08:33:40.000,0.016213
08:33:40.100,0.02929
08:33:40.200,-0.139628
08:33:40.300,0.047377
08:33:40.400,0.041739
08:33:40.500,-0.082751
08:33:40.600,-0.008243
08:33:40.700,-0.15774
08:33:40.800,-0.047448
08:33:40.900,0.115298
08:33:41.000,0.117697
08:33:41.100,0.092244
08:33:41.200,0.115246
08:33:41.300,0.116816
08:33:41.400,-0.077226
08:33:41.500,0.040746
08:33:41.600,0.130414
08:33:41.700,-0.165547
08:33:41.800,-0.166238
08:33:41.900,-0.172878
08:33:42.000,-0.214265
08:33:42.100,-0.126097
08:33:42.200,-0.063056
08:33:42.300,0.181477
08:33:42.400,-0.052497
08:33:42.500,-0.181964
08:33:42.600,0.019943
08:33:42.700,-0.022676
08:33:42.800,-0.093856
08:33:42.900,-0.070628
08:33:43.000,0.128051
08:33:43.100,-0.169186
08:33:43.200,-0.199892
08:33:43.300,0.05602
08:33:43.400,-0.073676
08:33:43.500,0.186265
08:33:43.600,-0.018516
08:33:43.700,-0.012045
08:33:43.800,0.094386
08:33:43.900,-0.200659
08:33:44.000,0.04051
08:33:44.100,-0.043874
08:33:44.200,0.123217
08:33:44.300,-0.077613
08:33:44.400,0.021219
08:33:44.500,-0.043076
08:33:44.600,0.049548
08:33:44.700,-0.030138
08:33:44.800,0.031477
08:33:44.900,0.210389
08:33:45.000,-0.034318
08:33:45.100,0.04833
08:33:45.200,0.274376
08:33:45.300,0.046783
08:33:45.400,-0.292101
08:33:45.500,-0.079952
08:33:45.600,-0.14445
08:33:45.700,0.110636
08:33:45.800,-0.011258
08:33:45.900,0.127622
08:33:46.000,0.073387
08:33:46.100,0.072869
08:33:46.200,-0.146797
08:33:46.300,0.060587
08:33:46.400,0.163991
08:33:46.500,-0.173652
08:33:46.600,-0.038057
08:33:46.700,0.04253
08:33:46.800,0.011762
08:33:46.900,0.17239
08:33:47.000,0.087421
08:33:47.100,0.048731
08:33:47.200,0.098112
08:33:47.300,0.091715
08:33:47.400,0.004928
08:33:47.500,-0.042578
08:33:47.600,0.118837
08:33:47.700,-0.089169
08:33:47.800,-0.008673
08:33:47.900,-0.138808
08:33:48.000,0.087801
08:33:48.100,0.147903
08:33:48.200,-0.112266
08:33:48.300,-0.018472
08:33:48.400,-0.057608
08:33:48.500,0.129039
08:33:48.600,0.170037
08:33:48.700,-0.057491
08:33:48.800,-0.370941
08:33:48.900,0.138336
08:33:49.000,0.005411
08:33:49.100,0.005874
08:33:49.200,0.115646
08:33:49.300,-0.043682
08:33:49.400,-0.075633
08:33:49.500,-0.042685
08:33:49.600,0.05869
08:33:49.700,0.105476
08:33:49.800,0.195978
08:33:49.900,0.048407
08:33:50.000,-0.017355
08:33:50.100,0.106343
08:33:50.200,-0.116551
08:33:50.300,0.170327
08:33:50.400,0.025365
08:33:50.500,-0.027443
08:33:50.600,-0.116163
08:33:50.700,0.075233
08:33:50.800,-0.033674
08:33:50.900,-0.011314
08:33:51.000,-0.200543
08:33:51.100,-0.052162
08:33:51.200,-0.06822
08:33:51.300,0.050228
08:33:51.400,-0.032118
08:33:51.500,-0.317865
08:33:51.600,-0.049801
08:33:51.700,-0.174538
08:33:51.800,-0.125141
08:33:51.900,0.120466
08:33:52.000,-0.202678
08:33:52.100,0.035381
08:33:52.200,-0.060866
08:33:52.300,-0.084004
08:33:52.400,-0.117519
08:33:52.500,0.038343
08:33:52.600,0.051817
08:33:52.700,-0.207018
08:33:52.800,0.138063
08:33:52.900,-0.142352
08:33:53.000,0.046633
08:33:53.100,-0.141716
08:33:53.200,-0.055087
08:33:53.300,-0.153456
08:33:53.400,-0.063449
08:33:53.500,-0.024117
08:33:53.600,-0.137918
08:33:53.700,0.037733
08:33:53.800,0.053452
08:33:53.900,0.324724
08:33:54.000,0.111443
08:33:54.100,0.14117
08:33:54.200,-0.212282
08:33:54.300,-0.235016
08:33:54.400,-0.035639
08:33:54.500,0.214418
08:33:54.600,0.296924
08:33:54.700,-0.082504
08:33:54.800,-0.070347
08:33:54.900,0.065267
08:33:55.000,-0.023659
08:33:55.100,-0.020632
08:33:55.200,0.076188
08:33:55.300,0.325862
08:33:55.400,0.156549
08:33:55.500,0.224295
08:33:55.600,-0.221296
08:33:55.700,0.128974
08:33:55.800,-0.113984
08:33:55.900,0.201174
08:33:56.000,0.162879
08:33:56.100,0.072458
08:33:56.200,-0.089147
08:33:56.300,-0.058058
08:33:56.400,-0.048349
08:33:56.500,0.09148
08:33:56.600,0.048467
08:33:56.700,0.170404
08:33:56.800,0.193298
08:33:56.900,-0.101443
08:33:57.000,0.057024
08:33:57.100,0.055564
08:33:57.200,-0.011403
08:33:57.300,0.113012
08:33:57.400,0.058917
08:33:57.500,-0.068947
08:33:57.600,-0.017054
08:33:57.700,-0.041907
08:33:57.800,-0.087302
08:33:57.900,-0.010239
08:33:58.000,-0.155631
08:33:58.100,0.056866
08:33:58.200,0.168494
08:33:58.300,0.006057
08:33:58.400,0.113571
08:33:58.500,0.01864
08:33:58.600,-0.122653
08:33:58.700,0.240848
08:33:58.800,-0.290692
08:33:58.900,0.001237
08:33:59.000,-0.092226
08:33:59.100,0.189803
08:33:59.200,0.025916
08:33:59.300,0.306657
08:33:59.400,0.004321
08:33:59.500,-0.091301
08:33:59.600,-0.205232
08:33:59.700,0.132797
08:33:59.800,-0.100168
08:33:59.900,-0.050377
08:34:00.000,0.147373
08:34:00.100,0.126404
08:34:00.200,-0.073156
08:34:00.300,-0.054481
08:34:00.400,-0.210728
08:34:00.500,-0.246661
08:34:00.600,0.091644
08:34:00.700,0.104885
08:34:00.800,0.042865
08:34:00.900,0.022467
08:34:01.000,-0.08474
08:34:01.100,0.176176
08:34:01.200,-0.214083
08:34:01.300,-0.056219
08:34:01.400,0.019284
08:34:01.500,-4.9e-05
08:34:01.600,-0.000246
08:34:01.700,-0.06231
08:34:01.800,0.064909
08:34:01.900,-0.145847
08:34:02.000,-0.017281
08:34:02.100,0.051828
08:34:02.200,-0.039904
08:34:02.300,0.000574
08:34:02.400,0.025862
08:34:02.500,-0.211298
08:34:02.600,-0.200076
08:34:02.700,0.016071
08:34:02.800,-0.073006
08:34:02.900,-0.065763
08:34:03.000,0.068281
08:34:03.100,-0.118661
08:34:03.200,-0.289589
08:34:03.300,0.198843
08:34:03.400,0.145181
08:34:03.500,0.14366
08:34:03.600,-0.13449
08:34:03.700,-0.00929
08:34:03.800,-0.15221
08:34:03.900,-0.007195
08:34:04.000,-0.041761
08:34:04.100,-0.129367
08:34:04.200,0.060394
08:34:04.300,-0.031049
08:34:04.400,0.206724
08:34:04.500,0.010294
08:34:04.600,-0.305747
08:34:04.700,-0.217455
08:34:04.800,0.251477
08:34:04.900,-0.043084
08:34:05.000,0.028801
08:34:05.100,0.001167
08:34:05.200,0.169958
08:34:05.300,-0.228829
08:34:05.400,0.15951
08:34:05.500,0.151245
08:34:05.600,0.000739
08:34:05.700,0.049594
08:34:05.800,-0.044472
08:34:05.900,-0.20223
08:34:06.000,0.069634
08:34:06.100,0.02959
08:34:06.200,0.032083
08:34:06.300,0.057875
08:34:06.400,-0.07252
08:34:06.500,0.179192
08:34:06.600,0.000976
08:34:06.700,0.065005
08:34:06.800,-0.032655
08:34:06.900,0.126027
08:34:07.000,0.012479
08:34:07.100,-0.010214
08:34:07.200,0.144883
08:34:07.300,-0.206744
08:34:07.400,-0.033602
08:34:07.500,-0.073517
08:34:07.600,0.044866
08:34:07.700,0.037896
08:34:07.800,-0.001416
08:34:07.900,-0.08568
08:34:08.000,-0.002884
08:34:08.100,0.038804
08:34:08.200,-0.021412
08:34:08.300,0.132906
08:34:08.400,0.073442
08:34:08.500,0.002284
08:34:08.600,-0.281522
08:34:08.700,-0.026197
08:34:08.800,0.075612
08:34:08.900,-0.033523
08:34:09.000,0.036391
08:34:09.100,-0.026949
08:34:09.200,0.027899
08:34:09.300,0.168121
08:34:09.400,0.094409
08:34:09.500,-0.15547
08:34:09.600,-0.198963
08:34:09.700,0.053107
08:34:09.800,0.140142
08:34:09.900,-0.199278
08:34:10.000,-0.025177
08:34:10.100,0.284786
08:34:10.200,-0.032237
08:34:10.300,0.303103
08:34:10.400,-0.098832
08:34:10.500,-0.077628
08:34:10.600,-0.084354
08:34:10.700,-0.153503
08:34:10.800,-0.202957
08:34:10.900,-0.026549
08:34:11.000,0.017384
08:34:11.100,-0.086014
08:34:11.200,-0.057146
08:34:11.300,0.173529
08:34:11.400,0.116609
08:34:11.500,-0.031041
08:34:11.600,0.051585
08:34:11.700,-0.196371
08:34:11.800,0.032355
08:34:11.900,-0.007489
08:34:12.000,-0.0449
08:34:12.100,0.003937
08:34:12.200,-0.015461
08:34:12.300,-0.157637
08:34:12.400,0.201573
08:34:12.500,0.114098
08:34:12.600,-0.046535
08:34:12.700,-0.211268
08:34:12.800,-0.294754
08:34:12.900,0.240564
08:34:13.000,-0.020839
08:34:13.100,0.091558
08:34:13.200,-0.113847
08:34:13.300,-0.036885
08:34:13.400,-0.03076
08:34:13.500,0.028975
08:34:13.600,0.010784
08:34:13.700,-0.110672
08:34:13.800,-0.111922
08:34:13.900,-0.009786
08:34:14.000,-0.210518
08:34:14.100,-0.098769
08:34:14.200,-0.018497
08:34:14.300,0.0477
08:34:14.400,0.180412
08:34:14.500,-0.057176
08:34:14.600,0.004334
08:34:14.700,-0.224084
08:34:14.800,0.040178
08:34:14.900,-0.109123
08:34:15.000,-0.036988
08:34:15.100,0.057106
08:34:15.200,0.062122
08:34:15.300,-0.17445
08:34:15.400,0.096234
08:34:15.500,-0.004665
08:34:15.600,0.152061
08:34:15.700,0.175396
08:34:15.800,0.192736
08:34:15.900,-0.17093
08:34:16.000,0.048274
08:34:16.100,-0.189288
08:34:16.200,0.156174
08:34:16.300,0.173253
08:34:16.400,0.117366
08:34:16.500,-0.050952
08:34:16.600,0.06531
08:34:16.700,-0.066269
08:34:16.800,0.001652
08:34:16.900,-0.011065
08:34:17.000,-0.239801
08:34:17.100,-0.097141
08:34:17.200,0.272503
08:34:17.300,-0.010403
08:34:17.400,0.019227
08:34:17.500,-0.00104
08:34:17.600,-0.049263
08:34:17.700,0.004333
08:34:17.800,-0.048841
08:34:17.900,-0.273954
08:34:18.000,0.094347
08:34:18.100,0.193544
08:34:18.200,-0.139701
08:34:18.300,-0.049542
08:34:18.400,0.179995
08:34:18.500,-0.092568
08:34:18.600,0.046526
08:34:18.700,0.51923
08:34:18.800,0.075872
08:34:18.900,0.008259
08:34:19.000,0.105805
08:34:19.100,0.09321
08:34:19.200,-0.079472
08:34:19.300,-0.208373
08:34:19.400,0.07127
08:34:19.500,0.089263
08:34:19.600,-0.035701
08:34:19.700,0.197424
08:34:19.800,0.173368
08:34:19.900,0.092942
08:34:20.000,-0.033435
08:34:20.100,-0.250911
08:34:20.200,-0.020923
08:34:20.300,-0.220343
08:34:20.400,-0.282851
08:34:20.500,0.077659
08:34:20.600,0.140677
08:34:20.700,-0.234072
08:34:20.800,-0.030785
08:34:20.900,-0.002099
08:34:21.000,-0.035089
08:34:21.100,-0.165422
08:34:21.200,0.159724
08:34:21.300,-0.162107
08:34:21.400,-0.233904
08:34:21.500,-0.164934
08:34:21.600,0.057761
08:34:21.700,-0.032064
08:34:21.800,-0.09243
08:34:21.900,0.063318
08:34:22.000,0.039915
08:34:22.100,-0.276879
08:34:22.200,0.062108
08:34:22.300,0.141748
08:34:22.400,-0.014782
08:34:22.500,-0.02819
08:34:22.600,0.227265
08:34:22.700,-0.085178
08:34:22.800,-0.019879
08:34:22.900,0.039718
08:34:23.000,0.005813
08:34:23.100,-0.032674
08:34:23.200,0.010707
08:34:23.300,0.188274
08:34:23.400,0.096919
08:34:23.500,-0.008966
08:34:23.600,-0.103673
08:34:23.700,-0.087721
08:34:23.800,0.114026
08:34:23.900,-0.191199
08:34:24.000,0.288383
08:34:24.100,-0.003814
08:34:24.200,-0.165426
08:34:24.300,0.021837
08:34:24.400,-0.096085
08:34:24.500,-0.050278
08:34:24.600,-0.181293
08:34:24.700,-0.028632
08:34:24.800,-0.254717
08:34:24.900,-0.071984
08:34:25.000,-0.099277
08:34:25.100,-0.060278
08:34:25.200,-0.091704
08:34:25.300,0.004076
08:34:25.400,0.106561
08:34:25.500,0.043273
08:34:25.600,0.155911
08:34:25.700,-0.059823
08:34:25.800,0.038966
08:34:25.900,0.043694
08:34:26.000,0.138198
08:34:26.100,-0.087653
08:34:26.200,0.09466
08:34:26.300,-0.102877
08:34:26.400,-0.06839
08:34:26.500,-0.043039
08:34:26.600,0.054381
08:34:26.700,-0.130441
08:34:26.800,-0.113718
08:34:26.900,-0.077408
08:34:27.000,0.005813
08:34:27.100,-0.11235
08:34:27.200,0.031677
08:34:27.300,-0.04294
08:34:27.400,0.078949
08:34:27.500,0.007553
08:34:27.600,0.210256
08:34:27.700,0.014538
08:34:27.800,-0.146207
08:34:27.900,-0.025532
08:34:28.000,0.002537
08:34:28.100,-0.109041
08:34:28.200,0.182052
08:34:28.300,-0.037193
08:34:28.400,-0.07736
08:34:28.500,0.021785
08:34:28.600,-0.108745
08:34:28.700,0.115962
08:34:28.800,0.091842
08:34:28.900,0.015675
08:34:29.000,0.070986
08:34:29.100,-0.05996
08:34:29.200,-0.180326
08:34:29.300,-0.039073
08:34:29.400,-0.060182
08:34:29.500,-0.244384
08:34:29.600,-0.126942
08:34:29.700,-0.147645
08:34:29.800,-0.126455
08:34:29.900,0.159997
08:34:30.000,0.061433
08:34:30.100,0.115797
08:34:30.200,0.061151
08:34:30.300,0.129961
08:34:30.400,0.003231
08:34:30.500,0.181881
08:34:30.600,-0.147767
08:34:30.700,-0.008129
08:34:30.800,-0.122986
08:34:30.900,0.149004
08:34:31.000,0.050375
08:34:31.100,0.142403
08:34:31.200,-0.168416
08:34:31.300,-0.072293
08:34:31.400,-0.214074
08:34:31.500,0.043353
08:34:31.600,-0.051376
08:34:31.700,0.09067
08:34:31.800,0.003799
08:34:31.900,-0.255622
08:34:32.000,-0.199245
08:34:32.100,0.00989
08:34:32.200,0.055887
08:34:32.300,-0.265954
08:34:32.400,-0.010017
08:34:32.500,-0.122088
08:34:32.600,-0.133226
08:34:32.700,-0.078602
08:34:32.800,0.014822
08:34:32.900,-0.084785
08:34:33.000,-0.238337
08:34:33.100,0.013876
08:34:33.200,-0.042084
08:34:33.300,-0.112594
08:34:33.400,-0.036939
08:34:33.500,-0.041743
08:34:33.600,0.005282
08:34:33.700,-0.029747
08:34:33.800,0.019849
08:34:33.900,-0.005833
08:34:34.000,0.098363
08:34:34.100,0.190169
08:34:34.200,-0.001816
08:34:34.300,-0.074594
08:34:34.400,-0.172421
08:34:34.500,0.077562
08:34:34.600,-0.108299
08:34:34.700,0.281706
08:34:34.800,0.333501
08:34:34.900,-0.025564
08:34:35.000,-0.1998
08:34:35.100,0.078454
08:34:35.200,0.251855
08:34:35.300,-0.157473
08:34:35.400,0.227766
08:34:35.500,-0.22188
08:34:35.600,-0.174504
08:34:35.700,0.037076
08:34:35.800,0.122005
08:34:35.900,-0.007973
08:34:36.000,0.05393
08:34:36.100,0.13253
08:34:36.200,0.146422
08:34:36.300,-0.074676
08:34:36.400,-0.103615
08:34:36.500,0.126429
08:34:36.600,0.054506
08:34:36.700,0.070648
08:34:36.800,-0.079342
08:34:36.900,0.076567
08:34:37.000,-0.131338
08:34:37.100,0.029669
08:34:37.200,0.013412
08:34:37.300,0.014241
08:34:37.400,0.093744
08:34:37.500,-0.122424
08:34:37.600,0.081231
08:34:37.700,0.002478
08:34:37.800,-0.094986
08:34:37.900,-0.158618
08:34:38.000,0.226641
08:34:38.100,-0.008334
08:34:38.200,-0.042596
08:34:38.300,-0.137241
08:34:38.400,0.130638
08:34:38.500,0.12133
08:34:38.600,0.09822
08:34:38.700,-0.007324
08:34:38.800,0.090151
08:34:38.900,-0.098859
08:34:39.000,0.026114
08:34:39.100,-0.006519
08:34:39.200,0.032046
08:34:39.300,-0.217579
08:34:39.400,0.224363
08:34:39.500,0.194224
08:34:39.600,-0.138004
08:34:39.700,0.069283
08:34:39.800,-0.178438
08:34:39.900,0.010064
08:34:40.000,-0.263487
08:34:40.100,-0.03506
08:34:40.200,-0.058531
08:34:40.300,0.138809
08:34:40.400,0.200217
08:34:40.500,0.202919
08:34:40.600,0.138991
08:34:40.700,0.00989
08:34:40.800,0.046596
08:34:40.900,0.046012
08:34:41.000,-0.141638
08:34:41.100,0.137511
08:34:41.200,0.082807
08:34:41.300,0.08838
08:34:41.400,-0.273777
08:34:41.500,0.05433
08:34:41.600,0.120677
08:34:41.700,-0.001829
08:34:41.800,-0.060089
08:34:41.900,-0.163489
08:34:42.000,-0.172098
08:34:42.100,0.01852
08:34:42.200,-0.02817
08:34:42.300,-0.029853
08:34:42.400,0.183471
08:34:42.500,-0.15071
08:34:42.600,-0.041484
08:34:42.700,0.203293
08:34:42.800,-0.037451
08:34:42.900,0.007955
08:34:43.000,-0.021011
08:34:43.100,0.084694
08:34:43.200,-0.246605
08:34:43.300,-0.024403
08:34:43.400,0.006533
08:34:43.500,-0.119784
08:34:43.600,0.041231
08:34:43.700,0.094365
08:34:43.800,0.054233
08:34:43.900,0.213513
08:34:44.000,-0.052003
08:34:44.100,0.059829
08:34:44.200,0.057125
08:34:44.300,-0.028274
08:34:44.400,0.136008
08:34:44.500,0.034588
08:34:44.600,-0.144125
08:34:44.700,0.090071
08:34:44.800,-0.059925
08:34:44.900,-0.03873
08:34:45.000,-0.029843
08:34:45.100,0.088235
08:34:45.200,0.129478
08:34:45.300,-0.019138
08:34:45.400,-0.026021
08:34:45.500,-0.245657
08:34:45.600,-0.085179
08:34:45.700,-0.113612
08:34:45.800,0.037343
08:34:45.900,-0.012848
08:34:46.000,-0.10906
08:34:46.100,0.018324
08:34:46.200,-0.008119
08:34:46.300,-0.304851
08:34:46.400,0.13295
08:34:46.500,0.121307
08:34:46.600,-0.02855
08:34:46.700,0.042312
08:34:46.800,-0.039033
08:34:46.900,-0.192534
08:34:47.000,0.259647
08:34:47.100,0.089972
08:34:47.200,0.112872
08:34:47.300,-0.034145
08:34:47.400,0.135117
08:34:47.500,-0.164427
08:34:47.600,-0.029458
08:34:47.700,0.088778
08:34:47.800,-0.075217
08:34:47.900,0.109285
08:34:48.000,0.03645
08:34:48.100,0.025154
08:34:48.200,-0.086408
08:34:48.300,0.048525
08:34:48.400,0.231906
08:34:48.500,0.021034
08:34:48.600,0.066716
08:34:48.700,0.084423
08:34:48.800,-0.13733
08:34:48.900,-0.015909
08:34:49.000,-0.019563
08:34:49.100,-0.254989
08:34:49.200,0.094677
08:34:49.300,-0.111819
08:34:49.400,0.081556
08:34:49.500,-0.090963
08:34:49.600,0.245054
08:34:49.700,-0.033427
08:34:49.800,0.230539
08:34:49.900,-0.020725
08:34:50.000,-0.006416
08:34:50.100,0.187991
08:34:50.200,-0.110108
08:34:50.300,0.005995
08:34:50.400,0.064744
08:34:50.500,0.048455
08:34:50.600,0.005163
08:34:50.700,-0.011319
08:34:50.800,0.101573
08:34:50.900,0.021214
08:34:51.000,0.115965
08:34:51.100,0.047027
08:34:51.200,0.078025
08:34:51.300,0.136028
08:34:51.400,-0.03721
08:34:51.500,0.132774
08:34:51.600,-0.018818
08:34:51.700,-0.168079
08:34:51.800,-0.039504
08:34:51.900,-0.086724
08:34:52.000,0.04504
08:34:52.100,-0.034293
08:34:52.200,0.015345
08:34:52.300,0.121706
08:34:52.400,0.178293
08:34:52.500,0.035124
08:34:52.600,0.130278
08:34:52.700,-0.021257
08:34:52.800,-0.187579
08:34:52.900,-0.141519
08:34:53.000,-0.023485
08:34:53.100,0.095471
08:34:53.200,-0.023145
08:34:53.300,0.142306
08:34:53.400,0.219798
08:34:53.500,-0.106593
08:34:53.600,0.254983
08:34:53.700,-0.196169
08:34:53.800,0.22186
08:34:53.900,-0.004023
08:34:54.000,-0.027941
08:34:54.100,-0.000962
08:34:54.200,-0.095996
08:34:54.300,0.180187
08:34:54.400,-0.08304
08:34:54.500,-0.067741
08:34:54.600,-0.16551
08:34:54.700,-0.08768
08:34:54.800,-0.084029
08:34:54.900,-0.092084
08:34:55.000,-0.021085
08:34:55.100,-0.13377
08:34:55.200,0.191342
08:34:55.300,-0.018336
08:34:55.400,0.044884
08:34:55.500,0.103415
08:34:55.600,0.242992
08:34:55.700,0.109186
08:34:55.800,-0.02974
08:34:55.900,-0.128728
08:34:56.000,0.040571
08:34:56.100,0.127476
08:34:56.200,0.017032
08:34:56.300,0.007826
08:34:56.400,0.025618
08:34:56.500,-0.224374
08:34:56.600,0.017576
08:34:56.700,0.087873
08:34:56.800,-0.005482
08:34:56.900,0.134821
08:34:57.000,0.138826
08:34:57.100,-0.060468
08:34:57.200,0.053015
08:34:57.300,0.005131
08:34:57.400,-0.243424
08:34:57.500,-0.022462
08:34:57.600,-0.123708
08:34:57.700,0.016079
08:34:57.800,0.08193
08:34:57.900,-0.026114
08:34:58.000,-0.108004
08:34:58.100,0.028076
08:34:58.200,0.293245
08:34:58.300,-0.260675
08:34:58.400,0.027937
08:34:58.500,-0.065254
08:34:58.600,-0.05113
08:34:58.700,-0.012563
08:34:58.800,-0.041287
08:34:58.900,0.072216
08:34:59.000,-0.029015
08:34:59.100,-0.259425
08:34:59.200,0.15356
08:34:59.300,0.135513
08:34:59.400,-0.072811
08:34:59.500,0.005973
08:34:59.600,0.146111
08:34:59.700,0.12398
08:34:59.800,0.162884
08:34:59.900,0.044937
08:35:00.000,0.092344
08:35:00.100,0.169052
08:35:00.200,-0.041194
08:35:00.300,0.052875
08:35:00.400,-0.257591
08:35:00.500,-0.189581
08:35:00.600,0.059998
08:35:00.700,0.07832
08:35:00.800,-0.046474
08:35:00.900,-0.07277
08:35:01.000,-0.042668
08:35:01.100,0.023024
08:35:01.200,-0.277647
08:35:01.300,0.055874
08:35:01.400,0.003889
08:35:01.500,0.029692
08:35:01.600,-0.014848
08:35:01.700,-0.16597
08:35:01.800,-0.131783
08:35:01.900,0.182818
08:35:02.000,-0.077115
08:35:02.100,0.096938
08:35:02.200,-0.129884
08:35:02.300,-0.0018
08:35:02.400,-0.052882
08:35:02.500,-0.0345
08:35:02.600,-0.0408
08:35:02.700,0.173271
08:35:02.800,0.231298
08:35:02.900,0.028516
08:35:03.000,-0.049524
08:35:03.100,-0.159507
08:35:03.200,-0.167768
08:35:03.300,0.173923
08:35:03.400,-0.176231
08:35:03.500,-0.05284
08:35:03.600,0.018637
08:35:03.700,-0.312188
08:35:03.800,-0.150071
08:35:03.900,-0.160611
08:35:04.000,-0.079885
08:35:04.100,0.031042
08:35:04.200,0.123333
08:35:04.300,-0.079627
08:35:04.400,-0.055399
08:35:04.500,-0.01435
08:35:04.600,-0.096664
08:35:04.700,0.050137
08:35:04.800,0.053843
08:35:04.900,-0.326589
08:35:05.000,0.076731
08:35:05.100,0.015265
08:35:05.200,0.031052
08:35:05.300,0.141551
08:35:05.400,-0.214355
08:35:05.500,-0.150659
08:35:05.600,-0.008429
08:35:05.700,-0.278565
08:35:05.800,-0.025398
08:35:05.900,0.101528
08:35:06.000,0.047597
08:35:06.100,0.009479
08:35:06.200,-0.027927
08:35:06.300,-0.051344
08:35:06.400,-0.058258
08:35:06.500,0.027447
08:35:06.600,-0.186107
08:35:06.700,0.175574
08:35:06.800,-0.088517
08:35:06.900,0.066921
08:35:07.000,0.009644
08:35:07.100,-0.138437
08:35:07.200,0.15512
08:35:07.300,0.129776
08:35:07.400,-0.18848
08:35:07.500,-0.008828
08:35:07.600,0.024884
08:35:07.700,-0.24856
08:35:07.800,-0.254465
08:35:07.900,-0.10004
08:35:08.000,-0.157587
08:35:08.100,-0.125223
08:35:08.200,-0.157567
08:35:08.300,-0.014687
08:35:08.400,-0.107073
08:35:08.500,0.133676
08:35:08.600,0.021632
08:35:08.700,0.095318
08:35:08.800,-0.202592
08:35:08.900,-0.075387
08:35:09.000,0.016346
08:35:09.100,0.054357
08:35:09.200,-0.077724
08:35:09.300,-0.060136
08:35:09.400,-0.046985
08:35:09.500,-0.035744
08:35:09.600,0.259704
08:35:09.700,0.037589
08:35:09.800,0.004785
08:35:09.900,-0.151081
08:35:10.000,-0.148242
08:35:10.100,-0.025585
08:35:10.200,0.135645
08:35:10.300,-0.023897
08:35:10.400,-0.018757
08:35:10.500,-0.08931
08:35:10.600,-0.209001
08:35:10.700,0.052427
08:35:10.800,-0.030522
08:35:10.900,0.053524
08:35:11.000,0.018556
08:35:11.100,-0.115692
08:35:11.200,0.027049
08:35:11.300,-0.154926
08:35:11.400,0.026105
08:35:11.500,-0.00754
08:35:11.600,0.184872
08:35:11.700,-0.104027
08:35:11.800,-0.159227
08:35:11.900,-0.04958
08:35:12.000,0.07309
08:35:12.100,-0.335727
08:35:12.200,0.105064
08:35:12.300,-0.025034
08:35:12.400,-0.137029
08:35:12.500,-0.044141
08:35:12.600,-0.088929
08:35:12.700,-0.147013
08:35:12.800,-0.232633
08:35:12.900,0.087657
08:35:13.000,-0.067138
08:35:13.100,-0.046977
08:35:13.200,0.101373
08:35:13.300,0.006704
08:35:13.400,-0.18713
08:35:13.500,0.080736
08:35:13.600,0.17806
08:35:13.700,0.060371
08:35:13.800,-0.103801
08:35:13.900,-0.176734
08:35:14.000,-0.108167
08:35:14.100,0.012364
08:35:14.200,0.171151
08:35:14.300,-0.091123
08:35:14.400,-0.077869
08:35:14.500,0.122573
08:35:14.600,-0.052081
08:35:14.700,0.205678
08:35:14.800,-0.017772
08:35:14.900,0.140132
08:35:15.000,0.045934
08:35:15.100,0.084851
08:35:15.200,-0.021248
08:35:15.300,-0.013399
08:35:15.400,0.05027
08:35:15.500,0.095777
08:35:15.600,0.063127
08:35:15.700,-0.212094
08:35:15.800,0.030922
08:35:15.900,-0.07879
08:35:16.000,-0.065506
08:35:16.100,0.0549
08:35:16.200,0.20375
08:35:16.300,-0.027846
08:35:16.400,0.236746
08:35:16.500,-0.13164
08:35:16.600,0.147809
08:35:16.700,0.051683
08:35:16.800,0.025027
08:35:16.900,0.165979
08:35:17.000,-0.076384
08:35:17.100,0.153308
08:35:17.200,-0.024998
08:35:17.300,-0.077053
08:35:17.400,-0.159199
08:35:17.500,0.190242
08:35:17.600,0.136951
08:35:17.700,-0.057368
08:35:17.800,0.06545
08:35:17.900,0.015192
08:35:18.000,-0.04235
08:35:18.100,0.115771
08:35:18.200,-0.07505
08:35:18.300,-0.262997
08:35:18.400,0.03118
08:35:18.500,0.008012
08:35:18.600,-0.071193
08:35:18.700,-0.10709
08:35:18.800,-0.187128
08:35:18.900,-0.043527
08:35:19.000,-0.105028
08:35:19.100,0.115728
08:35:19.200,0.06198
08:35:19.300,-0.058144
08:35:19.400,0.062726
08:35:19.500,-0.012897
08:35:19.600,-0.032334
08:35:19.700,-0.006577
08:35:19.800,0.212557
08:35:19.900,0.077282
08:35:20.000,-0.035818
08:35:20.100,0.107264
08:35:20.200,0.102937
08:35:20.300,0.031166
08:35:20.400,-0.039428
08:35:20.500,-0.047353
08:35:20.600,-0.129018
08:35:20.700,0.021659
08:35:20.800,-0.073184
08:35:20.900,-0.052406
08:35:21.000,0.074882
08:35:21.100,0.202462
08:35:21.200,0.044904
08:35:21.300,-0.012618
08:35:21.400,-0.002252
08:35:21.500,0.136556
08:35:21.600,0.046524
08:35:21.700,0.023248
08:35:21.800,0.031748
08:35:21.900,-0.171434
08:35:22.000,0.046857
08:35:22.100,-0.105026
08:35:22.200,0.04733
08:35:22.300,-0.088223
08:35:22.400,0.07094
08:35:22.500,-0.018369
08:35:22.600,-0.137443
08:35:22.700,-0.034882
08:35:22.800,0.264707
08:35:22.900,-0.272767
08:35:23.000,0.019961
08:35:23.100,-0.121268
08:35:23.200,0.165225
08:35:23.300,0.097957
08:35:23.400,0.022309
08:35:23.500,0.110092
08:35:23.600,0.029349
08:35:23.700,0.000734
08:35:23.800,-0.071863
08:35:23.900,-0.04331
08:35:24.000,-0.055687
08:35:24.100,0.001241
08:35:24.200,-0.227052
08:35:24.300,0.12356
08:35:24.400,0.233625
08:35:24.500,-0.051866
08:35:24.600,0.140994
08:35:24.700,-0.016092
08:35:24.800,-0.072276
08:35:24.900,-0.045814
08:35:25.000,0.010283
08:35:25.100,-0.086557
08:35:25.200,0.072742
08:35:25.300,-0.062314
08:35:25.400,-0.128787
08:35:25.500,-0.00239
08:35:25.600,-0.083272
08:35:25.700,-0.039278
08:35:25.800,-0.006517
08:35:25.900,-0.160765
08:35:26.000,0.175064
08:35:26.100,0.097517
08:35:26.200,-0.075607
08:35:26.300,-0.002295
08:35:26.400,0.076295
08:35:26.500,0.025046
08:35:26.600,0.225582
08:35:26.700,-0.02864
08:35:26.800,0.142678
08:35:26.900,-0.160156
08:35:27.000,-0.141696
08:35:27.100,0.202137
08:35:27.200,-0.051835
08:35:27.300,-0.140094
08:35:27.400,-0.005727
08:35:27.500,0.151677
08:35:27.600,-0.091623
08:35:27.700,-0.005005
08:35:27.800,-0.222539
08:35:27.900,-0.056261
08:35:28.000,0.119664
08:35:28.100,-0.094121
08:35:28.200,-0.152629
08:35:28.300,-0.093134
08:35:28.400,-0.073162
08:35:28.500,0.091766
08:35:28.600,0.045573
08:35:28.700,0.068753
08:35:28.800,0.003412
08:35:28.900,-0.074383
08:35:29.000,-0.093164
08:35:29.100,0.051879
08:35:29.200,0.19068
08:35:29.300,-0.112888
08:35:29.400,-0.122158
08:35:29.500,-0.136299
08:35:29.600,0.099783
08:35:29.700,-0.005057
08:35:29.800,0.066648
08:35:29.900,-0.060956
08:35:30.000,0.074188
08:35:30.100,-0.034516
08:35:30.200,-0.185391
08:35:30.300,0.110748
08:35:30.400,-0.004347
08:35:30.500,-0.037236
08:35:30.600,0.033755
08:35:30.700,-0.1733
08:35:30.800,0.051687
08:35:30.900,-0.071497
08:35:31.000,-0.018733
08:35:31.100,0.136715
08:35:31.200,0.077063
08:35:31.300,-0.021166
08:35:31.400,-0.01213
08:35:31.500,-0.307268
08:35:31.600,-0.098627
08:35:31.700,0.020055
08:35:31.800,-0.0917
08:35:31.900,-0.159172
08:35:32.000,0.057618
08:35:32.100,0.156773
08:35:32.200,-0.086568
08:35:32.300,0.105001
08:35:32.400,0.086977
08:35:32.500,-0.117218
08:35:32.600,-0.087322
08:35:32.700,0.216372
08:35:32.800,-0.134043
08:35:32.900,-0.073082
08:35:33.000,0.23589
08:35:33.100,-0.068264
08:35:33.200,0.162359
08:35:33.300,-0.122642
08:35:33.400,0.016592
08:35:33.500,0.13031
08:35:33.600,-0.056096
08:35:33.700,0.011968
08:35:33.800,0.089332
08:35:33.900,-0.108239
08:35:34.000,0.268843
08:35:34.100,0.124527
08:35:34.200,-0.042874
08:35:34.300,-0.028179
08:35:34.400,0.229406
08:35:34.500,-0.042578
08:35:34.600,-0.056659
08:35:34.700,0.13754
08:35:34.800,-0.168067
08:35:34.900,-0.0094
08:35:35.000,0.010099
08:35:35.100,-0.084446
08:35:35.200,-0.187872
08:35:35.300,0.008292
08:35:35.400,0.082582
08:35:35.500,-0.081487
08:35:35.600,-0.141577
08:35:35.700,0.15073
08:35:35.800,0.063375
08:35:35.900,-0.043416
08:35:36.000,0.110503
08:35:36.100,0.029009
08:35:36.200,0.214706
08:35:36.300,0.0797
08:35:36.400,-0.166784
08:35:36.500,-0.079049
08:35:36.600,-0.073309
08:35:36.700,0.037147
08:35:36.800,-0.036419
08:35:36.900,-0.135274
08:35:37.000,0.070697
08:35:37.100,0.120014
08:35:37.200,-0.012328
08:35:37.300,0.025135
08:35:37.400,-0.116107
08:35:37.500,-0.062704
08:35:37.600,-0.057796
08:35:37.700,0.06703
08:35:37.800,0.030723
08:35:37.900,-0.039563
08:35:38.000,-0.044326
08:35:38.100,-0.236138
08:35:38.200,0.192705
08:35:38.300,-0.250254
08:35:38.400,0.050626
08:35:38.500,0.004525
08:35:38.600,-0.031882
08:35:38.700,-0.000983
08:35:38.800,-0.079558
08:35:38.900,0.078338
08:35:39.000,-0.157628
08:35:39.100,0.039338
08:35:39.200,-0.081332
08:35:39.300,-0.051231
08:35:39.400,-0.047989
08:35:39.500,-0.019843
08:35:39.600,0.060258
08:35:39.700,-0.004295
08:35:39.800,0.111958
08:35:39.900,0.125388
08:35:40.000,0.037052
08:35:40.100,0.081911
08:35:40.200,0.242992
08:35:40.300,-0.169599
08:35:40.400,0.129136
08:35:40.500,0.185382
08:35:40.600,0.052041
08:35:40.700,0.228485
08:35:40.800,0.212851
08:35:40.900,-0.040444
08:35:41.000,-0.031253
08:35:41.100,0.063673
08:35:41.200,-0.074894
08:35:41.300,0.325347
08:35:41.400,0.09466
08:35:41.500,0.005585
08:35:41.600,-0.169224
08:35:41.700,0.03023
08:35:41.800,-0.142278
08:35:41.900,0.09119
08:35:42.000,-0.300264
08:35:42.100,0.166047
08:35:42.200,-0.050897
08:35:42.300,-0.203007
08:35:42.400,-0.001967
08:35:42.500,0.002019
08:35:42.600,-0.007718
08:35:42.700,0.165567
08:35:42.800,0.045705
08:35:42.900,0.095531
08:35:43.000,-0.029847
08:35:43.100,0.05124
08:35:43.200,-0.157019
08:35:43.300,0.030972
08:35:43.400,-0.090985
08:35:43.500,0.158356
08:35:43.600,0.009061
08:35:43.700,0.079544
08:35:43.800,0.031479
08:35:43.900,0.216756
08:35:44.000,-0.187244
08:35:44.100,-0.013656
08:35:44.200,-0.11521
08:35:44.300,-0.245956
08:35:44.400,-0.123004
08:35:44.500,0.140644
08:35:44.600,-0.003621
08:35:44.700,-0.026373
08:35:44.800,0.09282
08:35:44.900,0.013852
08:35:45.000,0.0736
08:35:45.100,0.038741
08:35:45.200,0.065124
08:35:45.300,-0.053962
08:35:45.400,0.12565
08:35:45.500,-0.145456
08:35:45.600,-0.010318
08:35:45.700,0.131631
08:35:45.800,-0.018488
08:35:45.900,-0.051702
08:35:46.000,0.274613
08:35:46.100,0.170231
08:35:46.200,0.016996
08:35:46.300,-0.116457
08:35:46.400,-0.24421
08:35:46.500,0.085039
08:35:46.600,0.151904
08:35:46.700,0.047492
08:35:46.800,-0.205284
08:35:46.900,0.019238
08:35:47.000,-0.058422
08:35:47.100,0.019399
08:35:47.200,0.233211
08:35:47.300,0.094728
08:35:47.400,0.069129
08:35:47.500,-0.005441
08:35:47.600,0.049737
08:35:47.700,-0.086762
08:35:47.800,0.066592
08:35:47.900,-0.023204
08:35:48.000,-0.098671
08:35:48.100,0.0978
08:35:48.200,-0.267786
08:35:48.300,-0.065355
08:35:48.400,0.073598
08:35:48.500,0.14695
08:35:48.600,0.056604
08:35:48.700,-0.08065
08:35:48.800,-0.006112
08:35:48.900,0.034953
08:35:49.000,0.187264
08:35:49.100,0.110472
08:35:49.200,0.111352
08:35:49.300,0.00785
08:35:49.400,-0.128518
08:35:49.500,-0.168725
08:35:49.600,-0.036152
08:35:49.700,0.083932
08:35:49.800,-0.060226
08:35:49.900,0.068661
08:35:50.000,-0.095362
08:35:50.100,-0.076851
08:35:50.200,0.168961
08:35:50.300,0.092025
08:35:50.400,-0.036779
08:35:50.500,-0.099666
08:35:50.600,0.11387
08:35:50.700,0.105175
08:35:50.800,0.076704
08:35:50.900,-0.021339
08:35:51.000,-0.131351
08:35:51.100,-0.00178
08:35:51.200,0.168912
08:35:51.300,-0.109085
08:35:51.400,0.005694
08:35:51.500,0.196295
08:35:51.600,-0.036508
08:35:51.700,-0.015298
08:35:51.800,-0.162048
08:35:51.900,0.074784
08:35:52.000,-0.088872
08:35:52.100,-0.186552
08:35:52.200,-0.114427
08:35:52.300,0.025014
08:35:52.400,-0.189613
08:35:52.500,-0.166298
08:35:52.600,0.067114
08:35:52.700,-0.008686
08:35:52.800,-0.109679
08:35:52.900,-0.038552
08:35:53.000,0.20858
08:35:53.100,0.153808
08:35:53.200,-0.012892
08:35:53.300,0.097942
08:35:53.400,0.01452
08:35:53.500,-0.212903
08:35:53.600,-0.234379
08:35:53.700,-0.10912
08:35:53.800,-0.18909
08:35:53.900,0.032588
08:35:54.000,-0.065993
08:35:54.100,0.051039
08:35:54.200,0.052884
08:35:54.300,0.082803
08:35:54.400,-0.111675
08:35:54.500,0.061881
08:35:54.600,-0.114655
08:35:54.700,0.085361
08:35:54.800,0.146718
08:35:54.900,0.086778
08:35:55.000,-0.021249
08:35:55.100,0.068012
08:35:55.200,-0.183992
08:35:55.300,-0.211045
08:35:55.400,0.056016
08:35:55.500,0.156928
08:35:55.600,-0.147774
08:35:55.700,0.001822
08:35:55.800,0.052664
08:35:55.900,-0.073746
08:35:56.000,-0.040726
08:35:56.100,0.073589
08:35:56.200,0.012982
08:35:56.300,0.013507
08:35:56.400,-0.117876
08:35:56.500,-0.003738
08:35:56.600,-0.04775
08:35:56.700,-0.041326
08:35:56.800,-0.064968
08:35:56.900,-0.003274
08:35:57.000,-0.104193
08:35:57.100,0.001451
08:35:57.200,-0.043804
08:35:57.300,-0.111851
08:35:57.400,-0.233831
08:35:57.500,0.113696
08:35:57.600,0.089557
08:35:57.700,-0.096582
08:35:57.800,0.0818
08:35:57.900,-0.122974
08:35:58.000,-0.036855
08:35:58.100,-0.063634
08:35:58.200,-0.033311
08:35:58.300,0.077542
08:35:58.400,-0.048225
08:35:58.500,-0.040757
08:35:58.600,0.089187
08:35:58.700,0.007405
08:35:58.800,-0.071015
08:35:58.900,0.028877
08:35:59.000,0.119119
08:35:59.100,0.12671
08:35:59.200,-0.158955
08:35:59.300,-0.152945
08:35:59.400,0.11989
08:35:59.500,-0.034502
08:35:59.600,-0.264001
08:35:59.700,-0.087588
08:35:59.800,-0.052685
08:35:59.900,-0.037508
08:36:00.000,0.091791
08:36:00.100,-0.1115
08:36:00.200,0.112264
08:36:00.300,0.034216
08:36:00.400,-0.154385
08:36:00.500,-0.038337
08:36:00.600,0.05936
08:36:00.700,0.004747
08:36:00.800,0.045477
08:36:00.900,-0.07049
08:36:01.000,0.066572
08:36:01.100,-0.047815
08:36:01.200,0.30554
08:36:01.300,-0.158334
08:36:01.400,0.323754
08:36:01.500,-0.114138
08:36:01.600,0.152547
08:36:01.700,0.099293
08:36:01.800,-0.109148
08:36:01.900,0.071937
08:36:02.000,-0.059497
08:36:02.100,0.032982
08:36:02.200,0.017744
08:36:02.300,-0.041917
08:36:02.400,-0.051892
08:36:02.500,0.040905
08:36:02.600,-0.108459
08:36:02.700,-0.103931
08:36:02.800,0.114597
08:36:02.900,0.051406
08:36:03.000,-0.1568
08:36:03.100,-0.120394
08:36:03.200,-0.256381
08:36:03.300,0.109163
08:36:03.400,0.082629
08:36:03.500,-0.130651
08:36:03.600,0.077958
08:36:03.700,0.23826
08:36:03.800,-0.184721
08:36:03.900,-0.073812
08:36:04.000,-0.187343
08:36:04.100,0.113825
08:36:04.200,-0.011527
08:36:04.300,-0.047773
08:36:04.400,0.02729
08:36:04.500,-0.066832
08:36:04.600,-0.048196
08:36:04.700,0.032971
08:36:04.800,-0.073209
08:36:04.900,-0.056278
08:36:05.000,-0.018782
08:36:05.100,0.010961
08:36:05.200,0.072197
08:36:05.300,0.069987
08:36:05.400,-0.179951
08:36:05.500,0.168954
08:36:05.600,0.007094
08:36:05.700,-0.039799
08:36:05.800,-0.108425
08:36:05.900,0.2387
08:36:06.000,0.283184
08:36:06.100,0.223942
08:36:06.200,0.01457
08:36:06.300,0.041293
08:36:06.400,0.178924
08:36:06.500,-0.02889
08:36:06.600,0.064956
08:36:06.700,0.027266
08:36:06.800,0.230252
08:36:06.900,0.172359
08:36:07.000,-0.016557
08:36:07.100,0.183006
08:36:07.200,-0.000461
08:36:07.300,-0.065493
08:36:07.400,-0.03424
08:36:07.500,0.017689
08:36:07.600,-0.094206
08:36:07.700,-0.062114
08:36:07.800,-0.173206
08:36:07.900,-0.098698
08:36:08.000,0.028146
08:36:08.100,0.125057
08:36:08.200,0.109684
08:36:08.300,0.051581
08:36:08.400,-0.183513
08:36:08.500,-0.10332
08:36:08.600,-0.023693
08:36:08.700,0.11554
08:36:08.800,-0.066823
08:36:08.900,-0.146371
08:36:09.000,0.173795
08:36:09.100,-0.088192
08:36:09.200,-0.135344
08:36:09.300,0.02728
08:36:09.400,-0.006009
08:36:09.500,-0.060015
08:36:09.600,4.4e-05
08:36:09.700,-0.111113
08:36:09.800,-0.06139
08:36:09.900,-0.004336
08:36:10.000,-0.244303
08:36:10.100,0.114608
08:36:10.200,-0.164749
08:36:10.300,-0.112663
08:36:10.400,0.120018
08:36:10.500,0.068317
08:36:10.600,0.010479
08:36:10.700,-0.204983
08:36:10.800,-0.072682
08:36:10.900,-0.025939
08:36:11.000,-0.017222
08:36:11.100,0.13697
08:36:11.200,0.239315
08:36:11.300,0.073782
08:36:11.400,-0.064127
08:36:11.500,0.14573
08:36:11.600,-0.070748
08:36:11.700,-0.314843
08:36:11.800,-0.149944
08:36:11.900,-0.284631
08:36:12.000,-0.04606
08:36:12.100,-0.021394
08:36:12.200,-0.191121
08:36:12.300,-0.102494
08:36:12.400,-0.171163
08:36:12.500,-0.01524
08:36:12.600,-0.102418
08:36:12.700,0.121193
08:36:12.800,0.020362
08:36:12.900,0.192574
08:36:13.000,-0.054572
08:36:13.100,0.257324
08:36:13.200,0.000302
08:36:13.300,-0.063416
08:36:13.400,0.289048
08:36:13.500,-0.219421
08:36:13.600,-0.066321
08:36:13.700,-0.199806
08:36:13.800,-0.220593
08:36:13.900,-0.248056
08:36:14.000,0.074011
08:36:14.100,-0.159486
08:36:14.200,-0.030573
08:36:14.300,0.10703
08:36:14.400,0.055601
08:36:14.500,0.04967
08:36:14.600,0.145659
08:36:14.700,0.193132
08:36:14.800,-0.150208
08:36:14.900,0.057984
08:36:15.000,-0.032666
08:36:15.100,-0.017601
08:36:15.200,-0.181377
08:36:15.300,-0.063834
08:36:15.400,-0.050729
08:36:15.500,0.17163
08:36:15.600,-0.138636
08:36:15.700,-0.286255
08:36:15.800,-0.000732
08:36:15.900,-0.150812
08:36:16.000,-0.016749
08:36:16.100,0.079291
08:36:16.200,-0.011978
08:36:16.300,-0.051749
08:36:16.400,-0.018787
08:36:16.500,0.101688
08:36:16.600,-0.13856
08:36:16.700,0.087418
08:36:16.800,-0.120533
08:36:16.900,0.072248
08:36:17.000,-0.185171
08:36:17.100,0.065101
08:36:17.200,-0.012225
08:36:17.300,0.011587
08:36:17.400,0.115073
08:36:17.500,-0.098531
08:36:17.600,-0.003006
08:36:17.700,0.036396
08:36:17.800,-0.035881
08:36:17.900,0.086015
08:36:18.000,0.039579
08:36:18.100,-0.069591
08:36:18.200,0.151288
08:36:18.300,0.067428
08:36:18.400,-0.101108
08:36:18.500,-0.102311
08:36:18.600,-0.026342
08:36:18.700,0.053697
08:36:18.800,-0.265613
08:36:18.900,-0.096061
08:36:19.000,-0.069297
08:36:19.100,-0.172519
08:36:19.200,-0.122612
08:36:19.300,0.016476
08:36:19.400,-0.058669
08:36:19.500,-0.049239
08:36:19.600,-0.165437
08:36:19.700,-0.025622
08:36:19.800,-0.180488
08:36:19.900,0.175084
08:36:20.000,0.209199
08:36:20.100,-0.05678
08:36:20.200,-0.134693
08:36:20.300,0.102552
08:36:20.400,0.071084
08:36:20.500,0.224969
08:36:20.600,0.256929
08:36:20.700,-0.243217
08:36:20.800,0.139039
08:36:20.900,-0.026701
08:36:21.000,0.065891
08:36:21.100,0.093342
08:36:21.200,0.08831
08:36:21.300,0.120044
08:36:21.400,-0.067232
08:36:21.500,-0.114346
08:36:21.600,0.14243
08:36:21.700,-0.104607
08:36:21.800,0.223368
08:36:21.900,-0.091725
08:36:22.000,-0.0457
08:36:22.100,-0.022849
08:36:22.200,-0.184927
08:36:22.300,-0.184581
08:36:22.400,0.109444
08:36:22.500,-0.206405
08:36:22.600,0.30236
08:36:22.700,-0.011295
08:36:22.800,-0.123521
08:36:22.900,0.050426
08:36:23.000,-0.295429
08:36:23.100,-0.040028
08:36:23.200,-0.024641
08:36:23.300,-0.151945
08:36:23.400,-0.075814
08:36:23.500,0.183123
08:36:23.600,0.02199
08:36:23.700,0.047936
08:36:23.800,-0.094419
08:36:23.900,-0.158808
08:36:24.000,-0.028927
08:36:24.100,-0.294915
08:36:24.200,-0.131618
08:36:24.300,-0.1503
08:36:24.400,-0.244652
08:36:24.500,0.077906
08:36:24.600,-0.015661
08:36:24.700,-0.07436
08:36:24.800,0.080522
08:36:24.900,-0.197313
08:36:25.000,-0.161229
08:36:25.100,0.134079
08:36:25.200,0.273769
08:36:25.300,0.082107
08:36:25.400,0.056589
08:36:25.500,-0.069823
08:36:25.600,-0.067064
08:36:25.700,0.027272
08:36:25.800,0.164748
08:36:25.900,0.051185
08:36:26.000,0.114955
08:36:26.100,-0.109947
08:36:26.200,0.074031
08:36:26.300,-0.080561
08:36:26.400,0.016818
08:36:26.500,0.073899
08:36:26.600,-0.063748
08:36:26.700,-0.122049
08:36:26.800,0.043512
08:36:26.900,-0.016173
08:36:27.000,0.016336
08:36:27.100,0.078857
08:36:27.200,0.156874
08:36:27.300,0.079592
08:36:27.400,0.063833
08:36:27.500,-0.060045
08:36:27.600,-0.041621
08:36:27.700,0.05454
08:36:27.800,-0.04359
08:36:27.900,0.054043
08:36:28.000,-0.097874
08:36:28.100,0.231522
08:36:28.200,0.023241
08:36:28.300,0.015361
08:36:28.400,-0.057913
08:36:28.500,0.229562
08:36:28.600,-0.150395
08:36:28.700,-0.084362
08:36:28.800,0.102431
08:36:28.900,0.028759
08:36:29.000,-0.069212
08:36:29.100,-0.065771
08:36:29.200,-0.034907
08:36:29.300,0.012257
08:36:29.400,0.186436
08:36:29.500,0.072619
08:36:29.600,0.1228
08:36:29.700,-0.052113
08:36:29.800,0.061888
08:36:29.900,-0.186575
08:36:30.000,0.021856
08:36:30.100,0.014155
08:36:30.200,0.21857
08:36:30.300,0.18691
08:36:30.400,-0.031013
08:36:30.500,-0.098057
08:36:30.600,-0.094763
08:36:30.700,-0.035357
08:36:30.800,0.156209
08:36:30.900,0.049789
08:36:31.000,0.062161
08:36:31.100,0.097345
08:36:31.200,-0.119299
08:36:31.300,-0.085087
08:36:31.400,0.062428
08:36:31.500,-0.093471
08:36:31.600,-0.183169
08:36:31.700,-0.12991
08:36:31.800,0.126523
08:36:31.900,-0.04489
08:36:32.000,0.027102
08:36:32.100,-0.123903
08:36:32.200,0.045528
08:36:32.300,-0.032351
08:36:32.400,0.053544
08:36:32.500,-0.057346
08:36:32.600,0.060514
08:36:32.700,-0.063242
08:36:32.800,-0.009639
08:36:32.900,-0.032602
08:36:33.000,0.003149
08:36:33.100,0.033488
08:36:33.200,-0.059388
08:36:33.300,-0.014354
08:36:33.400,0.022378
08:36:33.500,0.060922
08:36:33.600,-0.00913
08:36:33.700,-0.106446
08:36:33.800,0.010375
08:36:33.900,0.080441
08:36:34.000,-0.159976
08:36:34.100,-0.158576
08:36:34.200,-0.079465
08:36:34.300,-0.02308
08:36:34.400,-0.26363
08:36:34.500,0.068891
08:36:34.600,-0.021904
08:36:34.700,-0.282132
08:36:34.800,-0.13358
08:36:34.900,-0.03607
08:36:35.000,-0.212704
08:36:35.100,0.116455
08:36:35.200,0.02242
08:36:35.300,0.081383
08:36:35.400,-0.123482
08:36:35.500,0.049365
08:36:35.600,-0.079277
08:36:35.700,-0.023096
08:36:35.800,0.04234
08:36:35.900,-0.008408
08:36:36.000,0.09701
08:36:36.100,0.016689
08:36:36.200,-0.055575
08:36:36.300,0.101146
08:36:36.400,0.126438
08:36:36.500,0.010512
08:36:36.600,0.160333
08:36:36.700,-0.028253
08:36:36.800,-0.015352
08:36:36.900,0.000525
08:36:37.000,-0.015576
08:36:37.100,-0.037265
08:36:37.200,-0.085783
08:36:37.300,-0.119295
08:36:37.400,0.013291
08:36:37.500,0.143801
08:36:37.600,0.097704
08:36:37.700,0.04657
08:36:37.800,0.1499
08:36:37.900,0.00231
08:36:38.000,-0.118658
08:36:38.100,-0.041934
08:36:38.200,-0.007279
08:36:38.300,-0.061491
08:36:38.400,0.073208
08:36:38.500,0.112265
08:36:38.600,-0.207855
08:36:38.700,-0.017455
08:36:38.800,-0.348375
08:36:38.900,-0.010989
08:36:39.000,-0.01233
08:36:39.100,0.213145
08:36:39.200,0.177151
08:36:39.300,0.111882
08:36:39.400,-0.115169
08:36:39.500,-0.122101
08:36:39.600,-0.131526
08:36:39.700,0.183194
08:36:39.800,-0.109253
08:36:39.900,-0.046268
08:36:40.000,-0.107972
08:36:40.100,-0.150981
08:36:40.200,0.039914
08:36:40.300,0.018401
08:36:40.400,-0.266947
08:36:40.500,-0.156232
08:36:40.600,0.030623
08:36:40.700,-0.008666
08:36:40.800,-0.048112
08:36:40.900,0.072681
08:36:41.000,-0.173164
08:36:41.100,-0.071399
08:36:41.200,0.062164
08:36:41.300,-0.077915
08:36:41.400,0.037506
08:36:41.500,-0.137548
08:36:41.600,-0.098862
08:36:41.700,-0.213864
08:36:41.800,-0.246855
08:36:41.900,-0.057114
08:36:42.000,0.054003
08:36:42.100,-0.013776
08:36:42.200,0.139234
08:36:42.300,-0.047136
08:36:42.400,-0.254417
08:36:42.500,0.041303
08:36:42.600,-0.129423
08:36:42.700,0.015106
08:36:42.800,-0.274258
08:36:42.900,-0.033006
08:36:43.000,0.084323
08:36:43.100,0.069658
08:36:43.200,-0.030089
08:36:43.300,-0.00616
08:36:43.400,-0.059662
08:36:43.500,-0.035796
08:36:43.600,0.075213
08:36:43.700,-0.089987
08:36:43.800,-0.078228
08:36:43.900,-0.189546
08:36:44.000,0.077604
08:36:44.100,-0.038383
08:36:44.200,-0.151553
08:36:44.300,0.098682
08:36:44.400,-0.012125
08:36:44.500,-0.095616
08:36:44.600,0.100574
08:36:44.700,-0.047513
08:36:44.800,-0.194865
08:36:44.900,0.108481
08:36:45.000,-0.107343
08:36:45.100,0.355884
08:36:45.200,-0.060021
08:36:45.300,-0.248396
08:36:45.400,0.203989
08:36:45.500,-0.013292
08:36:45.600,0.024178
08:36:45.700,0.039285
08:36:45.800,-0.169805
08:36:45.900,-0.26653
08:36:46.000,0.227925
08:36:46.100,-0.194128
08:36:46.200,0.190039
08:36:46.300,0.056654
08:36:46.400,0.014505
08:36:46.500,-0.062698
08:36:46.600,0.270553
08:36:46.700,-0.089639
08:36:46.800,-0.086287
08:36:46.900,0.074261
08:36:47.000,-0.087243
08:36:47.100,-0.127862
08:36:47.200,-0.013359
08:36:47.300,0.076138
08:36:47.400,0.219178
08:36:47.500,0.243653
08:36:47.600,-0.22124
08:36:47.700,0.118772
08:36:47.800,-0.124405
08:36:47.900,-0.118421
08:36:48.000,-0.071043
08:36:48.100,-0.078685
08:36:48.200,-0.134654
08:36:48.300,-0.285324
08:36:48.400,0.167376
08:36:48.500,0.101623
08:36:48.600,-0.008137
08:36:48.700,-0.122259
08:36:48.800,0.142076
08:36:48.900,-0.013759
08:36:49.000,-0.075152
08:36:49.100,-0.203432
08:36:49.200,0.058463
08:36:49.300,-0.046248
08:36:49.400,0.025222
08:36:49.500,0.014121
08:36:49.600,0.070172
08:36:49.700,0.019995
08:36:49.800,-0.042665
08:36:49.900,0.060494
08:36:50.000,0.10805
08:36:50.100,0.179518
08:36:50.200,-0.140508
08:36:50.300,0.127423
08:36:50.400,-0.19658
08:36:50.500,0.115718
08:36:50.600,-0.076879
08:36:50.700,0.094981
08:36:50.800,0.173116
08:36:50.900,0.021517
08:36:51.000,-0.005681
08:36:51.100,-0.011808
08:36:51.200,-0.05647
08:36:51.300,0.134929
08:36:51.400,-0.012933
08:36:51.500,-0.26103
08:36:51.600,0.1061
08:36:51.700,0.099797
08:36:51.800,0.005174
08:36:51.900,-0.094586
08:36:52.000,-0.139226
08:36:52.100,-0.094242
08:36:52.200,0.023858
08:36:52.300,-0.221225
08:36:52.400,0.05093
08:36:52.500,0.008707
08:36:52.600,0.154473
08:36:52.700,0.08415
08:36:52.800,-0.086767
08:36:52.900,-0.202907
08:36:53.000,-0.098547
08:36:53.100,0.165748
08:36:53.200,0.035324
08:36:53.300,0.071681
08:36:53.400,-0.075502
08:36:53.500,0.058172
08:36:53.600,-0.18242
08:36:53.700,0.112224
08:36:53.800,-0.138651
08:36:53.900,-0.23693
08:36:54.000,0.27148
08:36:54.100,0.016186
08:36:54.200,0.012865
08:36:54.300,-0.224395
08:36:54.400,0.074707
08:36:54.500,0.106322
08:36:54.600,-0.023915
08:36:54.700,0.106789
08:36:54.800,0.140461
08:36:54.900,0.063087
08:36:55.000,-0.259947
08:36:55.100,-0.138193
08:36:55.200,0.202428
08:36:55.300,0.009886
08:36:55.400,0.010426
08:36:55.500,-0.099799
08:36:55.600,-0.076497
08:36:55.700,0.143118
08:36:55.800,0.179817
08:36:55.900,0.095665
08:36:56.000,0.066189
08:36:56.100,0.075195
08:36:56.200,-0.008445
08:36:56.300,-0.144439
08:36:56.400,-0.170376
08:36:56.500,0.157772
08:36:56.600,-0.003951
08:36:56.700,0.057248
08:36:56.800,0.025291
08:36:56.900,0.031379
08:36:57.000,0.041394
08:36:57.100,0.083688
08:36:57.200,-0.092107
08:36:57.300,0.141889
08:36:57.400,-0.088528
08:36:57.500,0.028736
08:36:57.600,-0.141959
08:36:57.700,-0.019996
08:36:57.800,-0.07918
08:36:57.900,0.002906
08:36:58.000,0.088248
08:36:58.100,0.009126
08:36:58.200,0.235303
08:36:58.300,0.09551
08:36:58.400,-0.027414
08:36:58.500,-0.010333
08:36:58.600,0.045332
08:36:58.700,0.084519
08:36:58.800,-0.148086
08:36:58.900,0.076398
08:36:59.000,-0.144971
08:36:59.100,0.064782
08:36:59.200,0.132012
08:36:59.300,0.035968
08:36:59.400,-0.279089
08:36:59.500,-0.213883
08:36:59.600,0.067526
08:36:59.700,-0.294451
08:36:59.800,0.073185
08:36:59.900,0.118179
08:37:00.000,0.136221
08:37:00.100,-0.028977
08:37:00.200,0.052621
08:37:00.300,0.025067
08:37:00.400,-0.17674
08:37:00.500,0.089402
08:37:00.600,0.166857
08:37:00.700,0.082728
08:37:00.800,-0.060336
08:37:00.900,0.088794
08:37:01.000,0.155716
08:37:01.100,0.139949
08:37:01.200,0.123225
08:37:01.300,-0.191023
08:37:01.400,0.047786
08:37:01.500,0.077477
08:37:01.600,0.124639
08:37:01.700,0.061875
08:37:01.800,0.186234
08:37:01.900,-0.219341
08:37:02.000,0.067002
08:37:02.100,0.05748
08:37:02.200,0.108326
08:37:02.300,0.185055
08:37:02.400,-0.106594
08:37:02.500,0.181025
08:37:02.600,0.097788
08:37:02.700,-0.02246
08:37:02.800,-0.109055
08:37:02.900,0.023558
08:37:03.000,0.034281
08:37:03.100,0.040942
08:37:03.200,-0.075234
08:37:03.300,0.073121
08:37:03.400,-0.048665
08:37:03.500,0.145989
08:37:03.600,0.205225
08:37:03.700,-0.097512
08:37:03.800,0.007187
08:37:03.900,0.11666
08:37:04.000,0.033106
08:37:04.100,-0.162303
08:37:04.200,0.103776
08:37:04.300,-0.072693
08:37:04.400,0.024056
08:37:04.500,-0.119285
08:37:04.600,0.095352
08:37:04.700,-0.050525
08:37:04.800,0.108051
08:37:04.900,-0.025786
08:37:05.000,-0.057748
08:37:05.100,0.049468
08:37:05.200,-0.128925
08:37:05.300,0.215788
08:37:05.400,0.022274
08:37:05.500,-0.067951
08:37:05.600,-0.047921
08:37:05.700,0.002109
08:37:05.800,0.119499
08:37:05.900,-0.107342
08:37:06.000,-0.044254
08:37:06.100,-0.005941
08:37:06.200,0.185097
08:37:06.300,0.119897
08:37:06.400,0.190821
08:37:06.500,0.003724
08:37:06.600,0.171931
08:37:06.700,0.152073
08:37:06.800,0.083611
08:37:06.900,0.09324
08:37:07.000,-0.071349
08:37:07.100,0.219396
08:37:07.200,-0.029418
08:37:07.300,0.067164
08:37:07.400,0.081204
08:37:07.500,-0.164561
08:37:07.600,-0.006132
08:37:07.700,0.024405
08:37:07.800,-0.013606
08:37:07.900,-0.004708
08:37:08.000,0.179122
08:37:08.100,-0.099257
08:37:08.200,-0.152251
08:37:08.300,-0.070379
08:37:08.400,0.08931
08:37:08.500,0.101001
08:37:08.600,0.072721
08:37:08.700,0.109417
08:37:08.800,0.030725
08:37:08.900,-0.062162
08:37:09.000,-0.113419
08:37:09.100,-0.151454
08:37:09.200,-0.027261
08:37:09.300,0.094601
08:37:09.400,0.028429
08:37:09.500,0.002754
08:37:09.600,-0.126645
08:37:09.700,0.309512
08:37:09.800,-0.099055
08:37:09.900,0.014473
08:37:10.000,0.120362
08:37:10.100,0.00508
08:37:10.200,-0.096833
08:37:10.300,0.097039
08:37:10.400,-0.160747
08:37:10.500,0.209046
08:37:10.600,0.033868
08:37:10.700,-0.030409
08:37:10.800,-0.169966
08:37:10.900,-0.138237
08:37:11.000,-0.006251
08:37:11.100,0.22713
08:37:11.200,0.027957
08:37:11.300,0.041647
08:37:11.400,0.046333
08:37:11.500,0.283685
08:37:11.600,-0.052967
08:37:11.700,0.187856
08:37:11.800,-0.047829
08:37:11.900,-0.084434
08:37:12.000,-0.009553
08:37:12.100,-0.010145
08:37:12.200,0.067442
08:37:12.300,-0.278878
08:37:12.400,0.017743
08:37:12.500,-0.07185
08:37:12.600,-0.086874
08:37:12.700,-0.155493
08:37:12.800,-0.043776
08:37:12.900,-0.061993
08:37:13.000,-0.051196
08:37:13.100,-0.196633
08:37:13.200,0.011778
08:37:13.300,-0.094995
08:37:13.400,-0.196204
08:37:13.500,-0.065779
08:37:13.600,-0.092889
08:37:13.700,0.004936
08:37:13.800,-0.067381
08:37:13.900,-0.173945
08:37:14.000,-0.106602
08:37:14.100,-0.207198
08:37:14.200,0.136455
08:37:14.300,0.155743
08:37:14.400,0.17027
08:37:14.500,-0.070782
08:37:14.600,0.155653
08:37:14.700,0.04884
08:37:14.800,-0.098659
08:37:14.900,-0.075422
08:37:15.000,-0.020638
08:37:15.100,0.012294
08:37:15.200,0.043549
08:37:15.300,-0.000214
08:37:15.400,-0.041822
08:37:15.500,0.162251
08:37:15.600,-0.013654
08:37:15.700,-0.020523
08:37:15.800,-0.026073
08:37:15.900,-0.013584
08:37:16.000,-0.163491
08:37:16.100,-0.120372
08:37:16.200,0.293518
08:37:16.300,-0.19805
08:37:16.400,0.032613
08:37:16.500,0.041103
08:37:16.600,0.121527
08:37:16.700,0.044014
08:37:16.800,0.226904
08:37:16.900,0.028758
08:37:17.000,0.161743
08:37:17.100,0.124797
08:37:17.200,0.185039
08:37:17.300,0.002981
08:37:17.400,0.047747
08:37:17.500,-0.044301
08:37:17.600,0.01917
08:37:17.700,0.025798
08:37:17.800,-0.249289
08:37:17.900,-0.017177
08:37:18.000,0.106785
08:37:18.100,-0.162023
08:37:18.200,-0.118361
08:37:18.300,0.138678
08:37:18.400,0.161175
08:37:18.500,-0.074492
08:37:18.600,0.020878
08:37:18.700,-0.009366
08:37:18.800,0.141237
08:37:18.900,-0.064002
08:37:19.000,-0.045438
08:37:19.100,0.160892
08:37:19.200,-0.1204
08:37:19.300,-0.059755
08:37:19.400,0.015948
08:37:19.500,0.182852
08:37:19.600,-0.143215
08:37:19.700,-0.08527
08:37:19.800,0.071106
08:37:19.900,0.089634
08:37:20.000,0.025387
08:37:20.100,-0.014007
08:37:20.200,0.015558
08:37:20.300,-0.180872
08:37:20.400,0.012171
08:37:20.500,0.177855
08:37:20.600,-0.158418
08:37:20.700,-0.094086
08:37:20.800,-0.047625
08:37:20.900,-0.040071
08:37:21.000,0.220964
08:37:21.100,-0.111829
08:37:21.200,-0.135805
08:37:21.300,0.092529
08:37:21.400,-0.077623
08:37:21.500,0.094521
08:37:21.600,-0.023647
08:37:21.700,0.055082
08:37:21.800,-0.188145
08:37:21.900,0.054679
08:37:22.000,0.026136
08:37:22.100,-0.030646
08:37:22.200,-0.147929
08:37:22.300,0.02602
08:37:22.400,0.086886
08:37:22.500,-0.063738
08:37:22.600,-0.061379
08:37:22.700,0.095267
08:37:22.800,0.205227
08:37:22.900,0.112754
08:37:23.000,0.027536
08:37:23.100,-0.029187
08:37:23.200,-0.0033
08:37:23.300,-0.159059
08:37:23.400,-0.018526
08:37:23.500,0.134386
08:37:23.600,0.004756
08:37:23.700,-0.07506
08:37:23.800,-0.08616
08:37:23.900,-0.003812
08:37:24.000,-0.148156
08:37:24.100,-0.109027
08:37:24.200,0.183938
08:37:24.300,-0.124332
08:37:24.400,-0.096185
08:37:24.500,0.034961
08:37:24.600,-0.053012
08:37:24.700,0.010636
08:37:24.800,0.103545
08:37:24.900,-0.18565
08:37:25.000,0.09051
08:37:25.100,-0.069887
08:37:25.200,-0.034329
08:37:25.300,0.230651
08:37:25.400,-0.168315
08:37:25.500,0.070884
08:37:25.600,0.135364
08:37:25.700,-0.082024
08:37:25.800,-0.080127
08:37:25.900,-0.04424
08:37:26.000,-0.082735
08:37:26.100,0.007977
08:37:26.200,0.107113
08:37:26.300,-0.043588
08:37:26.400,0.111427
08:37:26.500,0.168121
08:37:26.600,0.051727
08:37:26.700,0.063058
08:37:26.800,-0.071275
08:37:26.900,-0.314756
08:37:27.000,0.070285
08:37:27.100,0.095577
08:37:27.200,0.029093
08:37:27.300,0.109172
08:37:27.400,-0.065792
08:37:27.500,0.062222
08:37:27.600,0.176657
08:37:27.700,0.07988
08:37:27.800,0.161131
08:37:27.900,0.161899
08:37:28.000,-0.146566
08:37:28.100,0.086302
08:37:28.200,-0.075835
08:37:28.300,-0.132898
08:37:28.400,-0.034279
08:37:28.500,0.210499
08:37:28.600,-0.065256
08:37:28.700,-0.210986
08:37:28.800,-0.173353
08:37:28.900,0.057406
08:37:29.000,-0.091059
08:37:29.100,-0.245182
08:37:29.200,-0.168614
08:37:29.300,0.02003
08:37:29.400,0.093538
08:37:29.500,-0.053486
08:37:29.600,0.077877
08:37:29.700,0.109792
08:37:29.800,-0.094045
08:37:29.900,-0.014546
08:37:30.000,-0.072058
08:37:30.100,0.064666
08:37:30.200,-0.073468
08:37:30.300,-0.145581
08:37:30.400,0.00631
08:37:30.500,0.133241
08:37:30.600,0.061269
08:37:30.700,0.12082
08:37:30.800,0.110283
08:37:30.900,0.005058
08:37:31.000,-0.071699
08:37:31.100,-0.104368
08:37:31.200,-0.190393
08:37:31.300,0.142746
08:37:31.400,-0.039673
08:37:31.500,-0.204572
08:37:31.600,0.148119
08:37:31.700,0.011312
08:37:31.800,0.116132
08:37:31.900,-0.031385
08:37:32.000,-0.095193
08:37:32.100,0.05349
08:37:32.200,0.063436
08:37:32.300,-0.033588
08:37:32.400,0.157623
08:37:32.500,0.113456
08:37:32.600,0.067772
08:37:32.700,-0.133197
08:37:32.800,-0.150103
08:37:32.900,0.143882
08:37:33.000,-0.262601
08:37:33.100,-0.010918
08:37:33.200,0.017597
08:37:33.300,-0.058766
08:37:33.400,-0.004239
08:37:33.500,0.050436
08:37:33.600,-0.070466
08:37:33.700,0.105769
08:37:33.800,0.069897
08:37:33.900,-0.021595
08:37:34.000,-0.099172
08:37:34.100,-0.010879
08:37:34.200,0.25328
08:37:34.300,-0.090891
08:37:34.400,0.183694
08:37:34.500,-0.210622
08:37:34.600,-0.103294
08:37:34.700,-0.065116
08:37:34.800,0.113891
08:37:34.900,0.006643
08:37:35.000,0.157209
08:37:35.100,-0.039917
08:37:35.200,-0.006463
08:37:35.300,-0.039442
08:37:35.400,0.243168
08:37:35.500,-0.134429
08:37:35.600,-0.060984
08:37:35.700,-0.117355
08:37:35.800,0.068797
08:37:35.900,-0.136921
08:37:36.000,0.218658
08:37:36.100,0.009682
08:37:36.200,0.049486
08:37:36.300,0.055572
08:37:36.400,-0.002407
08:37:36.500,0.0146
08:37:36.600,0.010168
08:37:36.700,0.062309
08:37:36.800,-0.098684
08:37:36.900,-0.119049
08:37:37.000,0.098516
08:37:37.100,-0.00023
08:37:37.200,-0.240774
08:37:37.300,-0.057023
08:37:37.400,0.183597
08:37:37.500,-0.019245
08:37:37.600,-0.063719
08:37:37.700,-0.179375
08:37:37.800,-0.06814
08:37:37.900,-0.13965
08:37:38.000,0.051505
08:37:38.100,0.005915
08:37:38.200,-0.043616
08:37:38.300,-0.091466
08:37:38.400,0.183173
08:37:38.500,-0.084638
08:37:38.600,-0.084192
08:37:38.700,-0.029156
08:37:38.800,-0.012374
08:37:38.900,0.057846
08:37:39.000,0.111653
08:37:39.100,0.102669
08:37:39.200,0.291587
08:37:39.300,-0.203145
08:37:39.400,0.027702
08:37:39.500,-0.062461
08:37:39.600,0.241171
08:37:39.700,0.021072
08:37:39.800,-0.243561
08:37:39.900,0.052106
08:37:40.000,0.03202
08:37:40.100,0.090929
08:37:40.200,-0.086824
08:37:40.300,0.039339
08:37:40.400,-0.032458
08:37:40.500,-0.080563
08:37:40.600,0.041127
08:37:40.700,0.018334
08:37:40.800,0.126006
08:37:40.900,0.003239
08:37:41.000,0.072468
08:37:41.100,-0.144892
08:37:41.200,0.167342
08:37:41.300,-0.093264
08:37:41.400,0.108352
08:37:41.500,0.031574
08:37:41.600,0.016359
08:37:41.700,0.091241
08:37:41.800,-0.256798
08:37:41.900,-0.068823
08:37:42.000,0.089536
08:37:42.100,0.230651
08:37:42.200,-0.002923
08:37:42.300,-0.292516
08:37:42.400,-0.038066
08:37:42.500,-0.007218
08:37:42.600,0.133135
08:37:42.700,0.005801
08:37:42.800,-0.153207
08:37:42.900,0.11562
08:37:43.000,0.068198
08:37:43.100,-0.083891
08:37:43.200,0.086385
08:37:43.300,-0.065594
08:37:43.400,-0.035785
08:37:43.500,-0.063563
08:37:43.600,-0.037193
08:37:43.700,0.108811
08:37:43.800,-0.214294
08:37:43.900,0.132496
08:37:44.000,0.021159
08:37:44.100,-0.04681
08:37:44.200,0.002492
08:37:44.300,-0.109077
08:37:44.400,-0.195807
08:37:44.500,-0.105693
08:37:44.600,-0.227459
08:37:44.700,-0.162317
08:37:44.800,-0.19473
08:37:44.900,0.146858
08:37:45.000,-0.154105
08:37:45.100,-0.00495
08:37:45.200,0.134008
08:37:45.300,0.102011
08:37:45.400,-0.035416
08:37:45.500,-0.034869
08:37:45.600,0.021618
08:37:45.700,0.253467
08:37:45.800,0.049566
08:37:45.900,0.080186
08:37:46.000,0.271968
08:37:46.100,0.033339
08:37:46.200,0.137743
08:37:46.300,0.057327
08:37:46.400,0.055579
08:37:46.500,-0.115601
08:37:46.600,-0.135498
08:37:46.700,-0.061478
08:37:46.800,0.105832
08:37:46.900,0.100136
08:37:47.000,0.159982
08:37:47.100,-0.001332
08:37:47.200,0.064529
08:37:47.300,0.065039
08:37:47.400,-0.012899
08:37:47.500,-0.038584
08:37:47.600,-0.1782
08:37:47.700,-0.018304
08:37:47.800,-0.01248
08:37:47.900,0.136126
08:37:48.000,0.147959
08:37:48.100,0.017486
08:37:48.200,0.247606
08:37:48.300,0.022798
08:37:48.400,0.12395
08:37:48.500,-0.012009
08:37:48.600,-0.136818
08:37:48.700,-0.051026
08:37:48.800,0.176886
08:37:48.900,-0.031704
08:37:49.000,-0.05598
08:37:49.100,-0.000488
08:37:49.200,-0.04674
08:37:49.300,0.143251
08:37:49.400,0.226255
08:37:49.500,0.000712
08:37:49.600,0.064855
08:37:49.700,0.116625
08:37:49.800,0.013026
08:37:49.900,-0.105349
08:37:50.000,-0.049133
08:37:50.100,0.049443
08:37:50.200,0.047257
08:37:50.300,-0.215063
08:37:50.400,-0.052395
08:37:50.500,-0.088441
08:37:50.600,0.105875
08:37:50.700,-0.083789
08:37:50.800,-0.055338
08:37:50.900,-0.059531
08:37:51.000,0.09496
08:37:51.100,0.116261
08:37:51.200,0.059229
08:37:51.300,0.132769
08:37:51.400,0.14825
08:37:51.500,-0.217237
08:37:51.600,0.071029
08:37:51.700,-0.044376
08:37:51.800,-0.15081
08:37:51.900,-0.038368
08:37:52.000,0.087703
08:37:52.100,0.17463
08:37:52.200,-0.161412
08:37:52.300,0.07421
08:37:52.400,0.235875
08:37:52.500,0.21969
08:37:52.600,-0.414397
08:37:52.700,0.261466
08:37:52.800,0.115325
08:37:52.900,-0.276886
08:37:53.000,-0.091879
08:37:53.100,0.150932
08:37:53.200,0.043234
08:37:53.300,-0.068875
08:37:53.400,0.007976
08:37:53.500,0.06551
08:37:53.600,-0.069512
08:37:53.700,-0.015254
08:37:53.800,0.10763
08:37:53.900,-0.084098
08:37:54.000,-0.162839
08:37:54.100,-0.076477
08:37:54.200,-0.106669
08:37:54.300,-0.072584
08:37:54.400,-0.207295
08:37:54.500,0.028275
08:37:54.600,0.104112
08:37:54.700,-0.097407
08:37:54.800,-0.078236
08:37:54.900,-0.022486
08:37:55.000,-0.109357
08:37:55.100,0.118054
08:37:55.200,-0.106639
08:37:55.300,-0.063108
08:37:55.400,-0.091592
08:37:55.500,0.120897
08:37:55.600,-0.027729
08:37:55.700,0.239173
08:37:55.800,0.042452
08:37:55.900,0.139012
08:37:56.000,-0.038913
08:37:56.100,-0.113114
08:37:56.200,-0.003979
08:37:56.300,-0.081485
08:37:56.400,-0.239824
08:37:56.500,0.121622
08:37:56.600,0.003929
08:37:56.700,-0.084036
08:37:56.800,0.045153
08:37:56.900,0.005632
08:37:57.000,0.169175
08:37:57.100,0.051938
08:37:57.200,-0.01883
08:37:57.300,0.083211
08:37:57.400,-0.004316
08:37:57.500,0.02206
08:37:57.600,0.14714
08:37:57.700,-0.140229
08:37:57.800,-0.103593
08:37:57.900,-0.050323
08:37:58.000,-0.032763
08:37:58.100,0.138785
08:37:58.200,-0.169764
08:37:58.300,-0.00354
08:37:58.400,-0.066093
08:37:58.500,0.204058
08:37:58.600,0.106062
08:37:58.700,0.028643
08:37:58.800,0.116261
08:37:58.900,-0.158333
08:37:59.000,0.243301
08:37:59.100,-0.101022
08:37:59.200,0.150834
08:37:59.300,0.066198
08:37:59.400,0.031719
08:37:59.500,0.145827
08:37:59.600,0.11959
08:37:59.700,0.012886
08:37:59.800,-0.050592
08:37:59.900,0.014763
08:38:00.000,-0.012337
08:38:00.100,0.042479
08:38:00.200,0.122471
08:38:00.300,0.056228
08:38:00.400,0.022184
08:38:00.500,-0.078476
08:38:00.600,0.038959
08:38:00.700,-0.203512
08:38:00.800,-0.095701
08:38:00.900,0.072749
08:38:01.000,0.106222
08:38:01.100,-0.00248
08:38:01.200,0.024119
08:38:01.300,0.044431
08:38:01.400,0.081772
08:38:01.500,-0.024169
08:38:01.600,-0.117955
08:38:01.700,0.046461
08:38:01.800,0.234997
08:38:01.900,-0.110694
08:38:02.000,-0.01523
08:38:02.100,-0.04635
08:38:02.200,0.289584
08:38:02.300,-0.115287
08:38:02.400,-0.019255
08:38:02.500,-0.043762
08:38:02.600,-0.150522
08:38:02.700,-0.157039
08:38:02.800,0.068206
08:38:02.900,0.085038
08:38:03.000,-0.06714
08:38:03.100,0.16908
08:38:03.200,-0.270098
08:38:03.300,-0.151017
08:38:03.400,-0.098966
08:38:03.500,-0.001074
08:38:03.600,-0.054109
08:38:03.700,-0.024126
08:38:03.800,0.058207
08:38:03.900,0.174848
08:38:04.000,0.096292
08:38:04.100,0.006738
08:38:04.200,-0.009617
08:38:04.300,0.132169
08:38:04.400,0.226108
08:38:04.500,0.076595
08:38:04.600,-0.058813
08:38:04.700,0.031107
08:38:04.800,0.069637
08:38:04.900,-0.066617
08:38:05.000,0.103891
08:38:05.100,0.031685
08:38:05.200,0.139759
08:38:05.300,-0.117209
08:38:05.400,-0.208977
08:38:05.500,-0.04713
08:38:05.600,0.002848
08:38:05.700,-0.216108
08:38:05.800,-0.073015
08:38:05.900,0.154027
08:38:06.000,0.063994
08:38:06.100,0.016587
08:38:06.200,-0.126694
08:38:06.300,0.150034
08:38:06.400,-0.050081
08:38:06.500,0.011399
08:38:06.600,0.048888
08:38:06.700,0.02055
08:38:06.800,0.179013
08:38:06.900,0.069014
08:38:07.000,0.040601
08:38:07.100,-0.010372
08:38:07.200,0.051829
08:38:07.300,-0.0252
08:38:07.400,0.022725
08:38:07.500,-0.041006
08:38:07.600,-0.059932
08:38:07.700,-0.109927
08:38:07.800,-0.032543
08:38:07.900,-0.040415
08:38:08.000,0.219525
08:38:08.100,0.119053
08:38:08.200,-0.016083
08:38:08.300,-0.050797
08:38:08.400,0.073807
08:38:08.500,0.233074
08:38:08.600,0.095587
08:38:08.700,-0.206406
08:38:08.800,0.10358
08:38:08.900,0.124838
08:38:09.000,0.263909
08:38:09.100,-0.029802
08:38:09.200,0.016628
08:38:09.300,0.054029
08:38:09.400,-0.091677
08:38:09.500,-0.102549
08:38:09.600,0.047923
08:38:09.700,-0.185163
08:38:09.800,-0.158043
08:38:09.900,0.097881
08:38:10.000,0.059741
08:38:10.100,0.149969
08:38:10.200,0.055588
08:38:10.300,0.001251
08:38:10.400,0.154688
08:38:10.500,-0.050744
08:38:10.600,-0.040001
08:38:10.700,-0.007742
08:38:10.800,0.054056
08:38:10.900,-0.007995
08:38:11.000,-0.178206
08:38:11.100,-0.031991
08:38:11.200,-0.003787
08:38:11.300,0.013778
08:38:11.400,-0.053928
08:38:11.500,0.060674
08:38:11.600,-0.193263
08:38:11.700,0.049891
08:38:11.800,0.215143
08:38:11.900,-0.072817
08:38:12.000,0.006913
08:38:12.100,-0.029643
08:38:12.200,-0.02762
08:38:12.300,-0.123416
08:38:12.400,0.238987
08:38:12.500,0.046294
08:38:12.600,-0.080496
08:38:12.700,-0.094158
08:38:12.800,0.00738
08:38:12.900,-0.260121
08:38:13.000,0.126339
08:38:13.100,-0.061662
08:38:13.200,0.046655
08:38:13.300,0.052272
08:38:13.400,0.115836
08:38:13.500,0.059115
08:38:13.600,0.089181
08:38:13.700,0.122288
08:38:13.800,-0.03963
08:38:13.900,0.258166
08:38:14.000,0.042345
08:38:14.100,-0.003358
08:38:14.200,-0.100933
08:38:14.300,-0.024846
08:38:14.400,0.048223
08:38:14.500,0.011433
08:38:14.600,0.219294
08:38:14.700,-0.046798
08:38:14.800,0.081517
08:38:14.900,-0.135066
08:38:15.000,0.261985
08:38:15.100,-0.143236
08:38:15.200,0.248914
08:38:15.300,-0.016301
08:38:15.400,-0.268146
08:38:15.500,0.162245
08:38:15.600,0.009879
08:38:15.700,-0.054413
08:38:15.800,0.077002
08:38:15.900,0.079729
08:38:16.000,0.04975
08:38:16.100,0.136205
08:38:16.200,0.030306
08:38:16.300,0.077967
08:38:16.400,-0.062612
08:38:16.500,0.091868
08:38:16.600,-0.062088
08:38:16.700,-0.134945
08:38:16.800,-0.024751
08:38:16.900,-0.033094
08:38:17.000,0.11133
08:38:17.100,-0.174384
08:38:17.200,0.131236
08:38:17.300,-0.074757
08:38:17.400,-0.295787
08:38:17.500,-0.144887
08:38:17.600,-0.036904
08:38:17.700,0.053307
08:38:17.800,-0.015996
08:38:17.900,-0.145145
08:38:18.000,-0.093424
08:38:18.100,-0.143143
08:38:18.200,0.031051
08:38:18.300,-0.010871
08:38:18.400,0.073653
08:38:18.500,-0.212424
08:38:18.600,-0.064078
08:38:18.700,0.243456
08:38:18.800,0.076924
08:38:18.900,-0.035533
08:38:19.000,-0.118482
08:38:19.100,0.13293
08:38:19.200,0.183921
08:38:19.300,-0.13784
08:38:19.400,-0.126488
08:38:19.500,0.033456
08:38:19.600,0.044674
08:38:19.700,0.057933
08:38:19.800,0.221204
08:38:19.900,-0.116579
08:38:20.000,0.004783
08:38:20.100,0.086543
08:38:20.200,0.08525
08:38:20.300,-0.077738
08:38:20.400,-0.072999
08:38:20.500,-0.055107
08:38:20.600,0.204415
08:38:20.700,-0.117417
08:38:20.800,-0.038917
08:38:20.900,0.093054
08:38:21.000,-0.130657
08:38:21.100,0.030962
08:38:21.200,-0.227944
08:38:21.300,0.023112
08:38:21.400,0.006285
08:38:21.500,0.019633
08:38:21.600,-0.104272
08:38:21.700,0.027327
08:38:21.800,-0.004686
08:38:21.900,0.155894
08:38:22.000,0.076541
08:38:22.100,-0.173878
08:38:22.200,-0.09991
08:38:22.300,-0.073963
08:38:22.400,0.021646
08:38:22.500,-0.020294
08:38:22.600,-0.020791
08:38:22.700,0.338128
08:38:22.800,-0.061548
08:38:22.900,0.166904
08:38:23.000,-0.017683
08:38:23.100,-0.261423
08:38:23.200,0.022959
08:38:23.300,0.134308
08:38:23.400,0.076014
08:38:23.500,0.030738
08:38:23.600,0.002847
08:38:23.700,-0.059359
08:38:23.800,0.107548
08:38:23.900,-0.052104
08:38:24.000,-0.07684
08:38:24.100,0.049276
08:38:24.200,-0.036009
08:38:24.300,0.153704
08:38:24.400,0.056074
08:38:24.500,-0.093356
08:38:24.600,-0.137367
08:38:24.700,-0.068831
08:38:24.800,0.280555
08:38:24.900,-0.028509
08:38:25.000,0.090993
08:38:25.100,-0.156678
08:38:25.200,-0.12997
08:38:25.300,-0.022612
08:38:25.400,0.204132
08:38:25.500,-0.154888
08:38:25.600,-0.075568
08:38:25.700,0.108203
08:38:25.800,0.191111
08:38:25.900,0.052488
08:38:26.000,0.081104
08:38:26.100,-0.107631
08:38:26.200,-0.15875
08:38:26.300,-0.137499
08:38:26.400,-0.104803
08:38:26.500,0.027072
08:38:26.600,-0.146357
08:38:26.700,0.030048
08:38:26.800,-0.037822
08:38:26.900,-0.067502
08:38:27.000,0.106205
08:38:27.100,-0.115084
08:38:27.200,0.172285
08:38:27.300,0.099701
08:38:27.400,-0.118812
08:38:27.500,0.144268
08:38:27.600,-0.132988
08:38:27.700,0.15517
08:38:27.800,0.039952
08:38:27.900,-0.189495
08:38:28.000,-0.155445
08:38:28.100,-0.048597
08:38:28.200,0.104135
08:38:28.300,-0.020483
08:38:28.400,-0.023474
08:38:28.500,0.00482
08:38:28.600,-0.23941
08:38:28.700,0.098907
08:38:28.800,0.160759
08:38:28.900,0.094723
08:38:29.000,-0.050818
08:38:29.100,-0.106205
08:38:29.200,-0.129832
08:38:29.300,-0.135977
08:38:29.400,0.271748
08:38:29.500,-0.009459
08:38:29.600,0.108562
08:38:29.700,0.101957
08:38:29.800,0.017113
08:38:29.900,-0.111799
08:38:30.000,0.062243
08:38:30.100,-0.129903
08:38:30.200,0.072277
08:38:30.300,-0.124425
08:38:30.400,-0.052339
08:38:30.500,-0.05254
08:38:30.600,0.167874
08:38:30.700,-0.292091
08:38:30.800,0.279694
08:38:30.900,-0.096709
08:38:31.000,-0.014803
08:38:31.100,0.049597
08:38:31.200,0.039314
08:38:31.300,0.101236
08:38:31.400,0.073245
08:38:31.500,0.244439
08:38:31.600,0.087791
08:38:31.700,-0.014083
08:38:31.800,-0.066362
08:38:31.900,-0.069462
08:38:32.000,0.155189
08:38:32.100,0.210624
08:38:32.200,0.120492
08:38:32.300,-0.379731
08:38:32.400,-0.269658
08:38:32.500,-0.000907
08:38:32.600,-0.020003
08:38:32.700,0.002389
08:38:32.800,0.150209
08:38:32.900,0.144227
08:38:33.000,0.02099
08:38:33.100,-0.182866
08:38:33.200,-0.147505
08:38:33.300,0.008091
08:38:33.400,0.050019
08:38:33.500,-0.146077
08:38:33.600,0.079263
08:38:33.700,-0.210285
08:38:33.800,-0.319579
08:38:33.900,-0.105015
08:38:34.000,0.164768
08:38:34.100,0.182674
08:38:34.200,-0.191393
08:38:34.300,-0.182218
08:38:34.400,0.091312
08:38:34.500,-0.052883
08:38:34.600,0.163965
08:38:34.700,0.089359
08:38:34.800,0.109967
08:38:34.900,-0.098626
08:38:35.000,0.053257
08:38:35.100,0.241966
08:38:35.200,0.01707
08:38:35.300,-0.0054
08:38:35.400,-0.052283
08:38:35.500,-0.192232
08:38:35.600,-0.131873
08:38:35.700,-0.107019
08:38:35.800,-0.197316
08:38:35.900,-0.185218
08:38:36.000,-0.293782
08:38:36.100,-0.093901
08:38:36.200,0.08103
08:38:36.300,-0.037982
08:38:36.400,-0.037438
08:38:36.500,0.092013
08:38:36.600,0.202676
08:38:36.700,0.2728
08:38:36.800,0.017341
08:38:36.900,-0.033816
08:38:37.000,-0.049569
08:38:37.100,0.070944
08:38:37.200,-0.018757
08:38:37.300,-0.018328
08:38:37.400,-0.010376
08:38:37.500,-0.113056
08:38:37.600,-0.279864
08:38:37.700,-0.080308
08:38:37.800,0.174898
08:38:37.900,0.169257
08:38:38.000,0.112774
08:38:38.100,-0.059247
08:38:38.200,-0.094862
08:38:38.300,0.194952
08:38:38.400,-0.129976
08:38:38.500,0.004728
08:38:38.600,0.202739
08:38:38.700,0.014874
08:38:38.800,-0.035217
08:38:38.900,0.139181
08:38:39.000,0.008641
08:38:39.100,0.023541
08:38:39.200,0.181766
08:38:39.300,-0.305391
08:38:39.400,0.043061
08:38:39.500,-0.091958
08:38:39.600,-0.024867
08:38:39.700,0.013555
08:38:39.800,-0.081056
08:38:39.900,0.027423
08:38:40.000,0.046244
08:38:40.100,0.024415
08:38:40.200,0.01337
08:38:40.300,-0.014112
08:38:40.400,-0.011752
08:38:40.500,0.009527
08:38:40.600,-0.11309
08:38:40.700,0.152414
08:38:40.800,-0.010934
08:38:40.900,-0.048405
08:38:41.000,0.047501
08:38:41.100,-0.013763
08:38:41.200,0.149115
08:38:41.300,0.107362
08:38:41.400,0.011153
08:38:41.500,0.11267
08:38:41.600,0.028232
08:38:41.700,-0.138493
08:38:41.800,0.106784
08:38:41.900,-0.228054
08:38:42.000,-0.422023
08:38:42.100,0.08376
08:38:42.200,0.053227
08:38:42.300,0.04521
08:38:42.400,0.166747
08:38:42.500,-0.002966
08:38:42.600,-0.04539
08:38:42.700,0.095597
08:38:42.800,-0.085655
08:38:42.900,-0.028573
08:38:43.000,0.030309
08:38:43.100,0.039905
08:38:43.200,-0.039963
08:38:43.300,-0.058858
08:38:43.400,-0.13439
08:38:43.500,-0.094461
08:38:43.600,0.218291
08:38:43.700,-0.031869
08:38:43.800,0.02271
08:38:43.900,-0.178953
08:38:44.000,0.307585
08:38:44.100,-0.103376
08:38:44.200,-0.141009
08:38:44.300,-0.007342
08:38:44.400,-0.107098
08:38:44.500,0.043798
08:38:44.600,-0.181397
08:38:44.700,0.136446
08:38:44.800,0.112783
08:38:44.900,-0.014242
08:38:45.000,-0.198662
08:38:45.100,-0.09747
08:38:45.200,0.007503
08:38:45.300,-0.145261
08:38:45.400,-0.125739
08:38:45.500,0.125916
08:38:45.600,0.01859
08:38:45.700,0.0148
08:38:45.800,0.063295
08:38:45.900,-0.019659
08:38:46.000,-0.007141
08:38:46.100,0.054718
08:38:46.200,0.097078
08:38:46.300,0.059772
08:38:46.400,0.175247
08:38:46.500,0.002956
08:38:46.600,-0.161661
08:38:46.700,0.130592
08:38:46.800,-0.02941
08:38:46.900,-0.092243
08:38:47.000,0.085482
08:38:47.100,0.044493
08:38:47.200,-0.15345
08:38:47.300,0.080476
08:38:47.400,0.224918
08:38:47.500,0.038834
08:38:47.600,-0.030742
08:38:47.700,-0.200311
08:38:47.800,0.246146
08:38:47.900,-0.062035
08:38:48.000,-0.168959
08:38:48.100,0.013301
08:38:48.200,0.12099
08:38:48.300,0.14831
08:38:48.400,-0.080666
08:38:48.500,-0.011823
08:38:48.600,5e-05
08:38:48.700,0.117187
08:38:48.800,0.07114
08:38:48.900,0.032475
08:38:49.000,0.109779
08:38:49.100,-0.163448
08:38:49.200,0.050505
08:38:49.300,0.026592
08:38:49.400,-0.006001
08:38:49.500,-0.029961
08:38:49.600,0.016098
08:38:49.700,-0.068423
08:38:49.800,0.327275
08:38:49.900,0.163077
08:38:50.000,0.131149
08:38:50.100,-0.063561
08:38:50.200,-0.114863
08:38:50.300,-0.025434
08:38:50.400,0.013699
08:38:50.500,-0.173807
08:38:50.600,0.057597
08:38:50.700,0.129858
08:38:50.800,-0.268281
08:38:50.900,-0.108044
08:38:51.000,0.14734
08:38:51.100,0.044876
08:38:51.200,-0.103959
08:38:51.300,0.088243
08:38:51.400,-0.071306
08:38:51.500,-0.028335
08:38:51.600,-0.136665
08:38:51.700,0.00203
08:38:51.800,0.122183
08:38:51.900,-0.057301
08:38:52.000,0.077455
08:38:52.100,-0.005989
08:38:52.200,0.129481
08:38:52.300,-0.055564
08:38:52.400,0.186602
08:38:52.500,0.081791
08:38:52.600,0.029282
08:38:52.700,0.033661
08:38:52.800,-0.055798
08:38:52.900,-0.063521
08:38:53.000,0.031463
08:38:53.100,-0.143848
08:38:53.200,-0.072203
08:38:53.300,-0.112471
08:38:53.400,0.068619
08:38:53.500,0.070443
08:38:53.600,0.152139
08:38:53.700,-0.040158
08:38:53.800,-0.096932
08:38:53.900,-0.176316
08:38:54.000,0.032514
08:38:54.100,0.167615
08:38:54.200,-0.008953
08:38:54.300,0.003196
08:38:54.400,-0.000746
08:38:54.500,0.030481
08:38:54.600,0.119646
08:38:54.700,0.230303
08:38:54.800,0.059797
08:38:54.900,0.067713
08:38:55.000,-0.028712
08:38:55.100,-0.012937
08:38:55.200,-0.014557
08:38:55.300,-0.043938
08:38:55.400,0.015303
08:38:55.500,0.074985
08:38:55.600,0.007627
08:38:55.700,-0.033662
08:38:55.800,0.01512
08:38:55.900,-0.115183
08:38:56.000,0.096401
08:38:56.100,-0.049579
08:38:56.200,-0.138596
08:38:56.300,0.055409
08:38:56.400,0.061366
08:38:56.500,-0.103192
08:38:56.600,0.074828
08:38:56.700,0.076068
08:38:56.800,0.236986
08:38:56.900,-0.028203
08:38:57.000,-0.006525
08:38:57.100,-0.072816
08:38:57.200,0.059241
08:38:57.300,-0.000553
08:38:57.400,0.118551
08:38:57.500,-0.052074
08:38:57.600,0.056623
08:38:57.700,-0.028541
08:38:57.800,-0.221098
08:38:57.900,0.075365
08:38:58.000,-0.209766
08:38:58.100,-0.019138
08:38:58.200,-0.017264
08:38:58.300,-0.001004
08:38:58.400,0.005677
08:38:58.500,0.004496
08:38:58.600,0.043569
08:38:58.700,-0.013048
08:38:58.800,0.313884
08:38:58.900,-0.041087
08:38:59.000,-0.146713
08:38:59.100,-0.169202
08:38:59.200,0.078991
08:38:59.300,-0.190996
08:38:59.400,-0.14517
08:38:59.500,-0.162451
08:38:59.600,0.054857
08:38:59.700,0.159685
08:38:59.800,-0.113274
08:38:59.900,0.050645
08:39:00.000,-0.316433
08:39:00.100,-0.089369
08:39:00.200,0.072297
08:39:00.300,-0.037477
08:39:00.400,0.119283
08:39:00.500,-0.267983
08:39:00.600,-0.088197
08:39:00.700,0.05433
08:39:00.800,0.052823
08:39:00.900,0.062032
08:39:01.000,0.024901
08:39:01.100,-0.137295
08:39:01.200,-0.093494
08:39:01.300,0.277966
08:39:01.400,-0.151125
08:39:01.500,-0.169869
08:39:01.600,0.081587
08:39:01.700,-0.127112
08:39:01.800,0.215066
08:39:01.900,0.328134
08:39:02.000,-0.028913
08:39:02.100,0.037134
08:39:02.200,-0.218959
08:39:02.300,0.123793
08:39:02.400,-0.268636
08:39:02.500,-0.160744
08:39:02.600,0.014231
08:39:02.700,0.065719
08:39:02.800,-0.178068
08:39:02.900,-0.065104
08:39:03.000,-0.199389
08:39:03.100,-0.038043
08:39:03.200,-0.096091
08:39:03.300,-0.076284
08:39:03.400,0.078146
08:39:03.500,0.033788
08:39:03.600,0.067342
08:39:03.700,-0.015504
08:39:03.800,0.086032
08:39:03.900,-0.004212
08:39:04.000,-0.058966
08:39:04.100,0.068468
08:39:04.200,-0.050811
08:39:04.300,-0.039539
08:39:04.400,0.128192
08:39:04.500,0.116891
08:39:04.600,-0.035657
08:39:04.700,0.104743
08:39:04.800,-0.153381
08:39:04.900,-0.034961
08:39:05.000,-0.090216
08:39:05.100,-0.00021
08:39:05.200,0.08815
08:39:05.300,0.066681
08:39:05.400,0.050356
08:39:05.500,0.016499
08:39:05.600,-0.019124
08:39:05.700,0.144142
08:39:05.800,-0.185583
08:39:05.900,-0.080012
08:39:06.000,0.049354
08:39:06.100,0.183346
08:39:06.200,-0.0415
08:39:06.300,-0.031312
08:39:06.400,-0.15479
08:39:06.500,-0.064982
08:39:06.600,0.084988
08:39:06.700,0.189515
08:39:06.800,-0.035194
08:39:06.900,-0.095877
08:39:07.000,0.00837
08:39:07.100,-0.193762
08:39:07.200,0.14827
08:39:07.300,-0.147688
08:39:07.400,0.037655
08:39:07.500,0.035879
08:39:07.600,0.075329
08:39:07.700,0.030671
08:39:07.800,0.000326
08:39:07.900,0.051432
08:39:08.000,0.100163
08:39:08.100,0.215575
08:39:08.200,-0.132302
08:39:08.300,-0.220686
08:39:08.400,-0.185627
08:39:08.500,-0.217593
08:39:08.600,-0.143962
08:39:08.700,-0.159194
08:39:08.800,-0.049964
08:39:08.900,0.102615
08:39:09.000,0.075178
08:39:09.100,-0.074668
08:39:09.200,-0.064303
08:39:09.300,0.241293
08:39:09.400,0.071374
08:39:09.500,0.020725
08:39:09.600,0.01458
08:39:09.700,-0.03471
08:39:09.800,0.240377
08:39:09.900,-0.022782
08:39:10.000,0.017915
08:39:10.100,-0.197858
08:39:10.200,-0.076364
08:39:10.300,-0.066086
08:39:10.400,0.058355
08:39:10.500,-0.093026
08:39:10.600,0.005797
08:39:10.700,-0.072763
08:39:10.800,-0.132077
08:39:10.900,-0.136955
08:39:11.000,-0.020808
08:39:11.100,0.012368
08:39:11.200,-0.023247
08:39:11.300,-0.099944
08:39:11.400,-0.016531
08:39:11.500,-0.038725
08:39:11.600,-0.125024
08:39:11.700,0.00997
08:39:11.800,0.217239
08:39:11.900,-0.01795
08:39:12.000,-0.17533
08:39:12.100,0.176225
08:39:12.200,0.150855
08:39:12.300,0.171903
08:39:12.400,-0.005066
08:39:12.500,-0.094027
08:39:12.600,-0.107163
08:39:12.700,0.136947
08:39:12.800,0.192705
08:39:12.900,-0.110445
08:39:13.000,-0.302413
08:39:13.100,-0.002134
08:39:13.200,-0.108511
08:39:13.300,-0.084872
08:39:13.400,-0.028586
08:39:13.500,0.049185
08:39:13.600,-0.093716
08:39:13.700,0.016329
08:39:13.800,-0.015139
08:39:13.900,-0.276642
08:39:14.000,0.065397
08:39:14.100,-0.054121
08:39:14.200,-0.151664
08:39:14.300,-0.08712
08:39:14.400,0.024356
08:39:14.500,0.005548
08:39:14.600,0.077332
08:39:14.700,0.05239
08:39:14.800,-0.140592
08:39:14.900,-0.354517
08:39:15.000,0.014509
08:39:15.100,0.075714
08:39:15.200,-0.024293
08:39:15.300,0.079273
08:39:15.400,-0.120197
08:39:15.500,-0.041522
08:39:15.600,-0.110469
08:39:15.700,0.083676
08:39:15.800,-0.109248
08:39:15.900,0.247182
08:39:16.000,-0.060239
08:39:16.100,0.095782
08:39:16.200,-0.058697
08:39:16.300,0.160515
08:39:16.400,0.155941
08:39:16.500,-0.038852
08:39:16.600,0.032964
08:39:16.700,0.152875
08:39:16.800,0.03652
08:39:16.900,-0.110487
08:39:17.000,0.008408
08:39:17.100,-0.089787
08:39:17.200,0.018119
08:39:17.300,-0.094497
08:39:17.400,0.044737
08:39:17.500,-0.214655
08:39:17.600,-0.134638
08:39:17.700,-0.095187
08:39:17.800,-0.019226
08:39:17.900,-0.18145
08:39:18.000,-0.106015
08:39:18.100,0.093375
08:39:18.200,0.10766
08:39:18.300,-0.304035
08:39:18.400,-0.070409
08:39:18.500,0.15298
08:39:18.600,0.046325
08:39:18.700,0.048882
08:39:18.800,0.067698
08:39:18.900,-0.115072
08:39:19.000,0.025684
08:39:19.100,0.056608
08:39:19.200,0.01285
08:39:19.300,-0.047236
08:39:19.400,-0.00577
08:39:19.500,-0.136817
08:39:19.600,0.073699
08:39:19.700,-0.17224
08:39:19.800,-0.097951
08:39:19.900,0.081814
08:39:20.000,0.034831
08:39:20.100,-0.058098
08:39:20.200,-0.205495
08:39:20.300,-0.005536
08:39:20.400,-0.075621
08:39:20.500,0.05765
08:39:20.600,-0.061995
08:39:20.700,-0.21008
08:39:20.800,-0.166048
08:39:20.900,-0.051239
08:39:21.000,0.013052
08:39:21.100,-0.139666
08:39:21.200,-0.091018
08:39:21.300,0.095097
08:39:21.400,0.133157
08:39:21.500,0.03323
08:39:21.600,-0.034204
08:39:21.700,-0.07457
08:39:21.800,0.064707
08:39:21.900,-0.037964
08:39:22.000,0.110415
08:39:22.100,0.116722
08:39:22.200,0.049209
08:39:22.300,-0.059714
08:39:22.400,-0.050446
08:39:22.500,-0.197244
08:39:22.600,-0.006319
08:39:22.700,-0.010043
08:39:22.800,-0.165303
08:39:22.900,0.283698
08:39:23.000,0.06675
08:39:23.100,-0.100853
08:39:23.200,0.246503
08:39:23.300,-0.059526
08:39:23.400,0.099641
08:39:23.500,0.010516
08:39:23.600,-0.055411
08:39:23.700,-0.040433
08:39:23.800,0.172398
08:39:23.900,0.105148
08:39:24.000,-0.014689
08:39:24.100,-0.246039
08:39:24.200,0.036531
08:39:24.300,-0.149577
08:39:24.400,0.064631
08:39:24.500,-0.085686
08:39:24.600,-0.073131
08:39:24.700,-0.07657
08:39:24.800,0.122462
08:39:24.900,-0.211952
08:39:25.000,0.088531
08:39:25.100,0.041076
08:39:25.200,-0.008716
08:39:25.300,-0.053766
08:39:25.400,0.058378
08:39:25.500,-0.052803
08:39:25.600,-0.053889
08:39:25.700,0.00765
08:39:25.800,0.206371
08:39:25.900,-0.181545
08:39:26.000,0.060085
08:39:26.100,-0.017165
08:39:26.200,-0.026471
08:39:26.300,-0.183237
08:39:26.400,-0.210694
08:39:26.500,0.040792
08:39:26.600,-0.152321
08:39:26.700,0.121964
08:39:26.800,-0.121903
08:39:26.900,0.066117
08:39:27.000,-0.069126
08:39:27.100,-0.07488
08:39:27.200,-0.109663
08:39:27.300,0.052418
08:39:27.400,0.085869
08:39:27.500,-0.037864
08:39:27.600,0.070945
08:39:27.700,0.001513
08:39:27.800,-0.160107
08:39:27.900,0.045424
08:39:28.000,-0.036064
08:39:28.100,-0.313716
08:39:28.200,-0.046893
08:39:28.300,-0.20322
08:39:28.400,-0.147785
08:39:28.500,-0.029874
08:39:28.600,-0.009026
08:39:28.700,-0.100206
08:39:28.800,0.063276
08:39:28.900,-0.013743
08:39:29.000,-0.050877
08:39:29.100,0.005209
08:39:29.200,0.144607
08:39:29.300,-0.258038
08:39:29.400,0.155943
08:39:29.500,-0.073997
08:39:29.600,-0.093471
08:39:29.700,-0.048261
08:39:29.800,-0.106404
08:39:29.900,-0.124845
08:39:30.000,0.101619
08:39:30.100,0.019162
08:39:30.200,-0.230123
08:39:30.300,0.080893
08:39:30.400,0.063413
08:39:30.500,-0.178151
08:39:30.600,0.021631
08:39:30.700,0.074455
08:39:30.800,-0.192516
08:39:30.900,0.034234
08:39:31.000,-0.081012
08:39:31.100,0.065063
08:39:31.200,-0.112038
08:39:31.300,0.125069
08:39:31.400,-0.029224
08:39:31.500,-0.073787
08:39:31.600,-0.086702
08:39:31.700,0.104882
08:39:31.800,-0.08678
08:39:31.900,0.127254
08:39:32.000,0.02561
08:39:32.100,-0.166273
08:39:32.200,0.003118
08:39:32.300,0.005623
08:39:32.400,-0.170179
08:39:32.500,0.000994
08:39:32.600,0.065062
08:39:32.700,0.135378
08:39:32.800,0.13012
08:39:32.900,0.286684
08:39:33.000,7e-05
08:39:33.100,0.066456
08:39:33.200,-0.072748
08:39:33.300,0.226108
08:39:33.400,-0.106912
08:39:33.500,0.220708
08:39:33.600,0.205312
08:39:33.700,-0.094187
08:39:33.800,0.124359
08:39:33.900,0.054808
08:39:34.000,-0.049438
08:39:34.100,-0.016297
08:39:34.200,0.031857
08:39:34.300,0.043277
08:39:34.400,0.179303
08:39:34.500,0.068547
08:39:34.600,-0.092384
08:39:34.700,0.089234
08:39:34.800,-0.209719
08:39:34.900,-0.04639
08:39:35.000,-0.034838
08:39:35.100,0.078998
08:39:35.200,0.212496
08:39:35.300,0.026123
08:39:35.400,-0.043364
08:39:35.500,-0.083794
08:39:35.600,0.100205
08:39:35.700,-0.02338
08:39:35.800,-0.060384
08:39:35.900,0.114154
08:39:36.000,0.140313
08:39:36.100,-0.115123
08:39:36.200,-0.17959
08:39:36.300,-0.011734
08:39:36.400,-0.136829
08:39:36.500,-0.153247
08:39:36.600,-0.124879
08:39:36.700,0.125584
08:39:36.800,0.078046
08:39:36.900,0.294897
08:39:37.000,-0.077035
08:39:37.100,0.15958
08:39:37.200,0.059227
08:39:37.300,-0.066766
08:39:37.400,-0.017601
08:39:37.500,-0.067337
08:39:37.600,0.031047
08:39:37.700,0.118404
08:39:37.800,-0.044229
08:39:37.900,0.101806
08:39:38.000,0.152548
08:39:38.100,0.17927
08:39:38.200,-0.140753
08:39:38.300,-0.005898
08:39:38.400,0.085132
08:39:38.500,-0.130408
08:39:38.600,-0.157149
08:39:38.700,-0.003169
08:39:38.800,-0.049556
08:39:38.900,-0.020681
08:39:39.000,-0.056562
08:39:39.100,0.259187
08:39:39.200,-0.055398
08:39:39.300,0.070276
08:39:39.400,0.062232
08:39:39.500,-0.202658
08:39:39.600,0.175934
08:39:39.700,0.075096
08:39:39.800,0.018834
08:39:39.900,0.126892
08:39:40.000,-0.005734
08:39:40.100,0.105832
08:39:40.200,-0.225147
08:39:40.300,0.098103
08:39:40.400,0.022036
08:39:40.500,0.023912
08:39:40.600,-0.101074
08:39:40.700,-0.026259
08:39:40.800,-0.029774
08:39:40.900,-0.136695
08:39:41.000,0.042996
08:39:41.100,0.188781
08:39:41.200,-0.170555
08:39:41.300,0.058829
08:39:41.400,-0.050453
08:39:41.500,-0.064309
08:39:41.600,0.008972
08:39:41.700,0.01079
08:39:41.800,0.022161
08:39:41.900,-0.135704
08:39:42.000,0.130791
08:39:42.100,0.009737
08:39:42.200,0.071259
08:39:42.300,0.145752
08:39:42.400,-0.230534
08:39:42.500,0.075655
08:39:42.600,-0.019702
08:39:42.700,0.122265
08:39:42.800,-0.09616
08:39:42.900,0.112242
08:39:43.000,-0.126601
08:39:43.100,0.048266
08:39:43.200,0.034111
08:39:43.300,-0.018651
08:39:43.400,-0.12385
08:39:43.500,-0.044244
08:39:43.600,0.110744
08:39:43.700,0.178533
08:39:43.800,0.234499
08:39:43.900,0.063215
08:39:44.000,0.030171
08:39:44.100,0.053871
08:39:44.200,0.231422
08:39:44.300,0.062475
08:39:44.400,0.010464
08:39:44.500,-0.033037
08:39:44.600,-0.019175
08:39:44.700,0.046368
08:39:44.800,-0.090173
08:39:44.900,-0.075173
08:39:45.000,-0.007659
08:39:45.100,-0.05423
08:39:45.200,0.071578
08:39:45.300,0.080871
08:39:45.400,0.031502
08:39:45.500,0.058787
08:39:45.600,0.014111
08:39:45.700,-0.455071
08:39:45.800,-0.105104
08:39:45.900,0.084881
08:39:46.000,-0.100658
08:39:46.100,0.10265
08:39:46.200,0.109395
08:39:46.300,-0.031859
08:39:46.400,-0.070865
08:39:46.500,0.001151
08:39:46.600,-0.005281
08:39:46.700,0.07524
08:39:46.800,-0.280933
08:39:46.900,-0.088088
08:39:47.000,-0.121488
08:39:47.100,-0.302196
08:39:47.200,-0.059378
08:39:47.300,-0.179952
08:39:47.400,-0.046498
08:39:47.500,-0.058555
08:39:47.600,0.054406
08:39:47.700,-0.03002
08:39:47.800,-0.202976
08:39:47.900,0.041585
08:39:48.000,0.290387
08:39:48.100,0.12901
08:39:48.200,0.081508
08:39:48.300,-0.023455
08:39:48.400,-0.058909
08:39:48.500,-0.067234
08:39:48.600,0.028877
08:39:48.700,-0.136312
08:39:48.800,0.026442
08:39:48.900,-0.079636
08:39:49.000,-0.205736
08:39:49.100,-0.081329
08:39:49.200,0.150144
08:39:49.300,0.016605
08:39:49.400,-0.426301
08:39:49.500,-0.080835
08:39:49.600,0.108391
08:39:49.700,-0.035804
08:39:49.800,0.062855
08:39:49.900,-0.047435
08:39:50.000,0.022073
08:39:50.100,0.004235
08:39:50.200,-0.077506
08:39:50.300,0.068578
08:39:50.400,0.183785
08:39:50.500,0.046157
08:39:50.600,0.012475
08:39:50.700,-0.101181
08:39:50.800,0.112585
08:39:50.900,-0.061326
08:39:51.000,0.067282
08:39:51.100,0.091404
08:39:51.200,0.118501
08:39:51.300,0.120735
08:39:51.400,0.116395
08:39:51.500,-0.150747
08:39:51.600,-0.103089
08:39:51.700,-0.164697
08:39:51.800,-0.172778
08:39:51.900,0.183037
08:39:52.000,-0.118311
08:39:52.100,-0.135184
08:39:52.200,-0.006704
08:39:52.300,-0.089517
08:39:52.400,0.271428
08:39:52.500,-0.032811
08:39:52.600,0.053421
08:39:52.700,-0.093657
08:39:52.800,-0.199444
08:39:52.900,-0.087446
08:39:53.000,-0.086157
08:39:53.100,-0.086998
08:39:53.200,-0.192007
08:39:53.300,0.016329
08:39:53.400,-0.040416
08:39:53.500,-0.18503
08:39:53.600,0.012753
08:39:53.700,0.091468
08:39:53.800,0.143728
08:39:53.900,-0.290435
08:39:54.000,-0.087708
08:39:54.100,-0.164493
08:39:54.200,-0.078278
08:39:54.300,0.166626
08:39:54.400,-0.087266
08:39:54.500,-0.057005
08:39:54.600,-0.099489
08:39:54.700,0.195112
08:39:54.800,-0.275972
08:39:54.900,-0.066764
08:39:55.000,-0.103873
08:39:55.100,-0.206541
08:39:55.200,0.132266
08:39:55.300,-0.216372
08:39:55.400,-0.055134
08:39:55.500,-0.009448
08:39:55.600,-0.090111
08:39:55.700,-0.208112
08:39:55.800,-0.020191
08:39:55.900,-0.09142
08:39:56.000,0.097038
08:39:56.100,0.061933
08:39:56.200,0.233313
08:39:56.300,0.013197
08:39:56.400,0.07071
08:39:56.500,-0.043072
08:39:56.600,0.205408
08:39:56.700,0.001232
08:39:56.800,-0.012306
08:39:56.900,0.064869
08:39:57.000,-0.077395
08:39:57.100,-0.059954
08:39:57.200,0.064783
08:39:57.300,0.087868
08:39:57.400,0.071648
08:39:57.500,-0.009622
08:39:57.600,0.032451
08:39:57.700,0.115251
08:39:57.800,-0.131277
08:39:57.900,0.000167
08:39:58.000,-0.349368
08:39:58.100,0.088828
08:39:58.200,-0.093914
08:39:58.300,-0.090727
08:39:58.400,-0.014628
08:39:58.500,0.074293
08:39:58.600,0.28702
08:39:58.700,-0.186364
08:39:58.800,-0.101941
08:39:58.900,0.027442
08:39:59.000,-0.087207
08:39:59.100,0.100313
08:39:59.200,-0.020135
08:39:59.300,0.106237
08:39:59.400,-0.029819
08:39:59.500,0.065386
08:39:59.600,-0.114856
08:39:59.700,0.232491
08:39:59.800,-0.203959
08:39:59.900,-0.084932
08:40:00.000,-0.497134
08:40:00.100,0.389609
08:40:00.200,0.405176
08:40:00.300,-0.108572
08:40:00.400,0.76044
08:40:00.500,0.250485
08:40:00.600,0.701873
08:40:00.700,0.84145
08:40:00.800,0.580035
08:40:00.900,1.009831
08:40:01.000,0.649562
08:40:01.100,0.809939
08:40:01.200,0.569796
08:40:01.300,-0.030173
08:40:01.400,0.523075
08:40:01.500,0.189192
08:40:01.600,0.898744
08:40:01.700,-0.159668
08:40:01.800,0.645068
08:40:01.900,0.046934
08:40:02.000,0.142171
08:40:02.100,-0.592475
08:40:02.200,-0.324388
08:40:02.300,-0.55041
08:40:02.400,0.324685
08:40:02.500,-0.736246
08:40:02.600,-0.16263
08:40:02.700,-0.215127
08:40:02.800,-0.266994
08:40:02.900,-0.899238
08:40:03.000,-0.068286
08:40:03.100,0.012882
08:40:03.200,-0.537249
08:40:03.300,-0.786594
08:40:03.400,-0.867538
08:40:03.500,-0.329859
08:40:03.600,-0.388734
08:40:03.700,-0.253843
08:40:03.800,-0.688066
08:40:03.900,-0.097972
08:40:04.000,0.400347
08:40:04.100,0.394819
08:40:04.200,0.071369
08:40:04.300,0.279629
08:40:04.400,-0.102468
08:40:04.500,0.262136
08:40:04.600,0.447302
08:40:04.700,0.845397
08:40:04.800,0.418518
08:40:04.900,0.328787
08:40:05.000,0.965188
08:40:05.100,0.54347
08:40:05.200,0.372109
08:40:05.300,0.908049
08:40:05.400,0.726886
08:40:05.500,0.42236
08:40:05.600,0.288501
08:40:05.700,0.450628
08:40:05.800,0.40488
08:40:05.900,0.182623
08:40:06.000,0.042224
08:40:06.100,-0.321823
08:40:06.200,-0.407658
08:40:06.300,-0.377932
08:40:06.400,-0.747835
08:40:06.500,-0.872292
08:40:06.600,-0.597718
08:40:06.700,-0.277399
08:40:06.800,-1.391258
08:40:06.900,-0.828385
08:40:07.000,-0.604619
08:40:07.100,-0.316075
08:40:07.200,-0.035775
08:40:07.300,-0.713947
08:40:07.400,0.124071
08:40:07.500,-0.335527
08:40:07.600,-0.12647
08:40:07.700,-0.690675
08:40:07.800,-0.057622
08:40:07.900,0.205693
08:40:08.000,-0.241274
08:40:08.100,-0.802459
08:40:08.200,0.268464
08:40:08.300,0.242566
08:40:08.400,0.881938
08:40:08.500,0.306566
08:40:08.600,0.319558
08:40:08.700,0.213707
08:40:08.800,0.44521
08:40:08.900,1.624816
08:40:09.000,0.144672
08:40:09.100,0.22403
08:40:09.200,0.646734
08:40:09.300,1.314802
08:40:09.400,0.825853
08:40:09.500,1.03829
08:40:09.600,0.276681
08:40:09.700,-0.168743
08:40:09.800,0.059086
08:40:09.900,0.065858
08:40:10.000,0.003835
08:40:10.100,-0.184399
08:40:10.200,-0.009555
08:40:10.300,-0.566964
08:40:10.400,-0.735955
08:40:10.500,-0.916591
08:40:10.600,-0.494553
08:40:10.700,-0.586692
08:40:10.800,-0.283742
08:40:10.900,-0.149935
08:40:11.000,-1.122581
08:40:11.100,-0.683149
08:40:11.200,-0.737614
08:40:11.300,-1.16156
08:40:11.400,-0.751171
08:40:11.500,0.053341
08:40:11.600,-0.632896
08:40:11.700,-0.597438
08:40:11.800,-0.23453
08:40:11.900,0.209588
08:40:12.000,-0.106637
08:40:12.100,0.154194
08:40:12.200,-0.583298
08:40:12.300,0.518107
08:40:12.400,0.488846
08:40:12.500,0.804613
08:40:12.600,-0.087357
08:40:12.700,0.517835
08:40:12.800,1.003203
08:40:12.900,0.496454
08:40:13.000,0.717869
08:40:13.100,0.548013
08:40:13.200,0.530946
08:40:13.300,1.032201
08:40:13.400,0.068125
08:40:13.500,0.477378
08:40:13.600,0.499566
08:40:13.700,0.646129
08:40:13.800,0.173628
08:40:13.900,0.448612
08:40:14.000,-0.019121
08:40:14.100,-0.067664
08:40:14.200,-0.187843
08:40:14.300,-0.088446
08:40:14.400,-0.221844
08:40:14.500,-0.884545
08:40:14.600,-0.490354
08:40:14.700,-0.434473
08:40:14.800,-0.154134
08:40:14.900,-1.044412
08:40:15.000,-0.511544
08:40:15.100,-0.813141
08:40:15.200,-0.598589
08:40:15.300,-0.999429
08:40:15.400,-0.570996
08:40:15.500,-0.383351
08:40:15.600,-0.750994
08:40:15.700,0.189273
08:40:15.800,-0.75679
08:40:15.900,0.078641
08:40:16.000,-0.849954
08:40:16.100,0.02026
08:40:16.200,0.384185
08:40:16.300,0.567213
08:40:16.400,0.374569
08:40:16.500,0.410406
08:40:16.600,0.764917
08:40:16.700,0.956436
08:40:16.800,1.148604
08:40:16.900,0.239597
08:40:17.000,0.629774
08:40:17.100,-0.076354
08:40:17.200,0.187114
08:40:17.300,0.377263
08:40:17.400,0.869066
08:40:17.500,0.326662
08:40:17.600,0.310312
08:40:17.700,0.422804
08:40:17.800,-0.018385
08:40:17.900,-0.588632
08:40:18.000,-0.261074
08:40:18.100,-0.151757
08:40:18.200,-0.05235
08:40:18.300,-0.390029
08:40:18.400,-0.253308
08:40:18.500,-0.171328
08:40:18.600,-0.174115
08:40:18.700,-0.563396
08:40:18.800,-1.063746
08:40:18.900,-1.127137
08:40:19.000,-1.103154
08:40:19.100,-1.067592
08:40:19.200,-0.630948
08:40:19.300,0.0369
08:40:19.400,-0.492145
08:40:19.500,-0.524373
08:40:19.600,-0.074788
08:40:19.700,-0.607791
08:40:19.800,0.1484
08:40:19.900,0.229266
08:40:20.000,0.020649
08:40:20.100,0.842315
08:40:20.200,0.606643
08:40:20.300,0.33368
08:40:20.400,0.361171
08:40:20.500,0.343806
08:40:20.600,0.520553
08:40:20.700,0.588075
08:40:20.800,0.553918
08:40:20.900,0.616492
08:40:21.000,0.282627
08:40:21.100,0.492533
08:40:21.200,0.106699
08:40:21.300,0.768756
08:40:21.400,0.594332
08:40:21.500,0.45207
08:40:21.600,0.721631
08:40:21.700,0.015553
08:40:21.800,-0.032478
08:40:21.900,-0.40892
08:40:22.000,0.358057
08:40:22.100,0.102432
08:40:22.200,0.249043
08:40:22.300,0.236106
08:40:22.400,-0.559977
08:40:22.500,-0.743877
08:40:22.600,-1.194725
08:40:22.700,-1.008
08:40:22.800,-0.779457
08:40:22.900,-1.412713
08:40:23.000,-1.077066
08:40:23.100,-0.720374
08:40:23.200,-0.353036
08:40:23.300,-0.874682
08:40:23.400,-0.521519
08:40:23.500,0.157341
08:40:23.600,-1.043565
08:40:23.700,0.062262
08:40:23.800,-0.083041
08:40:23.900,0.333782
08:40:24.000,0.338412
08:40:24.100,-0.122617
08:40:24.200,0.216942
08:40:24.300,-0.193397
08:40:24.400,0.228422
08:40:24.500,0.505212
08:40:24.600,0.672567
08:40:24.700,0.900007
08:40:24.800,1.219764
08:40:24.900,0.538941
08:40:25.000,1.100669
08:40:25.100,0.784938
08:40:25.200,0.208144
08:40:25.300,0.571063
08:40:25.400,0.60687
08:40:25.500,0.202131
08:40:25.600,0.047252
08:40:25.700,-0.058162
08:40:25.800,0.02607
08:40:25.900,-0.193116
08:40:26.000,0.430643
08:40:26.100,-0.967393
08:40:26.200,-0.177367
08:40:26.300,-0.132883
08:40:26.400,-0.748438
08:40:26.500,-0.576145
08:40:26.600,-0.686048
08:40:26.700,-0.650787
08:40:26.800,-0.433713
08:40:26.900,-0.490698
08:40:27.000,-0.909992
08:40:27.100,-1.21794
08:40:27.200,-0.607966
08:40:27.300,-0.85354
08:40:27.400,-0.751026
08:40:27.500,-0.416769
08:40:27.600,-0.563725
08:40:27.700,-0.210443
08:40:27.800,0.663188
08:40:27.900,0.130541
08:40:28.000,0.470714
08:40:28.100,0.288317
08:40:28.200,0.243303
08:40:28.300,0.501916
08:40:28.400,0.578508
08:40:28.500,0.796957
08:40:28.600,0.58709
08:40:28.700,0.165794
08:40:28.800,0.15189
08:40:28.900,0.852814
08:40:29.000,0.305832
08:40:29.100,0.931631
08:40:29.200,1.134268
08:40:29.300,0.546474
08:40:29.400,0.990283
08:40:29.500,0.585603
08:40:29.600,0.420522
08:40:29.700,0.34329
08:40:29.800,-0.074486
08:40:29.900,-0.226018
08:40:30.000,-0.575414
08:40:30.100,-0.366088
08:40:30.200,0.532476
08:40:30.300,-0.840471
08:40:30.400,-0.823238
08:40:30.500,-0.776931
08:40:30.600,-0.831841
08:40:30.700,-0.529441
08:40:30.800,-0.879874
08:40:30.900,-0.760862
08:40:31.000,-0.997325
08:40:31.100,-0.85771
08:40:31.200,-0.686626
08:40:31.300,-0.670799
08:40:31.400,0.126956
08:40:31.500,-0.50484
08:40:31.600,-0.484859
08:40:31.700,-1.191731
08:40:31.800,-0.132338
08:40:31.900,-0.800784
08:40:32.000,0.193093
08:40:32.100,0.15935
08:40:32.200,0.495576
08:40:32.300,0.095743
08:40:32.400,0.420893
08:40:32.500,0.731493
08:40:32.600,0.24097
08:40:32.700,0.837217
08:40:32.800,0.863229
08:40:32.900,0.644178
08:40:33.000,1.252487
08:40:33.100,0.871825
08:40:33.200,0.079786
08:40:33.300,0.969745
08:40:33.400,0.335974
08:40:33.500,0.774163
08:40:33.600,0.514884
08:40:33.700,-0.606816
08:40:33.800,0.428015
08:40:33.900,0.031924
08:40:34.000,-0.160806
08:40:34.100,-0.257273
08:40:34.200,0.059796
08:40:34.300,-0.640238
08:40:34.400,-0.021801
08:40:34.500,-1.026852
08:40:34.600,-0.462819
08:40:34.700,-0.35335
08:40:34.800,-0.403975
08:40:34.900,-0.626955
08:40:35.000,-0.772379
08:40:35.100,-0.883877
08:40:35.200,-1.093587
08:40:35.300,-0.863689
08:40:35.400,-0.902794
08:40:35.500,-0.888835
08:40:35.600,0.219849
08:40:35.700,-0.919593
08:40:35.800,0.177616
08:40:35.900,-0.54228
08:40:36.000,-0.357744
08:40:36.100,-0.253962
08:40:36.200,-0.172355
08:40:36.300,0.640793
08:40:36.400,0.617378
08:40:36.500,0.413565
08:40:36.600,1.513887
08:40:36.700,0.61785
08:40:36.800,0.686696
08:40:36.900,0.451409
08:40:37.000,0.418343
08:40:37.100,0.504792
08:40:37.200,0.963845
08:40:37.300,0.823597
08:40:37.400,1.018023
08:40:37.500,0.243998
08:40:37.600,0.617778
08:40:37.700,0.424721
08:40:37.800,0.368283
08:40:37.900,-0.192817
08:40:38.000,-0.363557
08:40:38.100,0.079194
08:40:38.200,0.089182
08:40:38.300,-0.5342
08:40:38.400,-0.198287
08:40:38.500,-0.075194
08:40:38.600,-0.692941
08:40:38.700,-1.127289
08:40:38.800,-1.125566
08:40:38.900,-0.928165
08:40:39.000,-0.856105
08:40:39.100,-0.70403
08:40:39.200,-0.671276
08:40:39.300,-0.719031
08:40:39.400,-0.32858
08:40:39.500,-0.761246
08:40:39.600,0.031186
08:40:39.700,0.01123
08:40:39.800,0.087071
08:40:39.900,-0.340331
08:40:40.000,-0.040748
08:40:40.100,0.362499
08:40:40.200,0.146342
08:40:40.300,0.073091
08:40:40.400,0.152708
08:40:40.500,0.253279
08:40:40.600,0.159984
08:40:40.700,1.628328
08:40:40.800,-0.017572
08:40:40.900,0.348105
08:40:41.000,0.908608
08:40:41.100,0.452892
08:40:41.200,0.54264
08:40:41.300,0.762021
08:40:41.400,0.927636
08:40:41.500,0.399278
08:40:41.600,0.734159
08:40:41.700,-0.276304
08:40:41.800,0.00422
08:40:41.900,0.282691
08:40:42.000,0.690617
08:40:42.100,-0.447391
08:40:42.200,-0.615817
08:40:42.300,-0.198303
08:40:42.400,-0.392836
08:40:42.500,-0.746426
08:40:42.600,-0.992153
08:40:42.700,-0.803567
08:40:42.800,-0.483306
08:40:42.900,-0.808002
08:40:43.000,-0.290093
08:40:43.100,-0.73899
08:40:43.200,-0.455213
08:40:43.300,-0.526239
08:40:43.400,-0.707595
08:40:43.500,-0.203384
08:40:43.600,-0.837499
08:40:43.700,-0.511543
08:40:43.800,-0.361174
08:40:43.900,0.024034
08:40:44.000,0.22079
08:40:44.100,-0.175809
08:40:44.200,-0.118322
08:40:44.300,0.345294
08:40:44.400,-0.126727
08:40:44.500,0.847717
08:40:44.600,0.487971
08:40:44.700,0.214365
08:40:44.800,0.249476
08:40:44.900,0.800979
08:40:45.000,0.800126
08:40:45.100,0.42243
08:40:45.200,0.625884
08:40:45.300,0.228483
08:40:45.400,0.475867
08:40:45.500,1.011415
08:40:45.600,1.157146
08:40:45.700,0.243677
08:40:45.800,0.367457
08:40:45.900,0.246822
08:40:46.000,-0.602362
08:40:46.100,-0.511954
08:40:46.200,-1.026786
08:40:46.300,-0.160618
08:40:46.400,0.269435
08:40:46.500,-0.121932
08:40:46.600,-0.550737
08:40:46.700,-0.657474
08:40:46.800,-0.789069
08:40:46.900,-0.320498
08:40:47.000,-0.62452
08:40:47.100,-0.669521
08:40:47.200,-1.051887
08:40:47.300,-0.413328
08:40:47.400,-0.618806
08:40:47.500,-0.356036
08:40:47.600,-0.061773
08:40:47.700,-0.890001
08:40:47.800,-0.319775
08:40:47.900,-0.26372
08:40:48.000,-0.185063
08:40:48.100,-0.281407
08:40:48.200,-0.038321
08:40:48.300,-0.066664
08:40:48.400,0.700169
08:40:48.500,0.62707
08:40:48.600,0.674139
08:40:48.700,-0.050737
08:40:48.800,1.347835
08:40:48.900,0.548397
08:40:49.000,1.310621
08:40:49.100,0.953578
08:40:49.200,0.584657
08:40:49.300,1.338826
08:40:49.400,0.764895
08:40:49.500,0.415054
08:40:49.600,0.274564
08:40:49.700,0.678977
08:40:49.800,0.028533
08:40:49.900,-0.022994
08:40:50.000,-0.208932
08:40:50.100,-0.373979
08:40:50.200,-0.459375
08:40:50.300,0.302567
08:40:50.400,-0.058798
08:40:50.500,-0.41261
08:40:50.600,-0.757936
08:40:50.700,-0.816685
08:40:50.800,-0.794058
08:40:50.900,-0.065248
08:40:51.000,-0.59818
08:40:51.100,-0.429743
08:40:51.200,-0.595797
08:40:51.300,-0.933677
08:40:51.400,-0.530415
08:40:51.500,-0.871516
08:40:51.600,0.006918
08:40:51.700,-0.579811
08:40:51.800,-0.416474
08:40:51.900,0.175108
08:40:52.000,-0.244411
08:40:52.100,0.032835
08:40:52.200,-0.70688
08:40:52.300,0.204884
08:40:52.400,0.619452
08:40:52.500,0.275734
08:40:52.600,0.76206
08:40:52.700,0.618049
08:40:52.800,1.046482
08:40:52.900,0.434139
08:40:53.000,0.615458
08:40:53.100,0.177003
08:40:53.200,0.633513
08:40:53.300,0.476161
08:40:53.400,0.902353
08:40:53.500,0.276317
08:40:53.600,0.263145
08:40:53.700,0.08148
08:40:53.800,0.225819
08:40:53.900,0.805484
08:40:54.000,-1.224201
08:40:54.100,-0.126242
08:40:54.200,0.194725
08:40:54.300,-0.497885
08:40:54.400,-0.227001
08:40:54.500,-0.082893
08:40:54.600,-0.662973
08:40:54.700,-0.852104
08:40:54.800,-0.338345
08:40:54.900,-0.518002
08:40:55.000,-0.721829
08:40:55.100,-0.477445
08:40:55.200,-0.329623
08:40:55.300,-0.642262
08:40:55.400,-0.459402
08:40:55.500,-0.312111
08:40:55.600,-0.573103
08:40:55.700,0.097997
08:40:55.800,-0.577129
08:40:55.900,-0.155442
08:40:56.000,0.268627
08:40:56.100,-0.260246
08:40:56.200,0.521277
08:40:56.300,0.384396
08:40:56.400,0.875262
08:40:56.500,0.709449
08:40:56.600,0.50934
08:40:56.700,0.704766
08:40:56.800,0.759373
08:40:56.900,1.399529
08:40:57.000,0.729642
08:40:57.100,0.643084
08:40:57.200,0.597325
08:40:57.300,0.689804
08:40:57.400,0.169303
08:40:57.500,0.361007
08:40:57.600,0.057202
08:40:57.700,0.009281
08:40:57.800,0.497747
08:40:57.900,0.118699
08:40:58.000,-0.25965
08:40:58.100,-0.162103
08:40:58.200,-0.30243
08:40:58.300,-0.299351
08:40:58.400,-0.938936
08:40:58.500,-0.876916
08:40:58.600,-1.070823
08:40:58.700,-0.938563
08:40:58.800,-0.918692
08:40:58.900,-1.053473
08:40:59.000,-0.432454
08:40:59.100,-0.0474
08:40:59.200,-0.376786
08:40:59.300,-0.821594
08:40:59.400,-0.492746
08:40:59.500,-0.518219
08:40:59.600,-0.624537
08:40:59.700,0.145858
08:40:59.800,0.486213
08:40:59.900,-0.624007
08:41:00.000,0.504094
08:41:00.100,-0.097339
08:41:00.200,0.124501
08:41:00.300,0.416731
08:41:00.400,0.95313
08:41:00.500,0.593412
08:41:00.600,0.710672
08:41:00.700,0.922383
08:41:00.800,1.019639
08:41:00.900,0.870279
08:41:01.000,1.05607
08:41:01.100,0.48212
08:41:01.200,0.058671
08:41:01.300,1.262454
08:41:01.400,0.203122
08:41:01.500,0.308129
08:41:01.600,0.295415
08:41:01.700,0.141432
08:41:01.800,-0.03784
08:41:01.900,0.271759
08:41:02.000,0.16598
08:41:02.100,0.107474
08:41:02.200,-0.021292
08:41:02.300,-0.463632
08:41:02.400,-0.557864
08:41:02.500,-0.103257
08:41:02.600,-0.748797
08:41:02.700,-0.813142
08:41:02.800,-0.340415
08:41:02.900,-0.697886
08:41:03.000,-0.876773
08:41:03.100,-0.864848
08:41:03.200,-0.272373
08:41:03.300,-0.418596
08:41:03.400,-0.483524
08:41:03.500,-0.903193
08:41:03.600,-0.327174
08:41:03.700,-0.392272
08:41:03.800,-0.535668
08:41:03.900,-0.320062
08:41:04.000,0.243655
08:41:04.100,0.544352
08:41:04.200,-0.153781
08:41:04.300,-0.008151
08:41:04.400,0.654397
08:41:04.500,0.351757
08:41:04.600,0.759775
08:41:04.700,0.47578
08:41:04.800,0.867688
08:41:04.900,0.210576
08:41:05.000,0.892265
08:41:05.100,-0.043351
08:41:05.200,0.989603
08:41:05.300,0.611798
08:41:05.400,0.720743
08:41:05.500,0.577967
08:41:05.600,-0.185597
08:41:05.700,0.796183
08:41:05.800,0.333382
08:41:05.900,0.374219
08:41:06.000,-0.279726
08:41:06.100,-0.025233
08:41:06.200,-0.674776
08:41:06.300,-0.265564
08:41:06.400,-0.740297
08:41:06.500,1.257558
08:41:06.600,-0.354506
08:41:06.700,-0.157904
08:41:06.800,-0.753095
08:41:06.900,-0.55173
08:41:07.000,-0.38313
08:41:07.100,-1.066847
08:41:07.200,-0.901143
08:41:07.300,-0.283328
08:41:07.400,-0.64263
08:41:07.500,-0.756656
08:41:07.600,-0.63229
08:41:07.700,-0.745659
08:41:07.800,-0.902083
08:41:07.900,-0.70315
08:41:08.000,0.015996
08:41:08.100,0.34457
08:41:08.200,1.097939
08:41:08.300,0.303309
08:41:08.400,-0.036536
08:41:08.500,0.485013
08:41:08.600,0.812338
08:41:08.700,0.984268
08:41:08.800,0.992331
08:41:08.900,0.891853
08:41:09.000,0.733353
08:41:09.100,0.949266
08:41:09.200,0.251052
08:41:09.300,-0.079155
08:41:09.400,1.29895
08:41:09.500,0.478518
08:41:09.600,0.598314
08:41:09.700,-0.662818
08:41:09.800,0.757027
08:41:09.900,0.514057
08:41:10.000,-0.547962
08:41:10.100,-0.220561
08:41:10.200,-0.123132
08:41:10.300,-0.760118
08:41:10.400,-0.240385
08:41:10.500,-0.129006
08:41:10.600,-0.452841
08:41:10.700,-1.171883
08:41:10.800,-1.028593
08:41:10.900,-0.734711
08:41:11.000,-0.78735
08:41:11.100,-0.771622
08:41:11.200,-0.758368
08:41:11.300,-1.255109
08:41:11.400,-0.284333
08:41:11.500,-0.275435
08:41:11.600,-0.228619
08:41:11.700,-0.167393
08:41:11.800,-0.315751
08:41:11.900,-0.321979
08:41:12.000,-0.356165
08:41:12.100,0.649528
08:41:12.200,0.209134
08:41:12.300,-0.263409
08:41:12.400,0.401225
08:41:12.500,-0.234516
08:41:12.600,0.653115
08:41:12.700,0.673747
08:41:12.800,0.476067
08:41:12.900,0.36256
08:41:13.000,0.896849
08:41:13.100,0.662326
08:41:13.200,-0.013854
08:41:13.300,1.045066
08:41:13.400,0.237371
08:41:13.500,0.033612
08:41:13.600,0.886986
08:41:13.700,0.688647
08:41:13.800,0.069134
08:41:13.900,-0.328866
08:41:14.000,-0.318402
08:41:14.100,-0.262629
08:41:14.200,0.209358
08:41:14.300,0.135454
08:41:14.400,-0.353357
08:41:14.500,-0.267433
08:41:14.600,-0.63959
08:41:14.700,-0.929193
08:41:14.800,-1.190949
08:41:14.900,-0.578361
08:41:15.000,-0.384869
08:41:15.100,-0.87011
08:41:15.200,-0.250107
08:41:15.300,-0.758432
08:41:15.400,-0.537
08:41:15.500,-0.57235
08:41:15.600,0.021312
08:41:15.700,-0.145359
08:41:15.800,-0.236741
08:41:15.900,-0.082693
08:41:16.000,-0.416114
08:41:16.100,-0.672201
08:41:16.200,0.030292
08:41:16.300,0.249889
08:41:16.400,0.597393
08:41:16.500,0.437886
08:41:16.600,0.402088
08:41:16.700,-0.407943
08:41:16.800,0.850255
08:41:16.900,0.765239
08:41:17.000,0.984844
08:41:17.100,0.700924
08:41:17.200,1.067141
08:41:17.300,0.431018
08:41:17.400,0.552117
08:41:17.500,0.579153
08:41:17.600,0.64241
08:41:17.700,0.463537
08:41:17.800,0.383468
08:41:17.900,0.203585
08:41:18.000,-0.067446
08:41:18.100,0.205938
08:41:18.200,-0.802321
08:41:18.300,-0.537998
08:41:18.400,0.145695
08:41:18.500,-0.73038
08:41:18.600,-0.593665
08:41:18.700,-0.137974
08:41:18.800,-0.709874
08:41:18.900,-0.983241
08:41:19.000,-0.280574
08:41:19.100,-0.792651
08:41:19.200,-0.743105
08:41:19.300,-1.316832
08:41:19.400,-0.610881
08:41:19.500,-0.255935
08:41:19.600,-0.562248
08:41:19.700,-0.766266
08:41:19.800,-0.384473
08:41:19.900,-0.324827
08:41:20.000,-0.088772
08:41:20.100,-0.071656
08:41:20.200,0.798915
08:41:20.300,0.423617
08:41:20.400,-0.197625
08:41:20.500,0.519998
08:41:20.600,0.552328
08:41:20.700,1.041771
08:41:20.800,0.611135
08:41:20.900,0.626723
08:41:21.000,1.352049
08:41:21.100,0.317296
08:41:21.200,0.944929
08:41:21.300,0.646066
08:41:21.400,0.391012
08:41:21.500,0.268135
08:41:21.600,0.886873
08:41:21.700,0.480651
08:41:21.800,0.426702
08:41:21.900,0.420925
08:41:22.000,0.119666
08:41:22.100,-0.48085
08:41:22.200,-0.766413
08:41:22.300,0.221082
08:41:22.400,-0.338645
08:41:22.500,-0.467233
08:41:22.600,0.065291
08:41:22.700,-0.99623
08:41:22.800,-1.54896
08:41:22.900,-1.325427
08:41:23.000,-0.885813
08:41:23.100,-0.650371
08:41:23.200,-0.178664
08:41:23.300,-0.328579
08:41:23.400,-1.462931
08:41:23.500,0.485268
08:41:23.600,-0.555137
08:41:23.700,0.111938
08:41:23.800,-0.025208
08:41:23.900,-0.107633
08:41:24.000,-0.082968
08:41:24.100,-0.279824
08:41:24.200,-0.234441
08:41:24.300,0.25961
08:41:24.400,-0.074418
08:41:24.500,1.071744
08:41:24.600,0.600244
08:41:24.700,1.356155
08:41:24.800,0.513274
08:41:24.900,0.4847
08:41:25.000,0.906804
08:41:25.100,0.600634
08:41:25.200,1.006319
08:41:25.300,1.127081
08:41:25.400,0.951015
08:41:25.500,0.972521
08:41:25.600,0.697605
08:41:25.700,0.125626
08:41:25.800,0.615269
08:41:25.900,0.353664
08:41:26.000,-0.216205
08:41:26.100,-0.281324
08:41:26.200,-0.248446
08:41:26.300,0.071224
08:41:26.400,-0.370524
08:41:26.500,-0.496952
08:41:26.600,-0.622015
08:41:26.700,-0.747376
08:41:26.800,-1.073111
08:41:26.900,-0.413053
08:41:27.000,-1.056094
08:41:27.100,-0.667713
08:41:27.200,-0.808838
08:41:27.300,-0.355486
08:41:27.400,-0.686014
08:41:27.500,-0.84716
08:41:27.600,-0.065192
08:41:27.700,-0.60689
08:41:27.800,-0.162174
08:41:27.900,0.336326
08:41:28.000,-0.255548
08:41:28.100,0.073274
08:41:28.200,0.065399
08:41:28.300,0.363801
08:41:28.400,0.387487
08:41:28.500,0.817115
08:41:28.600,0.34906
08:41:28.700,1.069669
08:41:28.800,1.227373
08:41:28.900,0.781172
08:41:29.000,0.423449
08:41:29.100,0.676994
08:41:29.200,0.622032
08:41:29.300,1.244033
08:41:29.400,0.530202
08:41:29.500,0.978954
08:41:29.600,0.450458
08:41:29.700,0.333834
08:41:29.800,0.092273
08:41:29.900,0.018122
08:41:30.000,0.3114
08:41:30.100,-0.365215
08:41:30.200,0.119596
08:41:30.300,0.186512
08:41:30.400,-0.618588
08:41:30.500,-0.072185
08:41:30.600,-0.199429
08:41:30.700,-0.319481
08:41:30.800,-0.888361
08:41:30.900,-0.733174
08:41:31.000,-0.742269
08:41:31.100,0.040355
08:41:31.200,-0.669262
08:41:31.300,-0.687856
08:41:31.400,-0.968089
08:41:31.500,-0.835124
08:41:31.600,-0.650902
08:41:31.700,-0.191325
08:41:31.800,-0.714733
08:41:31.900,-0.342562
08:41:32.000,-0.651346
08:41:32.100,0.600171
08:41:32.200,0.253555
08:41:32.300,0.426437
08:41:32.400,0.029954
08:41:32.500,0.901427
08:41:32.600,1.092383
08:41:32.700,0.647127
08:41:32.800,0.498047
08:41:32.900,0.884668
08:41:33.000,0.957179
08:41:33.100,0.995999
08:41:33.200,0.898101
08:41:33.300,0.961102
08:41:33.400,0.323889
08:41:33.500,0.814142
08:41:33.600,0.252619
08:41:33.700,-0.560682
08:41:33.800,0.054268
08:41:33.900,-0.084362
08:41:34.000,0.084363
08:41:34.100,0.183793
08:41:34.200,-0.148828
08:41:34.300,0.38523
08:41:34.400,-0.595211
08:41:34.500,-1.190674
08:41:34.600,-0.469014
08:41:34.700,-0.814403
08:41:34.800,-1.045729
08:41:34.900,-0.795518
08:41:35.000,-0.974194
08:41:35.100,-0.931058
08:41:35.200,-0.132863
08:41:35.300,-0.580191
08:41:35.400,-0.659188
08:41:35.500,0.06419
08:41:35.600,-0.514866
08:41:35.700,-0.748338
08:41:35.800,-0.680572
08:41:35.900,-0.137503
08:41:36.000,-0.574788
08:41:36.100,-0.300856
08:41:36.200,0.082872
08:41:36.300,0.713972
08:41:36.400,0.863584
08:41:36.500,0.725851
08:41:36.600,0.564955
08:41:36.700,0.424063
08:41:36.800,0.801665
08:41:36.900,1.31507
08:41:37.000,0.749496
08:41:37.100,0.529682
08:41:37.200,0.610557
08:41:37.300,0.530362
08:41:37.400,0.758378
08:41:37.500,0.227689
08:41:37.600,0.553614
08:41:37.700,0.51665
08:41:37.800,0.336728
08:41:37.900,-0.270681
08:41:38.000,-0.052316
08:41:38.100,-0.293883
08:41:38.200,-0.242161
08:41:38.300,-0.551107
08:41:38.400,0.02372
08:41:38.500,-0.429564
08:41:38.600,-1.13266
08:41:38.700,-1.089105
08:41:38.800,-0.244075
08:41:38.900,-0.754407
08:41:39.000,-0.836434
08:41:39.100,-0.296393
08:41:39.200,-0.718771
08:41:39.300,-1.041999
08:41:39.400,-0.960986
08:41:39.500,-0.275345
08:41:39.600,0.298862
08:41:39.700,-0.023945
08:41:39.800,-0.349973
08:41:39.900,-0.188856
08:41:40.000,0.016967
08:41:40.100,-0.597485
08:41:40.200,0.224526
08:41:40.300,0.522225
08:41:40.400,1.031978
08:41:40.500,0.876732
08:41:40.600,1.241785
08:41:40.700,1.211908
08:41:40.800,1.153882
08:41:40.900,0.700552
08:41:41.000,0.8207
08:41:41.100,0.106822
08:41:41.200,0.711362
08:41:41.300,0.821861
08:41:41.400,0.467135
08:41:41.500,-0.044598
08:41:41.600,0.965431
08:41:41.700,0.459918
08:41:41.800,0.818525
08:41:41.900,0.369265
08:41:42.000,0.478955
08:41:42.100,0.297577
08:41:42.200,-0.45411
08:41:42.300,-0.495933
08:41:42.400,-0.561382
08:41:42.500,-0.8332
08:41:42.600,0.05148
08:41:42.700,-0.60891
08:41:42.800,-0.504912
08:41:42.900,-1.157242
08:41:43.000,-0.413496
08:41:43.100,-0.83469
08:41:43.200,-0.2244
08:41:43.300,-0.863598
08:41:43.400,-0.100151
08:41:43.500,-0.165674
08:41:43.600,-0.574441
08:41:43.700,0.178451
08:41:43.800,0.185769
08:41:43.900,0.061867
08:41:44.000,-0.347766
08:41:44.100,0.389543
08:41:44.200,0.239415
08:41:44.300,0.335065
08:41:44.400,0.43729
08:41:44.500,0.484432
08:41:44.600,0.263344
08:41:44.700,0.093328
08:41:44.800,0.063143
08:41:44.900,0.796152
08:41:45.000,-0.148334
08:41:45.100,0.94556
08:41:45.200,0.842898
08:41:45.300,0.51775
08:41:45.400,0.925596
08:41:45.500,0.40395
08:41:45.600,0.557948
08:41:45.700,-0.367567
08:41:45.800,-0.568326
08:41:45.900,0.027139
08:41:46.000,0.148
08:41:46.100,0.223087
08:41:46.200,-0.278353
08:41:46.300,-0.231495
08:41:46.400,-0.136266
08:41:46.500,-0.539691
08:41:46.600,-0.360772
08:41:46.700,-1.018788
08:41:46.800,-1.24549
08:41:46.900,-0.878234
08:41:47.000,-0.428837
08:41:47.100,-0.940248
08:41:47.200,-0.437957
08:41:47.300,-0.983146
08:41:47.400,-0.770192
08:41:47.500,-0.410261
08:41:47.600,-0.645047
08:41:47.700,-0.492078
08:41:47.800,-1.129257
08:41:47.900,0.184232
08:41:48.000,-0.04151
08:41:48.100,-0.22136
08:41:48.200,0.857724
08:41:48.300,0.041597
08:41:48.400,0.231011
08:41:48.500,0.15835
08:41:48.600,0.952632
08:41:48.700,1.125531
08:41:48.800,1.132602
08:41:48.900,1.154908
08:41:49.000,0.490941
08:41:49.100,1.276732
08:41:49.200,0.597278
08:41:49.300,0.083782
08:41:49.400,0.417043
08:41:49.500,0.609058
08:41:49.600,0.185761
08:41:49.700,0.369207
08:41:49.800,0.404118
08:41:49.900,0.253219
08:41:50.000,0.229297
08:41:50.100,-0.172521
08:41:50.200,-0.470861
08:41:50.300,-0.832353
08:41:50.400,-0.442251
08:41:50.500,-0.683005
08:41:50.600,-0.607758
08:41:50.700,-1.348411
08:41:50.800,-1.197192
08:41:50.900,-0.512889
08:41:51.000,-1.272419
08:41:51.100,-0.757894
08:41:51.200,-0.956518
08:41:51.300,-0.936719
08:41:51.400,-0.536454
08:41:51.500,-0.484979
08:41:51.600,-0.220252
08:41:51.700,-0.703495
08:41:51.800,-0.525872
08:41:51.900,0.283627
08:41:52.000,-0.078621
08:41:52.100,0.237565
08:41:52.200,0.04232
08:41:52.300,0.477129
08:41:52.400,-0.459613
08:41:52.500,0.897965
08:41:52.600,0.406961
08:41:52.700,0.186582
08:41:52.800,0.293866
08:41:52.900,0.599126
08:41:53.000,0.661362
08:41:53.100,0.7408
08:41:53.200,0.248311
08:41:53.300,0.928614
08:41:53.400,0.382816
08:41:53.500,0.293965
08:41:53.600,0.332256
08:41:53.700,0.549784
08:41:53.800,0.204447
08:41:53.900,-0.080316
08:41:54.000,-0.11331
08:41:54.100,0.3172
08:41:54.200,0.153068
08:41:54.300,-0.18975
08:41:54.400,-0.359436
08:41:54.500,0.314788
08:41:54.600,-0.404082
08:41:54.700,-0.560491
08:41:54.800,-0.736469
08:41:54.900,-0.566499
08:41:55.000,-1.765839
08:41:55.100,-0.331681
08:41:55.200,-1.110859
08:41:55.300,-0.875032
08:41:55.400,-1.056376
08:41:55.500,-0.75272
08:41:55.600,-0.530564
08:41:55.700,-0.00652
08:41:55.800,0.234861
08:41:55.900,0.569883
08:41:56.000,0.035783
08:41:56.100,0.032832
08:41:56.200,0.489161
08:41:56.300,0.018843
08:41:56.400,0.073402
08:41:56.500,0.36645
08:41:56.600,0.554467
08:41:56.700,-0.099695
08:41:56.800,1.039172
08:41:56.900,0.775408
08:41:57.000,0.979369
08:41:57.100,0.141712
08:41:57.200,0.432966
08:41:57.300,0.373183
08:41:57.400,0.495352
08:41:57.500,0.483228
08:41:57.600,0.715805
08:41:57.700,0.352359
08:41:57.800,-0.043167
08:41:57.900,0.875204
08:41:58.000,-0.092949
08:41:58.100,-0.426891
08:41:58.200,-0.876115
08:41:58.300,-0.28615
08:41:58.400,-0.169681
08:41:58.500,-0.893964
08:41:58.600,-0.347565
08:41:58.700,-0.59443
08:41:58.800,-1.286419
08:41:58.900,-0.472392
08:41:59.000,-0.792768
08:41:59.100,-1.08552
08:41:59.200,-0.330824
08:41:59.300,-0.295452
08:41:59.400,-0.968039
08:41:59.500,-0.392266
08:41:59.600,-0.340304
08:41:59.700,-0.341565
08:41:59.800,-0.396792
08:41:59.900,-0.161452
08:42:00.000,0.328476
08:42:00.100,0.252707
08:42:00.200,-0.458442
08:42:00.300,-0.432418
08:42:00.400,-0.23854
08:42:00.500,0.0196
08:42:00.600,0.302002
08:42:00.700,0.465259
08:42:00.800,0.642794
08:42:00.900,0.679538
08:42:01.000,0.682988
08:42:01.100,1.091652
08:42:01.200,0.078896
08:42:01.300,0.740589
08:42:01.400,0.681497
08:42:01.500,0.053035
08:42:01.600,0.598274
08:42:01.700,0.448193
08:42:01.800,0.201173
08:42:01.900,-0.736689
08:42:02.000,0.337325
08:42:02.100,-0.030164
08:42:02.200,-0.075059
08:42:02.300,-1.504546
08:42:02.400,-0.597481
08:42:02.500,-0.996766
08:42:02.600,-0.113614
08:42:02.700,-1.010462
08:42:02.800,-0.147996
08:42:02.900,-0.357885
08:42:03.000,-0.622528
08:42:03.100,-0.293996
08:42:03.200,-0.996286
08:42:03.300,-0.891547
08:42:03.400,-0.243485
08:42:03.500,-0.823909
08:42:03.600,-0.875485
08:42:03.700,-0.430247
08:42:03.800,-0.525061
08:42:03.900,0.543381
08:42:04.000,0.271376
08:42:04.100,-0.092091
08:42:04.200,-0.134166
08:42:04.300,0.436326
08:42:04.400,0.82709
08:42:04.500,0.596793
08:42:04.600,0.233452
08:42:04.700,0.120859
08:42:04.800,0.533408
08:42:04.900,0.801931
08:42:05.000,0.53533
08:42:05.100,1.044081
08:42:05.200,0.85025
08:42:05.300,0.706777
08:42:05.400,0.743919
08:42:05.500,0.008773
08:42:05.600,0.237069
08:42:05.700,-0.046293
08:42:05.800,0.350847
08:42:05.900,-0.24925
08:42:06.000,0.028678
08:42:06.100,-0.167083
08:42:06.200,-0.006315
08:42:06.300,-0.736628
08:42:06.400,-0.253333
08:42:06.500,-0.869292
08:42:06.600,-0.903824
08:42:06.700,-0.673613
08:42:06.800,-0.247724
08:42:06.900,-0.985942
08:42:07.000,-1.322232
08:42:07.100,-1.022228
08:42:07.200,-0.800546
08:42:07.300,0.030461
08:42:07.400,-0.430396
08:42:07.500,-0.758613
08:42:07.600,-0.460894
08:42:07.700,0.232046
08:42:07.800,-0.300443
08:42:07.900,-0.189435
08:42:08.000,-0.141903
08:42:08.100,0.353127
08:42:08.200,0.032422
08:42:08.300,0.623094
08:42:08.400,0.783419
08:42:08.500,0.709696
08:42:08.600,0.487839
08:42:08.700,0.134241
08:42:08.800,0.587349
08:42:08.900,0.457381
08:42:09.000,0.427343
08:42:09.100,0.607603
08:42:09.200,0.833472
08:42:09.300,0.405721
08:42:09.400,0.085128
08:42:09.500,0.159413
08:42:09.600,1.003071
08:42:09.700,0.509852
08:42:09.800,-0.118895
08:42:09.900,0.560656
08:42:10.000,-0.083986
08:42:10.100,0.687805
08:42:10.200,-0.124594
08:42:10.300,-0.119862
08:42:10.400,-0.118399
08:42:10.500,0.025117
08:42:10.600,-0.719964
08:42:10.700,-0.133861
08:42:10.800,-0.884067
08:42:10.900,-0.817888
08:42:11.000,-0.696878
08:42:11.100,-0.369231
08:42:11.200,-0.781314
08:42:11.300,-0.045952
08:42:11.400,-0.102054
08:42:11.500,-0.481116
08:42:11.600,-0.749568
08:42:11.700,0.032598
08:42:11.800,-0.949782
08:42:11.900,0.149949
08:42:12.000,-0.288337
08:42:12.100,0.549196
08:42:12.200,-0.268723
08:42:12.300,0.086025
08:42:12.400,0.5648
08:42:12.500,0.705539
08:42:12.600,0.347177
08:42:12.700,0.507461
08:42:12.800,0.999162
08:42:12.900,1.04376
08:42:13.000,0.576884
08:42:13.100,0.478886
08:42:13.200,0.186583
08:42:13.300,0.712477
08:42:13.400,0.850732
08:42:13.500,0.547949
08:42:13.600,0.087701
08:42:13.700,0.943075
08:42:13.800,-0.519879
08:42:13.900,0.416883
08:42:14.000,0.075849
08:42:14.100,0.054533
08:42:14.200,-0.491702
08:42:14.300,-0.371139
08:42:14.400,-0.308777
08:42:14.500,-0.525012
08:42:14.600,-1.194129
08:42:14.700,-0.024329
08:42:14.800,-0.43817
08:42:14.900,-0.679274
08:42:15.000,-0.665318
08:42:15.100,-0.102074
08:42:15.200,-0.925695
08:42:15.300,-0.962586
08:42:15.400,-0.268785
08:42:15.500,-0.333033
08:42:15.600,-0.764909
08:42:15.700,0.063246
08:42:15.800,-0.113077
08:42:15.900,-0.423789
08:42:16.000,0.171613
08:42:16.100,0.228747
08:42:16.200,0.185496
08:42:16.300,0.452302
08:42:16.400,0.630616
08:42:16.500,0.814942
08:42:16.600,0.603865
08:42:16.700,0.528989
08:42:16.800,0.749411
08:42:16.900,1.10819
08:42:17.000,0.920476
08:42:17.100,0.577027
08:42:17.200,0.685218
08:42:17.300,1.206685
08:42:17.400,0.828564
08:42:17.500,0.548109
08:42:17.600,0.810582
08:42:17.700,0.127712
08:42:17.800,0.331429
08:42:17.900,0.765972
08:42:18.000,0.228742
08:42:18.100,0.457794
08:42:18.200,-0.245628
08:42:18.300,-0.484464
08:42:18.400,-0.005373
08:42:18.500,-1.134886
08:42:18.600,-0.503245
08:42:18.700,-0.262898
08:42:18.800,-0.46886
08:42:18.900,-1.427257
08:42:19.000,-1.171098
08:42:19.100,-0.731417
08:42:19.200,-0.499537
08:42:19.300,-0.443759
08:42:19.400,-0.568469
08:42:19.500,-0.239391
08:42:19.600,-0.258536
08:42:19.700,-0.362807
08:42:19.800,-0.028152
08:42:19.900,-0.336118
08:42:20.000,0.222887
08:42:20.100,-0.186912
08:42:20.200,0.386918
08:42:20.300,0.479793
08:42:20.400,0.306844
08:42:20.500,0.717207
08:42:20.600,1.106256
08:42:20.700,0.266699
08:42:20.800,0.999709
08:42:20.900,1.071655
08:42:21.000,0.627459
08:42:21.100,0.971697
08:42:21.200,0.576639
08:42:21.300,1.063376
08:42:21.400,-0.392321
08:42:21.500,1.000686
08:42:21.600,0.022152
08:42:21.700,0.349283
08:42:21.800,-0.068571
08:42:21.900,0.633283
08:42:22.000,-0.08017
08:42:22.100,-0.299241
08:42:22.200,0.175751
08:42:22.300,-0.061545
08:42:22.400,-0.528222
08:42:22.500,-0.841891
08:42:22.600,-0.960498
08:42:22.700,-0.17743
08:42:22.800,-0.519114
08:42:22.900,-0.630688
08:42:23.000,-0.52772
08:42:23.100,-1.373411
08:42:23.200,-0.779324
08:42:23.300,-0.727994
08:42:23.400,-0.222827
08:42:23.500,-1.009156
08:42:23.600,-0.042672
08:42:23.700,0.310255
08:42:23.800,-0.817994
08:42:23.900,-0.103675
08:42:24.000,0.17477
08:42:24.100,0.415075
08:42:24.200,-0.541274
08:42:24.300,0.435959
08:42:24.400,0.33489
08:42:24.500,0.395828
08:42:24.600,1.290481
08:42:24.700,0.548259
08:42:24.800,0.823189
08:42:24.900,0.649266
08:42:25.000,0.78443
08:42:25.100,0.884805
08:42:25.200,0.978408
08:42:25.300,0.351765
08:42:25.400,0.619731
08:42:25.500,0.560762
08:42:25.600,-0.165365
08:42:25.700,-0.015989
08:42:25.800,0.528135
08:42:25.900,-0.052066
08:42:26.000,0.914201
08:42:26.100,0.22757
08:42:26.200,-0.058165
08:42:26.300,0.210846
08:42:26.400,-0.140997
08:42:26.500,-0.430494
08:42:26.600,-1.06127
08:42:26.700,-0.390836
08:42:26.800,-0.17689
08:42:26.900,-0.898887
08:42:27.000,-1.339109
08:42:27.100,-1.065632
08:42:27.200,-0.050078
08:42:27.300,-0.595635
08:42:27.400,-0.055393
08:42:27.500,-0.488309
08:42:27.600,-0.585233
08:42:27.700,0.429315
08:42:27.800,-0.346378
08:42:27.900,-0.196678
08:42:28.000,0.161212
08:42:28.100,0.007969
08:42:28.200,0.488672
08:42:28.300,0.473871
08:42:28.400,0.581384
08:42:28.500,0.279149
08:42:28.600,-0.015528
08:42:28.700,0.332439
08:42:28.800,0.405338
08:42:28.900,0.793803
08:42:29.000,0.414721
08:42:29.100,0.178527
08:42:29.200,0.264431
08:42:29.300,0.75937
08:42:29.400,0.806908
08:42:29.500,0.317651
08:42:29.600,0.271425
08:42:29.700,0.532685
08:42:29.800,0.274233
08:42:29.900,0.524629
08:42:30.000,-0.055181
08:42:30.100,-0.400507
08:42:30.200,0.163932
08:42:30.300,-0.426747
08:42:30.400,-0.687513
08:42:30.500,-0.182489
08:42:30.600,-0.059075
08:42:30.700,-0.559568
08:42:30.800,-1.017239
08:42:30.900,-0.154208
08:42:31.000,-0.568148
08:42:31.100,-0.614474
08:42:31.200,-0.80713
08:42:31.300,-0.228265
08:42:31.400,-0.954275
08:42:31.500,-0.916279
08:42:31.600,0.251628
08:42:31.700,-0.619642
08:42:31.800,0.119577
08:42:31.900,0.372949
08:42:32.000,0.073557
08:42:32.100,-0.198852
08:42:32.200,0.436734
08:42:32.300,0.804915
08:42:32.400,0.531319
08:42:32.500,0.233716
08:42:32.600,0.673436
08:42:32.700,0.139086
08:42:32.800,0.324957
08:42:32.900,0.600857
08:42:33.000,0.721533
08:42:33.100,0.270671
08:42:33.200,0.753147
08:42:33.300,0.806285
08:42:33.400,0.491158
08:42:33.500,-0.260395
08:42:33.600,0.448009
08:42:33.700,0.952994
08:42:33.800,0.376515
08:42:33.900,0.114972
08:42:34.000,-0.130357
08:42:34.100,0.092487
08:42:34.200,-0.143357
08:42:34.300,-0.070234
08:42:34.400,-0.795167
08:42:34.500,-0.452507
08:42:34.600,-0.72773
08:42:34.700,-0.493646
08:42:34.800,-1.34669
08:42:34.900,-0.828838
08:42:35.000,-0.510142
08:42:35.100,-0.445078
08:42:35.200,-0.676411
08:42:35.300,-1.379847
08:42:35.400,-0.341843
08:42:35.500,0.059475
08:42:35.600,-0.705024
08:42:35.700,-0.466849
08:42:35.800,0.065977
08:42:35.900,0.182132
08:42:36.000,0.383962
08:42:36.100,0.464626
08:42:36.200,-0.319962
08:42:36.300,0.15001
08:42:36.400,0.630703
08:42:36.500,0.464816
08:42:36.600,0.694374
08:42:36.700,0.578057
08:42:36.800,0.513193
08:42:36.900,0.606726
08:42:37.000,0.307361
08:42:37.100,0.43817
08:42:37.200,0.642312
08:42:37.300,0.606642
08:42:37.400,0.764958
08:42:37.500,0.395166
08:42:37.600,0.99797
08:42:37.700,0.748267
08:42:37.800,0.040485
08:42:37.900,0.178738
08:42:38.000,0.424495
08:42:38.100,-0.333751
08:42:38.200,-0.478021
08:42:38.300,0.136979
08:42:38.400,-0.169467
08:42:38.500,-0.119143
08:42:38.600,-0.455911
08:42:38.700,-0.712916
08:42:38.800,-1.1354
08:42:38.900,-0.643483
08:42:39.000,-0.268767
08:42:39.100,-0.256051
08:42:39.200,-0.290975
08:42:39.300,-0.348177
08:42:39.400,0.207562
08:42:39.500,-1.038078
08:42:39.600,-0.33062
08:42:39.700,-0.645662
08:42:39.800,0.327042
08:42:39.900,-0.302924
08:42:40.000,0.352976
08:42:40.100,-0.047764
08:42:40.200,0.363405
08:42:40.300,0.279812
08:42:40.400,0.406625
08:42:40.500,0.611746
08:42:40.600,0.88814
08:42:40.700,0.585444
08:42:40.800,0.977716
08:42:40.900,1.054624
08:42:41.000,0.554012
08:42:41.100,1.351199
08:42:41.200,0.926553
08:42:41.300,0.472709
08:42:41.400,0.78122
08:42:41.500,0.858424
08:42:41.600,0.617837
08:42:41.700,0.388449
08:42:41.800,-0.991668
08:42:41.900,-0.22907
08:42:42.000,0.237509
08:42:42.100,-0.455034
08:42:42.200,-0.03646
08:42:42.300,-0.008136
08:42:42.400,-0.450865
08:42:42.500,-1.112608
08:42:42.600,-0.824175
08:42:42.700,-0.384033
08:42:42.800,-0.225803
08:42:42.900,-1.419954
08:42:43.000,-0.671716
08:42:43.100,-1.205007
08:42:43.200,-0.634082
08:42:43.300,-0.678663
08:42:43.400,0.259825
08:42:43.500,-0.683553
08:42:43.600,-0.044372
08:42:43.700,0.035342
08:42:43.800,-0.284523
08:42:43.900,-0.067907
08:42:44.000,0.000167
08:42:44.100,-0.150812
08:42:44.200,-0.074284
08:42:44.300,0.174352
08:42:44.400,0.013007
08:42:44.500,0.319838
08:42:44.600,0.497899
08:42:44.700,0.680341
08:42:44.800,0.821029
08:42:44.900,0.622664
08:42:45.000,0.43082
08:42:45.100,0.840327
08:42:45.200,0.942578
08:42:45.300,0.453654
08:42:45.400,0.222395
08:42:45.500,0.338782
08:42:45.600,0.347901
08:42:45.700,0.718567
08:42:45.800,0.459136
08:42:45.900,0.108356
08:42:46.000,0.665242
08:42:46.100,-0.121678
08:42:46.200,0.27851
08:42:46.300,0.109649
08:42:46.400,-0.008725
08:42:46.500,-0.382568
08:42:46.600,-0.525447
08:42:46.700,-0.621901
08:42:46.800,-0.368185
08:42:46.900,-0.967643
08:42:47.000,-0.792034
08:42:47.100,-0.107944
08:42:47.200,-0.447554
08:42:47.300,-0.289766
08:42:47.400,-0.993716
08:42:47.500,-0.646191
08:42:47.600,-0.294608
08:42:47.700,-0.332309
08:42:47.800,-0.645185
08:42:47.900,0.15641
08:42:48.000,0.3771
08:42:48.100,0.009631
08:42:48.200,0.494818
08:42:48.300,1.027976
08:42:48.400,0.945314
08:42:48.500,0.410767
08:42:48.600,0.180079
08:42:48.700,0.70426
08:42:48.800,1.48718
08:42:48.900,1.1597
08:42:49.000,0.697866
08:42:49.100,1.238168
08:42:49.200,1.074788
08:42:49.300,-0.041098
08:42:49.400,0.937884
08:42:49.500,0.536541
08:42:49.600,0.108146
08:42:49.700,0.349732
08:42:49.800,0.361306
08:42:49.900,-0.168437
08:42:50.000,-0.041964
08:42:50.100,-0.225282
08:42:50.200,0.062028
08:42:50.300,-0.42328
08:42:50.400,-1.006424
08:42:50.500,-0.6516
08:42:50.600,-0.897533
08:42:50.700,-1.076612
08:42:50.800,-0.252612
08:42:50.900,-0.410134
08:42:51.000,-1.038428
08:42:51.100,-1.135665
08:42:51.200,-0.701666
08:42:51.300,-1.08692
08:42:51.400,-0.651046
08:42:51.500,-0.470295
08:42:51.600,-0.304879
08:42:51.700,-0.198746
08:42:51.800,-0.48957
08:42:51.900,-0.084808
08:42:52.000,0.448192
08:42:52.100,-0.624483
08:42:52.200,0.330306
08:42:52.300,-0.094618
08:42:52.400,0.902812
08:42:52.500,0.780928
08:42:52.600,0.841113
08:42:52.700,0.325021
08:42:52.800,0.758079
08:42:52.900,0.822695
08:42:53.000,-0.129919
08:42:53.100,0.74266
08:42:53.200,0.880384
08:42:53.300,0.128786
08:42:53.400,0.777006
08:42:53.500,0.529853
08:42:53.600,0.894894
08:42:53.700,0.173208
08:42:53.800,0.278489
08:42:53.900,0.228948
08:42:54.000,-0.982643
08:42:54.100,-0.233606
08:42:54.200,-0.186108
08:42:54.300,-1.142569
08:42:54.400,-0.175474
08:42:54.500,-0.46492
08:42:54.600,-0.538232
08:42:54.700,-0.371288
08:42:54.800,-0.809533
08:42:54.900,-0.676221
08:42:55.000,-0.39722
08:42:55.100,-0.671966
08:42:55.200,-1.311064
08:42:55.300,-0.605658
08:42:55.400,-0.543934
08:42:55.500,-0.179773
08:42:55.600,-0.531582
08:42:55.700,-0.660081
08:42:55.800,-0.557454
08:42:55.900,0.395411
08:42:56.000,0.101239
08:42:56.100,0.596541
08:42:56.200,0.754
08:42:56.300,0.057553
08:42:56.400,0.124462
08:42:56.500,0.450284
08:42:56.600,0.781353
08:42:56.700,0.133156
08:42:56.800,0.824954
08:42:56.900,0.832869
08:42:57.000,0.306107
08:42:57.100,0.309763
08:42:57.200,0.821314
08:42:57.300,1.349259
08:42:57.400,0.46311
08:42:57.500,0.610387
08:42:57.600,0.199698
08:42:57.700,0.400564
08:42:57.800,-0.002572
08:42:57.900,0.018876
08:42:58.000,0.857189
08:42:58.100,-0.072029
08:42:58.200,-0.763772
08:42:58.300,-0.092798
08:42:58.400,-0.016184
08:42:58.500,-0.258549
08:42:58.600,-0.628182
08:42:58.700,-0.94478
08:42:58.800,-0.978211
08:42:58.900,-0.75779
08:42:59.000,-0.828386
08:42:59.100,-0.886759
08:42:59.200,-0.240379
08:42:59.300,-0.301296
08:42:59.400,-0.122864
08:42:59.500,-0.770904
08:42:59.600,-0.733729
08:42:59.700,-0.29071
08:42:59.800,-0.071069
08:42:59.900,-0.084473
08:43:00.000,0.121396
08:43:00.100,0.664273
08:43:00.200,0.139876
08:43:00.300,0.600292
08:43:00.400,0.592738
08:43:00.500,0.528337
08:43:00.600,0.832675
08:43:00.700,0.35492
08:43:00.800,0.326564
08:43:00.900,0.842886
08:43:01.000,0.126691
08:43:01.100,0.870421
08:43:01.200,0.270881
08:43:01.300,1.15498
08:43:01.400,0.427619
08:43:01.500,1.003606
08:43:01.600,0.337663
08:43:01.700,0.229054
08:43:01.800,0.519383
08:43:01.900,0.212043
08:43:02.000,-0.023345
08:43:02.100,-0.25094
08:43:02.200,-0.354402
08:43:02.300,0.507345
08:43:02.400,-0.997803
08:43:02.500,-0.91586
08:43:02.600,-0.154402
08:43:02.700,-0.238052
08:43:02.800,-0.988615
08:43:02.900,-1.30473
08:43:03.000,-0.254685
08:43:03.100,-1.057761
08:43:03.200,-0.837628
08:43:03.300,-0.590062
08:43:03.400,-0.941724
08:43:03.500,-0.171423
08:43:03.600,-0.404124
08:43:03.700,-0.626505
08:43:03.800,-0.494185
08:43:03.900,0.344438
08:43:04.000,-0.097564
08:43:04.100,0.324569
08:43:04.200,0.212818
08:43:04.300,-0.296298
08:43:04.400,0.672845
08:43:04.500,0.870822
08:43:04.600,1.211163
08:43:04.700,-0.041497
08:43:04.800,-0.439719
08:43:04.900,0.915061
08:43:05.000,0.490237
08:43:05.100,0.190879
08:43:05.200,0.703375
08:43:05.300,0.466449
08:43:05.400,0.119645
08:43:05.500,0.465997
08:43:05.600,0.609725
08:43:05.700,0.379019
08:43:05.800,0.28019
08:43:05.900,0.264703
08:43:06.000,-0.591984
08:43:06.100,-0.127458
08:43:06.200,-0.132326
08:43:06.300,-0.450072
08:43:06.400,-0.701751
08:43:06.500,-0.756138
08:43:06.600,-0.668998
08:43:06.700,-0.303671
08:43:06.800,-0.131212
08:43:06.900,-0.228174
08:43:07.000,-1.246259
08:43:07.100,-1.020142
08:43:07.200,-0.435627
08:43:07.300,-0.168451
08:43:07.400,-0.904696
08:43:07.500,-0.430829
08:43:07.600,-0.807601
08:43:07.700,-0.221022
08:43:07.800,-0.441519
08:43:07.900,-0.045481
08:43:08.000,-0.424131
08:43:08.100,-0.462353
08:43:08.200,1.30071
08:43:08.300,0.342063
08:43:08.400,1.158599
08:43:08.500,1.023142
08:43:08.600,-0.00615
08:43:08.700,0.750329
08:43:08.800,0.212673
08:43:08.900,0.587712
08:43:09.000,0.040286
08:43:09.100,0.140403
08:43:09.200,0.366563
08:43:09.300,0.432693
08:43:09.400,0.579901
08:43:09.500,0.132309
08:43:09.600,0.463708
08:43:09.700,0.715311
08:43:09.800,0.312173
08:43:09.900,0.085941
08:43:10.000,0.11957
08:43:10.100,-0.611748
08:43:10.200,0.116891
08:43:10.300,-0.736965
08:43:10.400,0.131702
08:43:10.500,-0.225211
08:43:10.600,-0.371515
08:43:10.700,-0.41367
08:43:10.800,-0.666402
08:43:10.900,-0.966617
08:43:11.000,-1.029622
08:43:11.100,-0.078395
08:43:11.200,-0.629583
08:43:11.300,-1.01393
08:43:11.400,-0.385463
08:43:11.500,-0.374966
08:43:11.600,-0.526718
08:43:11.700,-0.632101
08:43:11.800,0.041134
08:43:11.900,0.221612
08:43:12.000,0.112839
08:43:12.100,0.134544
08:43:12.200,-0.057525
08:43:12.300,0.485737
08:43:12.400,0.189307
08:43:12.500,0.049609
08:43:12.600,0.960271
08:43:12.700,0.26324
08:43:12.800,0.001812
08:43:12.900,1.149537
08:43:13.000,0.089446
08:43:13.100,0.554973
08:43:13.200,0.282274
08:43:13.300,0.370375
08:43:13.400,1.344737
08:43:13.500,0.459427
08:43:13.600,0.537416
08:43:13.700,0.594464
08:43:13.800,-0.010076
08:43:13.900,0.485803
08:43:14.000,0.131603
08:43:14.100,0.154327
08:43:14.200,-0.46998
08:43:14.300,-0.162397
08:43:14.400,-0.414579
08:43:14.500,-0.099561
08:43:14.600,-0.755429
08:43:14.700,0.087571
08:43:14.800,-0.547186
08:43:14.900,-0.735208
08:43:15.000,-0.784767
08:43:15.100,-0.693778
08:43:15.200,-0.885771
08:43:15.300,-0.390354
08:43:15.400,-0.570482
08:43:15.500,0.185289
08:43:15.600,-0.563112
08:43:15.700,-0.36002
08:43:15.800,-0.368321
08:43:15.900,0.544661
08:43:16.000,-0.506006
08:43:16.100,0.142278
08:43:16.200,0.325856
08:43:16.300,-0.077015
08:43:16.400,1.336565
08:43:16.500,0.169277
08:43:16.600,0.578045
08:43:16.700,1.213114
08:43:16.800,0.534467
08:43:16.900,0.741652
08:43:17.000,0.579329
08:43:17.100,0.672734
08:43:17.200,1.04425
08:43:17.300,0.476154
08:43:17.400,-0.362748
08:43:17.500,0.483441
08:43:17.600,0.433471
08:43:17.700,0.386197
08:43:17.800,0.152155
08:43:17.900,-0.192384
08:43:18.000,-0.0858
08:43:18.100,0.508313
08:43:18.200,-0.231027
08:43:18.300,-0.089275
08:43:18.400,-0.773255
08:43:18.500,-0.596972
08:43:18.600,-0.916526
08:43:18.700,-0.170919
08:43:18.800,-1.210262
08:43:18.900,-0.561041
08:43:19.000,-0.580739
08:43:19.100,-0.594803
08:43:19.200,-1.486448
08:43:19.300,-1.331733
08:43:19.400,-0.525342
08:43:19.500,-0.818066
08:43:19.600,-0.636449
08:43:19.700,-0.466382
08:43:19.800,-0.584851
08:43:19.900,-0.538362
08:43:20.000,-1.9e-05
08:43:20.100,-0.557625
08:43:20.200,0.039281
08:43:20.300,0.084198
08:43:20.400,0.403159
08:43:20.500,1.330487
08:43:20.600,0.22263
08:43:20.700,0.765934
08:43:20.800,0.743017
08:43:20.900,0.887346
08:43:21.000,0.625348
08:43:21.100,1.195891
08:43:21.200,0.905594
08:43:21.300,0.869127
08:43:21.400,0.071325
08:43:21.500,0.528694
08:43:21.600,0.233
08:43:21.700,0.016221
08:43:21.800,-0.002951
08:43:21.900,0.089932
08:43:22.000,0.159868
08:43:22.100,0.234057
08:43:22.200,0.110831
08:43:22.300,-0.21535
08:43:22.400,-0.391981
08:43:22.500,-0.608545
08:43:22.600,-0.65297
08:43:22.700,-0.896807
08:43:22.800,-0.8157
08:43:22.900,-0.567543
08:43:23.000,-0.160876
08:43:23.100,-0.743786
08:43:23.200,-0.948428
08:43:23.300,-0.284466
08:43:23.400,-1.267157
08:43:23.500,-0.129872
08:43:23.600,-0.912943
08:43:23.700,-0.087787
08:43:23.800,-0.382943
08:43:23.900,0.002814
08:43:24.000,0.729102
08:43:24.100,-0.183718
08:43:24.200,-0.133881
08:43:24.300,0.345167
08:43:24.400,0.945314
08:43:24.500,0.557683
08:43:24.600,0.581927
08:43:24.700,0.682883
08:43:24.800,0.314104
08:43:24.900,0.754112
08:43:25.000,0.562509
08:43:25.100,1.154243
08:43:25.200,0.945035
08:43:25.300,0.160397
08:43:25.400,0.467215
08:43:25.500,0.67977
08:43:25.600,0.067915
08:43:25.700,-0.059952
08:43:25.800,0.054619
08:43:25.900,0.230058
08:43:26.000,0.363003
08:43:26.100,-0.028278
08:43:26.200,0.645506
08:43:26.300,-0.55466
08:43:26.400,-0.152327
08:43:26.500,-0.883159
08:43:26.600,-0.00247
08:43:26.700,-0.147911
08:43:26.800,-0.416712
08:43:26.900,-1.299099
08:43:27.000,-0.454216
08:43:27.100,-0.978078
08:43:27.200,-0.506972
08:43:27.300,-1.132831
08:43:27.400,-0.471818
08:43:27.500,-0.618719
08:43:27.600,-0.683832
08:43:27.700,-0.110383
08:43:27.800,-0.234267
08:43:27.900,-0.18124
08:43:28.000,0.258017
08:43:28.100,0.775889
08:43:28.200,0.312798
08:43:28.300,-0.314297
08:43:28.400,-0.133948
08:43:28.500,0.519095
08:43:28.600,0.925577
08:43:28.700,0.670852
08:43:28.800,0.844788
08:43:28.900,0.670795
08:43:29.000,1.036733
08:43:29.100,0.907194
08:43:29.200,0.308888
08:43:29.300,0.780435
08:43:29.400,0.02639
08:43:29.500,0.651783
08:43:29.600,0.312574
08:43:29.700,0.374036
08:43:29.800,0.329717
08:43:29.900,0.208077
08:43:30.000,0.496116
08:43:30.100,-0.097576
08:43:30.200,-0.150191
08:43:30.300,0.147642
08:43:30.400,0.252431
08:43:30.500,-0.501173
08:43:30.600,-0.745542
08:43:30.700,-0.785584
08:43:30.800,-0.507987
08:43:30.900,-0.762568
08:43:31.000,-1.312238
08:43:31.100,-0.298315
08:43:31.200,-0.380353
08:43:31.300,-0.222379
08:43:31.400,-0.095868
08:43:31.500,-0.42826
08:43:31.600,-0.320256
08:43:31.700,0.034537
08:43:31.800,-0.641578
08:43:31.900,-0.23287
08:43:32.000,-0.020763
08:43:32.100,0.432182
08:43:32.200,0.027799
08:43:32.300,0.068541
08:43:32.400,0.260611
08:43:32.500,0.659345
08:43:32.600,0.542415
08:43:32.700,0.115947
08:43:32.800,0.226988
08:43:32.900,0.739193
08:43:33.000,0.759466
08:43:33.100,0.701037
08:43:33.200,0.50099
08:43:33.300,0.899381
08:43:33.400,0.695455
08:43:33.500,0.612194
08:43:33.600,0.541089
08:43:33.700,0.876888
08:43:33.800,-0.142183
08:43:33.900,-0.037871
08:43:34.000,-0.11772
08:43:34.100,0.330679
08:43:34.200,-0.347126
08:43:34.300,-0.595154
08:43:34.400,-0.448483
08:43:34.500,-0.458374
08:43:34.600,-0.147578
08:43:34.700,-0.756595
08:43:34.800,-0.906347
08:43:34.900,-1.009828
08:43:35.000,-0.8205
08:43:35.100,0.205897
08:43:35.200,-0.531894
08:43:35.300,-0.414307
08:43:35.400,-0.566414
08:43:35.500,-0.446891
08:43:35.600,-0.136171
08:43:35.700,-0.120856
08:43:35.800,-0.094107
08:43:35.900,-0.103862
08:43:36.000,-0.123307
08:43:36.100,0.258023
08:43:36.200,0.245557
08:43:36.300,1.064261
08:43:36.400,0.779158
08:43:36.500,0.258976
08:43:36.600,0.156969
08:43:36.700,0.48433
08:43:36.800,0.286608
08:43:36.900,0.530973
08:43:37.000,0.36065
08:43:37.100,0.576921
08:43:37.200,0.555447
08:43:37.300,0.675215
08:43:37.400,0.493905
08:43:37.500,0.179171
08:43:37.600,0.836665
08:43:37.700,0.458839
08:43:37.800,0.02575
08:43:37.900,-0.20064
08:43:38.000,-0.51353
08:43:38.100,-0.648669
08:43:38.200,0.150299
08:43:38.300,0.011654
08:43:38.400,-0.61594
08:43:38.500,-0.016812
08:43:38.600,-0.350444
08:43:38.700,-0.552566
08:43:38.800,-0.364061
08:43:38.900,-0.474921
08:43:39.000,-0.646213
08:43:39.100,-0.775397
08:43:39.200,-0.703258
08:43:39.300,-1.186496
08:43:39.400,-0.846567
08:43:39.500,0.135082
08:43:39.600,-0.701061
08:43:39.700,-0.965523
08:43:39.800,0.100075
08:43:39.900,-0.022489
08:43:40.000,0.106705
08:43:40.100,0.054371
08:43:40.200,0.535078
08:43:40.300,0.85318
08:43:40.400,0.228943
08:43:40.500,0.716483
08:43:40.600,0.957786
08:43:40.700,0.421487
08:43:40.800,1.194092
08:43:40.900,1.08169
08:43:41.000,0.265296
08:43:41.100,1.249624
08:43:41.200,0.249387
08:43:41.300,0.383099
08:43:41.400,0.805594
08:43:41.500,0.859486
08:43:41.600,0.445987
08:43:41.700,0.097339
08:43:41.800,0.125272
08:43:41.900,-0.022965
08:43:42.000,0.294428
08:43:42.100,-0.251561
08:43:42.200,-0.444458
08:43:42.300,-0.83483
08:43:42.400,-0.61943
08:43:42.500,-0.536404
08:43:42.600,-0.961952
08:43:42.700,-1.234358
08:43:42.800,-0.322754
08:43:42.900,-1.041528
08:43:43.000,-1.158266
08:43:43.100,-0.142048
08:43:43.200,-0.368669
08:43:43.300,-0.264785
08:43:43.400,-0.389492
08:43:43.500,-0.035994
08:43:43.600,-0.102259
08:43:43.700,-0.438347
08:43:43.800,-0.589079
08:43:43.900,-0.558605
08:43:44.000,-0.048894
08:43:44.100,-0.275494
08:43:44.200,-0.062877
08:43:44.300,0.264491
08:43:44.400,0.900708
08:43:44.500,-0.033727
08:43:44.600,0.576716
08:43:44.700,0.185703
08:43:44.800,0.471019
08:43:44.900,1.01683
08:43:45.000,0.403083
08:43:45.100,0.599202
08:43:45.200,0.715097
08:43:45.300,0.869117
08:43:45.400,0.37455
08:43:45.500,0.936248
08:43:45.600,0.255654
08:43:45.700,0.487317
08:43:45.800,0.149842
08:43:45.900,0.368821
08:43:46.000,0.709628
08:43:46.100,-0.206664
08:43:46.200,-0.221917
08:43:46.300,-0.469003
08:43:46.400,-0.616531
08:43:46.500,-0.739729
08:43:46.600,-0.572838
08:43:46.700,-0.895647
08:43:46.800,-0.927062
08:43:46.900,-1.799307
08:43:47.000,-0.215267
08:43:47.100,-0.116051
08:43:47.200,-0.438674
08:43:47.300,-0.929563
08:43:47.400,-1.008533
08:43:47.500,-1.04255
08:43:47.600,-0.187744
08:43:47.700,0.125061
08:43:47.800,-0.158181
08:43:47.900,0.190736
08:43:48.000,0.155696
08:43:48.100,-0.160304
08:43:48.200,0.569625
08:43:48.300,0.648743
08:43:48.400,0.06478
08:43:48.500,0.777462
08:43:48.600,0.51465
08:43:48.700,0.532393
08:43:48.800,0.802453
08:43:48.900,0.817281
08:43:49.000,1.01104
08:43:49.100,0.394125
08:43:49.200,0.863699
08:43:49.300,0.217715
08:43:49.400,0.503748
08:43:49.500,0.455747
08:43:49.600,0.750966
08:43:49.700,0.321035
08:43:49.800,0.124668
08:43:49.900,0.608579
08:43:50.000,-0.150149
08:43:50.100,-0.274407
08:43:50.200,-0.873085
08:43:50.300,-0.393696
08:43:50.400,-0.740339
08:43:50.500,-0.58273
08:43:50.600,-0.482327
08:43:50.700,-1.003491
08:43:50.800,-0.953783
08:43:50.900,-1.251192
08:43:51.000,-0.878434
08:43:51.100,-1.021951
08:43:51.200,0.084728
08:43:51.300,-0.097291
08:43:51.400,-0.096667
08:43:51.500,-0.94815
08:43:51.600,-0.473528
08:43:51.700,-0.73891
08:43:51.800,0.428676
08:43:51.900,0.181375
08:43:52.000,-0.368405
08:43:52.100,0.23882
08:43:52.200,-0.302585
08:43:52.300,0.270024
08:43:52.400,0.350003
08:43:52.500,0.753851
08:43:52.600,0.912056
08:43:52.700,0.630818
08:43:52.800,0.587339
08:43:52.900,-0.44096
08:43:53.000,1.246743
08:43:53.100,0.461225
08:43:53.200,0.701491
08:43:53.300,1.414387
08:43:53.400,0.148393
08:43:53.500,0.50242
08:43:53.600,0.58535
08:43:53.700,0.700155
08:43:53.800,0.216739
08:43:53.900,0.520958
08:43:54.000,-0.145474
08:43:54.100,0.080727
08:43:54.200,-0.071427
08:43:54.300,-0.349681
08:43:54.400,-0.298225
08:43:54.500,-0.801073
08:43:54.600,-0.670839
08:43:54.700,-1.074113
08:43:54.800,-0.820286
08:43:54.900,-0.293018
08:43:55.000,-0.552855
08:43:55.100,-0.583606
08:43:55.200,-1.225348
08:43:55.300,-0.511687
08:43:55.400,-0.588283
08:43:55.500,-0.306879
08:43:55.600,0.072676
08:43:55.700,-0.460915
08:43:55.800,-0.326774
08:43:55.900,0.211842
08:43:56.000,-0.211197
08:43:56.100,0.140091
08:43:56.200,-0.482494
08:43:56.300,0.209974
08:43:56.400,0.868207
08:43:56.500,0.612378
08:43:56.600,0.881108
08:43:56.700,0.958415
08:43:56.800,1.13798
08:43:56.900,0.569873
08:43:57.000,1.029798
08:43:57.100,1.478048
08:43:57.200,0.65653
08:43:57.300,0.161822
08:43:57.400,0.358078
08:43:57.500,0.658893
08:43:57.600,-0.170148
08:43:57.700,0.051064
08:43:57.800,0.100888
08:43:57.900,0.147954
08:43:58.000,0.628779
08:43:58.100,0.131231
08:43:58.200,-0.606164
08:43:58.300,1.035869
08:43:58.400,-0.417232
08:43:58.500,-1.083123
08:43:58.600,-0.929745
08:43:58.700,-0.985066
08:43:58.800,-1.137533
08:43:58.900,-0.511845
08:43:59.000,-1.633421
08:43:59.100,-0.347594
08:43:59.200,-0.380697
08:43:59.300,-0.783472
08:43:59.400,-0.245812
08:43:59.500,-0.877435
08:43:59.600,-0.706263
08:43:59.700,-0.125451
08:43:59.800,-0.289651
08:43:59.900,-0.328291
08:44:00.000,-0.039737
08:44:00.100,0.571072
08:44:00.200,0.66431
08:44:00.300,0.466938
08:44:00.400,0.287049
08:44:00.500,0.677469
08:44:00.600,0.264455
08:44:00.700,1.032836
08:44:00.800,0.998388
08:44:00.900,1.367438
08:44:01.000,0.419238
08:44:01.100,0.367178
08:44:01.200,0.858703
08:44:01.300,0.527888
08:44:01.400,0.916074
08:44:01.500,0.956173
08:44:01.600,1.007431
08:44:01.700,0.338233
08:44:01.800,0.524447
08:44:01.900,-0.071432
08:44:02.000,0.076025
08:44:02.100,-0.128207
08:44:02.200,-0.253683
08:44:02.300,0.320577
08:44:02.400,-0.881178
08:44:02.500,-0.496717
08:44:02.600,-0.547492
08:44:02.700,-0.398549
08:44:02.800,-1.04975
08:44:02.900,-0.796027
08:44:03.000,-0.908518
08:44:03.100,-1.479551
08:44:03.200,-0.258872
08:44:03.300,-1.138181
08:44:03.400,-1.127438
08:44:03.500,-0.163305
08:44:03.600,-0.528649
08:44:03.700,-0.422893
08:44:03.800,-0.314739
08:44:03.900,0.266526
08:44:04.000,-0.193137
08:44:04.100,0.317777
08:44:04.200,-0.1831
08:44:04.300,0.433309
08:44:04.400,0.727392
08:44:04.500,0.986758
08:44:04.600,0.024117
08:44:04.700,0.519861
08:44:04.800,1.225167
08:44:04.900,1.014036
08:44:05.000,0.630346
08:44:05.100,0.692715
08:44:05.200,0.769696
08:44:05.300,0.493161
08:44:05.400,0.757815
08:44:05.500,0.666653
08:44:05.600,0.021276
08:44:05.700,0.146373
08:44:05.800,0.057381
08:44:05.900,0.020071
08:44:06.000,0.094457
08:44:06.100,-0.046338
08:44:06.200,-0.468226
08:44:06.300,0.151303
08:44:06.400,-0.40968
08:44:06.500,0.017292
08:44:06.600,-0.062247
08:44:06.700,-0.994426
08:44:06.800,-0.837358
08:44:06.900,-0.837425
08:44:07.000,-0.590341
08:44:07.100,-0.437139
08:44:07.200,-0.614315
08:44:07.300,-0.816521
08:44:07.400,0.011749
08:44:07.500,-0.648424
08:44:07.600,-0.15181
08:44:07.700,-0.3308
08:44:07.800,-0.23912
08:44:07.900,0.126309
08:44:08.000,0.540051
08:44:08.100,0.216251
08:44:08.200,0.04522
08:44:08.300,0.835819
08:44:08.400,0.584295
08:44:08.500,0.554602
08:44:08.600,0.925998
08:44:08.700,0.736481
08:44:08.800,1.525673
08:44:08.900,0.692032
08:44:09.000,1.102379
08:44:09.100,0.846078
08:44:09.200,0.819279
08:44:09.300,0.496978
08:44:09.400,0.441322
08:44:09.500,0.668796
08:44:09.600,0.107558
08:44:09.700,0.116351
08:44:09.800,0.221666
08:44:09.900,0.543635
08:44:10.000,0.028186
08:44:10.100,-0.086862
08:44:10.200,-0.586827
08:44:10.300,0.275697
08:44:10.400,-0.023959
08:44:10.500,-0.068078
08:44:10.600,-1.074741
08:44:10.700,-0.500661
08:44:10.800,-0.994129
08:44:10.900,-0.421312
08:44:11.000,-0.587408
08:44:11.100,-0.509791
08:44:11.200,-0.916553
08:44:11.300,-0.98765
08:44:11.400,-0.790567
08:44:11.500,-0.387245
08:44:11.600,-0.49623
08:44:11.700,-0.229187
08:44:11.800,-0.574702
08:44:11.900,-0.111792
08:44:12.000,0.488286
08:44:12.100,0.225822
08:44:12.200,0.35453
08:44:12.300,0.458812
08:44:12.400,0.232274
08:44:12.500,1.066084
08:44:12.600,0.69127
08:44:12.700,0.685725
08:44:12.800,0.90618
08:44:12.900,1.020625
08:44:13.000,0.264039
08:44:13.100,0.711109
08:44:13.200,1.448053
08:44:13.300,1.203064
08:44:13.400,0.529071
08:44:13.500,0.749774
08:44:13.600,0.297137
08:44:13.700,0.441576
08:44:13.800,0.055901
08:44:13.900,-0.056845
08:44:14.000,-0.207149
08:44:14.100,0.479308
08:44:14.200,-0.384469
08:44:14.300,0.081826
08:44:14.400,-0.562532
08:44:14.500,-0.686124
08:44:14.600,-0.43002
08:44:14.700,-1.078261
08:44:14.800,-0.433106
08:44:14.900,-0.739027
08:44:15.000,-0.892766
08:44:15.100,-0.959301
08:44:15.200,0.024228
08:44:15.300,-0.635713
08:44:15.400,-0.593079
08:44:15.500,-0.189442
08:44:15.600,-0.706026
08:44:15.700,0.079211
08:44:15.800,-0.228822
08:44:15.900,-0.593824
08:44:16.000,-0.185673
08:44:16.100,-0.273801
08:44:16.200,0.244716
08:44:16.300,0.040036
08:44:16.400,0.095154
08:44:16.500,0.597245
08:44:16.600,0.581689
08:44:16.700,1.046909
08:44:16.800,1.073437
08:44:16.900,0.71286
08:44:17.000,0.874877
08:44:17.100,0.198747
08:44:17.200,0.909354
08:44:17.300,0.76745
08:44:17.400,0.90024
08:44:17.500,0.387795
08:44:17.600,0.30732
08:44:17.700,0.215849
08:44:17.800,0.718416
08:44:17.900,0.208527
08:44:18.000,-0.523586
08:44:18.100,0.116029
08:44:18.200,-0.378466
08:44:18.300,0.06181
08:44:18.400,-0.222887
08:44:18.500,-0.060819
08:44:18.600,-0.202711
08:44:18.700,-0.295626
08:44:18.800,-0.268674
08:44:18.900,-0.406111
08:44:19.000,-0.942845
08:44:19.100,-1.091637
08:44:19.200,-0.956328
08:44:19.300,-0.367961
08:44:19.400,-1.344501
08:44:19.500,-0.500365
08:44:19.600,-0.504502
08:44:19.700,0.110552
08:44:19.800,-0.257336
08:44:19.900,-0.238485
08:44:20.000,0.460605
08:44:20.100,0.077336
08:44:20.200,0.12761
08:44:20.300,0.146564
08:44:20.400,0.511424
08:44:20.500,0.378956
08:44:20.600,0.451558
08:44:20.700,1.131286
08:44:20.800,0.682852
08:44:20.900,0.534506
08:44:21.000,0.351713
08:44:21.100,0.760861
08:44:21.200,0.469828
08:44:21.300,0.494788
08:44:21.400,0.268277
08:44:21.500,0.56389
08:44:21.600,-0.044714
08:44:21.700,0.461807
08:44:21.800,0.025047
08:44:21.900,0.360327
08:44:22.000,0.169842
08:44:22.100,-0.073102
08:44:22.200,0.079838
08:44:22.300,0.227139
08:44:22.400,0.032523
08:44:22.500,-0.953777
08:44:22.600,-0.77819
08:44:22.700,-0.792735
08:44:22.800,-0.442226
08:44:22.900,-0.874162
08:44:23.000,-0.896519
08:44:23.100,-0.948343
08:44:23.200,-0.561128
08:44:23.300,-0.401568
08:44:23.400,-0.990374
08:44:23.500,-0.674959
08:44:23.600,-1.07471
08:44:23.700,-1.154884
08:44:23.800,-0.046679
08:44:23.900,0.000895
08:44:24.000,0.060342
08:44:24.100,0.664946
08:44:24.200,-0.370196
08:44:24.300,-0.410243
08:44:24.400,0.01828
08:44:24.500,-0.246899
08:44:24.600,0.351637
08:44:24.700,0.827705
08:44:24.800,0.769536
08:44:24.900,1.051013
08:44:25.000,0.829769
08:44:25.100,0.549968
08:44:25.200,0.481653
08:44:25.300,0.776814
08:44:25.400,0.030755
08:44:25.500,-0.617216
08:44:25.600,0.548028
08:44:25.700,0.399795
08:44:25.800,0.765566
08:44:25.900,0.353257
08:44:26.000,0.108212
08:44:26.100,-0.21875
08:44:26.200,-0.500207
08:44:26.300,-0.415882
08:44:26.400,-0.077153
08:44:26.500,-0.332692
08:44:26.600,-0.239331
08:44:26.700,-0.586355
08:44:26.800,-0.980579
08:44:26.900,-0.285179
08:44:27.000,-0.32547
08:44:27.100,-0.626449
08:44:27.200,-0.471151
08:44:27.300,-0.448371
08:44:27.400,-0.730251
08:44:27.500,-0.586006
08:44:27.600,-0.729835
08:44:27.700,-0.410127
08:44:27.800,0.144483
08:44:27.900,0.184865
08:44:28.000,0.195462
08:44:28.100,0.445216
08:44:28.200,0.088452
08:44:28.300,-0.092868
08:44:28.400,0.356543
08:44:28.500,0.467784
08:44:28.600,0.80282
08:44:28.700,0.802711
08:44:28.800,1.019443
08:44:28.900,-0.013836
08:44:29.000,0.420689
08:44:29.100,0.659406
08:44:29.200,0.833513
08:44:29.300,1.35674
08:44:29.400,0.224254
08:44:29.500,0.246533
08:44:29.600,0.263285
08:44:29.700,0.056844
08:44:29.800,-0.094571
08:44:29.900,0.125575
08:44:30.000,0.344276
08:44:30.100,-0.067731
08:44:30.200,-0.517212
08:44:30.300,-0.38647
08:44:30.400,-0.774956
08:44:30.500,-0.150915
08:44:30.600,-0.051408
08:44:30.700,-1.182003
08:44:30.800,-0.58558
08:44:30.900,-0.963754
08:44:31.000,-0.677993
08:44:31.100,-0.721326
08:44:31.200,-1.135111
08:44:31.300,-0.200619
08:44:31.400,-0.61941
08:44:31.500,-0.659479
08:44:31.600,-0.370742
08:44:31.700,-0.622502
08:44:31.800,-0.280592
08:44:31.900,-0.752566
08:44:32.000,-0.82499
08:44:32.100,-0.230023
08:44:32.200,0.029977
08:44:32.300,-0.297158
08:44:32.400,0.237332
08:44:32.500,0.308173
08:44:32.600,0.544765
08:44:32.700,0.838658
08:44:32.800,1.264972
08:44:32.900,0.841269
08:44:33.000,0.35556
08:44:33.100,0.924654
08:44:33.200,1.155951
08:44:33.300,0.23161
08:44:33.400,0.193694
08:44:33.500,-0.002396
08:44:33.600,0.213876
08:44:33.700,0.448419
08:44:33.800,0.735433
08:44:33.900,0.42159
08:44:34.000,0.134934
08:44:34.100,-0.093489
08:44:34.200,-0.079281
08:44:34.300,-0.160138
08:44:34.400,0.044669
08:44:34.500,-0.502283
08:44:34.600,-0.4747
08:44:34.700,-0.766679
08:44:34.800,-0.626049
08:44:34.900,-0.781088
08:44:35.000,-1.11635
08:44:35.100,-0.385735
08:44:35.200,-0.144851
08:44:35.300,-0.636804
08:44:35.400,-0.450093
08:44:35.500,-0.193399
08:44:35.600,-0.461614
08:44:35.700,-0.251435
08:44:35.800,-0.292257
08:44:35.900,-0.30183
08:44:36.000,0.182555
08:44:36.100,0.288887
08:44:36.200,0.539202
08:44:36.300,0.316604
08:44:36.400,-0.008489
08:44:36.500,0.882657
08:44:36.600,0.309224
08:44:36.700,0.360574
08:44:36.800,0.479555
08:44:36.900,0.081124
08:44:37.000,0.623832
08:44:37.100,0.908151
08:44:37.200,0.513968
08:44:37.300,1.092073
08:44:37.400,1.012983
08:44:37.500,0.806226
08:44:37.600,-0.265785
08:44:37.700,0.819593
08:44:37.800,0.1333
08:44:37.900,0.696948
08:44:38.000,-0.211424
08:44:38.100,-0.158437
08:44:38.200,-0.184942
08:44:38.300,-0.644116
08:44:38.400,-0.978613
08:44:38.500,-1.334145
08:44:38.600,0.467174
08:44:38.700,-1.207719
08:44:38.800,-1.244931
08:44:38.900,-0.491184
08:44:39.000,-1.198342
08:44:39.100,-1.254741
08:44:39.200,-1.671768
08:44:39.300,-0.521253
08:44:39.400,-0.940832
08:44:39.500,-0.269789
08:44:39.600,-0.437982
08:44:39.700,-0.287862
08:44:39.800,-0.375011
08:44:39.900,-0.206031
08:44:40.000,-0.313183
08:44:40.100,-0.170523
08:44:40.200,-0.166936
08:44:40.300,0.847687
08:44:40.400,0.272806
08:44:40.500,-0.297712
08:44:40.600,0.656878
08:44:40.700,0.342395
08:44:40.800,0.650171
08:44:40.900,0.59704
08:44:41.000,1.221562
08:44:41.100,0.557113
08:44:41.200,0.951365
08:44:41.300,0.87238
08:44:41.400,0.088017
08:44:41.500,0.560686
08:44:41.600,0.146035
08:44:41.700,-0.105237
08:44:41.800,-0.20534
08:44:41.900,0.396963
08:44:42.000,0.92506
08:44:42.100,-0.391362
08:44:42.200,-0.140802
08:44:42.300,-0.209144
08:44:42.400,-0.596946
08:44:42.500,-0.002314
08:44:42.600,0.202619
08:44:42.700,-0.832901
08:44:42.800,-0.058702
08:44:42.900,-0.882731
08:44:43.000,-1.039589
08:44:43.100,-0.740149
08:44:43.200,-0.361584
08:44:43.300,-0.660182
08:44:43.400,-0.308084
08:44:43.500,-0.415673
08:44:43.600,0.062046
08:44:43.700,-0.132066
08:44:43.800,0.319381
08:44:43.900,-0.409661
08:44:44.000,-0.07121
08:44:44.100,0.108967
08:44:44.200,-0.082546
08:44:44.300,-0.034692
08:44:44.400,0.545188
08:44:44.500,0.727812
08:44:44.600,0.605734
08:44:44.700,0.994362
08:44:44.800,0.279579
08:44:44.900,0.554511
08:44:45.000,0.28705
08:44:45.100,0.740167
08:44:45.200,0.836493
08:44:45.300,1.093349
08:44:45.400,0.154272
08:44:45.500,0.625322
08:44:45.600,0.914089
08:44:45.700,-0.032798
08:44:45.800,-0.216375
08:44:45.900,-0.406559
08:44:46.000,0.218567
08:44:46.100,-0.363421
08:44:46.200,-0.048993
08:44:46.300,-0.393447
08:44:46.400,0.218866
08:44:46.500,-0.219223
08:44:46.600,-0.847645
08:44:46.700,-0.729436
08:44:46.800,-0.389986
08:44:46.900,-1.065405
08:44:47.000,-0.286242
08:44:47.100,-0.778959
08:44:47.200,-0.382621
08:44:47.300,-0.692345
08:44:47.400,-0.749657
08:44:47.500,-0.735595
08:44:47.600,0.194882
08:44:47.700,-0.421085
08:44:47.800,0.8619
08:44:47.900,-0.056362
08:44:48.000,-0.297776
08:44:48.100,-0.445339
08:44:48.200,0.647786
08:44:48.300,0.249988
08:44:48.400,0.699389
08:44:48.500,1.307771
08:44:48.600,0.800404
08:44:48.700,0.741759
08:44:48.800,1.094947
08:44:48.900,0.972822
08:44:49.000,0.25804
08:44:49.100,1.15781
08:44:49.200,0.649655
08:44:49.300,1.163179
08:44:49.400,0.743778
08:44:49.500,0.912017
08:44:49.600,0.332835
08:44:49.700,-0.213264
08:44:49.800,0.413611
08:44:49.900,0.451402
08:44:50.000,-0.194926
08:44:50.100,-0.180661
08:44:50.200,-0.991335
08:44:50.300,-0.372147
08:44:50.400,-0.849108
08:44:50.500,-0.313947
08:44:50.600,-0.449089
08:44:50.700,-0.618384
08:44:50.800,-0.202812
08:44:50.900,-0.607044
08:44:51.000,-0.632291
08:44:51.100,-0.578814
08:44:51.200,-0.869723
08:44:51.300,-0.27672
08:44:51.400,-0.887039
08:44:51.500,-0.347011
08:44:51.600,0.015089
08:44:51.700,-0.677059
08:44:51.800,-0.686147
08:44:51.900,-0.474949
08:44:52.000,0.63597
08:44:52.100,-0.103753
08:44:52.200,-0.203848
08:44:52.300,0.446018
08:44:52.400,-0.541884
08:44:52.500,0.160868
08:44:52.600,1.061238
08:44:52.700,0.289326
08:44:52.800,0.574463
08:44:52.900,0.794323
08:44:53.000,0.803135
08:44:53.100,0.505
08:44:53.200,0.856974
08:44:53.300,1.129883
08:44:53.400,0.194736
08:44:53.500,0.325422
08:44:53.600,0.374647
08:44:53.700,0.562743
08:44:53.800,0.227902
08:44:53.900,0.064996
08:44:54.000,-0.542279
08:44:54.100,-0.506074
08:44:54.200,-0.148875
08:44:54.300,-0.497637
08:44:54.400,-0.531183
08:44:54.500,-0.516631
08:44:54.600,0.253277
08:44:54.700,-0.797823
08:44:54.800,-0.180306
08:44:54.900,-0.23154
08:44:55.000,-0.418684
08:44:55.100,-0.987987
08:44:55.200,-0.617726
08:44:55.300,-0.760376
08:44:55.400,0.138734
08:44:55.500,-0.351246
08:44:55.600,-0.486063
08:44:55.700,0.306929
08:44:55.800,-0.339688
08:44:55.900,0.083559
08:44:56.000,0.245844
08:44:56.100,0.231087
08:44:56.200,0.17907
08:44:56.300,0.610926
08:44:56.400,0.190968
08:44:56.500,0.884768
08:44:56.600,0.467817
08:44:56.700,1.091933
08:44:56.800,1.031939
08:44:56.900,0.883643
08:44:57.000,0.66843
08:44:57.100,1.077318
08:44:57.200,0.865623
08:44:57.300,-0.502082
08:44:57.400,0.280113
08:44:57.500,0.554033
08:44:57.600,0.509354
08:44:57.700,0.565298
08:44:57.800,0.758408
08:44:57.900,0.314833
08:44:58.000,-0.729521
08:44:58.100,-0.040328
08:44:58.200,0.209219
08:44:58.300,-0.278738
08:44:58.400,-0.340243
08:44:58.500,-0.667962
08:44:58.600,-0.234084
08:44:58.700,-0.747316
08:44:58.800,-0.45824
08:44:58.900,-0.541391
08:44:59.000,-0.681023
08:44:59.100,-0.521949
08:44:59.200,-0.595154
08:44:59.300,-0.176646
08:44:59.400,-0.32946
08:44:59.500,-0.131072
08:44:59.600,-0.67882
08:44:59.700,-0.60711
08:44:59.800,-0.194362
08:44:59.900,0.152806
08:45:00.000,0.186015
08:45:00.100,-0.15344
08:45:00.200,0.489509
08:45:00.300,0.098049
08:45:00.400,0.647297
08:45:00.500,0.595268
08:45:00.600,0.487519
08:45:00.700,0.436112
08:45:00.800,0.712353
08:45:00.900,0.720448
08:45:01.000,0.333703
08:45:01.100,0.902108
08:45:01.200,1.070579
08:45:01.300,0.924907
08:45:01.400,0.676574
08:45:01.500,0.337497
08:45:01.600,0.456579
08:45:01.700,0.271782
08:45:01.800,0.259817
08:45:01.900,0.437259
08:45:02.000,-0.037807
08:45:02.100,-0.75257
08:45:02.200,0.06353
08:45:02.300,-0.178771
08:45:02.400,-0.35898
08:45:02.500,-0.906006
08:45:02.600,-0.857623
08:45:02.700,-0.87409
08:45:02.800,-0.870035
08:45:02.900,-0.862922
08:45:03.000,-1.113601
08:45:03.100,0.061697
08:45:03.200,-0.140007
08:45:03.300,-0.526697
08:45:03.400,-0.578092
08:45:03.500,0.144311
08:45:03.600,0.156868
08:45:03.700,-0.576764
08:45:03.800,-0.129625
08:45:03.900,-0.173346
08:45:04.000,-0.094273
08:45:04.100,0.051589
08:45:04.200,0.186328
08:45:04.300,0.391551
08:45:04.400,0.48719
08:45:04.500,0.998338
08:45:04.600,0.283901
08:45:04.700,0.962126
08:45:04.800,0.289486
08:45:04.900,0.774278
08:45:05.000,1.065172
08:45:05.100,0.890542
08:45:05.200,0.555009
08:45:05.300,0.723383
08:45:05.400,1.144613
08:45:05.500,0.28788
08:45:05.600,0.609743
08:45:05.700,0.655574
08:45:05.800,0.080503
08:45:05.900,0.716884
08:45:06.000,0.725629
08:45:06.100,0.273406
08:45:06.200,0.167342
08:45:06.300,-0.922839
08:45:06.400,-0.873773
08:45:06.500,-0.52453
08:45:06.600,-0.796526
08:45:06.700,-0.404647
08:45:06.800,-1.662303
08:45:06.900,-0.474589
08:45:07.000,-0.761509
08:45:07.100,-0.881011
08:45:07.200,0.001569
08:45:07.300,-0.731528
08:45:07.400,-1.132179
08:45:07.500,-0.335038
08:45:07.600,-0.277689
08:45:07.700,-0.378671
08:45:07.800,0.60664
08:45:07.900,-0.035969
08:45:08.000,0.355177
08:45:08.100,0.222578
08:45:08.200,0.66101
08:45:08.300,0.201986
08:45:08.400,0.039253
08:45:08.500,0.762983
08:45:08.600,0.671057
08:45:08.700,0.902032
08:45:08.800,0.449891
08:45:08.900,0.859448
08:45:09.000,0.142004
08:45:09.100,0.523457
08:45:09.200,0.41911
08:45:09.300,0.797291
08:45:09.400,0.396836
08:45:09.500,0.014485
08:45:09.600,0.212565
08:45:09.700,0.527264
08:45:09.800,0.262191
08:45:09.900,-0.151275
08:45:10.000,0.293725
08:45:10.100,0.438388
08:45:10.200,0.101778
08:45:10.300,-1.125416
08:45:10.400,-0.328445
08:45:10.500,-0.544617
08:45:10.600,-1.278822
08:45:10.700,-1.07535
08:45:10.800,-0.386067
08:45:10.900,-0.626397
08:45:11.000,-0.671778
08:45:11.100,-0.918914
08:45:11.200,-0.28694
08:45:11.300,-1.054135
08:45:11.400,-0.877087
08:45:11.500,-0.60619
08:45:11.600,-0.945457
08:45:11.700,-0.626375
08:45:11.800,0.155238
08:45:11.900,-0.405005
08:45:12.000,0.273307
08:45:12.100,0.331737
08:45:12.200,0.157359
08:45:12.300,-0.178834
08:45:12.400,0.433645
08:45:12.500,-0.243809
08:45:12.600,0.381196
08:45:12.700,0.708844
08:45:12.800,0.970079
08:45:12.900,0.63827
08:45:13.000,0.487211
08:45:13.100,0.450575
08:45:13.200,0.501834
08:45:13.300,0.842151
08:45:13.400,0.688844
08:45:13.500,0.487269
08:45:13.600,0.631962
08:45:13.700,0.31798
08:45:13.800,-0.250883
08:45:13.900,-0.279109
08:45:14.000,0.210587
08:45:14.100,-0.590399
08:45:14.200,-0.349653
08:45:14.300,-0.357747
08:45:14.400,-0.773125
08:45:14.500,-1.078684
08:45:14.600,-0.977481
08:45:14.700,-1.25711
08:45:14.800,-0.451669
08:45:14.900,-0.552266
08:45:15.000,-0.96587
08:45:15.100,-1.169955
08:45:15.200,-0.257537
08:45:15.300,-0.469583
08:45:15.400,-0.783675
08:45:15.500,-0.079482
08:45:15.600,-0.363288
08:45:15.700,-0.206488
08:45:15.800,-0.581003
08:45:15.900,-0.640188
08:45:16.000,-0.549524
08:45:16.100,0.838566
08:45:16.200,-0.073339
08:45:16.300,0.340604
08:45:16.400,0.572314
08:45:16.500,0.487687
08:45:16.600,0.512324
08:45:16.700,0.561912
08:45:16.800,0.833721
08:45:16.900,0.327451
08:45:17.000,0.545812
08:45:17.100,-0.114926
08:45:17.200,0.013673
08:45:17.300,0.169387
08:45:17.400,0.865123
08:45:17.500,0.399529
08:45:17.600,0.655542
08:45:17.700,0.452503
08:45:17.800,0.307346
08:45:17.900,-0.220926
08:45:18.000,0.026228
08:45:18.100,-0.020436
08:45:18.200,0.553926
08:45:18.300,-0.438898
08:45:18.400,-0.155173
08:45:18.500,-0.538333
08:45:18.600,-0.8121
08:45:18.700,-0.319367
08:45:18.800,-0.003685
08:45:18.900,-0.59968
08:45:19.000,-0.939062
08:45:19.100,-0.52776
08:45:19.200,-0.567941
08:45:19.300,0.152072
08:45:19.400,-0.306553
08:45:19.500,-0.82173
08:45:19.600,0.034693
08:45:19.700,-0.046417
08:45:19.800,0.111077
08:45:19.900,0.046208
08:45:20.000,0.352905
08:45:20.100,0.263722
08:45:20.200,0.12728
08:45:20.300,0.36477
08:45:20.400,0.370867
08:45:20.500,0.61446
08:45:20.600,0.594117
08:45:20.700,0.513601
08:45:20.800,0.602177
08:45:20.900,0.690122
08:45:21.000,0.076622
08:45:21.100,1.049933
08:45:21.200,0.787515
08:45:21.300,0.409683
08:45:21.400,0.77323
08:45:21.500,0.317136
08:45:21.600,0.233601
08:45:21.700,0.448916
08:45:21.800,0.71703
08:45:21.900,0.20746
08:45:22.000,-0.271557
08:45:22.100,-0.232639
08:45:22.200,0.080855
08:45:22.300,-0.176295
08:45:22.400,-0.075635
08:45:22.500,-0.357265
08:45:22.600,-0.296521
08:45:22.700,0.080844
08:45:22.800,-1.139052
08:45:22.900,0.151118
08:45:23.000,-0.372228
08:45:23.100,0.227358
08:45:23.200,-1.009878
08:45:23.300,-0.489847
08:45:23.400,-0.51053
08:45:23.500,-0.185736
08:45:23.600,-0.247036
08:45:23.700,-0.192586
08:45:23.800,0.056311
08:45:23.900,-0.146887
08:45:24.000,-0.18054
08:45:24.100,0.268141
08:45:24.200,0.035078
08:45:24.300,0.273857
08:45:24.400,-0.092939
08:45:24.500,0.514549
08:45:24.600,0.241286
08:45:24.700,0.612163
08:45:24.800,0.28563
08:45:24.900,0.684616
08:45:25.000,1.014897
08:45:25.100,0.482838
08:45:25.200,0.339088
08:45:25.300,0.897279
08:45:25.400,0.885959
08:45:25.500,0.643347
08:45:25.600,0.248541
08:45:25.700,0.097403
08:45:25.800,0.100292
08:45:25.900,0.088797
08:45:26.000,-0.603899
08:45:26.100,-0.453607
08:45:26.200,0.221493
08:45:26.300,-0.245194
08:45:26.400,0.017994
08:45:26.500,-0.139488
08:45:26.600,-0.675671
08:45:26.700,-0.727777
08:45:26.800,-0.327443
08:45:26.900,-0.425855
08:45:27.000,-0.354405
08:45:27.100,-0.696117
08:45:27.200,-0.615837
08:45:27.300,-0.713151
08:45:27.400,-0.585026
08:45:27.500,-0.73495
08:45:27.600,-0.437625
08:45:27.700,-0.373797
08:45:27.800,-0.376871
08:45:27.900,0.167398
08:45:28.000,-0.493583
08:45:28.100,0.227607
08:45:28.200,-0.10628
08:45:28.300,0.021045
08:45:28.400,0.1447
08:45:28.500,0.659768
08:45:28.600,-0.22386
08:45:28.700,0.68275
08:45:28.800,0.681648
08:45:28.900,0.351825
08:45:29.000,0.763774
08:45:29.100,0.266744
08:45:29.200,0.650422
08:45:29.300,0.185858
08:45:29.400,1.283929
08:45:29.500,0.796467
08:45:29.600,0.497713
08:45:29.700,-0.016519
08:45:29.800,0.119877
08:45:29.900,0.027537
08:45:30.000,0.084665
08:45:30.100,0.029988
08:45:30.200,-0.137605
08:45:30.300,-0.197986
08:45:30.400,-0.470897
08:45:30.500,-0.375113
08:45:30.600,-0.789589
08:45:30.700,-0.995929
08:45:30.800,-0.018981
08:45:30.900,-0.54578
08:45:31.000,-0.06787
08:45:31.100,-0.787541
08:45:31.200,0.178011
08:45:31.300,-0.595843
08:45:31.400,-0.165226
08:45:31.500,-0.483476
08:45:31.600,-0.353727
08:45:31.700,-0.358113
08:45:31.800,-0.388793
08:45:31.900,0.233581
08:45:32.000,-0.003101
08:45:32.100,0.400157
08:45:32.200,0.53264
08:45:32.300,0.812812
08:45:32.400,0.55886
08:45:32.500,-0.033865
08:45:32.600,0.45424
08:45:32.700,0.614884
08:45:32.800,0.670085
08:45:32.900,1.15282
08:45:33.000,1.097679
08:45:33.100,0.640662
08:45:33.200,1.516273
08:45:33.300,0.501612
08:45:33.400,0.47262
08:45:33.500,0.112635
08:45:33.600,-0.134258
08:45:33.700,-0.095233
08:45:33.800,0.571053
08:45:33.900,0.36903
08:45:34.000,-0.309243
08:45:34.100,-0.074546
08:45:34.200,0.065952
08:45:34.300,-1.029473
08:45:34.400,0.208824
08:45:34.500,-0.126587
08:45:34.600,-0.282632
08:45:34.700,-0.202976
08:45:34.800,-1.380278
08:45:34.900,-0.767882
08:45:35.000,-0.259571
08:45:35.100,-0.693842
08:45:35.200,-0.405803
08:45:35.300,-0.116843
08:45:35.400,-0.320044
08:45:35.500,-0.585173
08:45:35.600,-0.209952
08:45:35.700,-0.902643
08:45:35.800,-0.044689
08:45:35.900,0.152868
08:45:36.000,0.052832
08:45:36.100,0.51604
08:45:36.200,0.313832
08:45:36.300,0.369227
08:45:36.400,1.052765
08:45:36.500,0.159731
08:45:36.600,1.053559
08:45:36.700,1.083242
08:45:36.800,0.961593
08:45:36.900,0.549802
08:45:37.000,0.819943
08:45:37.100,0.409879
08:45:37.200,0.469
08:45:37.300,0.669709
08:45:37.400,0.257045
08:45:37.500,0.413309
08:45:37.600,0.025749
08:45:37.700,0.546317
08:45:37.800,0.788513
08:45:37.900,0.878426
08:45:38.000,-0.361732
08:45:38.100,-0.409742
08:45:38.200,-0.233802
08:45:38.300,-0.029975
08:45:38.400,-0.443649
08:45:38.500,-0.117833
08:45:38.600,-0.340172
08:45:38.700,-1.202543
08:45:38.800,-0.606438
08:45:38.900,-1.085157
08:45:39.000,-0.857977
08:45:39.100,-0.795782
08:45:39.200,-0.366579
08:45:39.300,-0.594355
08:45:39.400,-0.689817
08:45:39.500,0.278165
08:45:39.600,-0.684744
08:45:39.700,-0.177659
08:45:39.800,0.056535
08:45:39.900,-0.011531
08:45:40.000,-0.275331
08:45:40.100,-0.183691
08:45:40.200,0.47247
08:45:40.300,0.722534
08:45:40.400,0.432
08:45:40.500,0.072704
08:45:40.600,0.608722
08:45:40.700,1.192715
08:45:40.800,0.352411
08:45:40.900,0.619007
08:45:41.000,0.759078
08:45:41.100,1.111039
08:45:41.200,0.519153
08:45:41.300,0.83192
08:45:41.400,1.091928
08:45:41.500,0.015116
08:45:41.600,-0.008684
08:45:41.700,0.323723
08:45:41.800,0.598166
08:45:41.900,0.264718
08:45:42.000,0.413124
08:45:42.100,-0.666551
08:45:42.200,-0.056554
08:45:42.300,-1.27547
08:45:42.400,0.091686
08:45:42.500,-0.040165
08:45:42.600,-0.642576
08:45:42.700,-1.39338
08:45:42.800,-0.700163
08:45:42.900,-0.261945
08:45:43.000,-0.516478
08:45:43.100,-0.005588
08:45:43.200,-0.730852
08:45:43.300,0.125467
08:45:43.400,-1.235587
08:45:43.500,-0.722251
08:45:43.600,-0.826442
08:45:43.700,-0.021773
08:45:43.800,-0.602005
08:45:43.900,0.281154
08:45:44.000,0.278472
08:45:44.100,0.210849
08:45:44.200,0.214775
08:45:44.300,-0.012837
08:45:44.400,0.659592
08:45:44.500,0.354119
08:45:44.600,0.870983
08:45:44.700,1.183781
08:45:44.800,0.59332
08:45:44.900,1.189241
08:45:45.000,0.802159
08:45:45.100,0.935913
08:45:45.200,0.238666
08:45:45.300,0.418993
08:45:45.400,0.357796
08:45:45.500,1.001693
08:45:45.600,0.324239
08:45:45.700,0.573339
08:45:45.800,0.225318
08:45:45.900,0.020187
08:45:46.000,-0.479637
08:45:46.100,-0.742114
08:45:46.200,-0.299293
08:45:46.300,-0.380394
08:45:46.400,-0.68344
08:45:46.500,-0.408612
08:45:46.600,0.156548
08:45:46.700,-0.065605
08:45:46.800,-0.636047
08:45:46.900,-0.649538
08:45:47.000,-0.454369
08:45:47.100,-0.583807
08:45:47.200,-0.419499
08:45:47.300,-0.506193
08:45:47.400,-0.512396
08:45:47.500,-0.702202
08:45:47.600,-0.268147
08:45:47.700,-1.093041
08:45:47.800,-0.107161
08:45:47.900,-0.816512
08:45:48.000,0.109433
08:45:48.100,-0.21656
08:45:48.200,0.680068
08:45:48.300,0.365548
08:45:48.400,0.42855
08:45:48.500,0.653532
08:45:48.600,0.280418
08:45:48.700,1.032912
08:45:48.800,0.925032
08:45:48.900,0.515186
08:45:49.000,0.346091
08:45:49.100,0.56064
08:45:49.200,0.628057
08:45:49.300,0.24405
08:45:49.400,0.406411
08:45:49.500,0.287931
08:45:49.600,0.340664
08:45:49.700,0.249803
08:45:49.800,0.387146
08:45:49.900,0.120439
08:45:50.000,0.140723
08:45:50.100,-0.022407
08:45:50.200,-0.284531
08:45:50.300,-0.07849
08:45:50.400,-1.371852
08:45:50.500,-0.62055
08:45:50.600,-0.766042
08:45:50.700,-0.581924
08:45:50.800,-0.887757
08:45:50.900,-0.499267
08:45:51.000,-0.446133
08:45:51.100,-1.175783
08:45:51.200,-0.587515
08:45:51.300,-1.072019
08:45:51.400,-0.39843
08:45:51.500,-0.658264
08:45:51.600,-0.692925
08:45:51.700,-0.91645
08:45:51.800,-0.248576
08:45:51.900,-0.514804
08:45:52.000,-0.519242
08:45:52.100,0.174591
08:45:52.200,0.555547
08:45:52.300,0.455859
08:45:52.400,-0.089395
08:45:52.500,0.447101
08:45:52.600,0.804509
08:45:52.700,0.575968
08:45:52.800,0.779676
08:45:52.900,0.538341
08:45:53.000,0.565356
08:45:53.100,0.460517
08:45:53.200,0.879944
08:45:53.300,0.859984
08:45:53.400,0.372001
08:45:53.500,0.759177
08:45:53.600,-0.087991
08:45:53.700,0.2579
08:45:53.800,-0.257473
08:45:53.900,-0.286646
08:45:54.000,-0.477982
08:45:54.100,-0.339009
08:45:54.200,0.000601
08:45:54.300,-0.34522
08:45:54.400,-0.615817
08:45:54.500,-0.555702
08:45:54.600,-1.286015
08:45:54.700,-0.423569
08:45:54.800,-1.452412
08:45:54.900,-0.938915
08:45:55.000,-0.727607
08:45:55.100,-0.535442
08:45:55.200,-0.582094
08:45:55.300,-0.641028
08:45:55.400,-0.056191
08:45:55.500,0.210225
08:45:55.600,-0.40898
08:45:55.700,-0.352823
08:45:55.800,-0.272217
08:45:55.900,-0.323309
08:45:56.000,0.13155
08:45:56.100,0.554544
08:45:56.200,-0.655251
08:45:56.300,0.258412
08:45:56.400,0.932458
08:45:56.500,0.632583
08:45:56.600,0.71114
08:45:56.700,0.063386
08:45:56.800,0.911484
08:45:56.900,1.044577
08:45:57.000,0.769978
08:45:57.100,0.461939
08:45:57.200,0.820726
08:45:57.300,0.260456
08:45:57.400,0.156744
08:45:57.500,0.775722
08:45:57.600,0.794984
08:45:57.700,0.057876
08:45:57.800,-0.191554
08:45:57.900,-0.197742
08:45:58.000,0.069177
08:45:58.100,-0.516975
08:45:58.200,0.23303
08:45:58.300,-0.480508
08:45:58.400,-0.283248
08:45:58.500,-0.755095
08:45:58.600,-0.361904
08:45:58.700,-0.390645
08:45:58.800,-1.252973
08:45:58.900,-0.929264
08:45:59.000,-0.754818
08:45:59.100,-0.875192
08:45:59.200,-0.360686
08:45:59.300,-0.832722
08:45:59.400,-0.316114
08:45:59.500,-0.325343
08:45:59.600,-0.44923
08:45:59.700,-0.053071
08:45:59.800,-0.754587
08:45:59.900,-0.131096
08:46:00.000,-0.092908
08:46:00.100,-0.01283
08:46:00.200,-0.056329
08:46:00.300,0.007198
08:46:00.400,0.001138
08:46:00.500,0.016651
08:46:00.600,0.021406
08:46:00.700,0.068803
08:46:00.800,-0.151048
08:46:00.900,0.061124
08:46:01.000,-0.181516
08:46:01.100,-0.335324
08:46:01.200,0.236696
08:46:01.300,-0.112661
08:46:01.400,-0.053765
08:46:01.500,-0.223648
08:46:01.600,-0.054535
08:46:01.700,0.024815
08:46:01.800,0.029133
08:46:01.900,-0.144814
08:46:02.000,-0.053238
08:46:02.100,0.044251
08:46:02.200,0.028626
08:46:02.300,0.015391
08:46:02.400,0.091251
08:46:02.500,-0.013079
08:46:02.600,0.16707
08:46:02.700,-0.035178
08:46:02.800,0.083342
08:46:02.900,0.087614
08:46:03.000,-0.196698
08:46:03.100,0.052909
08:46:03.200,-0.076817
08:46:03.300,-0.121062
08:46:03.400,-0.050931
08:46:03.500,0.019403
08:46:03.600,-0.187788
08:46:03.700,0.003226
08:46:03.800,-0.026109
08:46:03.900,0.124581
08:46:04.000,-0.076025
08:46:04.100,0.142779
08:46:04.200,0.046416
08:46:04.300,-0.004019
08:46:04.400,0.152839
08:46:04.500,0.230704
08:46:04.600,-0.025266
08:46:04.700,-0.08881
08:46:04.800,0.051478
08:46:04.900,-0.170764
08:46:05.000,-0.156124
08:46:05.100,0.156825
08:46:05.200,0.068623
08:46:05.300,-0.10298
08:46:05.400,0.376206
08:46:05.500,-0.165856
08:46:05.600,0.074367
08:46:05.700,-0.09558
08:46:05.800,0.213728
08:46:05.900,-0.063711
08:46:06.000,-0.034154
08:46:06.100,-0.217051
08:46:06.200,0.249917
08:46:06.300,-0.074154
08:46:06.400,0.057623
08:46:06.500,0.000567
08:46:06.600,-0.066175
08:46:06.700,-0.267323
08:46:06.800,-0.027396
08:46:06.900,-0.032602
08:46:07.000,0.038252
08:46:07.100,0.257456
08:46:07.200,0.077339
08:46:07.300,0.103183
08:46:07.400,-0.036621
08:46:07.500,-0.157593
08:46:07.600,-0.033512
08:46:07.700,-0.088138
08:46:07.800,-0.006009
08:46:07.900,-0.0593
08:46:08.000,-0.201323
08:46:08.100,0.152037
08:46:08.200,-0.016894
08:46:08.300,-0.039604
08:46:08.400,-0.132574
08:46:08.500,-0.057048
08:46:08.600,-0.103597
08:46:08.700,-0.143279
08:46:08.800,0.019527
08:46:08.900,-0.056259
08:46:09.000,0.089832
08:46:09.100,-0.043243
08:46:09.200,0.013775
08:46:09.300,0.010354
08:46:09.400,0.046177
08:46:09.500,-0.100939
08:46:09.600,0.107894
08:46:09.700,-0.141601
08:46:09.800,0.005092
08:46:09.900,-0.144591
08:46:10.000,-0.014487
08:46:10.100,0.106901
08:46:10.200,0.066657
08:46:10.300,0.127027
08:46:10.400,-0.036387
08:46:10.500,0.109071
08:46:10.600,-0.083067
08:46:10.700,-0.055013
08:46:10.800,0.015604
08:46:10.900,0.102
08:46:11.000,-0.065681
08:46:11.100,0.083417
08:46:11.200,0.027742
08:46:11.300,0.040426
08:46:11.400,-0.102555
08:46:11.500,-0.046165
08:46:11.600,-0.011236
08:46:11.700,0.0405
08:46:11.800,-0.096889
08:46:11.900,-0.155037
08:46:12.000,-0.255932
08:46:12.100,0.089497
08:46:12.200,0.113291
08:46:12.300,-0.241162
08:46:12.400,0.00908
08:46:12.500,-0.045256
08:46:12.600,0.146044
08:46:12.700,-0.025232
08:46:12.800,0.065461
08:46:12.900,-0.051028
08:46:13.000,-0.082451
08:46:13.100,0.092068
08:46:13.200,0.129403
08:46:13.300,-0.15227
08:46:13.400,0.137093
08:46:13.500,-0.116975
08:46:13.600,-0.279847
08:46:13.700,0.001298
08:46:13.800,0.06086
08:46:13.900,-0.181888
08:46:14.000,-0.237932
08:46:14.100,-0.059375
08:46:14.200,-0.075428
08:46:14.300,0.164354
08:46:14.400,0.001451
08:46:14.500,0.088145
08:46:14.600,0.025163
08:46:14.700,0.188243
08:46:14.800,-0.107004
08:46:14.900,-0.010554
08:46:15.000,-0.188288
08:46:15.100,0.097367
08:46:15.200,0.133683
08:46:15.300,0.104733
08:46:15.400,-0.014962
08:46:15.500,-0.178732
08:46:15.600,-0.010368
08:46:15.700,-0.081326
08:46:15.800,0.110718
08:46:15.900,-0.051206
08:46:16.000,-0.053767
08:46:16.100,0.260878
08:46:16.200,0.095918
08:46:16.300,0.129112
08:46:16.400,-0.061453
08:46:16.500,-0.132043
08:46:16.600,0.128016
08:46:16.700,0.179052
08:46:16.800,-0.154379
08:46:16.900,-0.062099
08:46:17.000,-0.109711
08:46:17.100,0.05777
08:46:17.200,0.130361
08:46:17.300,-0.044197
08:46:17.400,-0.044545
08:46:17.500,-0.234809
08:46:17.600,-0.114509
08:46:17.700,0.180878
08:46:17.800,0.059119
08:46:17.900,0.111155
08:46:18.000,-0.043819
08:46:18.100,-0.032767
08:46:18.200,0.002234
08:46:18.300,0.038909
08:46:18.400,0.165125
08:46:18.500,-0.08073
08:46:18.600,-0.016571
08:46:18.700,-0.09519
08:46:18.800,-0.23618
08:46:18.900,0.110417
08:46:19.000,0.209694
08:46:19.100,0.091855
08:46:19.200,0.027635
08:46:19.300,0.222413
08:46:19.400,0.055065
08:46:19.500,0.09633
08:46:19.600,0.016917
08:46:19.700,0.035244
08:46:19.800,-0.015954
08:46:19.900,0.09991
08:46:20.000,-0.130954
08:46:20.100,0.050311
08:46:20.200,-0.102365
08:46:20.300,0.061183
08:46:20.400,0.287295
08:46:20.500,0.083982
08:46:20.600,0.140871
08:46:20.700,0.108297
08:46:20.800,-0.279091
08:46:20.900,-0.015803
08:46:21.000,0.053745
08:46:21.100,-0.250667
08:46:21.200,-0.034064
08:46:21.300,-0.009509
08:46:21.400,-0.147791
08:46:21.500,-0.116363
08:46:21.600,0.160483
08:46:21.700,-0.4297
08:46:21.800,0.032576
08:46:21.900,0.139629
08:46:22.000,-0.003256
08:46:22.100,0.169035
08:46:22.200,-0.051285
08:46:22.300,-0.108608
08:46:22.400,-0.001132
08:46:22.500,-0.045786
08:46:22.600,-0.068619
08:46:22.700,-0.021656
08:46:22.800,-0.095039
08:46:22.900,-0.100546
08:46:23.000,-0.134638
08:46:23.100,0.049984
08:46:23.200,-0.119878
08:46:23.300,-0.149046
08:46:23.400,-0.128845
08:46:23.500,0.024676
08:46:23.600,0.080325
08:46:23.700,0.090124
08:46:23.800,0.025716
08:46:23.900,0.064265
08:46:24.000,-0.006575
08:46:24.100,0.054671
08:46:24.200,0.052826
08:46:24.300,-0.087557
08:46:24.400,-0.129078
08:46:24.500,0.162259
08:46:24.600,0.015042
08:46:24.700,0.126215
08:46:24.800,-0.131999
08:46:24.900,-0.048667
08:46:25.000,-0.165195
08:46:25.100,0.077559
08:46:25.200,-0.073738
08:46:25.300,-0.066513
08:46:25.400,0.234696
08:46:25.500,0.079954
08:46:25.600,0.07849
08:46:25.700,-0.144253
08:46:25.800,-0.222906
08:46:25.900,0.116476
08:46:26.000,-0.268846
08:46:26.100,-0.060189
08:46:26.200,-0.097397
08:46:26.300,-0.111017
08:46:26.400,-0.052914
08:46:26.500,-0.126687
08:46:26.600,-0.145921
08:46:26.700,0.03061
08:46:26.800,0.127958
08:46:26.900,-0.208352
08:46:27.000,0.023466
08:46:27.100,0.06497
08:46:27.200,0.053582
08:46:27.300,-0.026547
08:46:27.400,-0.071648
08:46:27.500,0.09103
08:46:27.600,0.040236
08:46:27.700,-0.227316
08:46:27.800,-0.026528
08:46:27.900,0.006659
08:46:28.000,-0.131247
08:46:28.100,-0.029213
08:46:28.200,0.058985
08:46:28.300,-0.09928
08:46:28.400,0.027959
08:46:28.500,-0.118744
08:46:28.600,-0.148402
08:46:28.700,0.073871
08:46:28.800,0.14088
08:46:28.900,-0.142047
08:46:29.000,0.114363
08:46:29.100,-0.001563
08:46:29.200,-0.265614
08:46:29.300,-0.172194
08:46:29.400,0.072992
08:46:29.500,-0.194874
08:46:29.600,-0.074227
08:46:29.700,-0.009763
08:46:29.800,0.053762
08:46:29.900,0.022162
08:46:30.000,0.188227
08:46:30.100,-0.097896
08:46:30.200,0.011832
08:46:30.300,0.054314
08:46:30.400,0.085492
08:46:30.500,0.126152
08:46:30.600,-0.052088
08:46:30.700,0.078178
08:46:30.800,-0.111102
08:46:30.900,-0.009324
08:46:31.000,0.06015
08:46:31.100,0.117047
08:46:31.200,0.068427
08:46:31.300,0.010866
08:46:31.400,-0.009538
08:46:31.500,0.065855
08:46:31.600,0.262706
08:46:31.700,0.102551
08:46:31.800,0.045786
08:46:31.900,-0.164276
08:46:32.000,-0.101337
08:46:32.100,-0.038889
08:46:32.200,0.109203
08:46:32.300,-0.112411
08:46:32.400,0.077094
08:46:32.500,0.014364
08:46:32.600,0.042592
08:46:32.700,-0.025915
08:46:32.800,-0.071595
08:46:32.900,-0.116851
08:46:33.000,0.073391
08:46:33.100,-0.009207
08:46:33.200,-0.129269
08:46:33.300,0.026794
08:46:33.400,0.410796
08:46:33.500,-0.024177
08:46:33.600,0.198492
08:46:33.700,-0.310234
08:46:33.800,-0.032456
08:46:33.900,0.114575
08:46:34.000,0.001867
08:46:34.100,-0.077116
08:46:34.200,-0.003171
08:46:34.300,0.118213
08:46:34.400,0.257213
08:46:34.500,0.127861
08:46:34.600,-0.060567
08:46:34.700,-0.027945
08:46:34.800,-0.027052
08:46:34.900,-0.10407
08:46:35.000,-0.018608
08:46:35.100,-0.032857
08:46:35.200,-0.144067
08:46:35.300,0.100575
08:46:35.400,0.050511
08:46:35.500,-0.076914
08:46:35.600,0.017736
08:46:35.700,-0.115746
08:46:35.800,-0.06627
08:46:35.900,0.082521
08:46:36.000,0.056526
08:46:36.100,-0.061583
08:46:36.200,0.037376
08:46:36.300,-0.008925
08:46:36.400,-0.119672
08:46:36.500,-0.020069
08:46:36.600,0.051844
08:46:36.700,0.036739
08:46:36.800,-0.203114
08:46:36.900,0.019932
08:46:37.000,0.003051
08:46:37.100,-0.227793
08:46:37.200,-0.096965
08:46:37.300,0.058996
08:46:37.400,0.166176
08:46:37.500,-0.196862
08:46:37.600,0.117516
08:46:37.700,-0.225645
08:46:37.800,0.167702
08:46:37.900,-0.02864
08:46:38.000,-0.085767
08:46:38.100,0.042544
08:46:38.200,-0.1155
08:46:38.300,0.061911
08:46:38.400,-0.014876
08:46:38.500,-0.457202
08:46:38.600,-0.097286
08:46:38.700,0.022932
08:46:38.800,0.127976
08:46:38.900,0.03978
08:46:39.000,0.126061
08:46:39.100,-0.107276
08:46:39.200,0.087317
08:46:39.300,0.08933
08:46:39.400,-0.195717
08:46:39.500,0.131942
08:46:39.600,0.039285
08:46:39.700,-0.033777
08:46:39.800,-0.035843
08:46:39.900,-0.124562
08:46:40.000,0.075697
08:46:40.100,0.036246
08:46:40.200,0.069951
08:46:40.300,0.009479
08:46:40.400,0.024694
08:46:40.500,-0.035508
08:46:40.600,0.129215
08:46:40.700,0.072764
08:46:40.800,0.020742
08:46:40.900,-0.016148
08:46:41.000,-0.212154
08:46:41.100,-0.238156
08:46:41.200,-0.044196
08:46:41.300,0.152243
08:46:41.400,-0.084584
08:46:41.500,-0.079865
08:46:41.600,-0.116682
08:46:41.700,-0.154847
08:46:41.800,-0.109679
08:46:41.900,0.033436
08:46:42.000,-0.059021
08:46:42.100,-0.064466
08:46:42.200,-0.075152
08:46:42.300,0.02844
08:46:42.400,0.046836
08:46:42.500,-0.224281
08:46:42.600,-0.091231
08:46:42.700,-0.010727
08:46:42.800,0.052669
08:46:42.900,0.015323
08:46:43.000,0.098743
08:46:43.100,-0.169422
08:46:43.200,0.049822
08:46:43.300,0.246155
08:46:43.400,0.005727
08:46:43.500,0.010617
08:46:43.600,0.062311
08:46:43.700,-0.06544
08:46:43.800,-0.113622
08:46:43.900,0.006963
08:46:44.000,-0.198481
08:46:44.100,0.047516
08:46:44.200,0.067743
08:46:44.300,-0.19246
08:46:44.400,0.019561
08:46:44.500,-0.025977
08:46:44.600,0.177345
08:46:44.700,0.157181
08:46:44.800,0.100994
08:46:44.900,0.145282
08:46:45.000,-0.043827
08:46:45.100,0.031193
08:46:45.200,-0.030294
08:46:45.300,-0.119659
08:46:45.400,0.00992
08:46:45.500,-0.009989
08:46:45.600,-0.024279
08:46:45.700,-0.007109
08:46:45.800,0.007296
08:46:45.900,0.106546
08:46:46.000,-0.070137
08:46:46.100,-0.153556
08:46:46.200,0.08136
08:46:46.300,0.10279
08:46:46.400,0.042954
08:46:46.500,-0.136655
08:46:46.600,-0.015779
08:46:46.700,0.034205
08:46:46.800,-0.128201
08:46:46.900,-0.091734
08:46:47.000,-0.017589
08:46:47.100,0.141953
08:46:47.200,0.02702
08:46:47.300,-0.068704
08:46:47.400,-0.0242
08:46:47.500,-0.079953
08:46:47.600,-0.049441
08:46:47.700,0.086672
08:46:47.800,-0.2304
08:46:47.900,0.157793
08:46:48.000,0.262702
08:46:48.100,0.019508
08:46:48.200,-0.099729
08:46:48.300,0.139588
08:46:48.400,0.033353
08:46:48.500,-0.063116
08:46:48.600,-0.116627
08:46:48.700,-0.0487
08:46:48.800,0.02311
08:46:48.900,0.107461
08:46:49.000,0.034103
08:46:49.100,0.054494
08:46:49.200,-0.040049
08:46:49.300,0.102591
08:46:49.400,-0.024807
08:46:49.500,0.220559
08:46:49.600,-0.078333
08:46:49.700,0.047399
08:46:49.800,0.262727
08:46:49.900,0.125035
08:46:50.000,0.08945
08:46:50.100,0.03562
08:46:50.200,0.00634
08:46:50.300,-0.020864
08:46:50.400,-0.067417
08:46:50.500,-0.184287
08:46:50.600,0.076874
08:46:50.700,-0.184563
08:46:50.800,0.078166
08:46:50.900,-0.03711
08:46:51.000,-0.114657
08:46:51.100,0.168682
08:46:51.200,-0.173891
08:46:51.300,-0.079936
08:46:51.400,-0.068718
08:46:51.500,0.017949
08:46:51.600,-0.073522
08:46:51.700,0.175406
08:46:51.800,-0.164555
08:46:51.900,0.49025
08:46:52.000,-0.127053
08:46:52.100,0.354704
08:46:52.200,0.131165
08:46:52.300,-0.013235
08:46:52.400,0.027196
08:46:52.500,-0.045451
08:46:52.600,0.041647
08:46:52.700,-0.088441
08:46:52.800,0.085079
08:46:52.900,0.02184
08:46:53.000,-0.118741
08:46:53.100,0.051258
08:46:53.200,0.043851
08:46:53.300,-0.086056
08:46:53.400,-0.051325
08:46:53.500,0.061498
08:46:53.600,0.130889
08:46:53.700,-0.01707
08:46:53.800,0.111679
08:46:53.900,0.140047
08:46:54.000,0.156392
08:46:54.100,0.050038
08:46:54.200,-0.10821
08:46:54.300,0.106956
08:46:54.400,-0.022968
08:46:54.500,0.060781
08:46:54.600,-0.075481
08:46:54.700,-0.07202
08:46:54.800,-0.084167
08:46:54.900,-0.158997
08:46:55.000,-0.07041
08:46:55.100,-0.123955
08:46:55.200,0.067952
08:46:55.300,-0.127785
08:46:55.400,-0.080332
08:46:55.500,0.000382
08:46:55.600,0.217491
08:46:55.700,-0.083053
08:46:55.800,-0.165867
08:46:55.900,-0.157423
08:46:56.000,-0.103277
08:46:56.100,-0.07882
08:46:56.200,0.276553
08:46:56.300,0.116009
08:46:56.400,-0.037802
08:46:56.500,0.222342
08:46:56.600,-0.07351
08:46:56.700,-0.04935
08:46:56.800,-0.056548
08:46:56.900,0.123222
08:46:57.000,-0.008397
08:46:57.100,0.180879
08:46:57.200,0.05208
08:46:57.300,0.109077
08:46:57.400,-0.217935
08:46:57.500,-0.203897
08:46:57.600,-0.199948
08:46:57.700,-0.051373
08:46:57.800,-0.184662
08:46:57.900,0.148838
08:46:58.000,-0.023903
08:46:58.100,0.073841
08:46:58.200,-0.059073
08:46:58.300,0.098976
08:46:58.400,-0.235811
08:46:58.500,-0.005867
08:46:58.600,0.060086
08:46:58.700,0.0702
08:46:58.800,-0.038122
08:46:58.900,-0.20532
08:46:59.000,0.121355
08:46:59.100,-0.047073
08:46:59.200,-0.036646
08:46:59.300,0.266305
08:46:59.400,0.011592
08:46:59.500,-0.062269
08:46:59.600,-0.069458
08:46:59.700,0.077421
08:46:59.800,-0.098505
08:46:59.900,0.061405
08:47:00.000,0.38547
08:47:00.100,0.078601
08:47:00.200,0.562051
08:47:00.300,0.293698
08:47:00.400,0.17084
08:47:00.500,-0.087627
08:47:00.600,0.662601
08:47:00.700,0.727334
08:47:00.800,1.009201
08:47:00.900,1.001117
08:47:01.000,1.423578
08:47:01.100,0.488021
08:47:01.200,0.790307
08:47:01.300,0.383041
08:47:01.400,0.891835
08:47:01.500,0.170557
08:47:01.600,0.731247
08:47:01.700,0.060005
08:47:01.800,0.484591
08:47:01.900,0.531767
08:47:02.000,-0.543934
08:47:02.100,-0.581022
08:47:02.200,-0.134094
08:47:02.300,-0.272834
08:47:02.400,-0.513707
08:47:02.500,-0.661666
08:47:02.600,-0.865631
08:47:02.700,-0.507831
08:47:02.800,-1.003288
08:47:02.900,-0.563247
08:47:03.000,-0.901033
08:47:03.100,-0.839322
08:47:03.200,-0.240217
08:47:03.300,-0.289635
08:47:03.400,-0.915227
08:47:03.500,-0.800497
08:47:03.600,-0.139208
08:47:03.700,-0.819643
08:47:03.800,0.292587
08:47:03.900,-0.062201
08:47:04.000,-0.202375
08:47:04.100,0.113178
08:47:04.200,0.692691
08:47:04.300,-0.4281
08:47:04.400,0.770656
08:47:04.500,0.913066
08:47:04.600,0.453996
08:47:04.700,0.598651
08:47:04.800,0.713496
08:47:04.900,0.948118
08:47:05.000,0.444594
08:47:05.100,0.686303
08:47:05.200,0.63078
08:47:05.300,0.8613
08:47:05.400,1.502709
08:47:05.500,0.238119
08:47:05.600,0.439042
08:47:05.700,0.051512
08:47:05.800,0.04522
08:47:05.900,-0.267081
08:47:06.000,-0.535668
08:47:06.100,0.304495
08:47:06.200,-0.091685
08:47:06.300,-0.285287
08:47:06.400,-0.717334
08:47:06.500,-0.521212
08:47:06.600,-0.971037
08:47:06.700,-0.633245
08:47:06.800,-0.548934
08:47:06.900,-0.881257
08:47:07.000,-0.964883
08:47:07.100,-0.863688
08:47:07.200,-0.380553
08:47:07.300,-0.553136
08:47:07.400,-1.128732
08:47:07.500,-0.241763
08:47:07.600,-0.22131
08:47:07.700,-0.252309
08:47:07.800,0.359654
08:47:07.900,-0.101163
08:47:08.000,0.15076
08:47:08.100,0.2738
08:47:08.200,0.523407
08:47:08.300,0.239791
08:47:08.400,0.185755
08:47:08.500,0.83555
08:47:08.600,0.888781
08:47:08.700,1.069897
08:47:08.800,0.811189
08:47:08.900,0.114317
08:47:09.000,0.757429
08:47:09.100,0.703174
08:47:09.200,1.096047
08:47:09.300,0.994156
08:47:09.400,0.780795
08:47:09.500,-0.230574
08:47:09.600,0.122764
08:47:09.700,0.190294
08:47:09.800,0.096833
08:47:09.900,0.16791
08:47:10.000,0.518072
08:47:10.100,0.163236
08:47:10.200,-0.537962
08:47:10.300,-0.607828
08:47:10.400,-0.733097
08:47:10.500,-0.535869
08:47:10.600,-0.28437
08:47:10.700,-0.286298
08:47:10.800,-0.797415
08:47:10.900,-0.701931
08:47:11.000,-0.114037
08:47:11.100,-1.211081
08:47:11.200,-0.442453
08:47:11.300,-0.438222
08:47:11.400,-0.670138
08:47:11.500,-0.501431
08:47:11.600,-0.264373
08:47:11.700,-0.420887
08:47:11.800,-0.439474
08:47:11.900,-0.359025
08:47:12.000,0.651759
08:47:12.100,-0.044599
08:47:12.200,0.286785
08:47:12.300,0.592632
08:47:12.400,0.337426
08:47:12.500,0.507501
08:47:12.600,0.742273
08:47:12.700,0.326928
08:47:12.800,0.127981
08:47:12.900,0.43567
08:47:13.000,1.304964
08:47:13.100,0.490076
08:47:13.200,0.711467
08:47:13.300,0.159671
08:47:13.400,1.036062
08:47:13.500,0.389595
08:47:13.600,0.252219
08:47:13.700,0.271092
08:47:13.800,1.095875
08:47:13.900,0.264039
08:47:14.000,-0.054878
08:47:14.100,-1.11849
08:47:14.200,0.257236
08:47:14.300,-0.561005
08:47:14.400,-0.709878
08:47:14.500,-0.762111
08:47:14.600,-0.053554
08:47:14.700,-0.638462
08:47:14.800,-1.198461
08:47:14.900,-0.762829
08:47:15.000,-0.991038
08:47:15.100,-0.565542
08:47:15.200,-0.800986
08:47:15.300,-1.172958
08:47:15.400,-0.595183
08:47:15.500,-0.514853
08:47:15.600,-0.850172
08:47:15.700,-1.003819
08:47:15.800,-0.117397
08:47:15.900,-0.207729
08:47:16.000,-0.075313
08:47:16.100,0.370545
08:47:16.200,-0.462227
08:47:16.300,0.338899
08:47:16.400,0.643352
08:47:16.500,0.431048
08:47:16.600,0.070659
08:47:16.700,0.392414
08:47:16.800,0.507727
08:47:16.900,0.138739
08:47:17.000,0.829981
08:47:17.100,0.692503
08:47:17.200,0.440714
08:47:17.300,0.968638
08:47:17.400,0.383617
08:47:17.500,1.012941
08:47:17.600,0.317325
08:47:17.700,-0.016296
08:47:17.800,-0.107212
08:47:17.900,0.141382
08:47:18.000,-0.37467
08:47:18.100,-0.058964
08:47:18.200,-0.356494
08:47:18.300,-0.466001
08:47:18.400,-0.42602
08:47:18.500,-0.143335
08:47:18.600,-0.75636
08:47:18.700,-0.559259
08:47:18.800,-0.510235
08:47:18.900,-1.114827
08:47:19.000,-0.517033
08:47:19.100,-0.405999
08:47:19.200,-0.327589
08:47:19.300,-1.011767
08:47:19.400,-0.929915
08:47:19.500,-0.513997
08:47:19.600,-0.450386
08:47:19.700,-0.311034
08:47:19.800,-0.341126
08:47:19.900,-0.044464
08:47:20.000,-0.893926
08:47:20.100,0.339832
08:47:20.200,0.731472
08:47:20.300,0.124226
08:47:20.400,0.482274
08:47:20.500,1.083209
08:47:20.600,0.578024
08:47:20.700,0.730604
08:47:20.800,1.310335
08:47:20.900,1.404132
08:47:21.000,0.328732
08:47:21.100,0.547359
08:47:21.200,0.978496
08:47:21.300,0.797695
08:47:21.400,0.813427
08:47:21.500,-0.422573
08:47:21.600,-0.272408
08:47:21.700,0.942269
08:47:21.800,0.487168
08:47:21.900,0.233279
08:47:22.000,-0.434801
08:47:22.100,-0.25475
08:47:22.200,-0.016934
08:47:22.300,-0.801872
08:47:22.400,-0.658289
08:47:22.500,-0.363585
08:47:22.600,-0.359902
08:47:22.700,-0.806772
08:47:22.800,-0.321946
08:47:22.900,-0.35896
08:47:23.000,-1.327464
08:47:23.100,-0.118094
08:47:23.200,-0.257494
08:47:23.300,-0.551406
08:47:23.400,-0.614367
08:47:23.500,-0.218705
08:47:23.600,-0.224648
08:47:23.700,-0.412837
08:47:23.800,0.345883
08:47:23.900,-0.84615
08:47:24.000,-0.232712
08:47:24.100,0.266227
08:47:24.200,0.198075
08:47:24.300,0.56265
08:47:24.400,-0.076674
08:47:24.500,0.40592
08:47:24.600,0.968941
08:47:24.700,0.100907
08:47:24.800,0.581576
08:47:24.900,0.505595
08:47:25.000,0.827177
08:47:25.100,0.828965
08:47:25.200,0.699724
08:47:25.300,0.522256
08:47:25.400,0.588456
08:47:25.500,0.437347
08:47:25.600,0.400088
08:47:25.700,0.827732
08:47:25.800,-0.204478
08:47:25.900,0.229084
08:47:26.000,-0.329739
08:47:26.100,0.574743
08:47:26.200,-0.185134
08:47:26.300,-0.761549
08:47:26.400,-0.492619
08:47:26.500,-1.005596
08:47:26.600,-0.787943
08:47:26.700,-0.408191
08:47:26.800,-0.189306
08:47:26.900,-0.313142
08:47:27.000,-0.736707
08:47:27.100,-0.491862
08:47:27.200,-0.382762
08:47:27.300,0.1637
08:47:27.400,-0.777703
08:47:27.500,0.033312
08:47:27.600,-0.793663
08:47:27.700,0.095185
08:47:27.800,-0.433541
08:47:27.900,-0.34881
08:47:28.000,-0.099627
08:47:28.100,-0.162094
08:47:28.200,0.365431
08:47:28.300,0.747083
08:47:28.400,-0.327597
08:47:28.500,0.433864
08:47:28.600,0.186015
08:47:28.700,0.940483
08:47:28.800,1.162881
08:47:28.900,0.630257
08:47:29.000,0.453844
08:47:29.100,0.12606
08:47:29.200,1.347816
08:47:29.300,1.08533
08:47:29.400,-0.126166
08:47:29.500,0.724391
08:47:29.600,0.022202
08:47:29.700,0.139809
08:47:29.800,-0.220655
08:47:29.900,-0.590774
08:47:30.000,-0.015955
08:47:30.100,0.55389
08:47:30.200,-0.540424
08:47:30.300,-0.005832
08:47:30.400,-0.044547
08:47:30.500,-0.242362
08:47:30.600,0.132448
08:47:30.700,-0.289382
08:47:30.800,-0.03411
08:47:30.900,-1.092855
08:47:31.000,-0.439125
08:47:31.100,-0.162567
08:47:31.200,-0.93594
08:47:31.300,-1.843861
08:47:31.400,-1.00988
08:47:31.500,-0.748644
08:47:31.600,-0.215036
08:47:31.700,-0.516046
08:47:31.800,-0.21522
08:47:31.900,-0.321021
08:47:32.000,-0.04499
08:47:32.100,0.086326
08:47:32.200,-0.00502
08:47:32.300,0.605232
08:47:32.400,0.89456
08:47:32.500,0.09287
08:47:32.600,0.642372
08:47:32.700,0.123369
08:47:32.800,0.052286
08:47:32.900,1.054172
08:47:33.000,1.402592
08:47:33.100,0.576454
08:47:33.200,1.307394
08:47:33.300,0.396834
08:47:33.400,0.484242
08:47:33.500,1.078682
08:47:33.600,0.092017
08:47:33.700,0.638631
08:47:33.800,0.094415
08:47:33.900,-0.142743
08:47:34.000,-0.178082
08:47:34.100,-0.868409
08:47:34.200,0.225069
08:47:34.300,-0.238588
08:47:34.400,-0.463249
08:47:34.500,-0.737505
08:47:34.600,-0.45719
08:47:34.700,-0.314497
08:47:34.800,-0.76183
08:47:34.900,-0.354125
08:47:35.000,-0.603715
08:47:35.100,-0.724065
08:47:35.200,-0.346413
08:47:35.300,-0.801475
08:47:35.400,-1.004348
08:47:35.500,-0.513556
08:47:35.600,-0.399102
08:47:35.700,-0.395606
08:47:35.800,0.200151
08:47:35.900,0.065668
08:47:36.000,-0.040272
08:47:36.100,0.107576
08:47:36.200,0.244532
08:47:36.300,0.501912
08:47:36.400,0.429837
08:47:36.500,0.440913
08:47:36.600,0.099341
08:47:36.700,0.375276
08:47:36.800,0.76269
08:47:36.900,0.757183
08:47:37.000,0.180134
08:47:37.100,0.494711
08:47:37.200,0.340326
08:47:37.300,1.101326
08:47:37.400,0.654209
08:47:37.500,0.645597
08:47:37.600,0.388097
08:47:37.700,0.098579
08:47:37.800,0.060408
08:47:37.900,0.281957
08:47:38.000,-0.091034
08:47:38.100,0.066576
08:47:38.200,-0.166271
08:47:38.300,-0.214352
08:47:38.400,-0.290155
08:47:38.500,-0.679129
08:47:38.600,-0.675134
08:47:38.700,-0.305608
08:47:38.800,-0.026513
08:47:38.900,-0.370085
08:47:39.000,-1.676126
08:47:39.100,-0.956681
08:47:39.200,-0.625589
08:47:39.300,-1.008081
08:47:39.400,-0.967092
08:47:39.500,-0.641526
08:47:39.600,-0.290587
08:47:39.700,-0.101656
08:47:39.800,-0.344883
08:47:39.900,-0.264948
08:47:40.000,-0.295289
08:47:40.100,0.286988
08:47:40.200,0.370273
08:47:40.300,0.635259
08:47:40.400,0.456863
08:47:40.500,0.036053
08:47:40.600,0.444201
08:47:40.700,0.923626
08:47:40.800,0.058322
08:47:40.900,0.661692
08:47:41.000,0.799803
08:47:41.100,1.392672
08:47:41.200,0.455349
08:47:41.300,0.581118
08:47:41.400,1.156973
08:47:41.500,0.289062
08:47:41.600,0.787597
08:47:41.700,0.455225
08:47:41.800,0.138958
08:47:41.900,0.26757
08:47:42.000,-0.051629
08:47:42.100,0.680731
08:47:42.200,-0.939257
08:47:42.300,-0.416657
08:47:42.400,-0.500054
08:47:42.500,-0.541872
08:47:42.600,-0.188163
08:47:42.700,-0.780167
08:47:42.800,-0.493526
08:47:42.900,-0.610369
08:47:43.000,-0.406533
08:47:43.100,-0.739396
08:47:43.200,-0.552967
08:47:43.300,-0.666908
08:47:43.400,-0.911431
08:47:43.500,0.064688
08:47:43.600,-0.678214
08:47:43.700,-0.485264
08:47:43.800,-0.5162
08:47:43.900,0.031203
08:47:44.000,-0.167356
08:47:44.100,0.639839
08:47:44.200,0.403195
08:47:44.300,0.220897
08:47:44.400,0.093037
08:47:44.500,0.456227
08:47:44.600,0.748323
08:47:44.700,0.607645
08:47:44.800,0.616615
08:47:44.900,0.334217
08:47:45.000,1.485102
08:47:45.100,0.620993
08:47:45.200,0.184658
08:47:45.300,0.247438
08:47:45.400,0.445876
08:47:45.500,1.175646
08:47:45.600,0.351809
08:47:45.700,0.186613
08:47:45.800,0.511954
08:47:45.900,0.430694
08:47:46.000,0.230681
08:47:46.100,-0.039548
08:47:46.200,-0.60283
08:47:46.300,-0.580649
08:47:46.400,-0.968274
08:47:46.500,-0.573362
08:47:46.600,-0.714943
08:47:46.700,-0.808661
08:47:46.800,-0.567998
08:47:46.900,-0.921398
08:47:47.000,-0.819163
08:47:47.100,-0.861598
08:47:47.200,-0.676887
08:47:47.300,-0.496082
08:47:47.400,-1.036898
08:47:47.500,-0.336349
08:47:47.600,-0.318961
08:47:47.700,-0.171274
08:47:47.800,-0.169681
08:47:47.900,0.017043
08:47:48.000,-0.145483
08:47:48.100,0.264683
08:47:48.200,0.61691
08:47:48.300,0.14441
08:47:48.400,0.250767
08:47:48.500,0.715652
08:47:48.600,0.372409
08:47:48.700,0.371971
08:47:48.800,0.8135
08:47:48.900,0.540718
08:47:49.000,1.127611
08:47:49.100,0.528208
08:47:49.200,0.379049
08:47:49.300,0.62203
08:47:49.400,0.718713
08:47:49.500,0.607086
08:47:49.600,0.600069
08:47:49.700,0.124189
08:47:49.800,0.613735
08:47:49.900,-0.469868
08:47:50.000,-0.2733
08:47:50.100,-0.096075
08:47:50.200,-0.460303
08:47:50.300,-0.426188
08:47:50.400,-0.755031
08:47:50.500,-0.56783
08:47:50.600,-0.404235
08:47:50.700,-0.811147
08:47:50.800,-0.973378
08:47:50.900,-0.852703
08:47:51.000,-0.313646
08:47:51.100,-0.307931
08:47:51.200,-0.833078
08:47:51.300,-0.445804
08:47:51.400,-0.572729
08:47:51.500,-0.045558
08:47:51.600,-0.344401
08:47:51.700,-0.388337
08:47:51.800,0.343645
08:47:51.900,-0.432835
08:47:52.000,0.111721
08:47:52.100,0.587629
08:47:52.200,0.449468
08:47:52.300,0.050799
08:47:52.400,0.125615
08:47:52.500,0.002004
08:47:52.600,1.085334
08:47:52.700,0.227192
08:47:52.800,0.91543
08:47:52.900,0.192103
08:47:53.000,1.594982
08:47:53.100,0.217868
08:47:53.200,0.680622
08:47:53.300,1.047926
08:47:53.400,0.320236
08:47:53.500,0.692295
08:47:53.600,0.312808
08:47:53.700,0.45366
08:47:53.800,0.594581
08:47:53.900,-0.040425
08:47:54.000,0.523919
08:47:54.100,0.013846
08:47:54.200,0.465651
08:47:54.300,-0.608975
08:47:54.400,-0.636177
08:47:54.500,-0.576268
08:47:54.600,-0.99074
08:47:54.700,-0.299645
08:47:54.800,-0.692284
08:47:54.900,-1.092525
08:47:55.000,-0.987977
08:47:55.100,-0.995869
08:47:55.200,-0.342459
08:47:55.300,-0.463693
08:47:55.400,-0.61271
08:47:55.500,-0.622829
08:47:55.600,-0.495005
08:47:55.700,0.305596
08:47:55.800,-0.298177
08:47:55.900,0.190638
08:47:56.000,-0.115259
08:47:56.100,0.698378
08:47:56.200,-0.210405
08:47:56.300,0.600254
08:47:56.400,0.145662
08:47:56.500,1.269629
08:47:56.600,0.810383
08:47:56.700,0.027377
08:47:56.800,0.339727
08:47:56.900,0.931185
08:47:57.000,0.930227
08:47:57.100,0.895476
08:47:57.200,0.720544
08:47:57.300,0.512082
08:47:57.400,0.946673
08:47:57.500,0.19252
08:47:57.600,0.430151
08:47:57.700,0.100744
08:47:57.800,-0.02866
08:47:57.900,-0.051146
08:47:58.000,-0.257342
08:47:58.100,0.082896
08:47:58.200,-0.732948
08:47:58.300,-0.166937
08:47:58.400,-0.633443
08:47:58.500,-0.484339
08:47:58.600,-0.624707
08:47:58.700,-0.798432
08:47:58.800,-0.241146
08:47:58.900,-0.821191
08:47:59.000,-0.453774
08:47:59.100,-0.440646
08:47:59.200,-0.761144
08:47:59.300,-1.063966
08:47:59.400,-0.875063
08:47:59.500,-0.047395
08:47:59.600,-0.239057
08:47:59.700,-0.269194
08:47:59.800,-0.414771
08:47:59.900,0.496634
08:48:00.000,-0.303838
08:48:00.100,0.158402
08:48:00.200,0.391944
08:48:00.300,-0.139204
08:48:00.400,0.145982
08:48:00.500,0.334834
08:48:00.600,0.86798
08:48:00.700,0.470461
08:48:00.800,0.163073
08:48:00.900,0.155083
08:48:01.000,0.43155
08:48:01.100,0.169844
08:48:01.200,0.934765
08:48:01.300,0.906449
08:48:01.400,0.568781
08:48:01.500,0.402885
08:48:01.600,0.671008
08:48:01.700,0.562856
08:48:01.800,-0.129026
08:48:01.900,-0.187476
08:48:02.000,0.24729
08:48:02.100,-0.01481
08:48:02.200,-0.00343
08:48:02.300,-0.630667
08:48:02.400,-0.674531
08:48:02.500,-0.332614
08:48:02.600,-0.804998
08:48:02.700,-1.155684
08:48:02.800,-0.899124
08:48:02.900,-0.76318
08:48:03.000,-0.104528
08:48:03.100,-0.984838
08:48:03.200,-0.68733
08:48:03.300,0.09132
08:48:03.400,-0.949004
08:48:03.500,-0.263803
08:48:03.600,-0.660291
08:48:03.700,-0.177201
08:48:03.800,0.600813
08:48:03.900,0.167538
08:48:04.000,0.053151
08:48:04.100,-0.223389
08:48:04.200,0.154915
08:48:04.300,0.119918
08:48:04.400,-0.096244
08:48:04.500,-0.250147
08:48:04.600,0.275649
08:48:04.700,0.612663
08:48:04.800,1.057501
08:48:04.900,0.433016
08:48:05.000,0.767065
08:48:05.100,0.095964
08:48:05.200,0.385599
08:48:05.300,-0.232861
08:48:05.400,1.348255
08:48:05.500,0.564272
08:48:05.600,0.469694
08:48:05.700,0.50512
08:48:05.800,1.102637
08:48:05.900,-0.042842
08:48:06.000,-0.343271
08:48:06.100,0.590559
08:48:06.200,-0.647122
08:48:06.300,0.136551
08:48:06.400,-0.437287
08:48:06.500,-0.343303
08:48:06.600,-1.069161
08:48:06.700,0.284047
08:48:06.800,-0.79952
08:48:06.900,-0.936855
08:48:07.000,-0.50807
08:48:07.100,-0.917119
08:48:07.200,-0.517179
08:48:07.300,-1.065048
08:48:07.400,-0.515349
08:48:07.500,-0.706083
08:48:07.600,-0.68561
08:48:07.700,-0.647257
08:48:07.800,0.09374
08:48:07.900,-0.232143
08:48:08.000,-0.06436
08:48:08.100,0.258977
08:48:08.200,0.615367
08:48:08.300,-0.005345
08:48:08.400,0.488675
08:48:08.500,0.176596
08:48:08.600,0.493332
08:48:08.700,0.996485
08:48:08.800,-0.155379
08:48:08.900,0.368374
08:48:09.000,0.619036
08:48:09.100,0.8246
08:48:09.200,1.092653
08:48:09.300,0.029656
08:48:09.400,1.06173
08:48:09.500,0.677252
08:48:09.600,0.32723
08:48:09.700,-0.196369
08:48:09.800,0.015959
08:48:09.900,0.468322
08:48:10.000,0.009248
08:48:10.100,-0.172787
08:48:10.200,-0.55633
08:48:10.300,-0.06067
08:48:10.400,-0.463848
08:48:10.500,-0.577793
08:48:10.600,-0.599644
08:48:10.700,-0.849542
08:48:10.800,-0.951094
08:48:10.900,-1.223216
08:48:11.000,-0.916815
08:48:11.100,-1.321438
08:48:11.200,-0.495744
08:48:11.300,-0.857376
08:48:11.400,-0.703617
08:48:11.500,-0.507972
08:48:11.600,-0.692217
08:48:11.700,-0.729045
08:48:11.800,-0.138673
08:48:11.900,0.551649
08:48:12.000,0.318548
08:48:12.100,0.557459
08:48:12.200,-0.238141
08:48:12.300,0.250781
08:48:12.400,0.342148
08:48:12.500,0.994923
08:48:12.600,0.887201
08:48:12.700,0.566257
08:48:12.800,-0.135187
08:48:12.900,0.285799
08:48:13.000,0.921532
08:48:13.100,0.579123
08:48:13.200,0.627166
08:48:13.300,0.838476
08:48:13.400,0.962445
08:48:13.500,0.222386
08:48:13.600,0.618529
08:48:13.700,0.881801
08:48:13.800,0.716103
08:48:13.900,-0.076282
08:48:14.000,0.103207
08:48:14.100,0.153259
08:48:14.200,-0.209259
08:48:14.300,-0.405011
08:48:14.400,-1.01711
08:48:14.500,-0.797752
08:48:14.600,-0.809677
08:48:14.700,-1.065186
08:48:14.800,-0.627415
08:48:14.900,-0.388087
08:48:15.000,-0.846729
08:48:15.100,-1.462678
08:48:15.200,-0.70717
08:48:15.300,-0.527809
08:48:15.400,-0.494083
08:48:15.500,-0.747375
08:48:15.600,-0.833198
08:48:15.700,-0.007553
08:48:15.800,-0.093207
08:48:15.900,-0.347936
08:48:16.000,-0.525414
08:48:16.100,0.187416
08:48:16.200,-0.097829
08:48:16.300,0.451736
08:48:16.400,0.466692
08:48:16.500,1.221893
08:48:16.600,0.539046
08:48:16.700,1.32397
08:48:16.800,0.694409
08:48:16.900,0.457957
08:48:17.000,0.330581
08:48:17.100,0.384422
08:48:17.200,0.815918
08:48:17.300,0.66891
08:48:17.400,-0.077212
08:48:17.500,0.852032
08:48:17.600,0.928367
08:48:17.700,-0.329283
08:48:17.800,0.570521
08:48:17.900,0.698587
08:48:18.000,-0.628622
08:48:18.100,-0.273046
08:48:18.200,-0.513653
08:48:18.300,0.02307
08:48:18.400,-0.556591
08:48:18.500,-0.654072
08:48:18.600,-0.418869
08:48:18.700,-0.077838
08:48:18.800,-0.687315
08:48:18.900,-0.856139
08:48:19.000,-0.799524
08:48:19.100,-0.461031
08:48:19.200,-1.131724
08:48:19.300,-0.629458
08:48:19.400,-0.89452
08:48:19.500,-0.916024
08:48:19.600,-1.092087
08:48:19.700,-0.49804
08:48:19.800,0.161243
08:48:19.900,-0.803688
08:48:20.000,0.189951
08:48:20.100,-0.117588
08:48:20.200,-0.155876
08:48:20.300,0.43815
08:48:20.400,0.870148
08:48:20.500,1.019272
08:48:20.600,0.665607
08:48:20.700,0.599105
08:48:20.800,0.802783
08:48:20.900,1.558319
08:48:21.000,0.597562
08:48:21.100,1.08861
08:48:21.200,0.458409
08:48:21.300,0.332984
08:48:21.400,1.185427
08:48:21.500,0.495905
08:48:21.600,0.490048
08:48:21.700,0.509225
08:48:21.800,-0.096115
08:48:21.900,-0.043891
08:48:22.000,-0.224716
08:48:22.100,0.006758
08:48:22.200,-0.08799
08:48:22.300,-0.527972
08:48:22.400,0.298269
08:48:22.500,-0.504557
08:48:22.600,-0.530338
08:48:22.700,-0.153482
08:48:22.800,-0.971964
08:48:22.900,-0.873687
08:48:23.000,-0.600073
08:48:23.100,-1.207861
08:48:23.200,-0.748848
08:48:23.300,0.094102
08:48:23.400,0.073833
08:48:23.500,-0.180949
08:48:23.600,0.002514
08:48:23.700,-0.14511
08:48:23.800,-0.367342
08:48:23.900,0.465748
08:48:24.000,-0.332089
08:48:24.100,0.448466
08:48:24.200,0.038096
08:48:24.300,0.160652
08:48:24.400,0.599981
08:48:24.500,1.206866
08:48:24.600,1.066343
08:48:24.700,0.742271
08:48:24.800,0.687745
08:48:24.900,0.964898
08:48:25.000,1.177807
08:48:25.100,0.075187
08:48:25.200,0.621286
08:48:25.300,0.255353
08:48:25.400,0.489774
08:48:25.500,0.054708
08:48:25.600,-0.220674
08:48:25.700,-0.143945
08:48:25.800,0.022584
08:48:25.900,0.314795
08:48:26.000,-0.284865
08:48:26.100,-0.412501
08:48:26.200,-0.077811
08:48:26.300,-0.217417
08:48:26.400,0.184315
08:48:26.500,-0.167835
08:48:26.600,-0.925377
08:48:26.700,-0.858403
08:48:26.800,-0.404471
08:48:26.900,-1.001675
08:48:27.000,-0.813519
08:48:27.100,-1.29004
08:48:27.200,-1.123058
08:48:27.300,-0.182921
08:48:27.400,-0.507794
08:48:27.500,-0.715128
08:48:27.600,-0.582425
08:48:27.700,0.282562
08:48:27.800,-0.446197
08:48:27.900,0.056174
08:48:28.000,0.305011
08:48:28.100,0.615244
08:48:28.200,-0.08156
08:48:28.300,-0.172012
08:48:28.400,0.025164
08:48:28.500,0.750835
08:48:28.600,1.263479
08:48:28.700,0.891732
08:48:28.800,0.434916
08:48:28.900,1.107121
08:48:29.000,0.535816
08:48:29.100,0.400285
08:48:29.200,0.549739
08:48:29.300,0.420311
08:48:29.400,0.320648
08:48:29.500,0.92259
08:48:29.600,0.230929
08:48:29.700,-0.237758
08:48:29.800,0.421367
08:48:29.900,-0.224617
08:48:30.000,-0.322839
08:48:30.100,0.13593
08:48:30.200,-0.470212
08:48:30.300,-0.47629
08:48:30.400,-0.396688
08:48:30.500,-0.595194
08:48:30.600,-0.716538
08:48:30.700,-1.443734
08:48:30.800,-0.726242
08:48:30.900,-0.126673
08:48:31.000,-0.479625
08:48:31.100,-0.822807
08:48:31.200,-0.501177
08:48:31.300,-0.404128
08:48:31.400,-0.861033
08:48:31.500,-0.054964
08:48:31.600,-0.354374
08:48:31.700,-0.427109
08:48:31.800,0.340341
08:48:31.900,-0.83342
08:48:32.000,-0.411533
08:48:32.100,0.334065
08:48:32.200,0.452241
08:48:32.300,0.89417
08:48:32.400,-0.378144
08:48:32.500,0.795519
08:48:32.600,0.13044
08:48:32.700,0.77032
08:48:32.800,0.642984
08:48:32.900,0.988847
08:48:33.000,0.617619
08:48:33.100,1.045237
08:48:33.200,0.37591
08:48:33.300,0.595199
08:48:33.400,0.633787
08:48:33.500,1.08182
08:48:33.600,0.702982
08:48:33.700,0.389319
08:48:33.800,0.440244
08:48:33.900,0.489658
08:48:34.000,0.131088
08:48:34.100,-0.468339
08:48:34.200,0.003619
08:48:34.300,-0.327703
08:48:34.400,-0.534996
08:48:34.500,-0.769808
08:48:34.600,-0.363546
08:48:34.700,-0.444504
08:48:34.800,-1.000188
08:48:34.900,-1.078521
08:48:35.000,-0.037932
08:48:35.100,-0.390162
08:48:35.200,-0.635386
08:48:35.300,-0.411519
08:48:35.400,-0.730019
08:48:35.500,-0.555314
08:48:35.600,-0.403936
08:48:35.700,0.019713
08:48:35.800,-0.710976
08:48:35.900,-0.466594
08:48:36.000,-0.42866
08:48:36.100,0.408095
08:48:36.200,0.180992
08:48:36.300,-0.002939
08:48:36.400,0.333917
08:48:36.500,0.273843
08:48:36.600,0.064225
08:48:36.700,1.064827
08:48:36.800,0.613469
08:48:36.900,1.140589
08:48:37.000,0.192927
08:48:37.100,0.867878
08:48:37.200,0.160863
08:48:37.300,1.479588
08:48:37.400,-0.038998
08:48:37.500,1.123578
08:48:37.600,0.404511
08:48:37.700,0.253833
08:48:37.800,0.422581
08:48:37.900,-0.218804
08:48:38.000,0.274788
08:48:38.100,0.190914
08:48:38.200,-0.212143
08:48:38.300,-0.230275
08:48:38.400,0.263926
08:48:38.500,-0.267063
08:48:38.600,-0.840084
08:48:38.700,-0.361018
08:48:38.800,-0.854016
08:48:38.900,-0.947425
08:48:39.000,-0.520573
08:48:39.100,-1.044658
08:48:39.200,-0.649502
08:48:39.300,-0.387891
08:48:39.400,0.102087
08:48:39.500,-0.271558
08:48:39.600,-0.925939
08:48:39.700,-0.777619
08:48:39.800,0.387909
08:48:39.900,-0.331493
08:48:40.000,-0.530763
08:48:40.100,-0.242165
08:48:40.200,0.494258
08:48:40.300,0.357287
08:48:40.400,0.638017
08:48:40.500,0.483423
08:48:40.600,0.180313
08:48:40.700,-0.001833
08:48:40.800,0.373634
08:48:40.900,0.734001
08:48:41.000,0.285757
08:48:41.100,1.035398
08:48:41.200,0.315716
08:48:41.300,0.045515
08:48:41.400,0.566544
08:48:41.500,0.761228
08:48:41.600,0.933846
08:48:41.700,-0.246336
08:48:41.800,0.714603
08:48:41.900,0.174371
08:48:42.000,-0.217352
08:48:42.100,0.12878
08:48:42.200,0.258073
08:48:42.300,-0.905467
08:48:42.400,-0.562276
08:48:42.500,-0.685611
08:48:42.600,-0.347216
08:48:42.700,-0.112694
08:48:42.800,-0.64005
08:48:42.900,-0.793648
08:48:43.000,-0.544124
08:48:43.100,-0.773449
08:48:43.200,-1.425082
08:48:43.300,-0.442745
08:48:43.400,-0.221325
08:48:43.500,-0.119181
08:48:43.600,-0.816048
08:48:43.700,-0.105288
08:48:43.800,0.320157
08:48:43.900,0.776212
08:48:44.000,0.167626
08:48:44.100,0.453855
08:48:44.200,-0.131107
08:48:44.300,-0.075396
08:48:44.400,0.757016
08:48:44.500,-0.217585
08:48:44.600,0.620684
08:48:44.700,1.124414
08:48:44.800,0.915145
08:48:44.900,0.938506
08:48:45.000,0.682685
08:48:45.100,0.547921
08:48:45.200,1.419911
08:48:45.300,1.05548
08:48:45.400,0.862502
08:48:45.500,0.504721
08:48:45.600,0.207008
08:48:45.700,0.695666
08:48:45.800,0.108903
08:48:45.900,0.137051
08:48:46.000,0.215492
08:48:46.100,-0.036191
08:48:46.200,0.326186
08:48:46.300,-0.779778
08:48:46.400,-0.387882
08:48:46.500,0.253348
08:48:46.600,-0.252343
08:48:46.700,-0.69267
08:48:46.800,-0.386152
08:48:46.900,-0.70809
08:48:47.000,-0.18677
08:48:47.100,-0.403943
08:48:47.200,-0.96902
08:48:47.300,-0.540278
08:48:47.400,-0.419793
08:48:47.500,-0.331137
08:48:47.600,-0.299887
08:48:47.700,-0.120133
08:48:47.800,-0.069653
08:48:47.900,-0.36192
08:48:48.000,-0.159766
08:48:48.100,0.020546
08:48:48.200,0.249748
08:48:48.300,0.229978
08:48:48.400,0.797458
08:48:48.500,0.15893
08:48:48.600,-0.040808
08:48:48.700,1.3121
08:48:48.800,0.379613
08:48:48.900,1.076514
08:48:49.000,0.913006
08:48:49.100,0.41759
08:48:49.200,0.6192
08:48:49.300,0.525021
08:48:49.400,0.691045
08:48:49.500,0.226375
08:48:49.600,0.349669
08:48:49.700,0.304755
08:48:49.800,0.601949
08:48:49.900,-0.034385
08:48:50.000,-0.341479
08:48:50.100,-0.300154
08:48:50.200,-0.087852
08:48:50.300,-0.93785
08:48:50.400,0.007611
08:48:50.500,-0.488097
08:48:50.600,-0.414686
08:48:50.700,-0.54699
08:48:50.800,-0.899316
08:48:50.900,-1.070151
08:48:51.000,-0.945168
08:48:51.100,-1.218492
08:48:51.200,-0.543851
08:48:51.300,-0.680668
08:48:51.400,-1.103325
08:48:51.500,-0.710752
08:48:51.600,-0.183202
08:48:51.700,0.134765
08:48:51.800,-0.665671
08:48:51.900,0.646982
08:48:52.000,-0.335795
08:48:52.100,-0.487163
08:48:52.200,0.831422
08:48:52.300,-0.046499
08:48:52.400,0.944791
08:48:52.500,0.262261
08:48:52.600,0.463725
08:48:52.700,0.166915
08:48:52.800,1.112843
08:48:52.900,1.090407
08:48:53.000,0.468829
08:48:53.100,0.665172
08:48:53.200,0.897472
08:48:53.300,0.45871
08:48:53.400,1.043789
08:48:53.500,0.457927
08:48:53.600,0.229632
08:48:53.700,-0.236199
08:48:53.800,-0.236488
08:48:53.900,0.315496
08:48:54.000,0.082407
08:48:54.100,0.175994
08:48:54.200,-0.413309
08:48:54.300,-0.89225
08:48:54.400,-0.585159
08:48:54.500,0.218299
08:48:54.600,-0.904
08:48:54.700,-0.636454
08:48:54.800,-1.510489
08:48:54.900,-0.873338
08:48:55.000,-0.844877
08:48:55.100,-0.575236
08:48:55.200,-0.777021
08:48:55.300,-1.155209
08:48:55.400,-0.79868
08:48:55.500,-0.566365
08:48:55.600,-0.760108
08:48:55.700,-0.615596
08:48:55.800,0.135502
08:48:55.900,-0.328211
08:48:56.000,0.153984
08:48:56.100,0.047568
08:48:56.200,-0.214176
08:48:56.300,0.201256
08:48:56.400,0.513295
08:48:56.500,1.102848
08:48:56.600,0.296026
08:48:56.700,0.593868
08:48:56.800,0.983919
08:48:56.900,1.132565
08:48:57.000,0.47288
08:48:57.100,0.636854
08:48:57.200,1.055183
08:48:57.300,0.802712
08:48:57.400,0.928017
08:48:57.500,0.904973
08:48:57.600,0.605252
08:48:57.700,0.368035
08:48:57.800,-0.018529
08:48:57.900,0.024029
08:48:58.000,-0.062251
08:48:58.100,0.310144
08:48:58.200,-0.154592
08:48:58.300,-0.25276
08:48:58.400,-0.759362
08:48:58.500,-0.073406
08:48:58.600,-0.834879
08:48:58.700,-0.723358
08:48:58.800,-0.207447
08:48:58.900,-0.381069
08:48:59.000,-0.997422
08:48:59.100,-1.06897
08:48:59.200,-0.737045
08:48:59.300,-0.825448
08:48:59.400,-1.079905
08:48:59.500,-0.758628
08:48:59.600,-1.373266
08:48:59.700,-0.001402
08:48:59.800,0.078051
08:48:59.900,0.383888
08:49:00.000,0.123634
08:49:00.100,-0.047401
08:49:00.200,0.574503
08:49:00.300,0.072282
08:49:00.400,-0.052834
08:49:00.500,0.443445
08:49:00.600,0.710179
08:49:00.700,0.339518
08:49:00.800,0.299112
08:49:00.900,0.545487
08:49:01.000,0.844168
08:49:01.100,0.640482
08:49:01.200,1.588514
08:49:01.300,0.57608
08:49:01.400,0.829038
08:49:01.500,-0.012088
08:49:01.600,0.616862
08:49:01.700,0.155971
08:49:01.800,0.213085
08:49:01.900,0.699886
08:49:02.000,-0.130293
08:49:02.100,-0.56731
08:49:02.200,-0.619548
08:49:02.300,-0.257281
08:49:02.400,-0.369918
08:49:02.500,-0.467991
08:49:02.600,-1.016246
08:49:02.700,0.085518
08:49:02.800,-0.153161
08:49:02.900,-0.645769
08:49:03.000,-1.232395
08:49:03.100,-0.136822
08:49:03.200,-0.267851
08:49:03.300,-0.587719
08:49:03.400,-0.146743
08:49:03.500,-0.667988
08:49:03.600,-0.747541
08:49:03.700,-0.262714
08:49:03.800,-0.759772
08:49:03.900,-0.49805
08:49:04.000,0.190356
08:49:04.100,0.193498
08:49:04.200,-0.26727
08:49:04.300,0.174645
08:49:04.400,-0.056874
08:49:04.500,0.323976
08:49:04.600,0.357054
08:49:04.700,0.970985
08:49:04.800,0.610861
08:49:04.900,0.606242
08:49:05.000,0.562648
08:49:05.100,0.089164
08:49:05.200,0.631215
08:49:05.300,0.792695
08:49:05.400,0.64737
08:49:05.500,0.737389
08:49:05.600,0.670902
08:49:05.700,1.087124
08:49:05.800,-0.178746
08:49:05.900,0.191657
08:49:06.000,0.121375
08:49:06.100,-0.221433
08:49:06.200,-0.437685
08:49:06.300,-0.143223
08:49:06.400,-0.270471
08:49:06.500,-0.863552
08:49:06.600,-1.195471
08:49:06.700,-0.795765
08:49:06.800,-0.901441
08:49:06.900,-0.480427
08:49:07.000,-1.023393
08:49:07.100,-0.753547
08:49:07.200,-1.263158
08:49:07.300,-1.166726
08:49:07.400,-0.835632
08:49:07.500,-0.582661
08:49:07.600,-0.698385
08:49:07.700,-0.267836
08:49:07.800,-0.811754
08:49:07.900,-0.184765
08:49:08.000,-0.071211
08:49:08.100,-0.397242
08:49:08.200,0.296248
08:49:08.300,-0.441366
08:49:08.400,0.171628
08:49:08.500,0.770596
08:49:08.600,-0.212458
08:49:08.700,0.858559
08:49:08.800,0.257659
08:49:08.900,0.484725
08:49:09.000,1.192296
08:49:09.100,0.471955
08:49:09.200,1.230558
08:49:09.300,0.516861
08:49:09.400,0.536697
08:49:09.500,0.789766
08:49:09.600,0.601873
08:49:09.700,0.371726
08:49:09.800,0.054148
08:49:09.900,-0.433299
08:49:10.000,-0.525764
08:49:10.100,0.350103
08:49:10.200,0.378492
08:49:10.300,-0.272441
08:49:10.400,-1.032242
08:49:10.500,-0.765271
08:49:10.600,-0.853975
08:49:10.700,-0.818227
08:49:10.800,-0.975384
08:49:10.900,-0.509174
08:49:11.000,-0.613412
08:49:11.100,-0.13836
08:49:11.200,-0.801943
08:49:11.300,-0.553641
08:49:11.400,-0.306917
08:49:11.500,-0.13739
08:49:11.600,-0.843666
08:49:11.700,-0.176098
08:49:11.800,-0.164981
08:49:11.900,-0.003525
08:49:12.000,0.020873
08:49:12.100,0.709009
08:49:12.200,-0.095482
08:49:12.300,-0.014708
08:49:12.400,0.124109
08:49:12.500,0.393405
08:49:12.600,0.668973
08:49:12.700,0.464055
08:49:12.800,1.017949
08:49:12.900,0.690156
08:49:13.000,0.666268
08:49:13.100,0.225797
08:49:13.200,1.303121
08:49:13.300,0.607097
08:49:13.400,1.139299
08:49:13.500,0.277182
08:49:13.600,0.702168
08:49:13.700,0.120875
08:49:13.800,0.852977
08:49:13.900,0.501774
08:49:14.000,0.297338
08:49:14.100,-0.363155
08:49:14.200,0.451019
08:49:14.300,0.395498
08:49:14.400,-0.544325
08:49:14.500,-0.438393
08:49:14.600,-0.241928
08:49:14.700,-1.313967
08:49:14.800,-0.264685
08:49:14.900,-0.333096
08:49:15.000,-0.8971
08:49:15.100,-1.458692
08:49:15.200,-0.549126
08:49:15.300,-1.020486
08:49:15.400,-1.122183
08:49:15.500,-0.365227
08:49:15.600,0.049835
08:49:15.700,-0.394419
08:49:15.800,0.198487
08:49:15.900,0.122943
08:49:16.000,-0.480616
08:49:16.100,-0.084439
08:49:16.200,0.594056
08:49:16.300,0.121001
08:49:16.400,0.698137
08:49:16.500,0.351423
08:49:16.600,0.818751
08:49:16.700,0.773891
08:49:16.800,0.578837
08:49:16.900,0.933951
08:49:17.000,-0.055956
08:49:17.100,0.311397
08:49:17.200,0.50347
08:49:17.300,1.03415
08:49:17.400,0.060151
08:49:17.500,0.482834
08:49:17.600,0.522551
08:49:17.700,0.404433
08:49:17.800,0.181806
08:49:17.900,-0.1077
08:49:18.000,-0.086335
08:49:18.100,0.231664
08:49:18.200,-0.457218
08:49:18.300,-1.073563
08:49:18.400,-0.248289
08:49:18.500,0.02857
08:49:18.600,-0.934238
08:49:18.700,-0.147442
08:49:18.800,-0.483506
08:49:18.900,-1.09611
08:49:19.000,-0.946305
08:49:19.100,-0.95302
08:49:19.200,-0.606579
08:49:19.300,-0.687153
08:49:19.400,-0.179363
08:49:19.500,-0.197695
08:49:19.600,-0.952301
08:49:19.700,-0.814429
08:49:19.800,-0.001315
08:49:19.900,-0.289906
08:49:20.000,-0.061207
08:49:20.100,0.3008
08:49:20.200,0.516777
08:49:20.300,-0.113891
08:49:20.400,-0.366114
08:49:20.500,0.455373
08:49:20.600,0.267117
08:49:20.700,0.646892
08:49:20.800,0.634726
08:49:20.900,0.349988
08:49:21.000,1.430402
08:49:21.100,0.697332
08:49:21.200,0.464925
08:49:21.300,0.659206
08:49:21.400,0.751769
08:49:21.500,0.273586
08:49:21.600,1.223539
08:49:21.700,-0.215111
08:49:21.800,-0.292259
08:49:21.900,-0.450263
08:49:22.000,0.001362
08:49:22.100,0.05603
08:49:22.200,-0.331972
08:49:22.300,-0.153302
08:49:22.400,-0.251655
08:49:22.500,-0.621242
08:49:22.600,-0.416721
08:49:22.700,-0.692461
08:49:22.800,-0.808898
08:49:22.900,-0.86586
08:49:23.000,-0.618434
08:49:23.100,-0.265155
08:49:23.200,-1.087501
08:49:23.300,-0.791809
08:49:23.400,-0.509379
08:49:23.500,0.119926
08:49:23.600,-0.260358
08:49:23.700,-0.60224
08:49:23.800,-0.539676
08:49:23.900,0.235279
08:49:24.000,-0.109771
08:49:24.100,-0.321314
08:49:24.200,0.571143
08:49:24.300,0.425658
08:49:24.400,-0.006502
08:49:24.500,0.02586
08:49:24.600,-0.192362
08:49:24.700,0.405873
08:49:24.800,0.772342
08:49:24.900,1.027576
08:49:25.000,0.84873
08:49:25.100,0.234692
08:49:25.200,0.566442
08:49:25.300,1.123986
08:49:25.400,0.387075
08:49:25.500,0.764079
08:49:25.600,0.637321
08:49:25.700,0.583729
08:49:25.800,0.36723
08:49:25.900,0.374361
08:49:26.000,-0.518543
08:49:26.100,0.420862
08:49:26.200,-0.848614
08:49:26.300,-0.208661
08:49:26.400,-0.428408
08:49:26.500,-0.713946
08:49:26.600,-0.907618
08:49:26.700,-0.431292
08:49:26.800,-0.385271
08:49:26.900,-0.727458
08:49:27.000,-0.801237
08:49:27.100,-0.242882
08:49:27.200,-0.813338
08:49:27.300,-0.638468
08:49:27.400,-0.637574
08:49:27.500,0.369803
08:49:27.600,-0.705442
08:49:27.700,-0.026793
08:49:27.800,-0.811085
08:49:27.900,-0.444778
08:49:28.000,-0.108224
08:49:28.100,0.063669
08:49:28.200,0.120264
08:49:28.300,0.283
08:49:28.400,0.17029
08:49:28.500,0.945625
08:49:28.600,0.216164
08:49:28.700,0.884264
08:49:28.800,0.902907
08:49:28.900,0.359638
08:49:29.000,0.571552
08:49:29.100,0.690512
08:49:29.200,1.252135
08:49:29.300,0.494494
08:49:29.400,1.834582
08:49:29.500,0.763731
08:49:29.600,0.531674
08:49:29.700,0.627268
08:49:29.800,-0.385191
08:49:29.900,0.519661
08:49:30.000,-0.462986
08:49:30.100,0.194877
08:49:30.200,-0.423697
08:49:30.300,-0.597537
08:49:30.400,0.208929
08:49:30.500,-0.529855
08:49:30.600,-1.102182
08:49:30.700,-0.282529
08:49:30.800,-1.092968
08:49:30.900,-0.21512
08:49:31.000,-0.705673
08:49:31.100,-1.137222
08:49:31.200,-0.378273
08:49:31.300,-0.441288
08:49:31.400,-1.309488
08:49:31.500,-0.51717
08:49:31.600,-0.30685
08:49:31.700,-0.233609
08:49:31.800,-0.280969
08:49:31.900,0.151239
08:49:32.000,0.199129
08:49:32.100,0.120405
08:49:32.200,0.133586
08:49:32.300,0.369634
08:49:32.400,0.200155
08:49:32.500,0.137099
08:49:32.600,0.172981
08:49:32.700,0.5887
08:49:32.800,0.365533
08:49:32.900,0.635802
08:49:33.000,1.165533
08:49:33.100,0.618909
08:49:33.200,0.714098
08:49:33.300,0.543656
08:49:33.400,1.023589
08:49:33.500,1.075202
08:49:33.600,0.247114
08:49:33.700,0.572523
08:49:33.800,0.948214
08:49:33.900,-0.296718
08:49:34.000,0.343114
08:49:34.100,-0.718756
08:49:34.200,-0.205943
08:49:34.300,-0.366822
08:49:34.400,-1.008905
08:49:34.500,-0.113744
08:49:34.600,-0.514639
08:49:34.700,-0.948243
08:49:34.800,-0.550736
08:49:34.900,-0.37504
08:49:35.000,-1.319073
08:49:35.100,-1.793291
08:49:35.200,-0.680436
08:49:35.300,-0.892605
08:49:35.400,-0.097841
08:49:35.500,-0.624621
08:49:35.600,-0.303147
08:49:35.700,-0.383236
08:49:35.800,-0.757396
08:49:35.900,-0.098823
08:49:36.000,-0.464168
08:49:36.100,-0.37179
08:49:36.200,-0.16784
08:49:36.300,-0.097071
08:49:36.400,0.337788
08:49:36.500,0.357777
08:49:36.600,0.665761
08:49:36.700,0.07274
08:49:36.800,0.577647
08:49:36.900,0.522915
08:49:37.000,0.770491
08:49:37.100,0.778658
08:49:37.200,0.720438
08:49:37.300,0.27711
08:49:37.400,0.574954
08:49:37.500,0.315354
08:49:37.600,0.87142
08:49:37.700,0.356405
08:49:37.800,0.244095
08:49:37.900,-0.338809
08:49:38.000,-0.206641
08:49:38.100,-0.018926
08:49:38.200,-0.243867
08:49:38.300,-0.349126
08:49:38.400,-1.025246
08:49:38.500,-0.779901
08:49:38.600,-0.662534
08:49:38.700,-0.203116
08:49:38.800,-1.327616
08:49:38.900,-1.056811
08:49:39.000,-1.364374
08:49:39.100,-0.577489
08:49:39.200,-0.250585
08:49:39.300,-0.497523
08:49:39.400,-0.364285
08:49:39.500,-0.856187
08:49:39.600,-0.282149
08:49:39.700,-0.588157
08:49:39.800,-0.1954
08:49:39.900,0.066344
08:49:40.000,-0.102175
08:49:40.100,0.396562
08:49:40.200,0.159055
08:49:40.300,0.413563
08:49:40.400,1.07329
08:49:40.500,0.669096
08:49:40.600,0.304027
08:49:40.700,0.455538
08:49:40.800,0.971324
08:49:40.900,1.056329
08:49:41.000,0.68724
08:49:41.100,0.156903
08:49:41.200,0.333151
08:49:41.300,0.686965
08:49:41.400,0.769444
08:49:41.500,0.846645
08:49:41.600,-0.299817
08:49:41.700,0.622808
08:49:41.800,0.715765
08:49:41.900,-0.728241
08:49:42.000,-0.001859
08:49:42.100,0.155718
08:49:42.200,-0.71031
08:49:42.300,-0.492587
08:49:42.400,-0.215377
08:49:42.500,-0.677929
08:49:42.600,-0.693583
08:49:42.700,-0.546422
08:49:42.800,-1.075169
08:49:42.900,-1.064795
08:49:43.000,-0.536061
08:49:43.100,-0.359252
08:49:43.200,-0.526257
08:49:43.300,-0.147272
08:49:43.400,-0.419425
08:49:43.500,0.151487
08:49:43.600,-0.388423
08:49:43.700,-0.22935
08:49:43.800,-0.075191
08:49:43.900,-0.329316
08:49:44.000,-0.271624
08:49:44.100,-0.205525
08:49:44.200,0.021806
08:49:44.300,1.042557
08:49:44.400,1.048967
08:49:44.500,0.3802
08:49:44.600,0.419126
08:49:44.700,-0.127694
08:49:44.800,0.317748
08:49:44.900,0.408114
08:49:45.000,0.54611
08:49:45.100,0.491993
08:49:45.200,0.740905
08:49:45.300,0.894937
08:49:45.400,0.311583
08:49:45.500,0.997899
08:49:45.600,0.532433
08:49:45.700,0.628691
08:49:45.800,0.06247
08:49:45.900,0.300765
08:49:46.000,0.158729
08:49:46.100,0.404151
08:49:46.200,0.012131
08:49:46.300,-0.018995
08:49:46.400,-0.596604
08:49:46.500,-0.076402
08:49:46.600,-1.012966
08:49:46.700,-0.824269
08:49:46.800,-0.567284
08:49:46.900,-1.094829
08:49:47.000,-1.023113
08:49:47.100,-1.01432
08:49:47.200,-0.533207
08:49:47.300,-0.679338
08:49:47.400,-0.229006
08:49:47.500,0.163232
08:49:47.600,-0.316797
08:49:47.700,-0.496811
08:49:47.800,-0.087395
08:49:47.900,-0.423001
08:49:48.000,-0.022282
08:49:48.100,0.971292
08:49:48.200,0.145228
08:49:48.300,0.423721
08:49:48.400,0.354916
08:49:48.500,0.351621
08:49:48.600,0.734628
08:49:48.700,0.178886
08:49:48.800,0.607574
08:49:48.900,0.216275
08:49:49.000,1.240566
08:49:49.100,1.036904
08:49:49.200,0.396879
08:49:49.300,-0.025837
08:49:49.400,0.737941
08:49:49.500,0.479674
08:49:49.600,1.196769
08:49:49.700,0.808401
08:49:49.800,0.438614
08:49:49.900,-0.075379
08:49:50.000,-0.091558
08:49:50.100,-0.003766
08:49:50.200,-0.09205
08:49:50.300,-0.565477
08:49:50.400,-0.888871
08:49:50.500,0.179905
08:49:50.600,-0.554461
08:49:50.700,-0.475238
08:49:50.800,-0.965842
08:49:50.900,-0.213213
08:49:51.000,-0.335972
08:49:51.100,-0.670215
08:49:51.200,-0.5922
08:49:51.300,-0.52396
08:49:51.400,-0.531947
08:49:51.500,-0.299708
08:49:51.600,-0.279645
08:49:51.700,-0.379359
08:49:51.800,-0.625314
08:49:51.900,-0.118373
08:49:52.000,0.262591
08:49:52.100,0.34476
08:49:52.200,0.675657
08:49:52.300,0.814175
08:49:52.400,0.657018
08:49:52.500,0.56058
08:49:52.600,0.686538
08:49:52.700,0.422674
08:49:52.800,0.945486
08:49:52.900,1.154668
08:49:53.000,1.06457
08:49:53.100,0.886108
08:49:53.200,0.581511
08:49:53.300,0.499114
08:49:53.400,0.510387
08:49:53.500,0.239416
08:49:53.600,0.507586
08:49:53.700,-0.660986
08:49:53.800,0.027736
08:49:53.900,0.133355
08:49:54.000,0.87558
08:49:54.100,-0.107955
08:49:54.200,-0.201865
08:49:54.300,-0.609529
08:49:54.400,0.190388
08:49:54.500,-0.779661
08:49:54.600,0.145168
08:49:54.700,-0.882684
08:49:54.800,-0.336169
08:49:54.900,-0.711226
08:49:55.000,-0.896832
08:49:55.100,-0.338025
08:49:55.200,-0.200765
08:49:55.300,-0.68864
08:49:55.400,-0.574777
08:49:55.500,-0.639388
08:49:55.600,-0.33303
08:49:55.700,-0.700925
08:49:55.800,-1.158996
08:49:55.900,-0.764084
08:49:56.000,-0.077372
08:49:56.100,-0.264955
08:49:56.200,0.175156
08:49:56.300,0.138425
08:49:56.400,0.164221
08:49:56.500,0.267879
08:49:56.600,0.904833
08:49:56.700,0.706053
08:49:56.800,1.213472
08:49:56.900,0.727523
08:49:57.000,0.031517
08:49:57.100,0.326051
08:49:57.200,0.706034
08:49:57.300,0.708397
08:49:57.400,0.361215
08:49:57.500,0.216466
08:49:57.600,0.198659
08:49:57.700,0.267233
08:49:57.800,0.199157
08:49:57.900,-0.274753
08:49:58.000,0.086189
08:49:58.100,-0.026544
08:49:58.200,-0.254794
08:49:58.300,-0.55964
08:49:58.400,-0.176399
08:49:58.500,-0.031707
08:49:58.600,-0.723195
08:49:58.700,-0.843678
08:49:58.800,-0.502668
08:49:58.900,-1.101086
08:49:59.000,-1.146797
08:49:59.100,-0.918477
08:49:59.200,-0.55742
08:49:59.300,-0.931859
08:49:59.400,-0.572875
08:49:59.500,-1.198242
08:49:59.600,-0.195572
08:49:59.700,0.186366
08:49:59.800,-0.534766
08:49:59.900,0.045932
08:50:00.000,-0.07282
08:50:00.100,0.146663
08:50:00.200,0.130249
08:50:00.300,0.211567
08:50:00.400,0.119852
08:50:00.500,0.112469
08:50:00.600,0.951098
08:50:00.700,0.036034
08:50:00.800,0.6592
08:50:00.900,0.66894
08:50:01.000,0.683576
08:50:01.100,0.924085
08:50:01.200,0.535981
08:50:01.300,0.852255
08:50:01.400,1.261369
08:50:01.500,0.441701
08:50:01.600,-0.299743
08:50:01.700,0.267902
08:50:01.800,0.132048
08:50:01.900,0.25021
08:50:02.000,-0.697924
08:50:02.100,0.00407
08:50:02.200,-0.363811
08:50:02.300,-0.036836
08:50:02.400,-0.592909
08:50:02.500,-0.19118
08:50:02.600,-1.095067
08:50:02.700,-0.61748
08:50:02.800,-1.00588
08:50:02.900,-0.862221
08:50:03.000,0.25203
08:50:03.100,-1.023731
08:50:03.200,-0.796148
08:50:03.300,-1.024014
08:50:03.400,-0.67376
08:50:03.500,-0.547461
08:50:03.600,-0.66855
08:50:03.700,0.233935
08:50:03.800,0.187997
08:50:03.900,-0.440887
08:50:04.000,0.285848
08:50:04.100,-0.058527
08:50:04.200,-0.213947
08:50:04.300,0.066544
08:50:04.400,-0.028138
08:50:04.500,0.824391
08:50:04.600,0.259574
08:50:04.700,1.074551
08:50:04.800,0.715045
08:50:04.900,0.55013
08:50:05.000,0.524266
08:50:05.100,1.304807
08:50:05.200,0.669347
08:50:05.300,0.447187
08:50:05.400,0.865017
08:50:05.500,0.699917
08:50:05.600,0.065617
08:50:05.700,0.31963
08:50:05.800,-0.41673
08:50:05.900,0.097796
08:50:06.000,0.109972
08:50:06.100,0.047249
08:50:06.200,-0.566127
08:50:06.300,-0.576286
08:50:06.400,-0.324862
08:50:06.500,-0.057306
08:50:06.600,-0.534089
08:50:06.700,-0.819042
08:50:06.800,-0.326161
08:50:06.900,-0.6462
08:50:07.000,-0.637443
08:50:07.100,-0.412182
08:50:07.200,-0.699446
08:50:07.300,-0.950404
08:50:07.400,-0.620417
08:50:07.500,-0.105727
08:50:07.600,0.250986
08:50:07.700,-0.744351
08:50:07.800,0.356726
08:50:07.900,-0.237921
08:50:08.000,0.00716
08:50:08.100,0.704458
08:50:08.200,0.072916
08:50:08.300,0.221754
08:50:08.400,0.186474
08:50:08.500,0.50823
08:50:08.600,0.675428
08:50:08.700,0.383228
08:50:08.800,1.173366
08:50:08.900,0.429817
08:50:09.000,0.874439
08:50:09.100,0.700673
08:50:09.200,1.101042
08:50:09.300,0.342329
08:50:09.400,0.766698
08:50:09.500,1.342353
08:50:09.600,-0.093115
08:50:09.700,0.002588
08:50:09.800,0.945702
08:50:09.900,0.062546
08:50:10.000,0.039758
08:50:10.100,-0.225797
08:50:10.200,0.362652
08:50:10.300,-0.882553
08:50:10.400,0.021512
08:50:10.500,-1.012102
08:50:10.600,-1.114744
08:50:10.700,-1.004145
08:50:10.800,-0.710483
08:50:10.900,-0.941393
08:50:11.000,-0.970768
08:50:11.100,-1.016037
08:50:11.200,-0.984341
08:50:11.300,-0.950199
08:50:11.400,-0.48411
08:50:11.500,-0.717542
08:50:11.600,-1.344269
08:50:11.700,-0.330846
08:50:11.800,0.045984
08:50:11.900,-0.207089
08:50:12.000,-0.441276
08:50:12.100,0.370266
08:50:12.200,-0.264078
08:50:12.300,0.205382
08:50:12.400,0.403799
08:50:12.500,0.87268
08:50:12.600,0.768519
08:50:12.700,0.707157
08:50:12.800,0.991448
08:50:12.900,0.286081
08:50:13.000,1.25299
08:50:13.100,-0.381381
08:50:13.200,1.165459
08:50:13.300,0.329265
08:50:13.400,0.699375
08:50:13.500,1.001937
08:50:13.600,0.60778
08:50:13.700,0.44814
08:50:13.800,0.519527
08:50:13.900,-0.408475
08:50:14.000,-0.465481
08:50:14.100,-0.014529
08:50:14.200,-0.285475
08:50:14.300,-0.427277
08:50:14.400,0.02192
08:50:14.500,-0.091956
08:50:14.600,-0.888569
08:50:14.700,-0.468858
08:50:14.800,-1.213252
08:50:14.900,-1.247313
08:50:15.000,-1.012497
08:50:15.100,-0.709922
08:50:15.200,-0.89431
08:50:15.300,-0.465779
08:50:15.400,-0.571678
08:50:15.500,-0.105044
08:50:15.600,-0.220476
08:50:15.700,-0.681279
08:50:15.800,0.098907
08:50:15.900,-0.411188
08:50:16.000,0.144014
08:50:16.100,-0.062797
08:50:16.200,0.67974
08:50:16.300,0.573708
08:50:16.400,0.169033
08:50:16.500,0.35987
08:50:16.600,1.710572
08:50:16.700,0.182371
08:50:16.800,0.41377
08:50:16.900,0.456526
08:50:17.000,0.294374
08:50:17.100,0.322533
08:50:17.200,0.627707
08:50:17.300,0.790491
08:50:17.400,0.008711
08:50:17.500,0.319471
08:50:17.600,0.130054
08:50:17.700,-0.091876
08:50:17.800,0.564837
08:50:17.900,-0.158251
08:50:18.000,-0.479463
08:50:18.100,0.198548
08:50:18.200,0.221622
08:50:18.300,-0.234614
08:50:18.400,-0.740747
08:50:18.500,-0.592157
08:50:18.600,-0.795575
08:50:18.700,-0.640992
08:50:18.800,-0.415171
08:50:18.900,-0.700212
08:50:19.000,-0.701235
08:50:19.100,-0.870961
08:50:19.200,-0.433037
08:50:19.300,-0.494804
08:50:19.400,-1.209678
08:50:19.500,-1.118495
08:50:19.600,-0.527525
08:50:19.700,0.021942
08:50:19.800,0.192015
08:50:19.900,0.157528
08:50:20.000,-0.052734
08:50:20.100,0.62222
08:50:20.200,-0.036561
08:50:20.300,0.198436
08:50:20.400,-0.085877
08:50:20.500,0.374107
08:50:20.600,0.264709
08:50:20.700,1.161959
08:50:20.800,1.13509
08:50:20.900,0.71353
08:50:21.000,0.863431
08:50:21.100,0.47991
08:50:21.200,-0.222088
08:50:21.300,0.356842
08:50:21.400,0.828099
08:50:21.500,0.64833
08:50:21.600,0.274225
08:50:21.700,0.576619
08:50:21.800,0.051522
08:50:21.900,-0.29006
08:50:22.000,0.258857
08:50:22.100,-0.323642
08:50:22.200,0.143002
08:50:22.300,-1.016976
08:50:22.400,-0.61079
08:50:22.500,-0.285963
08:50:22.600,-0.393459
08:50:22.700,-0.701104
08:50:22.800,-0.565177
08:50:22.900,-0.642326
08:50:23.000,-1.221163
08:50:23.100,-0.818649
08:50:23.200,-0.586153
08:50:23.300,-0.446528
08:50:23.400,-0.589105
08:50:23.500,-0.688161
08:50:23.600,-0.878524
08:50:23.700,-0.05432
08:50:23.800,0.008685
08:50:23.900,0.236028
08:50:24.000,-0.37743
08:50:24.100,0.152208
08:50:24.200,-0.025981
08:50:24.300,0.33405
08:50:24.400,1.428781
08:50:24.500,0.811251
08:50:24.600,0.301839
08:50:24.700,0.535285
08:50:24.800,0.539011
08:50:24.900,0.73475
08:50:25.000,0.166618
08:50:25.100,0.804678
08:50:25.200,-0.075425
08:50:25.300,0.038258
08:50:25.400,1.266898
08:50:25.500,0.368708
08:50:25.600,0.910636
08:50:25.700,0.034236
08:50:25.800,-0.519215
08:50:25.900,-0.258234
08:50:26.000,0.9408
08:50:26.100,-0.603243
08:50:26.200,0.405458
08:50:26.300,-0.196968
08:50:26.400,-0.369507
08:50:26.500,-0.756984
08:50:26.600,-0.881736
08:50:26.700,-0.426271
08:50:26.800,-0.203993
08:50:26.900,-0.62268
08:50:27.000,-0.441151
08:50:27.100,-0.840338
08:50:27.200,0.09484
08:50:27.300,-0.540199
08:50:27.400,0.145308
08:50:27.500,-0.832796
08:50:27.600,-0.427203
08:50:27.700,0.05723
08:50:27.800,-0.166607
08:50:27.900,0.071704
08:50:28.000,-0.342223
08:50:28.100,-0.032419
08:50:28.200,-0.090051
08:50:28.300,0.287859
08:50:28.400,0.34551
08:50:28.500,0.30981
08:50:28.600,0.787633
08:50:28.700,0.250894
08:50:28.800,-0.086478
08:50:28.900,0.491332
08:50:29.000,1.453341
08:50:29.100,0.869846
08:50:29.200,0.369555
08:50:29.300,0.779467
08:50:29.400,0.51936
08:50:29.500,0.630644
08:50:29.600,0.719706
08:50:29.700,0.385523
08:50:29.800,0.258504
08:50:29.900,0.62978
08:50:30.000,0.188884
08:50:30.100,-0.041311
08:50:30.200,-0.201537
08:50:30.300,-0.515858
08:50:30.400,-0.847387
08:50:30.500,-0.260335
08:50:30.600,-0.119506
08:50:30.700,-0.473963
08:50:30.800,-0.467663
08:50:30.900,-1.001865
08:50:31.000,-0.908668
08:50:31.100,-1.140018
08:50:31.200,-0.753071
08:50:31.300,-0.279583
08:50:31.400,-0.810411
08:50:31.500,-0.521107
08:50:31.600,-0.165591
08:50:31.700,0.10505
08:50:31.800,-0.792774
08:50:31.900,-0.276345
08:50:32.000,-0.258398
08:50:32.100,-0.197341
08:50:32.200,0.082276
08:50:32.300,-0.363826
08:50:32.400,0.28279
08:50:32.500,0.507229
08:50:32.600,0.201215
08:50:32.700,0.455106
08:50:32.800,0.672585
08:50:32.900,0.733318
08:50:33.000,0.127953
08:50:33.100,0.936471
08:50:33.200,0.919246
08:50:33.300,0.363851
08:50:33.400,1.153594
08:50:33.500,0.654515
08:50:33.600,0.520395
08:50:33.700,0.556866
08:50:33.800,-0.145236
08:50:33.900,-0.014199
08:50:34.000,0.21616
08:50:34.100,-0.388729
08:50:34.200,-0.339666
08:50:34.300,-0.107436
08:50:34.400,-0.303002
08:50:34.500,-0.487649
08:50:34.600,-0.544411
08:50:34.700,-0.684915
08:50:34.800,-0.367268
08:50:34.900,0.04014
08:50:35.000,-0.597565
08:50:35.100,-0.242673
08:50:35.200,-0.818587
08:50:35.300,-0.862253
08:50:35.400,-0.842178
08:50:35.500,-0.816395
08:50:35.600,-0.514187
08:50:35.700,-0.007655
08:50:35.800,0.134715
08:50:35.900,-0.287883
08:50:36.000,-0.113373
08:50:36.100,0.108789
08:50:36.200,0.298245
08:50:36.300,0.523141
08:50:36.400,0.271749
08:50:36.500,0.424826
08:50:36.600,1.040452
08:50:36.700,0.526199
08:50:36.800,0.464625
08:50:36.900,0.661445
08:50:37.000,0.727352
08:50:37.100,0.152074
08:50:37.200,0.510452
08:50:37.300,0.770692
08:50:37.400,1.267886
08:50:37.500,0.309865
08:50:37.600,0.679157
08:50:37.700,0.380516
08:50:37.800,0.622316
08:50:37.900,-0.107094
08:50:38.000,0.386116
08:50:38.100,0.381221
08:50:38.200,0.289302
08:50:38.300,0.181799
08:50:38.400,-0.344646
08:50:38.500,-0.290244
08:50:38.600,-0.713164
08:50:38.700,-1.40173
08:50:38.800,-0.576183
08:50:38.900,-0.74773
08:50:39.000,-0.362928
08:50:39.100,-0.38969
08:50:39.200,-1.037498
08:50:39.300,0.195
08:50:39.400,-0.430465
08:50:39.500,-0.944434
08:50:39.600,-0.811894
08:50:39.700,-1.080008
08:50:39.800,0.050964
08:50:39.900,-0.293907
08:50:40.000,-0.294135
08:50:40.100,-0.115885
08:50:40.200,0.111098
08:50:40.300,0.519273
08:50:40.400,-0.164112
08:50:40.500,0.120545
08:50:40.600,0.729074
08:50:40.700,0.415778
08:50:40.800,0.869539
08:50:40.900,0.51727
08:50:41.000,1.251184
08:50:41.100,0.764416
08:50:41.200,1.094933
08:50:41.300,0.804921
08:50:41.400,0.76871
08:50:41.500,0.231628
08:50:41.600,0.820033
08:50:41.700,0.39331
08:50:41.800,-0.117517
08:50:41.900,-0.628993
08:50:42.000,0.048979
08:50:42.100,0.418251
08:50:42.200,-0.533813
08:50:42.300,-0.647076
08:50:42.400,-0.522141
08:50:42.500,-0.109542
08:50:42.600,-1.209188
08:50:42.700,-0.851267
08:50:42.800,-1.017756
08:50:42.900,-0.494646
08:50:43.000,-0.74995
08:50:43.100,-0.812685
08:50:43.200,-0.728768
08:50:43.300,-0.349016
08:50:43.400,-0.173751
08:50:43.500,-0.136354
08:50:43.600,-0.210057
08:50:43.700,0.166573
08:50:43.800,-0.542377
08:50:43.900,0.026184
08:50:44.000,0.822006
08:50:44.100,-0.533354
08:50:44.200,0.029331
08:50:44.300,-0.044752
08:50:44.400,0.512501
08:50:44.500,0.998216
08:50:44.600,0.754439
08:50:44.700,0.547643
08:50:44.800,0.856727
08:50:44.900,0.58998
08:50:45.000,0.76802
08:50:45.100,0.907896
08:50:45.200,1.279227
08:50:45.300,0.781006
08:50:45.400,0.642505
08:50:45.500,1.207365
08:50:45.600,-0.273139
08:50:45.700,0.285588
08:50:45.800,-0.043137
08:50:45.900,0.026061
08:50:46.000,0.211391
08:50:46.100,0.233728
08:50:46.200,-0.398452
08:50:46.300,-0.083597
08:50:46.400,-0.725625
08:50:46.500,-0.943145
08:50:46.600,-0.541512
08:50:46.700,-0.700193
08:50:46.800,-0.144053
08:50:46.900,0.053576
08:50:47.000,-0.912992
08:50:47.100,-1.325417
08:50:47.200,-1.14425
08:50:47.300,-0.916199
08:50:47.400,-0.493755
08:50:47.500,-0.586392
08:50:47.600,-0.851928
08:50:47.700,0.307355
08:50:47.800,0.015689
08:50:47.900,0.506153
08:50:48.000,-0.630382
08:50:48.100,0.554941
08:50:48.200,0.164152
08:50:48.300,0.18065
08:50:48.400,0.419965
08:50:48.500,0.250151
08:50:48.600,0.516264
08:50:48.700,0.954952
08:50:48.800,-0.021314
08:50:48.900,1.215441
08:50:49.000,0.837337
08:50:49.100,0.652806
08:50:49.200,0.993204
08:50:49.300,0.75104
08:50:49.400,0.398343
08:50:49.500,0.224475
08:50:49.600,0.936292
08:50:49.700,-0.199865
08:50:49.800,0.147395
08:50:49.900,-0.384142
08:50:50.000,0.170726
08:50:50.100,-0.14347
08:50:50.200,-0.653644
08:50:50.300,-0.621943
08:50:50.400,-0.395907
08:50:50.500,-0.395198
08:50:50.600,-1.244321
08:50:50.700,-0.870603
08:50:50.800,-0.609581
08:50:50.900,-0.267943
08:50:51.000,-0.406259
08:50:51.100,-0.850618
08:50:51.200,-0.316057
08:50:51.300,-0.733978
08:50:51.400,-1.659149
08:50:51.500,0.009332
08:50:51.600,-0.25127
08:50:51.700,-0.251974
08:50:51.800,-0.213433
08:50:51.900,-0.003553
08:50:52.000,0.002556
08:50:52.100,0.008314
08:50:52.200,-0.012274
08:50:52.300,0.344727
08:50:52.400,0.103004
08:50:52.500,0.09511
08:50:52.600,0.660742
08:50:52.700,0.966703
08:50:52.800,0.387071
08:50:52.900,0.473596
08:50:53.000,0.106451
08:50:53.100,0.230721
08:50:53.200,0.218311
08:50:53.300,0.964698
08:50:53.400,-0.041418
08:50:53.500,0.655687
08:50:53.600,0.318628
08:50:53.700,0.529649
08:50:53.800,0.624477
08:50:53.900,0.099025
08:50:54.000,0.396806
08:50:54.100,0.432945
08:50:54.200,0.254909
08:50:54.300,-0.553059
08:50:54.400,-1.100754
08:50:54.500,-0.538671
08:50:54.600,-0.503875
08:50:54.700,-1.307395
08:50:54.800,-0.64436
08:50:54.900,-1.59184
08:50:55.000,-0.158969
08:50:55.100,-0.524285
08:50:55.200,-0.952028
08:50:55.300,-0.57936
08:50:55.400,-0.478748
08:50:55.500,-0.325955
08:50:55.600,-0.387161
08:50:55.700,0.012951
08:50:55.800,-0.66006
08:50:55.900,-0.154713
08:50:56.000,0.625331
08:50:56.100,-0.013605
08:50:56.200,0.300797
08:50:56.300,-0.030543
08:50:56.400,1.166352
08:50:56.500,0.594824
08:50:56.600,0.125762
08:50:56.700,1.005333
08:50:56.800,0.290112
08:50:56.900,0.930711
08:50:57.000,1.060491
08:50:57.100,1.400719
08:50:57.200,0.744085
08:50:57.300,0.640801
08:50:57.400,-0.143105
08:50:57.500,0.33514
08:50:57.600,0.161458
08:50:57.700,0.254529
08:50:57.800,0.034282
08:50:57.900,0.384677
08:50:58.000,-0.195847
08:50:58.100,0.056932
08:50:58.200,-0.256747
08:50:58.300,-0.535753
08:50:58.400,-0.661207
08:50:58.500,-0.413429
08:50:58.600,-0.086556
08:50:58.700,-0.879498
08:50:58.800,-0.649101
08:50:58.900,-0.522038
08:50:59.000,-0.706935
08:50:59.100,-1.307452
08:50:59.200,-0.49808
08:50:59.300,-1.150947
08:50:59.400,-1.088715
08:50:59.500,-0.95162
08:50:59.600,-0.468078
08:50:59.700,-0.655057
08:50:59.800,-0.718717
08:50:59.900,0.02349
08:51:00.000,-0.009434
08:51:00.100,0.374684
08:51:00.200,-0.039016
08:51:00.300,0.295543
08:51:00.400,0.691564
08:51:00.500,0.035298
08:51:00.600,0.334756
08:51:00.700,0.971181
08:51:00.800,0.672586
08:51:00.900,0.638685
08:51:01.000,0.686494
08:51:01.100,1.11944
08:51:01.200,0.657315
08:51:01.300,0.639652
08:51:01.400,0.560451
08:51:01.500,-0.070601
08:51:01.600,0.587365
08:51:01.700,0.030391
08:51:01.800,-0.225461
08:51:01.900,-0.501755
08:51:02.000,-0.538569
08:51:02.100,-0.903772
08:51:02.200,-0.575087
08:51:02.300,-0.46992
08:51:02.400,-0.04001
08:51:02.500,-0.473723
08:51:02.600,-0.477588
08:51:02.700,-0.17592
08:51:02.800,-1.663668
08:51:02.900,-0.554299
08:51:03.000,-0.589785
08:51:03.100,-0.403105
08:51:03.200,-1.294442
08:51:03.300,-0.824609
08:51:03.400,-0.892156
08:51:03.500,-0.945737
08:51:03.600,0.397977
08:51:03.700,-0.515912
08:51:03.800,0.108219
08:51:03.900,0.13749
08:51:04.000,-0.504071
08:51:04.100,-0.074293
08:51:04.200,0.237407
08:51:04.300,0.456207
08:51:04.400,0.527196
08:51:04.500,1.108574
08:51:04.600,0.884953
08:51:04.700,0.853631
08:51:04.800,1.004641
08:51:04.900,1.164857
08:51:05.000,0.481943
08:51:05.100,0.138546
08:51:05.200,0.453416
08:51:05.300,0.142933
08:51:05.400,0.22227
08:51:05.500,0.529908
08:51:05.600,0.217743
08:51:05.700,0.544619
08:51:05.800,0.322574
08:51:05.900,0.237165
08:51:06.000,-0.442736
08:51:06.100,-0.416661
08:51:06.200,-0.884803
08:51:06.300,-0.11898
08:51:06.400,0.261304
08:51:06.500,-0.432393
08:51:06.600,-0.472619
08:51:06.700,-0.809762
08:51:06.800,-0.741537
08:51:06.900,-0.245252
08:51:07.000,-0.668237
08:51:07.100,-0.467626
08:51:07.200,-0.210455
08:51:07.300,-0.238548
08:51:07.400,-0.554996
08:51:07.500,-0.457935
08:51:07.600,-0.546662
08:51:07.700,-0.143169
08:51:07.800,-0.360975
08:51:07.900,0.013035
08:51:08.000,0.363402
08:51:08.100,-0.480637
08:51:08.200,-0.433805
08:51:08.300,0.302163
08:51:08.400,0.645545
08:51:08.500,0.595384
08:51:08.600,0.142493
08:51:08.700,0.938603
08:51:08.800,1.333641
08:51:08.900,0.387342
08:51:09.000,0.446242
08:51:09.100,0.70035
08:51:09.200,0.621725
08:51:09.300,1.044782
08:51:09.400,0.665568
08:51:09.500,0.392915
08:51:09.600,0.205057
08:51:09.700,-0.216858
08:51:09.800,0.695639
08:51:09.900,0.32918
08:51:10.000,-0.03167
08:51:10.100,-0.071446
08:51:10.200,-0.253994
08:51:10.300,-0.935734
08:51:10.400,-0.908879
08:51:10.500,-0.566461
08:51:10.600,-0.643729
08:51:10.700,-0.627948
08:51:10.800,-0.071599
08:51:10.900,-0.791601
08:51:11.000,-0.966965
08:51:11.100,-0.672829
08:51:11.200,-1.154638
08:51:11.300,-0.569256
08:51:11.400,-0.820001
08:51:11.500,-0.416206
08:51:11.600,-0.474537
08:51:11.700,-0.367316
08:51:11.800,0.002966
08:51:11.900,0.147532
08:51:12.000,0.711598
08:51:12.100,0.352512
08:51:12.200,0.130571
08:51:12.300,0.096375
08:51:12.400,0.53285
08:51:12.500,1.006478
08:51:12.600,0.866013
08:51:12.700,0.374401
08:51:12.800,0.824146
08:51:12.900,0.769087
08:51:13.000,1.067189
08:51:13.100,0.796875
08:51:13.200,0.758147
08:51:13.300,0.210264
08:51:13.400,0.843532
08:51:13.500,0.008267
08:51:13.600,0.442809
08:51:13.700,0.125023
08:51:13.800,0.002894
08:51:13.900,0.313412
08:51:14.000,-0.001128
08:51:14.100,-0.947201
08:51:14.200,-0.285558
08:51:14.300,-0.453707
08:51:14.400,0.028651
08:51:14.500,-0.929815
08:51:14.600,0.104613
08:51:14.700,-0.323853
08:51:14.800,-0.76305
08:51:14.900,-0.837986
08:51:15.000,-0.923395
08:51:15.100,-0.579604
08:51:15.200,-0.941489
08:51:15.300,-0.664773
08:51:15.400,-0.946622
08:51:15.500,-0.245506
08:51:15.600,-0.352134
08:51:15.700,-0.481585
08:51:15.800,-0.300925
08:51:15.900,-0.352013
08:51:16.000,0.109653
08:51:16.100,-0.329768
08:51:16.200,0.531996
08:51:16.300,0.378447
08:51:16.400,0.254423
08:51:16.500,0.700667
08:51:16.600,0.702328
08:51:16.700,0.257734
08:51:16.800,1.12332
08:51:16.900,-0.182412
08:51:17.000,1.081339
08:51:17.100,0.634281
08:51:17.200,1.012432
08:51:17.300,1.127851
08:51:17.400,0.4167
08:51:17.500,0.361812
08:51:17.600,0.52157
08:51:17.700,-0.078981
08:51:17.800,0.100224
08:51:17.900,-0.036301
08:51:18.000,-0.415154
08:51:18.100,-0.273705
08:51:18.200,0.047254
08:51:18.300,-0.079488
08:51:18.400,-0.473472
08:51:18.500,-0.473144
08:51:18.600,-0.672781
08:51:18.700,-1.240183
08:51:18.800,-1.021584
08:51:18.900,-0.355735
08:51:19.000,-0.280969
08:51:19.100,-0.991797
08:51:19.200,-0.274059
08:51:19.300,-1.043948
08:51:19.400,-0.747311
08:51:19.500,-0.536557
08:51:19.600,-0.507061
08:51:19.700,-0.560053
08:51:19.800,-0.171953
08:51:19.900,0.162255
08:51:20.000,-0.508814
08:51:20.100,0.153681
08:51:20.200,0.554032
08:51:20.300,0.173336
08:51:20.400,0.220043
08:51:20.500,0.197187
08:51:20.600,1.266436
08:51:20.700,1.146323
08:51:20.800,0.562531
08:51:20.900,1.10448
08:51:21.000,0.515865
08:51:21.100,0.636919
08:51:21.200,0.294756
08:51:21.300,-0.021386
08:51:21.400,0.36325
08:51:21.500,0.346219
08:51:21.600,0.560753
08:51:21.700,0.547022
08:51:21.800,0.173368
08:51:21.900,-0.237394
08:51:22.000,-0.23028
08:51:22.100,0.447382
08:51:22.200,0.003889
08:51:22.300,0.180202
08:51:22.400,0.210488
08:51:22.500,-0.725088
08:51:22.600,-0.27925
08:51:22.700,-0.939471
08:51:22.800,-0.304083
08:51:22.900,-0.401641
08:51:23.000,-1.439926
08:51:23.100,-0.550411
08:51:23.200,-0.96554
08:51:23.300,-0.742847
08:51:23.400,-0.797205
08:51:23.500,-0.177194
08:51:23.600,-0.650676
08:51:23.700,-0.765454
08:51:23.800,-0.498959
08:51:23.900,-0.184586
08:51:24.000,0.143583
08:51:24.100,0.528058
08:51:24.200,0.396072
08:51:24.300,0.522121
08:51:24.400,0.669921
08:51:24.500,0.781046
08:51:24.600,0.927998
08:51:24.700,1.500484
08:51:24.800,0.946043
08:51:24.900,0.79166
08:51:25.000,0.537175
08:51:25.100,0.799862
08:51:25.200,1.069596
08:51:25.300,0.19731
08:51:25.400,1.006816
08:51:25.500,0.345615
08:51:25.600,0.330275
08:51:25.700,0.500419
08:51:25.800,0.031965
08:51:25.900,0.270089
08:51:26.000,-0.403256
08:51:26.100,0.197082
08:51:26.200,-0.147721
08:51:26.300,-0.319079
08:51:26.400,-0.315306
08:51:26.500,-0.502027
08:51:26.600,-0.411767
08:51:26.700,-0.696248
08:51:26.800,-0.767539
08:51:26.900,-1.310169
08:51:27.000,-0.222296
08:51:27.100,-1.098439
08:51:27.200,-0.10033
08:51:27.300,-0.708521
08:51:27.400,-0.140179
08:51:27.500,-0.130195
08:51:27.600,-0.074669
08:51:27.700,-0.301541
08:51:27.800,-0.634441
08:51:27.900,-0.173213
08:51:28.000,-0.110068
08:51:28.100,0.073745
08:51:28.200,-0.213382
08:51:28.300,0.217593
08:51:28.400,-0.611481
08:51:28.500,0.389868
08:51:28.600,0.610341
08:51:28.700,0.350035
08:51:28.800,0.571188
08:51:28.900,0.748283
08:51:29.000,1.054483
08:51:29.100,1.060503
08:51:29.200,0.772624
08:51:29.300,0.613419
08:51:29.400,0.690623
08:51:29.500,1.124958
08:51:29.600,0.586969
08:51:29.700,0.409013
08:51:29.800,0.591823
08:51:29.900,0.12632
08:51:30.000,-0.298679
08:51:30.100,0.051202
08:51:30.200,-0.156692
08:51:30.300,-0.394303
08:51:30.400,-0.221142
08:51:30.500,-1.129367
08:51:30.600,-0.755542
08:51:30.700,-0.931246
08:51:30.800,-0.936938
08:51:30.900,-0.745275
08:51:31.000,-1.018506
08:51:31.100,-0.104444
08:51:31.200,-0.507656
08:51:31.300,-0.901734
08:51:31.400,-1.175464
08:51:31.500,-0.69918
08:51:31.600,-0.526848
08:51:31.700,-0.540026
08:51:31.800,0.673558
08:51:31.900,-0.688474
08:51:32.000,0.017862
08:51:32.100,0.064028
08:51:32.200,0.129116
08:51:32.300,-0.360993
08:51:32.400,0.396479
08:51:32.500,0.558116
08:51:32.600,0.814705
08:51:32.700,0.792828
08:51:32.800,1.092127
08:51:32.900,-0.024793
08:51:33.000,0.61776
08:51:33.100,1.567959
08:51:33.200,1.036772
08:51:33.300,0.115003
08:51:33.400,0.59716
08:51:33.500,0.128381
08:51:33.600,0.260412
08:51:33.700,1.017674
08:51:33.800,0.551785
08:51:33.900,-0.422477
08:51:34.000,-0.267827
08:51:34.100,-0.109219
08:51:34.200,-0.308828
08:51:34.300,-0.208163
08:51:34.400,-0.682477
08:51:34.500,-0.623153
08:51:34.600,-0.841413
08:51:34.700,-0.752373
08:51:34.800,-0.419374
08:51:34.900,-0.587522
08:51:35.000,-0.945456
08:51:35.100,-0.295077
08:51:35.200,-0.293432
08:51:35.300,-0.624095
08:51:35.400,-0.656635
08:51:35.500,0.121914
08:51:35.600,0.150972
08:51:35.700,-0.84803
08:51:35.800,0.201691
08:51:35.900,0.493822
08:51:36.000,0.229824
08:51:36.100,-0.053918
08:51:36.200,0.095322
08:51:36.300,0.916509
08:51:36.400,0.703849
08:51:36.500,0.686513
08:51:36.600,1.382785
08:51:36.700,0.271007
08:51:36.800,0.633977
08:51:36.900,0.757881
08:51:37.000,0.625945
08:51:37.100,0.047254
08:51:37.200,1.017094
08:51:37.300,0.36078
08:51:37.400,0.297116
08:51:37.500,0.369307
08:51:37.600,0.330869
08:51:37.700,0.275266
08:51:37.800,0.553611
08:51:37.900,0.5186
08:51:38.000,-0.090769
08:51:38.100,-0.318854
08:51:38.200,-0.261256
08:51:38.300,-0.630575
08:51:38.400,-0.421376
08:51:38.500,-0.826119
08:51:38.600,0.178216
08:51:38.700,-0.578934
08:51:38.800,-0.85398
08:51:38.900,-0.44433
08:51:39.000,-1.13122
08:51:39.100,-0.940428
08:51:39.200,-0.517413
08:51:39.300,-0.576322
08:51:39.400,-0.199246
08:51:39.500,-1.450331
08:51:39.600,-0.125105
08:51:39.700,-0.507971
08:51:39.800,-0.625901
08:51:39.900,-0.712605
08:51:40.000,-0.194486
08:51:40.100,0.665997
08:51:40.200,0.5555
08:51:40.300,0.889822
08:51:40.400,0.37161
08:51:40.500,0.532349
08:51:40.600,0.013564
08:51:40.700,0.070893
08:51:40.800,0.614447
08:51:40.900,0.209718
08:51:41.000,0.399976
08:51:41.100,0.706526
08:51:41.200,1.111059
08:51:41.300,0.62715
08:51:41.400,0.090201
08:51:41.500,-0.142656
08:51:41.600,0.453418
08:51:41.700,0.097614
08:51:41.800,0.256966
08:51:41.900,0.038044
08:51:42.000,-0.024655
08:51:42.100,0.311048
08:51:42.200,0.152459
08:51:42.300,-0.188697
08:51:42.400,-0.724767
08:51:42.500,-0.687911
08:51:42.600,-0.299175
08:51:42.700,-0.168215
08:51:42.800,-1.111542
08:51:42.900,-0.156747
08:51:43.000,-0.972911
08:51:43.100,-0.457306
08:51:43.200,0.314631
08:51:43.300,-1.180102
08:51:43.400,-0.38949
08:51:43.500,-0.604857
08:51:43.600,-0.254915
08:51:43.700,-0.534434
08:51:43.800,-1.084124
08:51:43.900,-0.373339
08:51:44.000,0.121451
08:51:44.100,0.58173
08:51:44.200,0.358251
08:51:44.300,0.833258
08:51:44.400,0.238747
08:51:44.500,0.2938
08:51:44.600,0.686389
08:51:44.700,0.492453
08:51:44.800,1.058616
08:51:44.900,0.199426
08:51:45.000,1.001945
08:51:45.100,1.114191
08:51:45.200,0.79352
08:51:45.300,0.943158
08:51:45.400,0.339095
08:51:45.500,0.203979
08:51:45.600,0.53472
08:51:45.700,0.065015
08:51:45.800,0.321491
08:51:45.900,0.215064
08:51:46.000,-0.023593
08:51:46.100,-0.0107
08:51:46.200,0.005831
08:51:46.300,-0.352803
08:51:46.400,-0.578353
08:51:46.500,-0.207044
08:51:46.600,-0.470666
08:51:46.700,-0.465828
08:51:46.800,-0.461837
08:51:46.900,-0.639389
08:51:47.000,-0.820469
08:51:47.100,-0.907275
08:51:47.200,-0.696697
08:51:47.300,-0.455091
08:51:47.400,-0.381368
08:51:47.500,-0.444609
08:51:47.600,-0.288183
08:51:47.700,-0.704417
08:51:47.800,-0.378857
08:51:47.900,0.125313
08:51:48.000,-0.291707
08:51:48.100,0.158951
08:51:48.200,0.23436
08:51:48.300,0.27794
08:51:48.400,0.649027
08:51:48.500,0.574491
08:51:48.600,0.147198
08:51:48.700,0.80436
08:51:48.800,0.488251
08:51:48.900,0.214024
08:51:49.000,0.959789
08:51:49.100,0.276338
08:51:49.200,0.541602
08:51:49.300,0.72643
08:51:49.400,0.540656
08:51:49.500,0.276475
08:51:49.600,0.063647
08:51:49.700,0.051765
08:51:49.800,-0.160792
08:51:49.900,0.065233
08:51:50.000,-0.190879
08:51:50.100,-0.592069
08:51:50.200,-0.317538
08:51:50.300,-0.54292
08:51:50.400,-0.317612
08:51:50.500,-0.368235
08:51:50.600,-0.096624
08:51:50.700,-0.396981
08:51:50.800,-1.046627
08:51:50.900,-1.451955
08:51:51.000,-1.231561
08:51:51.100,-0.867268
08:51:51.200,-1.228528
08:51:51.300,-0.839346
08:51:51.400,-0.555021
08:51:51.500,-0.692087
08:51:51.600,-0.313888
08:51:51.700,-0.530769
08:51:51.800,-0.482997
08:51:51.900,0.488299
08:51:52.000,-0.011562
08:51:52.100,0.14871
08:51:52.200,0.511797
08:51:52.300,0.624761
08:51:52.400,0.283324
08:51:52.500,0.861061
08:51:52.600,0.409207
08:51:52.700,0.97939
08:51:52.800,0.233905
08:51:52.900,0.584023
08:51:53.000,0.77791
08:51:53.100,0.817659
08:51:53.200,0.370478
08:51:53.300,0.046639
08:51:53.400,0.72742
08:51:53.500,0.42263
08:51:53.600,0.274687
08:51:53.700,0.896834
08:51:53.800,0.113758
08:51:53.900,-0.071421
08:51:54.000,-0.630046
08:51:54.100,-0.488484
08:51:54.200,0.090225
08:51:54.300,-0.571692
08:51:54.400,-0.191471
08:51:54.500,-0.947351
08:51:54.600,-0.870531
08:51:54.700,-0.936854
08:51:54.800,-0.498872
08:51:54.900,-0.76555
08:51:55.000,-1.088722
08:51:55.100,-0.441313
08:51:55.200,-0.492735
08:51:55.300,-0.504554
08:51:55.400,-0.462977
08:51:55.500,-0.793863
08:51:55.600,0.029053
08:51:55.700,-0.353157
08:51:55.800,-0.122509
08:51:55.900,0.024517
08:51:56.000,-0.330715
08:51:56.100,0.773241
08:51:56.200,0.206839
08:51:56.300,0.329482
08:51:56.400,0.267068
08:51:56.500,0.897465
08:51:56.600,0.983572
08:51:56.700,0.679107
08:51:56.800,0.1527
08:51:56.900,0.63382
08:51:57.000,0.677253
08:51:57.100,0.533306
08:51:57.200,0.321574
08:51:57.300,0.079721
08:51:57.400,1.081212
08:51:57.500,0.754534
08:51:57.600,0.423508
08:51:57.700,0.090373
08:51:57.800,0.34235
08:51:57.900,0.18095
08:51:58.000,-0.140403
08:51:58.100,0.026887
08:51:58.200,-0.036977
08:51:58.300,-0.077219
08:51:58.400,-0.722297
08:51:58.500,-0.344034
08:51:58.600,-0.154162
08:51:58.700,-0.519976
08:51:58.800,0.107134
08:51:58.900,-0.75452
08:51:59.000,-1.301203
08:51:59.100,-0.988495
08:51:59.200,-0.899996
08:51:59.300,-0.428202
08:51:59.400,-0.275171
08:51:59.500,-0.447338
08:51:59.600,-0.309041
08:51:59.700,0.352483
08:51:59.800,-0.507193
08:51:59.900,-0.13501
08:52:00.000,-0.158348
08:52:00.100,-0.30135
08:52:00.200,-0.492411
08:52:00.300,0.771573
08:52:00.400,0.14398
08:52:00.500,0.407337
08:52:00.600,0.717019
08:52:00.700,0.207207
08:52:00.800,0.373695
08:52:00.900,0.683771
08:52:01.000,0.546602
08:52:01.100,0.244818
08:52:01.200,0.878255
08:52:01.300,0.461222
08:52:01.400,0.614175
08:52:01.500,0.514901
08:52:01.600,0.750814
08:52:01.700,0.441367
08:52:01.800,-0.085597
08:52:01.900,0.516276
08:52:02.000,-0.165648
08:52:02.100,-0.394354
08:52:02.200,-0.55302
08:52:02.300,-1.13802
08:52:02.400,-0.624417
08:52:02.500,-0.356144
08:52:02.600,-1.042966
08:52:02.700,-0.025694
08:52:02.800,-1.449976
08:52:02.900,-0.9655
08:52:03.000,-1.220639
08:52:03.100,-0.370056
08:52:03.200,-0.437366
08:52:03.300,-0.716818
08:52:03.400,-1.063933
08:52:03.500,-0.914437
08:52:03.600,-0.323954
08:52:03.700,-0.554442
08:52:03.800,-0.413027
08:52:03.900,-0.135318
08:52:04.000,-0.144402
08:52:04.100,-0.502876
08:52:04.200,-0.249501
08:52:04.300,-0.139543
08:52:04.400,0.156811
08:52:04.500,0.526508
08:52:04.600,0.583429
08:52:04.700,1.039013
08:52:04.800,0.17328
08:52:04.900,0.798627
08:52:05.000,0.424688
08:52:05.100,1.382814
08:52:05.200,0.628673
08:52:05.300,0.427144
08:52:05.400,0.662317
08:52:05.500,0.563947
08:52:05.600,0.278469
08:52:05.700,0.52567
08:52:05.800,0.744945
08:52:05.900,0.430864
08:52:06.000,-0.052114
08:52:06.100,0.512328
08:52:06.200,-0.047574
08:52:06.300,-0.701996
08:52:06.400,-0.392231
08:52:06.500,-0.570839
08:52:06.600,-0.7558
08:52:06.700,-0.513675
08:52:06.800,-1.323393
08:52:06.900,-0.130289
08:52:07.000,-0.485822
08:52:07.100,-1.33587
08:52:07.200,-0.45571
08:52:07.300,-0.468561
08:52:07.400,-0.053457
08:52:07.500,0.10844
08:52:07.600,0.250937
08:52:07.700,-0.41502
08:52:07.800,-0.027026
08:52:07.900,-0.277638
08:52:08.000,0.34245
08:52:08.100,-0.647003
08:52:08.200,-0.230079
08:52:08.300,0.165938
08:52:08.400,0.390375
08:52:08.500,0.552191
08:52:08.600,1.012336
08:52:08.700,0.396178
08:52:08.800,0.213487
08:52:08.900,0.555741
08:52:09.000,0.48788
08:52:09.100,0.885005
08:52:09.200,1.19949
08:52:09.300,1.125957
08:52:09.400,0.947617
08:52:09.500,0.295631
08:52:09.600,0.35484
08:52:09.700,0.466407
08:52:09.800,-0.053407
08:52:09.900,-0.127609
08:52:10.000,0.131065
08:52:10.100,-0.587055
08:52:10.200,0.1661
08:52:10.300,-0.458327
08:52:10.400,-0.222256
08:52:10.500,-0.42259
08:52:10.600,-0.127345
08:52:10.700,-1.368568
08:52:10.800,-0.224585
08:52:10.900,-0.258044
08:52:11.000,-0.60157
08:52:11.100,-0.508924
08:52:11.200,-0.457008
08:52:11.300,-0.939087
08:52:11.400,-0.547363
08:52:11.500,-0.183469
08:52:11.600,-1.037116
08:52:11.700,-0.152933
08:52:11.800,-0.185839
08:52:11.900,0.110068
08:52:12.000,-0.445171
08:52:12.100,-0.150775
08:52:12.200,-0.272336
08:52:12.300,-0.174616
08:52:12.400,0.702267
08:52:12.500,0.288866
08:52:12.600,0.334482
08:52:12.700,1.005421
08:52:12.800,0.545519
08:52:12.900,1.028686
08:52:13.000,0.332717
08:52:13.100,0.570189
08:52:13.200,0.348754
08:52:13.300,0.815467
08:52:13.400,0.493891
08:52:13.500,0.750868
08:52:13.600,0.46495
08:52:13.700,-0.363295
08:52:13.800,0.123886
08:52:13.900,-0.427896
08:52:14.000,0.121276
08:52:14.100,0.08481
08:52:14.200,0.014306
08:52:14.300,-0.360794
08:52:14.400,-0.982686
08:52:14.500,-0.421621
08:52:14.600,-0.423811
08:52:14.700,-0.687595
08:52:14.800,-0.635819
08:52:14.900,-1.352156
08:52:15.000,-0.676819
08:52:15.100,-0.729317
08:52:15.200,-1.090195
08:52:15.300,-0.43881
08:52:15.400,-0.739305
08:52:15.500,-0.414783
08:52:15.600,-0.240635
08:52:15.700,-0.202713
08:52:15.800,-0.685586
08:52:15.900,-0.243941
08:52:16.000,0.745311
08:52:16.100,0.597941
08:52:16.200,0.508394
08:52:16.300,0.413807
08:52:16.400,0.065631
08:52:16.500,0.438175
08:52:16.600,0.418458
08:52:16.700,0.594062
08:52:16.800,0.159471
08:52:16.900,1.025456
08:52:17.000,-0.240267
08:52:17.100,0.99137
08:52:17.200,0.97242
08:52:17.300,1.438098
08:52:17.400,0.478886
08:52:17.500,0.312979
08:52:17.600,0.453571
08:52:17.700,0.51373
08:52:17.800,0.184731
08:52:17.900,-0.304563
08:52:18.000,0.195486
08:52:18.100,-0.109734
08:52:18.200,-0.569176
08:52:18.300,-0.886487
08:52:18.400,0.452671
08:52:18.500,-0.20376
08:52:18.600,-0.370528
08:52:18.700,-0.663946
08:52:18.800,-0.424244
08:52:18.900,-1.059682
08:52:19.000,-0.630211
08:52:19.100,-0.606333
08:52:19.200,-1.025378
08:52:19.300,-0.66026
08:52:19.400,-0.710779
08:52:19.500,-0.762358
08:52:19.600,-0.600048
08:52:19.700,-0.915192
08:52:19.800,0.15567
08:52:19.900,0.437309
08:52:20.000,-0.324214
08:52:20.100,0.498001
08:52:20.200,0.205108
08:52:20.300,0.314223
08:52:20.400,-0.041903
08:52:20.500,0.299768
08:52:20.600,0.752796
08:52:20.700,0.282336
08:52:20.800,0.406148
08:52:20.900,0.513543
08:52:21.000,-0.492548
08:52:21.100,0.806278
08:52:21.200,0.888678
08:52:21.300,0.751311
08:52:21.400,0.896304
08:52:21.500,0.339564
08:52:21.600,1.045365
08:52:21.700,0.022117
08:52:21.800,0.137746
08:52:21.900,-0.003624
08:52:22.000,0.065203
08:52:22.100,-0.193354
08:52:22.200,-0.252339
08:52:22.300,-0.555259
08:52:22.400,-0.564922
08:52:22.500,-1.276971
08:52:22.600,-0.28546
08:52:22.700,-0.981399
08:52:22.800,-0.83747
08:52:22.900,-1.062297
08:52:23.000,-0.500611
08:52:23.100,-0.881561
08:52:23.200,-1.520869
08:52:23.300,-0.525441
08:52:23.400,-0.827846
08:52:23.500,-0.503154
08:52:23.600,-0.120185
08:52:23.700,-0.663437
08:52:23.800,-0.23412
08:52:23.900,-0.379586
08:52:24.000,0.345336
08:52:24.100,0.137139
08:52:24.200,0.208231
08:52:24.300,-0.116524
08:52:24.400,0.674018
08:52:24.500,0.801956
08:52:24.600,0.298161
08:52:24.700,0.677564
08:52:24.800,0.87154
08:52:24.900,1.467672
08:52:25.000,0.836895
08:52:25.100,0.691238
08:52:25.200,0.61126
08:52:25.300,0.590037
08:52:25.400,0.834866
08:52:25.500,0.186263
08:52:25.600,0.737889
08:52:25.700,-0.221644
08:52:25.800,0.44953
08:52:25.900,0.440186
08:52:26.000,0.282161
08:52:26.100,-0.014869
08:52:26.200,-0.0781
08:52:26.300,-0.457864
08:52:26.400,-0.805183
08:52:26.500,-0.407574
08:52:26.600,-0.542168
08:52:26.700,-0.300415
08:52:26.800,-0.715187
08:52:26.900,-0.635749
08:52:27.000,-0.599402
08:52:27.100,-0.491044
08:52:27.200,-0.333731
08:52:27.300,-0.957512
08:52:27.400,-0.320716
08:52:27.500,-0.558174
08:52:27.600,-0.186535
08:52:27.700,0.199672
08:52:27.800,-0.954244
08:52:27.900,0.315554
08:52:28.000,-0.041434
08:52:28.100,-0.189907
08:52:28.200,0.063181
08:52:28.300,-0.043205
08:52:28.400,0.589074
08:52:28.500,0.132791
08:52:28.600,0.987826
08:52:28.700,0.865875
08:52:28.800,0.745244
08:52:28.900,-0.02127
08:52:29.000,0.237106
08:52:29.100,0.663329
08:52:29.200,0.656753
08:52:29.300,0.952638
08:52:29.400,-0.453079
08:52:29.500,0.229265
08:52:29.600,0.704429
08:52:29.700,0.199766
08:52:29.800,0.052751
08:52:29.900,-0.454779
08:52:30.000,0.370483
08:52:30.100,-0.279243
08:52:30.200,0.166482
08:52:30.300,0.195221
08:52:30.400,0.049546
08:52:30.500,-0.506321
08:52:30.600,-0.735774
08:52:30.700,-0.817007
08:52:30.800,0.02318
08:52:30.900,-0.765547
08:52:31.000,-0.331393
08:52:31.100,-0.522542
08:52:31.200,-0.809775
08:52:31.300,-0.71227
08:52:31.400,-0.152122
08:52:31.500,-0.484033
08:52:31.600,-0.570285
08:52:31.700,-0.600199
08:52:31.800,-0.104288
08:52:31.900,-0.290266
08:52:32.000,0.207861
08:52:32.100,0.999957
08:52:32.200,0.397645
08:52:32.300,0.94923
08:52:32.400,0.161259
08:52:32.500,0.734367
08:52:32.600,1.005784
08:52:32.700,1.106643
08:52:32.800,1.113485
08:52:32.900,0.697186
08:52:33.000,1.011471
08:52:33.100,0.335229
08:52:33.200,1.228233
08:52:33.300,0.290451
08:52:33.400,1.00526
08:52:33.500,0.860218
08:52:33.600,0.774469
08:52:33.700,1.040747
08:52:33.800,0.584653
08:52:33.900,-0.354801
08:52:34.000,0.206449
08:52:34.100,-0.770779
08:52:34.200,-0.248207
08:52:34.300,-0.465637
08:52:34.400,-0.188205
08:52:34.500,-0.783028
08:52:34.600,-0.843858
08:52:34.700,-0.448286
08:52:34.800,-0.254572
08:52:34.900,-0.690464
08:52:35.000,0.113067
08:52:35.100,-0.811526
08:52:35.200,-0.427832
08:52:35.300,-0.504266
08:52:35.400,-0.686276
08:52:35.500,-0.035987
08:52:35.600,-0.723063
08:52:35.700,-1.044337
08:52:35.800,-0.260456
08:52:35.900,-0.199409
08:52:36.000,0.371993
08:52:36.100,-0.327909
08:52:36.200,0.399609
08:52:36.300,0.458721
08:52:36.400,0.524429
08:52:36.500,0.860402
08:52:36.600,0.558104
08:52:36.700,0.641969
08:52:36.800,0.823337
08:52:36.900,0.655696
08:52:37.000,0.226354
08:52:37.100,0.547713
08:52:37.200,0.575104
08:52:37.300,0.426863
08:52:37.400,0.455538
08:52:37.500,0.557836
08:52:37.600,0.315571
08:52:37.700,0.616685
08:52:37.800,0.520663
08:52:37.900,-0.723069
08:52:38.000,-0.501603
08:52:38.100,-0.951167
08:52:38.200,-0.312147
08:52:38.300,-0.435395
08:52:38.400,-0.358608
08:52:38.500,-0.200093
08:52:38.600,-0.581272
08:52:38.700,-0.834715
08:52:38.800,-0.66725
08:52:38.900,-0.864245
08:52:39.000,-1.217071
08:52:39.100,-0.35615
08:52:39.200,-0.517141
08:52:39.300,-0.116581
08:52:39.400,-0.999274
08:52:39.500,-1.060143
08:52:39.600,-0.739036
08:52:39.700,-0.178193
08:52:39.800,0.084321
08:52:39.900,-0.009306
08:52:40.000,0.050266
08:52:40.100,0.408592
08:52:40.200,0.055511
08:52:40.300,0.68755
08:52:40.400,1.106205
08:52:40.500,0.123012
08:52:40.600,0.477391
08:52:40.700,0.137262
08:52:40.800,0.327926
08:52:40.900,0.828772
08:52:41.000,0.110034
08:52:41.100,0.418527
08:52:41.200,1.03451
08:52:41.300,0.701911
08:52:41.400,0.835112
08:52:41.500,0.042232
08:52:41.600,0.435152
08:52:41.700,0.978146
08:52:41.800,-0.015352
08:52:41.900,-0.061302
08:52:42.000,0.203595
08:52:42.100,-0.424445
08:52:42.200,0.034728
08:52:42.300,-0.946621
08:52:42.400,-1.260426
08:52:42.500,-0.384922
08:52:42.600,-0.909251
08:52:42.700,-0.821717
08:52:42.800,-0.35892
08:52:42.900,-0.472904
08:52:43.000,-1.129559
08:52:43.100,-0.509477
08:52:43.200,-0.770814
08:52:43.300,-0.477723
08:52:43.400,-0.573368
08:52:43.500,-1.021187
08:52:43.600,-0.661045
08:52:43.700,-1.162031
08:52:43.800,-0.151501
08:52:43.900,0.02941
08:52:44.000,-0.246549
08:52:44.100,0.069006
08:52:44.200,-0.124611
08:52:44.300,0.757533
08:52:44.400,-0.038634
08:52:44.500,0.386113
08:52:44.600,0.111916
08:52:44.700,0.705893
08:52:44.800,1.02911
08:52:44.900,-0.035212
08:52:45.000,0.928906
08:52:45.100,1.262424
08:52:45.200,0.710877
08:52:45.300,0.387541
08:52:45.400,0.552985
08:52:45.500,0.304008
08:52:45.600,1.098954
08:52:45.700,0.610042
08:52:45.800,0.531473
08:52:45.900,0.863768
08:52:46.000,0.47059
08:52:46.100,-0.151991
08:52:46.200,-0.207436
08:52:46.300,0.508131
08:52:46.400,-0.6702
08:52:46.500,-0.555043
08:52:46.600,-0.92083
08:52:46.700,-1.260093
08:52:46.800,-0.973654
08:52:46.900,-0.992428
08:52:47.000,-0.918786
08:52:47.100,-0.477089
08:52:47.200,-0.669902
08:52:47.300,-0.269853
08:52:47.400,-0.513474
08:52:47.500,-0.432305
08:52:47.600,-0.513423
08:52:47.700,0.363644
08:52:47.800,-0.364497
08:52:47.900,0.211336
08:52:48.000,-0.413772
08:52:48.100,0.024294
08:52:48.200,0.918961
08:52:48.300,0.557557
08:52:48.400,-0.078452
08:52:48.500,0.133824
08:52:48.600,1.127059
08:52:48.700,0.654627
08:52:48.800,0.569405
08:52:48.900,0.418721
08:52:49.000,0.588909
08:52:49.100,1.186243
08:52:49.200,0.420732
08:52:49.300,0.413003
08:52:49.400,0.776149
08:52:49.500,0.13108
08:52:49.600,0.08421
08:52:49.700,0.319996
08:52:49.800,0.22729
08:52:49.900,-0.173726
08:52:50.000,0.165612
08:52:50.100,-0.03292
08:52:50.200,-0.907041
08:52:50.300,-0.044619
08:52:50.400,-0.6108
08:52:50.500,-0.212854
08:52:50.600,0.16158
08:52:50.700,-0.647185
08:52:50.800,-0.891441
08:52:50.900,-0.208805
08:52:51.000,-0.993692
08:52:51.100,-0.029027
08:52:51.200,-0.827985
08:52:51.300,-0.843129
08:52:51.400,0.26175
08:52:51.500,-0.367918
08:52:51.600,0.156238
08:52:51.700,-0.326973
08:52:51.800,-0.250391
08:52:51.900,-1.133324
08:52:52.000,0.354097
08:52:52.100,0.244344
08:52:52.200,0.177181
08:52:52.300,0.524961
08:52:52.400,0.424851
08:52:52.500,0.164787
08:52:52.600,0.693235
08:52:52.700,0.556961
08:52:52.800,0.925109
08:52:52.900,0.593285
08:52:53.000,0.535968
08:52:53.100,0.500912
08:52:53.200,0.356344
08:52:53.300,0.440809
08:52:53.400,0.717477
08:52:53.500,0.232585
08:52:53.600,5.1e-05
08:52:53.700,0.594082
08:52:53.800,0.167955
08:52:53.900,0.378308
08:52:54.000,-0.0771
08:52:54.100,-0.309619
08:52:54.200,-0.826441
08:52:54.300,-0.713269
08:52:54.400,-0.716873
08:52:54.500,-0.396644
08:52:54.600,-0.604458
08:52:54.700,-0.982631
08:52:54.800,-1.639001
08:52:54.900,-0.529469
08:52:55.000,-0.392915
08:52:55.100,-0.353742
08:52:55.200,-1.003419
08:52:55.300,-0.264317
08:52:55.400,-0.368207
08:52:55.500,-0.298548
08:52:55.600,-0.624735
08:52:55.700,-0.364252
08:52:55.800,0.424719
08:52:55.900,0.477568
08:52:56.000,-0.016899
08:52:56.100,0.176597
08:52:56.200,-0.551935
08:52:56.300,0.739179
08:52:56.400,0.67242
08:52:56.500,0.61575
08:52:56.600,0.355475
08:52:56.700,0.64695
08:52:56.800,1.178753
08:52:56.900,0.818065
08:52:57.000,1.621084
08:52:57.100,0.975399
08:52:57.200,0.344169
08:52:57.300,0.479924
08:52:57.400,0.317879
08:52:57.500,0.795171
08:52:57.600,0.815193
08:52:57.700,0.918494
08:52:57.800,0.099982
08:52:57.900,0.273307
08:52:58.000,0.448146
08:52:58.100,0.432938
08:52:58.200,-0.646996
08:52:58.300,-0.100752
08:52:58.400,-0.829012
08:52:58.500,-0.705593
08:52:58.600,-1.023689
08:52:58.700,-0.841035
08:52:58.800,-1.173135
08:52:58.900,-1.105064
08:52:59.000,-1.016601
08:52:59.100,-0.585298
08:52:59.200,-0.653877
08:52:59.300,-1.199109
08:52:59.400,0.393176
08:52:59.500,-0.665958
08:52:59.600,-0.876692
08:52:59.700,-0.113899
08:52:59.800,-0.217913
08:52:59.900,-0.393928
08:53:00.000,0.136715
08:53:00.100,-0.125841
08:53:00.200,0.11282
08:53:00.300,0.830762
08:53:00.400,0.45469
08:53:00.500,0.709917
08:53:00.600,0.383567
08:53:00.700,0.677325
08:53:00.800,0.395955
08:53:00.900,0.406103
08:53:01.000,0.555669
08:53:01.100,0.448304
08:53:01.200,1.029053
08:53:01.300,0.826403
08:53:01.400,-0.235993
08:53:01.500,1.098439
08:53:01.600,0.635846
08:53:01.700,0.718405
08:53:01.800,0.156481
08:53:01.900,-0.413413
08:53:02.000,-0.463417
08:53:02.100,0.488033
08:53:02.200,-0.78586
08:53:02.300,-0.823762
08:53:02.400,-0.56294
08:53:02.500,-0.979646
08:53:02.600,-0.379713
08:53:02.700,-0.409926
08:53:02.800,-0.520949
08:53:02.900,-0.906336
08:53:03.000,-0.598934
08:53:03.100,-0.067132
08:53:03.200,-1.167637
08:53:03.300,-0.232864
08:53:03.400,-0.283517
08:53:03.500,-0.531817
08:53:03.600,-0.35322
08:53:03.700,-0.192941
08:53:03.800,-0.558097
08:53:03.900,-0.680805
08:53:04.000,0.317282
08:53:04.100,-0.326215
08:53:04.200,-0.16629
08:53:04.300,0.137343
08:53:04.400,0.511022
08:53:04.500,0.3202
08:53:04.600,0.31292
08:53:04.700,0.957171
08:53:04.800,0.549116
08:53:04.900,0.411906
08:53:05.000,0.838119
08:53:05.100,0.711887
08:53:05.200,0.675791
08:53:05.300,0.778907
08:53:05.400,0.518205
08:53:05.500,0.790624
08:53:05.600,-0.088491
08:53:05.700,0.752243
08:53:05.800,-0.103306
08:53:05.900,-0.463321
08:53:06.000,-0.275911
08:53:06.100,-0.231838
08:53:06.200,-0.473557
08:53:06.300,-0.6556
08:53:06.400,-0.057749
08:53:06.500,-0.799696
08:53:06.600,-1.356538
08:53:06.700,-0.746359
08:53:06.800,0.050147
08:53:06.900,-1.063795
08:53:07.000,-1.014877
08:53:07.100,-0.832669
08:53:07.200,-0.125264
08:53:07.300,-0.749538
08:53:07.400,-0.924478
08:53:07.500,-0.367899
08:53:07.600,-0.310422
08:53:07.700,-0.147466
08:53:07.800,-0.588123
08:53:07.900,-0.307074
08:53:08.000,0.393984
08:53:08.100,0.252659
08:53:08.200,0.499347
08:53:08.300,0.298856
08:53:08.400,0.781182
08:53:08.500,0.597578
08:53:08.600,0.383074
08:53:08.700,0.884617
08:53:08.800,0.359469
08:53:08.900,1.231625
08:53:09.000,1.052844
08:53:09.100,0.588935
08:53:09.200,0.601
08:53:09.300,0.670031
08:53:09.400,0.50581
08:53:09.500,0.956625
08:53:09.600,0.222882
08:53:09.700,-0.208095
08:53:09.800,0.125784
08:53:09.900,0.372894
08:53:10.000,0.355135
08:53:10.100,-0.06967
08:53:10.200,-0.438157
08:53:10.300,-0.333223
08:53:10.400,-0.640756
08:53:10.500,-1.30182
08:53:10.600,-0.864529
08:53:10.700,-0.445067
08:53:10.800,-0.760471
08:53:10.900,-0.799374
08:53:11.000,-0.312608
08:53:11.100,-1.028774
08:53:11.200,-0.968914
08:53:11.300,-0.507876
08:53:11.400,-0.815457
08:53:11.500,-0.745865
08:53:11.600,0.130783
08:53:11.700,-0.693008
08:53:11.800,-0.472687
08:53:11.900,0.044108
08:53:12.000,-0.017116
08:53:12.100,-0.371209
08:53:12.200,0.840718
08:53:12.300,0.0398
08:53:12.400,0.325515
08:53:12.500,0.647863
08:53:12.600,1.323139
08:53:12.700,0.480295
08:53:12.800,0.343946
08:53:12.900,0.865584
08:53:13.000,1.430849
08:53:13.100,0.738967
08:53:13.200,0.565825
08:53:13.300,0.760659
08:53:13.400,-0.160068
08:53:13.500,0.279718
08:53:13.600,-0.227409
08:53:13.700,0.191791
08:53:13.800,0.036767
08:53:13.900,-0.813632
08:53:14.000,0.062737
08:53:14.100,0.106833
08:53:14.200,-0.284005
08:53:14.300,-0.852734
08:53:14.400,0.031381
08:53:14.500,0.16903
08:53:14.600,-0.426245
08:53:14.700,-0.747656
08:53:14.800,-0.785122
08:53:14.900,-0.539713
08:53:15.000,-0.6685
08:53:15.100,-0.538947
08:53:15.200,-0.508259
08:53:15.300,-0.882069
08:53:15.400,-0.854314
08:53:15.500,-0.59311
08:53:15.600,-0.247816
08:53:15.700,-0.863586
08:53:15.800,-0.296343
08:53:15.900,-0.122101
08:53:16.000,-0.170369
08:53:16.100,0.600456
08:53:16.200,0.647523
08:53:16.300,0.463239
08:53:16.400,1.031091
08:53:16.500,0.802397
08:53:16.600,0.613251
08:53:16.700,0.456779
08:53:16.800,0.527402
08:53:16.900,0.824562
08:53:17.000,0.569873
08:53:17.100,0.16045
08:53:17.200,0.532499
08:53:17.300,0.983366
08:53:17.400,-0.334613
08:53:17.500,0.986043
08:53:17.600,0.61237
08:53:17.700,0.235747
08:53:17.800,0.316991
08:53:17.900,0.445891
08:53:18.000,0.01169
08:53:18.100,0.222523
08:53:18.200,0.081476
08:53:18.300,-0.256487
08:53:18.400,-0.800199
08:53:18.500,-0.52919
08:53:18.600,-1.280776
08:53:18.700,-0.467708
08:53:18.800,-0.812634
08:53:18.900,-0.90673
08:53:19.000,-0.470572
08:53:19.100,-1.136029
08:53:19.200,-0.6265
08:53:19.300,-0.742636
08:53:19.400,-0.629457
08:53:19.500,-0.395475
08:53:19.600,0.226753
08:53:19.700,-0.178321
08:53:19.800,0.259083
08:53:19.900,0.378912
08:53:20.000,0.269388
08:53:20.100,-0.535863
08:53:20.200,0.132432
08:53:20.300,-0.063929
08:53:20.400,1.413728
08:53:20.500,0.143652
08:53:20.600,0.042276
08:53:20.700,-0.345925
08:53:20.800,0.303047
08:53:20.900,0.734378
08:53:21.000,1.080537
08:53:21.100,0.316821
08:53:21.200,1.075756
08:53:21.300,0.601413
08:53:21.400,0.396417
08:53:21.500,0.555468
08:53:21.600,0.9076
08:53:21.700,0.335681
08:53:21.800,-0.17158
08:53:21.900,0.257954
08:53:22.000,0.14285
08:53:22.100,-0.176101
08:53:22.200,0.141229
08:53:22.300,-1.118994
08:53:22.400,-0.286474
08:53:22.500,-0.220453
08:53:22.600,-1.073398
08:53:22.700,-1.142846
08:53:22.800,-0.316395
08:53:22.900,-0.280323
08:53:23.000,-0.224081
08:53:23.100,-0.933928
08:53:23.200,-0.595366
08:53:23.300,-0.50706
08:53:23.400,-1.163835
08:53:23.500,-0.439934
08:53:23.600,-0.362902
08:53:23.700,-0.056935
08:53:23.800,-0.41636
08:53:23.900,0.328149
08:53:24.000,0.028118
08:53:24.100,0.707906
08:53:24.200,0.477625
08:53:24.300,0.414987
08:53:24.400,-0.002214
08:53:24.500,0.032974
08:53:24.600,1.126615
08:53:24.700,0.93091
08:53:24.800,0.565961
08:53:24.900,0.5455
08:53:25.000,0.777659
08:53:25.100,0.220566
08:53:25.200,0.502052
08:53:25.300,0.838093
08:53:25.400,0.827519
08:53:25.500,0.366143
08:53:25.600,0.971537
08:53:25.700,0.683538
08:53:25.800,-0.052756
08:53:25.900,-0.337031
08:53:26.000,0.208099
08:53:26.100,-0.267029
08:53:26.200,-0.440326
08:53:26.300,-0.239782
08:53:26.400,-0.159666
08:53:26.500,-0.217801
08:53:26.600,-0.546998
08:53:26.700,-1.426573
08:53:26.800,-0.331692
08:53:26.900,-0.973509
08:53:27.000,-0.592068
08:53:27.100,-0.734137
08:53:27.200,0.11968
08:53:27.300,0.096559
08:53:27.400,-0.727127
08:53:27.500,-0.965598
08:53:27.600,-0.854697
08:53:27.700,-0.222745
08:53:27.800,-0.405224
08:53:27.900,-0.498398
08:53:28.000,-0.183285
08:53:28.100,0.267421
08:53:28.200,0.188919
08:53:28.300,0.148957
08:53:28.400,0.286541
08:53:28.500,0.438299
08:53:28.600,0.644232
08:53:28.700,0.722154
08:53:28.800,0.088801
08:53:28.900,0.749726
08:53:29.000,0.573281
08:53:29.100,0.336554
08:53:29.200,0.53529
08:53:29.300,1.028352
08:53:29.400,0.84933
08:53:29.500,0.528997
08:53:29.600,0.097465
08:53:29.700,-0.158077
08:53:29.800,-0.113324
08:53:29.900,0.113777
08:53:30.000,0.011649
08:53:30.100,-0.33748
08:53:30.200,0.090918
08:53:30.300,-0.183222
08:53:30.400,-1.339397
08:53:30.500,-0.456765
08:53:30.600,-0.301896
08:53:30.700,-0.552852
08:53:30.800,-0.462212
08:53:30.900,-0.783598
08:53:31.000,-0.722839
08:53:31.100,-0.706905
08:53:31.200,-0.601311
08:53:31.300,-0.826392
08:53:31.400,-0.183942
08:53:31.500,0.002999
08:53:31.600,-0.597307
08:53:31.700,-0.72684
08:53:31.800,-0.68715
08:53:31.900,0.032234
08:53:32.000,0.205743
08:53:32.100,0.252714
08:53:32.200,0.389617
08:53:32.300,0.118863
08:53:32.400,-0.285103
08:53:32.500,0.320924
08:53:32.600,1.145165
08:53:32.700,0.716384
08:53:32.800,0.814328
08:53:32.900,1.008042
08:53:33.000,0.40597
08:53:33.100,0.769599
08:53:33.200,0.845011
08:53:33.300,0.297323
08:53:33.400,0.693663
08:53:33.500,0.948353
08:53:33.600,0.271204
08:53:33.700,-0.285034
08:53:33.800,0.27672
08:53:33.900,-0.120287
08:53:34.000,0.06338
08:53:34.100,-0.404256
08:53:34.200,-0.194972
08:53:34.300,0.111736
08:53:34.400,-0.42118
08:53:34.500,-1.072178
08:53:34.600,-0.434807
08:53:34.700,-0.616737
08:53:34.800,-0.59111
08:53:34.900,-0.350763
08:53:35.000,-0.883774
08:53:35.100,-0.792196
08:53:35.200,-1.026038
08:53:35.300,-0.556029
08:53:35.400,-0.507814
08:53:35.500,-0.585879
08:53:35.600,-0.14997
08:53:35.700,-0.680636
08:53:35.800,-0.171879
08:53:35.900,0.100885
08:53:36.000,-0.18972
08:53:36.100,-0.371233
08:53:36.200,-0.377064
08:53:36.300,0.372153
08:53:36.400,1.004359
08:53:36.500,0.281573
08:53:36.600,0.724274
08:53:36.700,-0.225162
08:53:36.800,0.796386
08:53:36.900,0.31044
08:53:37.000,0.562337
08:53:37.100,0.718985
08:53:37.200,0.084465
08:53:37.300,1.724679
08:53:37.400,0.354452
08:53:37.500,0.707427
08:53:37.600,0.933883
08:53:37.700,0.420411
08:53:37.800,-0.21339
08:53:37.900,0.14545
08:53:38.000,-0.643174
08:53:38.100,-0.22535
08:53:38.200,0.370601
08:53:38.300,-0.811713
08:53:38.400,-0.69991
08:53:38.500,0.153787
08:53:38.600,-0.627295
08:53:38.700,-0.9365
08:53:38.800,-0.529517
08:53:38.900,-0.855461
08:53:39.000,-1.65059
08:53:39.100,-1.167542
08:53:39.200,0.054208
08:53:39.300,-0.508853
08:53:39.400,-0.054021
08:53:39.500,-0.855194
08:53:39.600,-0.430712
08:53:39.700,-0.376907
08:53:39.800,-0.407864
08:53:39.900,-0.035922
08:53:40.000,-0.390168
08:53:40.100,0.532824
08:53:40.200,0.379851
08:53:40.300,0.256857
08:53:40.400,0.458097
08:53:40.500,0.389151
08:53:40.600,-0.036925
08:53:40.700,0.276968
08:53:40.800,0.602714
08:53:40.900,0.5679
08:53:41.000,0.926655
08:53:41.100,0.887509
08:53:41.200,0.469794
08:53:41.300,0.28876
08:53:41.400,0.830501
08:53:41.500,0.561227
08:53:41.600,0.193893
08:53:41.700,-0.081896
08:53:41.800,-0.02023
08:53:41.900,0.246687
08:53:42.000,0.590382
08:53:42.100,-0.183673
08:53:42.200,-0.50786
08:53:42.300,0.437229
08:53:42.400,-0.541612
08:53:42.500,-0.772913
08:53:42.600,-0.70887
08:53:42.700,-0.783694
08:53:42.800,-0.221047
08:53:42.900,-1.277188
08:53:43.000,-0.491921
08:53:43.100,-0.695217
08:53:43.200,-0.860583
08:53:43.300,-0.741276
08:53:43.400,-0.65405
08:53:43.500,-0.464147
08:53:43.600,-0.569414
08:53:43.700,-0.340721
08:53:43.800,-0.488382
08:53:43.900,0.654169
08:53:44.000,0.353244
08:53:44.100,0.280501
08:53:44.200,0.060976
08:53:44.300,0.605306
08:53:44.400,0.5162
08:53:44.500,0.536643
08:53:44.600,0.379754
08:53:44.700,0.719808
08:53:44.800,1.254986
08:53:44.900,0.719617
08:53:45.000,0.607711
08:53:45.100,0.726114
08:53:45.200,0.681065
08:53:45.300,0.432209
08:53:45.400,0.306888
08:53:45.500,0.772617
08:53:45.600,0.83332
08:53:45.700,1.110835
08:53:45.800,0.376703
08:53:45.900,0.150352
08:53:46.000,0.315624
08:53:46.100,-0.427308
08:53:46.200,0.00859
08:53:46.300,0.045776
08:53:46.400,-0.052972
08:53:46.500,0.088573
08:53:46.600,-0.775755
08:53:46.700,-0.796025
08:53:46.800,-0.741044
08:53:46.900,-1.081827
08:53:47.000,-0.511559
08:53:47.100,-0.455079
08:53:47.200,-0.469195
08:53:47.300,-0.57142
08:53:47.400,-0.214278
08:53:47.500,-0.293663
08:53:47.600,-0.62233
08:53:47.700,-1.350274
08:53:47.800,-0.332104
08:53:47.900,-0.095836
08:53:48.000,0.016574
08:53:48.100,0.046778
08:53:48.200,0.028425
08:53:48.300,0.021413
08:53:48.400,0.049912
08:53:48.500,0.64721
08:53:48.600,0.947212
08:53:48.700,0.185773
08:53:48.800,0.644288
08:53:48.900,0.967435
08:53:49.000,0.63389
08:53:49.100,0.941984
08:53:49.200,1.043161
08:53:49.300,0.761745
08:53:49.400,0.392825
08:53:49.500,0.955245
08:53:49.600,0.317838
08:53:49.700,0.224192
08:53:49.800,0.396523
08:53:49.900,0.003987
08:53:50.000,-0.078334
08:53:50.100,-0.240312
08:53:50.200,-0.279544
08:53:50.300,-0.248855
08:53:50.400,-1.101893
08:53:50.500,-0.529247
08:53:50.600,-1.184048
08:53:50.700,-0.766014
08:53:50.800,-0.547401
08:53:50.900,-0.805996
08:53:51.000,-0.453967
08:53:51.100,-0.569714
08:53:51.200,-1.420365
08:53:51.300,-0.204424
08:53:51.400,-0.47892
08:53:51.500,-0.694204
08:53:51.600,-0.575879
08:53:51.700,-1.047423
08:53:51.800,-0.140083
08:53:51.900,0.118417
08:53:52.000,-0.238003
08:53:52.100,-0.207231
08:53:52.200,0.265497
08:53:52.300,0.735926
08:53:52.400,0.793236
08:53:52.500,0.785098
08:53:52.600,1.273358
08:53:52.700,0.947225
08:53:52.800,1.070573
08:53:52.900,0.721861
08:53:53.000,0.57866
08:53:53.100,1.088519
08:53:53.200,0.322375
08:53:53.300,0.77203
08:53:53.400,0.353539
08:53:53.500,0.613713
08:53:53.600,0.505215
08:53:53.700,0.374836
08:53:53.800,0.210111
08:53:53.900,0.295891
08:53:54.000,0.242481
08:53:54.100,-0.599119
08:53:54.200,-0.23219
08:53:54.300,-0.464123
08:53:54.400,-0.343505
08:53:54.500,-0.640618
08:53:54.600,-0.120029
08:53:54.700,-0.647597
08:53:54.800,-0.320448
08:53:54.900,-1.024641
08:53:55.000,-0.798257
08:53:55.100,-0.906528
08:53:55.200,-0.527951
08:53:55.300,-1.038447
08:53:55.400,-1.164403
08:53:55.500,-0.713936
08:53:55.600,-0.215063
08:53:55.700,-0.601204
08:53:55.800,-0.12336
08:53:55.900,-0.336066
08:53:56.000,-0.613493
08:53:56.100,0.407686
08:53:56.200,0.44359
08:53:56.300,0.303854
08:53:56.400,0.426462
08:53:56.500,0.422339
08:53:56.600,0.20491
08:53:56.700,1.080807
08:53:56.800,0.630526
08:53:56.900,0.817956
08:53:57.000,0.525412
08:53:57.100,0.846388
08:53:57.200,1.066546
08:53:57.300,0.682023
08:53:57.400,0.69251
08:53:57.500,0.802276
08:53:57.600,0.659021
08:53:57.700,0.683243
08:53:57.800,0.328616
08:53:57.900,0.221618
08:53:58.000,0.083779
08:53:58.100,0.19316
08:53:58.200,-0.367424
08:53:58.300,-0.132101
08:53:58.400,0.392653
08:53:58.500,-0.369341
08:53:58.600,-0.985317
08:53:58.700,-0.725259
08:53:58.800,-0.448463
08:53:58.900,-0.926089
08:53:59.000,-1.042264
08:53:59.100,-1.174125
08:53:59.200,-0.73864
08:53:59.300,-0.059606
08:53:59.400,-0.752229
08:53:59.500,-0.188434
08:53:59.600,-0.509117
08:53:59.700,-0.453339
08:53:59.800,-0.035378
08:53:59.900,-0.646299
08:54:00.000,0.200324
08:54:00.100,0.064478
08:54:00.200,0.12617
08:54:00.300,-0.030945
08:54:00.400,0.059566
08:54:00.500,0.111937
08:54:00.600,-0.010885
08:54:00.700,-0.104784
08:54:00.800,-0.113175
08:54:00.900,-0.050738
08:54:01.000,0.027238
08:54:01.100,-0.019539
08:54:01.200,-0.05873
08:54:01.300,0.081363
08:54:01.400,-0.055328
08:54:01.500,-0.071712
08:54:01.600,0.112726
08:54:01.700,0.066067
08:54:01.800,-0.147003
08:54:01.900,-0.159701
08:54:02.000,-0.132928
08:54:02.100,-0.003675
08:54:02.200,0.141413
08:54:02.300,0.173685
08:54:02.400,0.090059
08:54:02.500,0.229546
08:54:02.600,0.024195
08:54:02.700,0.133083
08:54:02.800,-0.068545
08:54:02.900,-0.186733
08:54:03.000,-0.037038
08:54:03.100,-0.015017
08:54:03.200,0.310184
08:54:03.300,-5.2e-05
08:54:03.400,-0.122137
08:54:03.500,0.115758
08:54:03.600,-0.09115
08:54:03.700,0.017225
08:54:03.800,0.105274
08:54:03.900,-0.111797
08:54:04.000,0.182095
08:54:04.100,0.135216
08:54:04.200,0.042394
08:54:04.300,0.210202
08:54:04.400,-0.04587
08:54:04.500,0.0953
08:54:04.600,0.033458
08:54:04.700,-0.076541
08:54:04.800,-0.072934
08:54:04.900,0.243729
08:54:05.000,0.127118
08:54:05.100,0.106741
08:54:05.200,-0.075032
08:54:05.300,0.084953
08:54:05.400,-0.044164
08:54:05.500,0.203765
08:54:05.600,0.145549
08:54:05.700,0.110319
08:54:05.800,0.098132
08:54:05.900,-0.010534
08:54:06.000,0.058461
08:54:06.100,0.18496
08:54:06.200,0.055999
08:54:06.300,-0.100887
08:54:06.400,0.150594
08:54:06.500,-0.081531
08:54:06.600,-0.003547
08:54:06.700,-0.056841
08:54:06.800,-0.313078
08:54:06.900,0.021033
08:54:07.000,0.260733
08:54:07.100,0.038398
08:54:07.200,0.355596
08:54:07.300,-0.018386
08:54:07.400,0.026574
08:54:07.500,-0.012508
08:54:07.600,0.00724
08:54:07.700,0.0444
08:54:07.800,0.181236
08:54:07.900,-0.100662
08:54:08.000,0.001046
08:54:08.100,0.073889
08:54:08.200,0.15361
08:54:08.300,-0.258934
08:54:08.400,-0.167805
08:54:08.500,0.004874
08:54:08.600,0.134316
08:54:08.700,-0.057679
08:54:08.800,0.080276
08:54:08.900,0.237344
08:54:09.000,0.001242
08:54:09.100,-0.027379
08:54:09.200,0.056623
08:54:09.300,0.021603
08:54:09.400,0.03063
08:54:09.500,-0.021703
08:54:09.600,-0.030856
08:54:09.700,-0.120532
08:54:09.800,0.073595
08:54:09.900,-0.12477
08:54:10.000,-0.098056
08:54:10.100,-0.143743
08:54:10.200,-0.039138
08:54:10.300,0.003112
08:54:10.400,-0.131964
08:54:10.500,-0.031959
08:54:10.600,0.019408
08:54:10.700,-0.188318
08:54:10.800,-0.091134
08:54:10.900,0.216558
08:54:11.000,-0.085035
08:54:11.100,0.085011
08:54:11.200,-0.0609
08:54:11.300,0.024013
08:54:11.400,-0.095676
08:54:11.500,-0.22821
08:54:11.600,-0.052919
08:54:11.700,0.05302
08:54:11.800,0.081393
08:54:11.900,0.017164
08:54:12.000,-0.093287
08:54:12.100,0.11043
08:54:12.200,-0.086636
08:54:12.300,-0.079286
08:54:12.400,-0.117628
08:54:12.500,-0.050765
08:54:12.600,-0.03547
08:54:12.700,0.035198
08:54:12.800,-0.162348
08:54:12.900,-0.055243
08:54:13.000,-0.09607
08:54:13.100,0.051308
08:54:13.200,0.036305
08:54:13.300,-0.12354
08:54:13.400,0.059069
08:54:13.500,-0.006283
08:54:13.600,0.095181
08:54:13.700,-0.077536
08:54:13.800,0.070853
08:54:13.900,0.103798
08:54:14.000,0.008271
08:54:14.100,0.251741
08:54:14.200,0.058977
08:54:14.300,0.211537
08:54:14.400,0.302622
08:54:14.500,-0.200747
08:54:14.600,0.138198
08:54:14.700,0.061961
08:54:14.800,0.029209
08:54:14.900,-0.079303
08:54:15.000,-0.106957
08:54:15.100,-0.126376
08:54:15.200,0.266796
08:54:15.300,0.058486
08:54:15.400,-0.163101
08:54:15.500,-0.126314
08:54:15.600,-0.243014
08:54:15.700,0.142927
08:54:15.800,0.005434
08:54:15.900,0.061101
08:54:16.000,0.000292
08:54:16.100,0.113736
08:54:16.200,-0.047622
08:54:16.300,0.035453
08:54:16.400,0.032886
08:54:16.500,-0.139236
08:54:16.600,-0.086764
08:54:16.700,-0.036348
08:54:16.800,0.03852
08:54:16.900,0.166611
08:54:17.000,0.013888
08:54:17.100,-0.010526
08:54:17.200,0.037197
08:54:17.300,-0.018848
08:54:17.400,-0.002724
08:54:17.500,0.181909
08:54:17.600,-0.026768
08:54:17.700,0.031433
08:54:17.800,-0.077395
08:54:17.900,0.151301
08:54:18.000,-0.109368
08:54:18.100,-0.008626
08:54:18.200,0.1179
08:54:18.300,-0.103918
08:54:18.400,0.104146
08:54:18.500,-0.24589
08:54:18.600,-0.131032
08:54:18.700,-0.011303
08:54:18.800,0.289157
08:54:18.900,0.017456
08:54:19.000,0.020012
08:54:19.100,0.137727
08:54:19.200,-0.130362
08:54:19.300,-0.363999
08:54:19.400,0.208062
08:54:19.500,0.072559
08:54:19.600,-0.053433
08:54:19.700,0.006883
08:54:19.800,0.126256
08:54:19.900,-0.015512
08:54:20.000,0.017386
08:54:20.100,0.24424
08:54:20.200,-0.149226
08:54:20.300,0.062065
08:54:20.400,-0.146642
08:54:20.500,0.187586
08:54:20.600,0.035173
08:54:20.700,-0.082419
08:54:20.800,-0.180069
08:54:20.900,-0.042023
08:54:21.000,0.022275
08:54:21.100,0.139012
08:54:21.200,-0.131233
08:54:21.300,-0.098955
08:54:21.400,-0.059645
08:54:21.500,-0.093022
08:54:21.600,-0.061746
08:54:21.700,-0.113421
08:54:21.800,0.050057
08:54:21.900,-0.057953
08:54:22.000,0.001297
08:54:22.100,0.036517
08:54:22.200,-0.165529
08:54:22.300,0.071235
08:54:22.400,0.025134
08:54:22.500,0.025258
08:54:22.600,-0.015997
08:54:22.700,-0.032349
08:54:22.800,0.006457
08:54:22.900,0.011484
08:54:23.000,-0.141622
08:54:23.100,0.189036
08:54:23.200,-0.083491
08:54:23.300,0.008005
08:54:23.400,0.139824
08:54:23.500,-0.041013
08:54:23.600,0.028437
08:54:23.700,-0.262948
08:54:23.800,-0.237817
08:54:23.900,-0.00307
08:54:24.000,0.022736
08:54:24.100,0.132735
08:54:24.200,0.096139
08:54:24.300,-0.191046
08:54:24.400,0.152192
08:54:24.500,-0.142868
08:54:24.600,0.103534
08:54:24.700,-0.054205
08:54:24.800,0.325896
08:54:24.900,-0.070842
08:54:25.000,-0.008884
08:54:25.100,0.018996
08:54:25.200,-0.029102
08:54:25.300,-0.11966
08:54:25.400,0.264492
08:54:25.500,-0.07328
08:54:25.600,-0.077579
08:54:25.700,-0.013128
08:54:25.800,0.02319
08:54:25.900,-0.082183
08:54:26.000,0.114419
08:54:26.100,0.018327
08:54:26.200,0.002412
08:54:26.300,0.066972
08:54:26.400,-0.101832
08:54:26.500,-0.070204
08:54:26.600,-0.002646
08:54:26.700,0.111591
08:54:26.800,-0.029266
08:54:26.900,-0.038052
08:54:27.000,-0.253009
08:54:27.100,-0.083222
08:54:27.200,-0.198065
08:54:27.300,-0.168176
08:54:27.400,0.043892
08:54:27.500,0.398263
08:54:27.600,0.023308
08:54:27.700,0.039931
08:54:27.800,-0.091261
08:54:27.900,-0.125808
08:54:28.000,0.246737
08:54:28.100,-0.096644
08:54:28.200,-0.239986
08:54:28.300,0.029467
08:54:28.400,-0.051572
08:54:28.500,0.071502
08:54:28.600,0.188115
08:54:28.700,0.04428
08:54:28.800,0.02723
08:54:28.900,0.079154
08:54:29.000,0.324564
08:54:29.100,0.273421
08:54:29.200,-0.037915
08:54:29.300,0.113976
08:54:29.400,0.21433
08:54:29.500,0.083212
08:54:29.600,-0.00796
08:54:29.700,-0.05974
08:54:29.800,0.011835
08:54:29.900,-0.136779
08:54:30.000,0.10744
08:54:30.100,0.166911
08:54:30.200,-0.047634
08:54:30.300,-0.054064
08:54:30.400,-0.126736
08:54:30.500,0.056033
08:54:30.600,-0.001305
08:54:30.700,-0.173207
08:54:30.800,0.34979
08:54:30.900,-0.213396
08:54:31.000,-0.172775
08:54:31.100,0.112743
08:54:31.200,0.078852
08:54:31.300,-0.085716
08:54:31.400,-0.093447
08:54:31.500,0.054946
08:54:31.600,0.045375
08:54:31.700,-0.084468
08:54:31.800,0.119264
08:54:31.900,0.068623
08:54:32.000,0.160378
08:54:32.100,-0.005979
08:54:32.200,0.097223
08:54:32.300,-0.027393
08:54:32.400,0.06493
08:54:32.500,0.042939
08:54:32.600,0.101772
08:54:32.700,0.06234
08:54:32.800,-0.226662
08:54:32.900,-0.075184
08:54:33.000,0.009981
08:54:33.100,0.055965
08:54:33.200,0.098983
08:54:33.300,0.065842
08:54:33.400,-0.084563
08:54:33.500,0.110174
08:54:33.600,-0.097085
08:54:33.700,0.151591
08:54:33.800,0.159596
08:54:33.900,-0.001212
08:54:34.000,-0.077763
08:54:34.100,-0.083526
08:54:34.200,-0.131279
08:54:34.300,-0.110715
08:54:34.400,-0.021655
08:54:34.500,-0.067131
08:54:34.600,-0.193189
08:54:34.700,-0.058028
08:54:34.800,0.011147
08:54:34.900,-0.040693
08:54:35.000,-0.10739
08:54:35.100,-0.286943
08:54:35.200,0.137453
08:54:35.300,-0.004754
08:54:35.400,0.038484
08:54:35.500,0.021698
08:54:35.600,0.059684
08:54:35.700,0.02887
08:54:35.800,0.011833
08:54:35.900,0.091595
08:54:36.000,0.117346
08:54:36.100,0.165996
08:54:36.200,-0.09983
08:54:36.300,0.029932
08:54:36.400,-0.192645
08:54:36.500,-0.057769
08:54:36.600,-0.023638
08:54:36.700,0.088909
08:54:36.800,-0.014135
08:54:36.900,0.080737
08:54:37.000,-0.041412
08:54:37.100,-0.069324
08:54:37.200,-0.096258
08:54:37.300,0.082887
08:54:37.400,-0.045407
08:54:37.500,-0.291179
08:54:37.600,0.076289
08:54:37.700,-0.111512
08:54:37.800,0.023183
08:54:37.900,-0.135493
08:54:38.000,0.001768
08:54:38.100,-0.344449
08:54:38.200,-0.004042
08:54:38.300,-0.10502
08:54:38.400,-0.152128
08:54:38.500,0.091702
08:54:38.600,-0.014241
08:54:38.700,-0.029293
08:54:38.800,-0.086917
08:54:38.900,0.107348
08:54:39.000,-0.052168
08:54:39.100,0.178529
08:54:39.200,0.147548
08:54:39.300,0.171036
08:54:39.400,0.116162
08:54:39.500,-0.072752
08:54:39.600,0.006294
08:54:39.700,-0.024368
08:54:39.800,0.10058
08:54:39.900,-0.001272
08:54:40.000,-0.029189
08:54:40.100,0.198963
08:54:40.200,-0.039291
08:54:40.300,-0.074933
08:54:40.400,-0.048234
08:54:40.500,0.128548
08:54:40.600,0.022534
08:54:40.700,0.055015
08:54:40.800,0.02832
08:54:40.900,-0.263148
08:54:41.000,-0.128257
08:54:41.100,-0.033452
08:54:41.200,0.03777
08:54:41.300,-0.118117
08:54:41.400,-0.121817
08:54:41.500,-0.037476
08:54:41.600,0.159154
08:54:41.700,-0.258344
08:54:41.800,-0.318186
08:54:41.900,0.208241
08:54:42.000,-0.183646
08:54:42.100,-0.048639
08:54:42.200,-0.180091
08:54:42.300,-0.036308
08:54:42.400,-0.016335
08:54:42.500,0.19328
08:54:42.600,0.086481
08:54:42.700,-0.153975
08:54:42.800,-0.228957
08:54:42.900,0.059962
08:54:43.000,-0.062353
08:54:43.100,-0.086772
08:54:43.200,0.142174
08:54:43.300,-0.210773
08:54:43.400,-0.043958
08:54:43.500,0.075693
08:54:43.600,-0.141637
08:54:43.700,0.155773
08:54:43.800,-0.121399
08:54:43.900,-0.00845
08:54:44.000,-0.083197
08:54:44.100,-0.328813
08:54:44.200,-0.05047
08:54:44.300,0.095073
08:54:44.400,-0.124144
08:54:44.500,-0.075385
08:54:44.600,-0.061975
08:54:44.700,0.064328
08:54:44.800,-0.04317
08:54:44.900,0.00278
08:54:45.000,0.004348
08:54:45.100,-0.062812
08:54:45.200,0.202755
08:54:45.300,-0.123035
08:54:45.400,0.084356
08:54:45.500,0.153096
08:54:45.600,-0.016596
08:54:45.700,0.007301
08:54:45.800,0.063644
08:54:45.900,-0.044551
08:54:46.000,-0.227531
08:54:46.100,-0.029925
08:54:46.200,0.197496
08:54:46.300,0.068262
08:54:46.400,0.009257
08:54:46.500,0.09075
08:54:46.600,-0.017327
08:54:46.700,0.003537
08:54:46.800,-0.051747
08:54:46.900,0.057301
08:54:47.000,-0.064336
08:54:47.100,-0.037834
08:54:47.200,0.105477
08:54:47.300,-0.023317
08:54:47.400,0.067831
08:54:47.500,0.077753
08:54:47.600,-0.009205
08:54:47.700,-0.041942
08:54:47.800,-0.158371
08:54:47.900,-0.131567
08:54:48.000,0.073093
08:54:48.100,0.070874
08:54:48.200,-0.118783
08:54:48.300,0.047569
08:54:48.400,0.025961
08:54:48.500,0.112261
08:54:48.600,0.259859
08:54:48.700,0.068979
08:54:48.800,-0.082895
08:54:48.900,0.089207
08:54:49.000,-0.125033
08:54:49.100,0.266567
08:54:49.200,-0.147167
08:54:49.300,0.052622
08:54:49.400,0.000224
08:54:49.500,-0.049642
08:54:49.600,-0.057192
08:54:49.700,0.163416
08:54:49.800,0.067974
08:54:49.900,-0.018282
08:54:50.000,0.207864
08:54:50.100,-0.014242
08:54:50.200,0.088185
08:54:50.300,-0.160848
08:54:50.400,-0.154437
08:54:50.500,0.08517
08:54:50.600,0.036967
08:54:50.700,0.257608
08:54:50.800,-0.084638
08:54:50.900,0.081086
08:54:51.000,-0.029489
08:54:51.100,0.101787
08:54:51.200,0.092256
08:54:51.300,-0.003303
08:54:51.400,-0.088864
08:54:51.500,-0.040706
08:54:51.600,-0.133534
08:54:51.700,0.043775
08:54:51.800,-0.337066
08:54:51.900,-0.069734
08:54:52.000,0.108492
08:54:52.100,0.105622
08:54:52.200,-0.193451
08:54:52.300,0.069948
08:54:52.400,-0.136942
08:54:52.500,-0.045398
08:54:52.600,0.091915
08:54:52.700,-0.117017
08:54:52.800,0.171232
08:54:52.900,0.030829
08:54:53.000,0.055525
08:54:53.100,0.129267
08:54:53.200,0.106857
08:54:53.300,0.096387
08:54:53.400,-0.078928
08:54:53.500,-0.133311
08:54:53.600,-0.033874
08:54:53.700,0.056929
08:54:53.800,-0.154271
08:54:53.900,0.069943
08:54:54.000,0.044936
08:54:54.100,-0.021817
08:54:54.200,0.007383
08:54:54.300,0.007813
08:54:54.400,0.052994
08:54:54.500,0.08957
08:54:54.600,0.344572
08:54:54.700,0.02029
08:54:54.800,-0.077293
08:54:54.900,-0.228742
08:54:55.000,-0.168956
08:54:55.100,-0.090884
08:54:55.200,0.082733
08:54:55.300,-0.047385
08:54:55.400,0.048807
08:54:55.500,-0.087846
08:54:55.600,0.054653
08:54:55.700,0.10469
08:54:55.800,-0.048265
08:54:55.900,0.052198
08:54:56.000,-0.052849
08:54:56.100,-0.147825
08:54:56.200,0.066443
08:54:56.300,0.04953
08:54:56.400,0.071215
08:54:56.500,0.114664
08:54:56.600,-0.029857
08:54:56.700,-0.021018
08:54:56.800,-0.034186
08:54:56.900,0.041435
08:54:57.000,-0.01665
08:54:57.100,0.01511
08:54:57.200,-0.086477
08:54:57.300,-0.123311
08:54:57.400,-0.109047
08:54:57.500,0.049991
08:54:57.600,-0.005143
08:54:57.700,-0.059225
08:54:57.800,0.079601
08:54:57.900,0.174939
08:54:58.000,-0.059373
08:54:58.100,-0.130079
08:54:58.200,0.113415
08:54:58.300,0.001851
08:54:58.400,-0.022005
08:54:58.500,0.12213
08:54:58.600,-0.031506
08:54:58.700,0.047647
08:54:58.800,0.019232
08:54:58.900,0.38934
08:54:59.000,-0.016115
08:54:59.100,0.112418
08:54:59.200,-0.030079
08:54:59.300,0.054005
08:54:59.400,-0.023518
08:54:59.500,0.095448
08:54:59.600,-0.011481
08:54:59.700,0.06042
08:54:59.800,-0.090719
08:54:59.900,-0.095597
08:55:00.000,-0.225849
08:55:00.100,0.043896
08:55:00.200,-0.077879
08:55:00.300,0.26346
08:55:00.400,-0.056679
08:55:00.500,0.149568
08:55:00.600,0.137324
08:55:00.700,-0.029521
08:55:00.800,-0.088408
08:55:00.900,-0.016163
08:55:01.000,0.136188
08:55:01.100,0.274258
08:55:01.200,-0.14818
08:55:01.300,0.001713
08:55:01.400,-0.072543
08:55:01.500,-0.043406
08:55:01.600,0.204824
08:55:01.700,-0.092349
08:55:01.800,-0.192888
08:55:01.900,0.024243
08:55:02.000,0.04555
08:55:02.100,-0.050529
08:55:02.200,-0.081763
08:55:02.300,0.019241
08:55:02.400,-0.161988
08:55:02.500,0.050612
08:55:02.600,-0.041726
08:55:02.700,0.166441
08:55:02.800,0.03821
08:55:02.900,-0.018416
08:55:03.000,-0.027564
08:55:03.100,-0.232046
08:55:03.200,-0.014893
08:55:03.300,-0.02439
08:55:03.400,0.00617
08:55:03.500,-0.022836
08:55:03.600,0.171397
08:55:03.700,-0.032271
08:55:03.800,-0.101269
08:55:03.900,-0.199766
08:55:04.000,-0.05351
08:55:04.100,-0.125644
08:55:04.200,-0.155751
08:55:04.300,-0.03741
08:55:04.400,0.136594
08:55:04.500,0.112203
08:55:04.600,-0.153839
08:55:04.700,0.004403
08:55:04.800,0.050777
08:55:04.900,0.070163
08:55:05.000,0.19244
08:55:05.100,-0.140361
08:55:05.200,-0.106299
08:55:05.300,-0.079513
08:55:05.400,0.043963
08:55:05.500,-0.326622
08:55:05.600,-0.02744
08:55:05.700,-0.213887
08:55:05.800,-0.000279
08:55:05.900,0.248409
08:55:06.000,0.10812
08:55:06.100,-0.147148
08:55:06.200,-0.050236
08:55:06.300,-0.106774
08:55:06.400,0.155349
08:55:06.500,-0.264217
08:55:06.600,-0.052708
08:55:06.700,-0.083587
08:55:06.800,-0.140785
08:55:06.900,0.199024
08:55:07.000,-0.187941
08:55:07.100,-0.143314
08:55:07.200,0.191464
08:55:07.300,-0.011951
08:55:07.400,-0.021061
08:55:07.500,-0.075041
08:55:07.600,-0.000262
08:55:07.700,-0.051499
08:55:07.800,-0.088154
08:55:07.900,-0.16817
08:55:08.000,0.00483
08:55:08.100,-0.071646
08:55:08.200,-0.056295
08:55:08.300,0.07916
08:55:08.400,-0.060686
08:55:08.500,-0.013188
08:55:08.600,0.200843
08:55:08.700,0.046037
08:55:08.800,-0.064771
08:55:08.900,-0.131658
08:55:09.000,-0.015915
08:55:09.100,0.094526
08:55:09.200,-0.070813
08:55:09.300,-0.005197
08:55:09.400,-0.07387
08:55:09.500,-0.048928
08:55:09.600,-0.153285
08:55:09.700,0.025247
08:55:09.800,0.010043
08:55:09.900,0.169685
08:55:10.000,0.005201
08:55:10.100,-0.093364
08:55:10.200,0.166422
08:55:10.300,0.035859
08:55:10.400,0.014821
08:55:10.500,-0.009612
08:55:10.600,0.010203
08:55:10.700,-0.111818
08:55:10.800,-0.018358
08:55:10.900,-0.034865
08:55:11.000,0.034256
08:55:11.100,0.125432
08:55:11.200,0.107377
08:55:11.300,0.052802
08:55:11.400,-0.215365
08:55:11.500,-0.060725
08:55:11.600,-0.227187
08:55:11.700,0.121315
08:55:11.800,-0.022993
08:55:11.900,-0.026202
08:55:12.000,-0.090821
08:55:12.100,0.143151
08:55:12.200,0.003671
08:55:12.300,-0.022248
08:55:12.400,0.00651
08:55:12.500,0.015721
08:55:12.600,-0.024684
08:55:12.700,0.142993
08:55:12.800,0.141761
08:55:12.900,0.002754
08:55:13.000,-0.101838
08:55:13.100,0.030725
08:55:13.200,-0.079931
08:55:13.300,0.162743
08:55:13.400,0.180003
08:55:13.500,0.077981
08:55:13.600,-0.147719
08:55:13.700,-0.064347
08:55:13.800,-0.03247
08:55:13.900,-0.109281
08:55:14.000,-0.04474
08:55:14.100,0.019549
08:55:14.200,0.054909
08:55:14.300,0.146202
08:55:14.400,-0.010913
08:55:14.500,-0.044311
08:55:14.600,-0.162858
08:55:14.700,0.033408
08:55:14.800,-0.062583
08:55:14.900,-0.033246
08:55:15.000,-0.076085
08:55:15.100,-0.072689
08:55:15.200,0.077982
08:55:15.300,-0.01496
08:55:15.400,0.17932
08:55:15.500,-0.142278
08:55:15.600,0.14195
08:55:15.700,-0.067271
08:55:15.800,-0.014725
08:55:15.900,0.051242
08:55:16.000,0.1151
08:55:16.100,0.119829
08:55:16.200,0.117501
08:55:16.300,-0.033015
08:55:16.400,0.209489
08:55:16.500,0.065766
08:55:16.600,-0.361142
08:55:16.700,-0.000903
08:55:16.800,-0.050592
08:55:16.900,-0.042435
08:55:17.000,0.071554
08:55:17.100,0.032012
08:55:17.200,-0.085961
08:55:17.300,0.175563
08:55:17.400,-0.159012
08:55:17.500,-0.167117
08:55:17.600,-0.135128
08:55:17.700,0.048515
08:55:17.800,0.039287
08:55:17.900,-0.102281
08:55:18.000,-0.076222
08:55:18.100,-0.005291
08:55:18.200,-0.13302
08:55:18.300,0.091038
08:55:18.400,0.183153
08:55:18.500,-0.026102
08:55:18.600,0.03681
08:55:18.700,0.008233
08:55:18.800,0.159315
08:55:18.900,0.228129
08:55:19.000,-0.04769
08:55:19.100,-0.000892
08:55:19.200,0.098215
08:55:19.300,0.036628
08:55:19.400,-0.114173
08:55:19.500,-0.221849
08:55:19.600,-0.076431
08:55:19.700,0.034589
08:55:19.800,-0.052042
08:55:19.900,-0.131323
08:55:20.000,-0.074386
08:55:20.100,0.214943
08:55:20.200,-0.140173
08:55:20.300,-0.04252
08:55:20.400,-0.066682
08:55:20.500,0.229998
08:55:20.600,-0.181442
08:55:20.700,-0.098975
08:55:20.800,0.003032
08:55:20.900,0.015556
08:55:21.000,0.129996
08:55:21.100,0.1176
08:55:21.200,-0.089066
08:55:21.300,0.033034
08:55:21.400,-0.025353
08:55:21.500,-0.059505
08:55:21.600,0.117363
08:55:21.700,0.025956
08:55:21.800,0.18677
08:55:21.900,0.052549
08:55:22.000,0.1067
08:55:22.100,-0.330264
08:55:22.200,0.006298
08:55:22.300,0.047514
08:55:22.400,0.058595
08:55:22.500,0.181276
08:55:22.600,0.070077
08:55:22.700,-0.149556
08:55:22.800,0.06064
08:55:22.900,0.096511
08:55:23.000,-0.07712
08:55:23.100,-0.053271
08:55:23.200,0.09064
08:55:23.300,-0.003313
08:55:23.400,0.127695
08:55:23.500,0.018793
08:55:23.600,-0.265308
08:55:23.700,0.003647
08:55:23.800,-0.051004
08:55:23.900,0.070698
08:55:24.000,0.047637
08:55:24.100,-0.116225
08:55:24.200,0.0207
08:55:24.300,0.06123
08:55:24.400,0.050208
08:55:24.500,0.114174
08:55:24.600,-0.12575
08:55:24.700,-0.021795
08:55:24.800,-0.270416
08:55:24.900,0.138544
08:55:25.000,0.011591
08:55:25.100,-0.013414
08:55:25.200,-0.015367
08:55:25.300,0.057629
08:55:25.400,0.124881
08:55:25.500,-0.034942
08:55:25.600,0.04914
08:55:25.700,0.047743
08:55:25.800,-0.263816
08:55:25.900,-0.084961
08:55:26.000,0.05226
08:55:26.100,0.148062
08:55:26.200,0.163089
08:55:26.300,-0.14696
08:55:26.400,0.11993
08:55:26.500,0.123979
08:55:26.600,0.049528
08:55:26.700,-0.242381
08:55:26.800,-0.064456
08:55:26.900,0.012998
08:55:27.000,-0.028311
08:55:27.100,-0.260232
08:55:27.200,-0.031354
08:55:27.300,-0.11168
08:55:27.400,0.0709
08:55:27.500,0.057592
08:55:27.600,0.06277
08:55:27.700,-0.044325
08:55:27.800,0.002434
08:55:27.900,-0.010069
08:55:28.000,0.109636
08:55:28.100,-0.063999
08:55:28.200,-0.090863
08:55:28.300,0.115384
08:55:28.400,0.098504
08:55:28.500,0.055912
08:55:28.600,0.189522
08:55:28.700,0.250609
08:55:28.800,0.147678
08:55:28.900,-0.089681
08:55:29.000,0.099732
08:55:29.100,0.013228
08:55:29.200,-0.067476
08:55:29.300,-0.088935
08:55:29.400,0.032313
08:55:29.500,0.098021
08:55:29.600,0.165519
08:55:29.700,0.080894
08:55:29.800,0.068872
08:55:29.900,-0.024704
08:55:30.000,0.025983
08:55:30.100,-0.179387
08:55:30.200,0.06783
08:55:30.300,0.051806
08:55:30.400,0.229706
08:55:30.500,-0.004764
08:55:30.600,0.142953
08:55:30.700,-0.056925
08:55:30.800,0.203644
08:55:30.900,0.173938
08:55:31.000,0.135833
08:55:31.100,0.007227
08:55:31.200,-0.026668
08:55:31.300,-0.044517
08:55:31.400,-0.116727
08:55:31.500,0.056117
08:55:31.600,-0.029804
08:55:31.700,0.045922
08:55:31.800,0.02038
08:55:31.900,-0.12885
08:55:32.000,0.127354
08:55:32.100,0.011531
08:55:32.200,0.103464
08:55:32.300,-0.139846
08:55:32.400,-0.09167
08:55:32.500,-0.047084
08:55:32.600,0.029149
08:55:32.700,-0.012428
08:55:32.800,0.163722
08:55:32.900,0.124154
08:55:33.000,-0.087711
08:55:33.100,0.353552
08:55:33.200,-0.010179
08:55:33.300,0.154947
08:55:33.400,-0.034148
08:55:33.500,0.074967
08:55:33.600,0.113987
08:55:33.700,-0.180514
08:55:33.800,0.20963
08:55:33.900,-0.093757
08:55:34.000,-0.041892
08:55:34.100,-0.072621
08:55:34.200,-0.068067
08:55:34.300,-0.062414
08:55:34.400,-0.143278
08:55:34.500,0.091349
08:55:34.600,0.01383
08:55:34.700,-0.016595
08:55:34.800,0.121931
08:55:34.900,0.211971
08:55:35.000,-0.187206
08:55:35.100,0.194827
08:55:35.200,-0.00278
08:55:35.300,-0.162112
08:55:35.400,0.049525
08:55:35.500,-0.01403
08:55:35.600,0.103265
08:55:35.700,0.017447
08:55:35.800,0.042816
08:55:35.900,-0.052226
08:55:36.000,-0.123412
08:55:36.100,0.089011
08:55:36.200,-0.062995
08:55:36.300,0.048286
08:55:36.400,0.178302
08:55:36.500,-0.019175
08:55:36.600,0.08401
08:55:36.700,-0.003671
08:55:36.800,-0.043758
08:55:36.900,-0.187482
08:55:37.000,-0.004728
08:55:37.100,-0.019708
08:55:37.200,-0.104496
08:55:37.300,-0.24421
08:55:37.400,-0.200419
08:55:37.500,0.21423
08:55:37.600,0.004537
08:55:37.700,-0.172346
08:55:37.800,-0.072254
08:55:37.900,0.001217
08:55:38.000,0.053861
08:55:38.100,-0.027987
08:55:38.200,0.242546
08:55:38.300,0.248203
08:55:38.400,0.045958
08:55:38.500,-0.043949
08:55:38.600,0.045911
08:55:38.700,-0.159468
08:55:38.800,0.119937
08:55:38.900,0.020607
08:55:39.000,-0.144842
08:55:39.100,-0.070112
08:55:39.200,0.068815
08:55:39.300,-0.199823
08:55:39.400,-0.107222
08:55:39.500,-0.055904
08:55:39.600,0.117026
08:55:39.700,0.205724
08:55:39.800,0.045448
08:55:39.900,-0.379223
08:55:40.000,-0.134012
08:55:40.100,0.419477
08:55:40.200,0.018889
08:55:40.300,-0.312768
08:55:40.400,0.284733
08:55:40.500,-0.160321
08:55:40.600,0.068817
08:55:40.700,-0.137555
08:55:40.800,0.264261
08:55:40.900,-0.170027
08:55:41.000,-0.070237
08:55:41.100,0.125879
08:55:41.200,-0.066375
08:55:41.300,0.058362
08:55:41.400,0.099684
08:55:41.500,0.021255
08:55:41.600,-0.13333
08:55:41.700,-0.094441
08:55:41.800,-0.046011
08:55:41.900,0.070483
08:55:42.000,0.097404
08:55:42.100,0.024614
08:55:42.200,0.08426
08:55:42.300,-0.190997
08:55:42.400,0.035724
08:55:42.500,-0.007786
08:55:42.600,0.059427
08:55:42.700,0.090273
08:55:42.800,-0.126132
08:55:42.900,-0.0132
08:55:43.000,0.160137
08:55:43.100,0.036475
08:55:43.200,-0.01203
08:55:43.300,-0.146144
08:55:43.400,0.06514
08:55:43.500,-0.166831
08:55:43.600,-0.021408
08:55:43.700,-0.058947
08:55:43.800,0.047212
08:55:43.900,-0.071843
08:55:44.000,-0.039415
08:55:44.100,-0.109285
08:55:44.200,-0.029812
08:55:44.300,0.025768
08:55:44.400,-0.041686
08:55:44.500,-0.037622
08:55:44.600,0.019744
08:55:44.700,0.120132
08:55:44.800,0.089353
08:55:44.900,-0.155254
08:55:45.000,0.092087
08:55:45.100,0.164142
08:55:45.200,0.084683
08:55:45.300,-0.289621
08:55:45.400,0.031771
08:55:45.500,0.166018
08:55:45.600,-0.053834
08:55:45.700,0.348018
08:55:45.800,-0.261632
08:55:45.900,0.017538
08:55:46.000,0.086807
08:55:46.100,0.02065
08:55:46.200,0.01848
08:55:46.300,-0.124816
08:55:46.400,-0.069038
08:55:46.500,0.06884
08:55:46.600,-0.253649
08:55:46.700,0.108638
08:55:46.800,-0.013686
08:55:46.900,0.066273
08:55:47.000,0.101566
08:55:47.100,0.447631
08:55:47.200,0.167846
08:55:47.300,-0.144209
08:55:47.400,0.259406
08:55:47.500,-0.3256
08:55:47.600,-0.053249
08:55:47.700,0.020832
08:55:47.800,-0.03888
08:55:47.900,0.033811
08:55:48.000,-0.02025
08:55:48.100,0.15417
08:55:48.200,-0.05787
08:55:48.300,-0.013877
08:55:48.400,0.21258
08:55:48.500,0.116175
08:55:48.600,-0.020386
08:55:48.700,0.056678
08:55:48.800,0.224718
08:55:48.900,-0.166149
08:55:49.000,-0.130497
08:55:49.100,-0.068953
08:55:49.200,0.026063
08:55:49.300,0.116206
08:55:49.400,-0.091784
08:55:49.500,-0.112997
08:55:49.600,-0.157398
08:55:49.700,-0.113072
08:55:49.800,-0.07869
08:55:49.900,-0.259615
08:55:50.000,-0.067359
08:55:50.100,-0.125942
08:55:50.200,-0.019667
08:55:50.300,0.203768
08:55:50.400,-0.191214
08:55:50.500,0.121672
08:55:50.600,0.200123
08:55:50.700,0.115784
08:55:50.800,0.041088
08:55:50.900,0.157678
08:55:51.000,0.075948
08:55:51.100,0.133283
08:55:51.200,0.014241
08:55:51.300,-0.127238
08:55:51.400,0.13965
08:55:51.500,0.313155
08:55:51.600,-0.04085
08:55:51.700,0.00271
08:55:51.800,0.01344
08:55:51.900,-0.176283
08:55:52.000,-0.101792
08:55:52.100,0.036543
08:55:52.200,-0.011266
08:55:52.300,0.002006
08:55:52.400,0.003182
08:55:52.500,-0.013946
08:55:52.600,-0.091887
08:55:52.700,0.052191
08:55:52.800,0.039422
08:55:52.900,-0.105631
08:55:53.000,0.049768
08:55:53.100,-0.074813
08:55:53.200,0.078371
08:55:53.300,-0.00518
08:55:53.400,0.047304
08:55:53.500,0.021122
08:55:53.600,-0.006759
08:55:53.700,0.039248
08:55:53.800,0.101054
08:55:53.900,0.01446
08:55:54.000,0.012512
08:55:54.100,-0.042465
08:55:54.200,-0.218242
08:55:54.300,0.00405
08:55:54.400,-0.151959
08:55:54.500,-0.067914
08:55:54.600,-0.103922
08:55:54.700,-0.086109
08:55:54.800,-0.078622
08:55:54.900,0.058264
08:55:55.000,0.03993
08:55:55.100,0.013315
08:55:55.200,0.145134
08:55:55.300,0.367019
08:55:55.400,0.060894
08:55:55.500,0.108967
08:55:55.600,0.03364
08:55:55.700,0.077753
08:55:55.800,-0.194922
08:55:55.900,-0.324552
08:55:56.000,-0.253682
08:55:56.100,-0.074951
08:55:56.200,0.164024
08:55:56.300,0.030643
08:55:56.400,-0.046879
08:55:56.500,0.068333
08:55:56.600,0.042374
08:55:56.700,-0.162618
08:55:56.800,0.056267
08:55:56.900,0.09988
08:55:57.000,0.252098
08:55:57.100,-0.009545
08:55:57.200,0.203252
08:55:57.300,-0.048575
08:55:57.400,0.279176
08:55:57.500,-0.071399
08:55:57.600,0.077119
08:55:57.700,0.034396
08:55:57.800,0.178774
08:55:57.900,0.162578
08:55:58.000,-0.125094
08:55:58.100,-0.040349
08:55:58.200,0.25516
08:55:58.300,0.011891
08:55:58.400,0.097672
08:55:58.500,-0.128442
08:55:58.600,-0.029508
08:55:58.700,-0.085043
08:55:58.800,0.111119
08:55:58.900,0.088512
08:55:59.000,0.146833
08:55:59.100,-0.130233
08:55:59.200,0.06584
08:55:59.300,0.002422
08:55:59.400,-0.293362
08:55:59.500,0.055583
08:55:59.600,0.155041
08:55:59.700,0.188489
08:55:59.800,-0.004242
08:55:59.900,0.099546
08:56:00.000,0.065445
08:56:00.100,-0.091216
08:56:00.200,-0.1076
08:56:00.300,-0.005745
08:56:00.400,-0.028291
08:56:00.500,0.010586
08:56:00.600,-0.050128
08:56:00.700,0.025496
08:56:00.800,-0.127967
08:56:00.900,0.182824
08:56:01.000,-0.218389
08:56:01.100,-0.009724
08:56:01.200,-0.024431
08:56:01.300,-0.016255
08:56:01.400,-0.101275
08:56:01.500,-0.181327
08:56:01.600,0.028842
08:56:01.700,-0.024587
08:56:01.800,0.046139
08:56:01.900,-0.197997
08:56:02.000,0.205989
08:56:02.100,-0.009582
08:56:02.200,-0.365
08:56:02.300,0.022653
08:56:02.400,-0.05663
08:56:02.500,-0.135986
08:56:02.600,0.147843
08:56:02.700,0.111566
08:56:02.800,0.041012
08:56:02.900,0.009242
08:56:03.000,0.060582
08:56:03.100,-0.18935
08:56:03.200,0.023002
08:56:03.300,0.148511
08:56:03.400,0.124808
08:56:03.500,-0.126071
08:56:03.600,0.022267
08:56:03.700,-0.134735
08:56:03.800,0.018846
08:56:03.900,-0.090263
08:56:04.000,-0.104401
08:56:04.100,0.042973
08:56:04.200,-0.087091
08:56:04.300,-0.095362
08:56:04.400,0.042196
08:56:04.500,-0.17778
08:56:04.600,-0.038641
08:56:04.700,-0.184445
08:56:04.800,-0.162603
08:56:04.900,0.140485
08:56:05.000,-0.049962
08:56:05.100,-0.086069
08:56:05.200,0.102113
08:56:05.300,0.193919
08:56:05.400,0.030196
08:56:05.500,0.122486
08:56:05.600,-0.066195
08:56:05.700,0.006526
08:56:05.800,0.000879
08:56:05.900,0.038862
08:56:06.000,0.115756
08:56:06.100,-0.176343
08:56:06.200,-0.106815
08:56:06.300,-0.058233
08:56:06.400,-0.116419
08:56:06.500,0.027576
08:56:06.600,0.026083
08:56:06.700,0.007033
08:56:06.800,-0.048323
08:56:06.900,0.161732
08:56:07.000,0.025994
08:56:07.100,-0.018025
08:56:07.200,0.007985
08:56:07.300,0.08932
08:56:07.400,0.025672
08:56:07.500,-0.103703
08:56:07.600,0.211541
08:56:07.700,0.055436
08:56:07.800,-0.138242
08:56:07.900,-0.217905
08:56:08.000,0.082657
08:56:08.100,0.155108
08:56:08.200,0.05424
08:56:08.300,0.073522
08:56:08.400,0.076544
08:56:08.500,0.000571
08:56:08.600,-0.201777
08:56:08.700,-0.083866
08:56:08.800,0.095348
08:56:08.900,0.070326
08:56:09.000,-0.023476
08:56:09.100,-0.065778
08:56:09.200,0.020863
08:56:09.300,-0.041176
08:56:09.400,-0.009543
08:56:09.500,0.015868
08:56:09.600,-0.093265
08:56:09.700,0.096007
08:56:09.800,-0.019764
08:56:09.900,0.05851
08:56:10.000,0.007617
08:56:10.100,0.185072
08:56:10.200,0.065149
08:56:10.300,0.048911
08:56:10.400,0.044554
08:56:10.500,0.250078
08:56:10.600,-0.005296
08:56:10.700,0.019669
08:56:10.800,0.012576
08:56:10.900,-0.235919
08:56:11.000,0.011162
08:56:11.100,0.121953
08:56:11.200,0.061774
08:56:11.300,0.181328
08:56:11.400,0.094267
08:56:11.500,0.060245
08:56:11.600,0.106661
08:56:11.700,0.043771
08:56:11.800,-0.033675
08:56:11.900,-0.015423
08:56:12.000,-0.285965
08:56:12.100,0.191408
08:56:12.200,-0.023793
08:56:12.300,-0.125215
08:56:12.400,-0.043958
08:56:12.500,0.210858
08:56:12.600,0.008621
08:56:12.700,0.030835
08:56:12.800,0.250343
08:56:12.900,0.100252
08:56:13.000,-0.034582
08:56:13.100,-0.20398
08:56:13.200,0.076682
08:56:13.300,-0.081387
08:56:13.400,0.07919
08:56:13.500,-0.005785
08:56:13.600,0.049052
08:56:13.700,0.107502
08:56:13.800,-0.207511
08:56:13.900,0.015447
08:56:14.000,-0.002183
08:56:14.100,0.034551
08:56:14.200,0.060527
08:56:14.300,0.01824
08:56:14.400,-0.077742
08:56:14.500,-0.135528
08:56:14.600,-0.190525
08:56:14.700,0.014361
08:56:14.800,0.063206
08:56:14.900,-0.041042
08:56:15.000,0.099689
08:56:15.100,-0.013737
08:56:15.200,-0.010276
08:56:15.300,-0.172587
08:56:15.400,-0.053204
08:56:15.500,0.110481
08:56:15.600,0.167706
08:56:15.700,-0.022837
08:56:15.800,0.104056
08:56:15.900,0.169732
08:56:16.000,-0.112486
08:56:16.100,0.038094
08:56:16.200,0.02284
08:56:16.300,0.129002
08:56:16.400,-0.100214
08:56:16.500,0.037885
08:56:16.600,-0.030997
08:56:16.700,0.050997
08:56:16.800,0.146567
08:56:16.900,0.177276
08:56:17.000,0.147621
08:56:17.100,-0.118831
08:56:17.200,-0.056753
08:56:17.300,0.120763
08:56:17.400,0.072579
08:56:17.500,-0.031526
08:56:17.600,-0.109975
08:56:17.700,-0.468815
08:56:17.800,-0.1913
08:56:17.900,-0.036656
08:56:18.000,-0.034834
08:56:18.100,0.049329
08:56:18.200,0.072196
08:56:18.300,0.271083
08:56:18.400,-0.092378
08:56:18.500,-0.234141
08:56:18.600,-0.111468
08:56:18.700,0.201208
08:56:18.800,0.001546
08:56:18.900,0.121485
08:56:19.000,-0.067543
08:56:19.100,-0.06017
08:56:19.200,-0.205703
08:56:19.300,-0.03969
08:56:19.400,0.001304
08:56:19.500,0.104104
08:56:19.600,0.067327
08:56:19.700,0.238451
08:56:19.800,-0.018459
08:56:19.900,0.029102
08:56:20.000,-0.001872
08:56:20.100,-0.083412
08:56:20.200,0.04916
08:56:20.300,-0.033085
08:56:20.400,0.199583
08:56:20.500,-0.094733
08:56:20.600,-0.040778
08:56:20.700,-0.14925
08:56:20.800,0.040605
08:56:20.900,-0.159302
08:56:21.000,-0.000973
08:56:21.100,-0.140274
08:56:21.200,-0.118034
08:56:21.300,-0.091791
08:56:21.400,0.08754
08:56:21.500,-0.011347
08:56:21.600,-0.014731
08:56:21.700,0.067492
08:56:21.800,-0.079209
08:56:21.900,-0.235889
08:56:22.000,-0.131871
08:56:22.100,-0.034311
08:56:22.200,-0.005874
08:56:22.300,0.06705
08:56:22.400,-0.017429
08:56:22.500,0.122031
08:56:22.600,0.043383
08:56:22.700,-0.168974
08:56:22.800,-0.305675
08:56:22.900,-0.120889
08:56:23.000,0.016541
08:56:23.100,0.044525
08:56:23.200,-0.012653
08:56:23.300,0.014428
08:56:23.400,0.158467
08:56:23.500,0.001682
08:56:23.600,0.041984
08:56:23.700,0.19158
08:56:23.800,-0.21736
08:56:23.900,0.205162
08:56:24.000,-0.307096
08:56:24.100,-0.099123
08:56:24.200,-0.067097
08:56:24.300,-0.195994
08:56:24.400,-0.019783
08:56:24.500,-0.006141
08:56:24.600,0.088804
08:56:24.700,0.084939
08:56:24.800,0.020826
08:56:24.900,0.13421
08:56:25.000,0.077391
08:56:25.100,-0.038992
08:56:25.200,0.014289
08:56:25.300,-0.076285
08:56:25.400,-0.147058
08:56:25.500,0.05135
08:56:25.600,-0.179866
08:56:25.700,-0.022494
08:56:25.800,-0.275761
08:56:25.900,0.008517
08:56:26.000,-0.087237
08:56:26.100,0.068184
08:56:26.200,-0.026697
08:56:26.300,-0.01531
08:56:26.400,0.006263
08:56:26.500,-0.073375
08:56:26.600,-0.067987
08:56:26.700,-0.067934
08:56:26.800,-0.01502
08:56:26.900,-0.066834
08:56:27.000,0.054055
08:56:27.100,-0.21237
08:56:27.200,-0.179898
08:56:27.300,0.22663
08:56:27.400,-0.052097
08:56:27.500,-0.121764
08:56:27.600,-0.00306
08:56:27.700,0.092052
08:56:27.800,0.076922
08:56:27.900,-0.089784
08:56:28.000,-0.061521
08:56:28.100,-0.040048
08:56:28.200,0.037366
08:56:28.300,0.005457
08:56:28.400,-0.110041
08:56:28.500,-0.061142
08:56:28.600,-0.031836
08:56:28.700,0.177845
08:56:28.800,-0.021283
08:56:28.900,0.397045
08:56:29.000,-0.032306
08:56:29.100,-0.201978
08:56:29.200,0.042146
08:56:29.300,0.125664
08:56:29.400,0.057011
08:56:29.500,0.023602
08:56:29.600,-0.045563
08:56:29.700,-0.034206
08:56:29.800,-0.279293
08:56:29.900,0.103086
08:56:30.000,-0.045498
08:56:30.100,0.137565
08:56:30.200,-0.063913
08:56:30.300,-0.006418
08:56:30.400,0.149903
08:56:30.500,0.160308
08:56:30.600,0.100947
08:56:30.700,-0.224537
08:56:30.800,-0.153245
08:56:30.900,0.084135
08:56:31.000,-0.083811
08:56:31.100,0.00885
08:56:31.200,0.024891
08:56:31.300,0.030741
08:56:31.400,-0.126688
08:56:31.500,0.122743
08:56:31.600,-0.062934
08:56:31.700,0.070783
08:56:31.800,-0.024861
08:56:31.900,0.230503
08:56:32.000,0.17382
08:56:32.100,0.255792
08:56:32.200,0.198335
08:56:32.300,-0.016115
08:56:32.400,-0.064073
08:56:32.500,-0.136251
08:56:32.600,0.031947
08:56:32.700,0.002922
08:56:32.800,-0.005162
08:56:32.900,-0.09949
08:56:33.000,0.043319
08:56:33.100,-0.045825
08:56:33.200,-0.057904
08:56:33.300,0.019667
08:56:33.400,-0.009344
08:56:33.500,-0.171142
08:56:33.600,-0.094525
08:56:33.700,0.063913
08:56:33.800,-0.005728
08:56:33.900,-0.233105
08:56:34.000,0.083856
08:56:34.100,-0.005933
08:56:34.200,-0.127408
08:56:34.300,-0.080271
08:56:34.400,0.019827
08:56:34.500,-0.265035
08:56:34.600,0.050463
08:56:34.700,0.118409
08:56:34.800,0.106868
08:56:34.900,0.13851
08:56:35.000,-0.093592
08:56:35.100,0.124077
08:56:35.200,0.032677
08:56:35.300,-0.100236
08:56:35.400,0.056016
08:56:35.500,0.05237
08:56:35.600,0.184861
08:56:35.700,0.143661
08:56:35.800,-0.082869
08:56:35.900,0.040881
08:56:36.000,0.039595
08:56:36.100,0.030157
08:56:36.200,-0.036581
08:56:36.300,0.210562
08:56:36.400,-0.074774
08:56:36.500,0.199966
08:56:36.600,-0.170977
08:56:36.700,-0.04577
08:56:36.800,0.091749
08:56:36.900,-0.12634
08:56:37.000,-0.0882
08:56:37.100,0.064195
08:56:37.200,-0.207406
08:56:37.300,0.132574
08:56:37.400,0.177427
08:56:37.500,0.182577
08:56:37.600,0.039064
08:56:37.700,-0.051335
08:56:37.800,-0.043492
08:56:37.900,0.034483
08:56:38.000,0.01555
08:56:38.100,-0.045626
08:56:38.200,0.190075
08:56:38.300,-0.029542
08:56:38.400,0.172474
08:56:38.500,0.011991
08:56:38.600,0.004548
08:56:38.700,0.062165
08:56:38.800,0.060607
08:56:38.900,-0.017347
08:56:39.000,0.067762
08:56:39.100,0.082507
08:56:39.200,0.198388
08:56:39.300,0.008558
08:56:39.400,-0.0937
08:56:39.500,-0.081316
08:56:39.600,0.284151
08:56:39.700,-0.225573
08:56:39.800,-0.142791
08:56:39.900,0.003116
08:56:40.000,-0.073816
08:56:40.100,0.098263
08:56:40.200,0.087769
08:56:40.300,-0.064158
08:56:40.400,0.180449
08:56:40.500,-0.132399
08:56:40.600,-0.08847
08:56:40.700,0.188694
08:56:40.800,-0.15665
08:56:40.900,0.041625
08:56:41.000,0.18819
08:56:41.100,-0.31191
08:56:41.200,-0.040522
08:56:41.300,0.113709
08:56:41.400,-0.032406
08:56:41.500,0.007117
08:56:41.600,0.022564
08:56:41.700,0.037528
08:56:41.800,-0.096704
08:56:41.900,0.091949
08:56:42.000,0.0306
08:56:42.100,-0.13753
08:56:42.200,-0.055878
08:56:42.300,-0.169578
08:56:42.400,0.025661
08:56:42.500,0.058878
08:56:42.600,0.025458
08:56:42.700,0.065979
08:56:42.800,0.016017
08:56:42.900,0.091454
08:56:43.000,-0.015349
08:56:43.100,0.084216
08:56:43.200,-0.154305
08:56:43.300,-0.16767
08:56:43.400,0.010394
08:56:43.500,0.082136
08:56:43.600,-0.033212
08:56:43.700,0.076573
08:56:43.800,0.037185
08:56:43.900,-0.245861
08:56:44.000,0.278805
08:56:44.100,-0.151041
08:56:44.200,-0.113368
08:56:44.300,0.137948
08:56:44.400,0.00237
08:56:44.500,-0.092137
08:56:44.600,-0.056353
08:56:44.700,-0.105654
08:56:44.800,-0.096036
08:56:44.900,0.094716
08:56:45.000,-0.059775
08:56:45.100,-0.128213
08:56:45.200,-0.091201
08:56:45.300,-0.018641
08:56:45.400,-0.08989
08:56:45.500,-0.036959
08:56:45.600,0.041774
08:56:45.700,-0.057698
08:56:45.800,-0.103167
08:56:45.900,-0.083617
08:56:46.000,0.167056
08:56:46.100,0.260993
08:56:46.200,0.005534
08:56:46.300,0.086988
08:56:46.400,-0.112788
08:56:46.500,-0.070819
08:56:46.600,0.053994
08:56:46.700,-0.283636
08:56:46.800,0.092715
08:56:46.900,-0.067749
08:56:47.000,-0.129345
08:56:47.100,0.046581
08:56:47.200,0.173092
08:56:47.300,-0.037562
08:56:47.400,0.035057
08:56:47.500,0.054442
08:56:47.600,0.0288
08:56:47.700,-0.119603
08:56:47.800,0.026822
08:56:47.900,0.0221
08:56:48.000,-0.327564
08:56:48.100,0.102909
08:56:48.200,-0.180439
08:56:48.300,0.015389
08:56:48.400,0.182131
08:56:48.500,-0.029258
08:56:48.600,-0.125534
08:56:48.700,0.067098
08:56:48.800,0.168228
08:56:48.900,-0.133033
08:56:49.000,-0.283154
08:56:49.100,0.141921
08:56:49.200,0.102502
08:56:49.300,0.046186
08:56:49.400,-0.215978
08:56:49.500,0.071721
08:56:49.600,0.124027
08:56:49.700,0.258768
08:56:49.800,-0.033774
08:56:49.900,0.019086
08:56:50.000,-0.25832
08:56:50.100,0.116203
08:56:50.200,0.113305
08:56:50.300,0.048462
08:56:50.400,0.142515
08:56:50.500,-0.093813
08:56:50.600,-0.026177
08:56:50.700,-0.02149
08:56:50.800,0.131905
08:56:50.900,0.134598
08:56:51.000,0.038125
08:56:51.100,0.031836
08:56:51.200,0.066111
08:56:51.300,-0.04038
08:56:51.400,0.163403
08:56:51.500,-0.054232
08:56:51.600,0.051546
08:56:51.700,-0.071553
08:56:51.800,0.11362
08:56:51.900,-0.011952
08:56:52.000,0.247988
08:56:52.100,-0.015175
08:56:52.200,0.112484
08:56:52.300,-0.075659
08:56:52.400,-0.036869
08:56:52.500,-0.005046
08:56:52.600,0.042166
08:56:52.700,-0.089581
08:56:52.800,-0.068496
08:56:52.900,0.010714
08:56:53.000,0.047844
08:56:53.100,-0.004356
08:56:53.200,-0.021531
08:56:53.300,-0.159285
08:56:53.400,0.060047
08:56:53.500,0.101144
08:56:53.600,0.115343
08:56:53.700,0.018016
08:56:53.800,-0.0724
08:56:53.900,-0.038614
08:56:54.000,0.018515
08:56:54.100,-0.002251
08:56:54.200,-0.101421
08:56:54.300,-0.201882
08:56:54.400,-0.066673
08:56:54.500,-0.033228
08:56:54.600,0.037098
08:56:54.700,-0.049162
08:56:54.800,-0.03018
08:56:54.900,0.013394
08:56:55.000,0.188
08:56:55.100,-0.019964
08:56:55.200,-0.185841
08:56:55.300,-0.082142
08:56:55.400,0.216959
08:56:55.500,0.172095
08:56:55.600,0.112752
08:56:55.700,0.084183
08:56:55.800,0.085555
08:56:55.900,-0.028676
08:56:56.000,0.104076
08:56:56.100,0.108745
08:56:56.200,0.101336
08:56:56.300,-0.071836
08:56:56.400,-0.038965
08:56:56.500,-0.077012
08:56:56.600,0.119633
08:56:56.700,0.036376
08:56:56.800,0.047057
08:56:56.900,0.069067
08:56:57.000,-0.169443
08:56:57.100,0.105823
08:56:57.200,-0.064905
08:56:57.300,-0.053995
08:56:57.400,-0.100286
08:56:57.500,0.009601
08:56:57.600,-0.008019
08:56:57.700,-0.166927
08:56:57.800,-0.214693
08:56:57.900,-0.024301
08:56:58.000,0.097675
08:56:58.100,0.086096
08:56:58.200,0.120076
08:56:58.300,-0.023732
08:56:58.400,-0.042443
08:56:58.500,-0.013327
08:56:58.600,0.096538
08:56:58.700,0.193512
08:56:58.800,-0.055243
08:56:58.900,-0.031897
08:56:59.000,0.003709
08:56:59.100,-0.031831
08:56:59.200,-0.069683
08:56:59.300,-0.015079
08:56:59.400,-0.09488
08:56:59.500,0.087068
08:56:59.600,0.176862
08:56:59.700,-0.034074
08:56:59.800,0.199568
08:56:59.900,-0.012952
08:57:00.000,-0.083691
08:57:00.100,0.082361
08:57:00.200,-0.110904
08:57:00.300,0.074874
08:57:00.400,0.030471
08:57:00.500,-0.048441
08:57:00.600,-0.061128
08:57:00.700,-0.104733
08:57:00.800,0.123791
08:57:00.900,-0.026727
08:57:01.000,0.037346
08:57:01.100,-0.00132
08:57:01.200,-0.025453
08:57:01.300,0.039167
08:57:01.400,0.06144
08:57:01.500,0.016621
08:57:01.600,-0.022667
08:57:01.700,-0.130399
08:57:01.800,-0.072422
08:57:01.900,-0.03673
08:57:02.000,0.001926
08:57:02.100,-0.208691
08:57:02.200,0.074336
08:57:02.300,0.038531
08:57:02.400,-0.069834
08:57:02.500,-0.109954
08:57:02.600,-0.082396
08:57:02.700,-0.158842
08:57:02.800,-0.040719
08:57:02.900,-0.021539
08:57:03.000,0.110216
08:57:03.100,0.056916
08:57:03.200,0.149655
08:57:03.300,0.013466
08:57:03.400,-0.109334
08:57:03.500,0.208884
08:57:03.600,-0.038226
08:57:03.700,-0.185473
08:57:03.800,0.026434
08:57:03.900,-0.190782
08:57:04.000,-0.010156
08:57:04.100,-0.057036
08:57:04.200,0.062843
08:57:04.300,0.114424
08:57:04.400,-0.038972
08:57:04.500,-0.047537
08:57:04.600,0.090978
08:57:04.700,-0.092012
08:57:04.800,0.007736
08:57:04.900,0.064979
08:57:05.000,-0.094872
08:57:05.100,-0.036077
08:57:05.200,0.012109
08:57:05.300,0.159687
08:57:05.400,-0.145137
08:57:05.500,-0.017903
08:57:05.600,0.162449
08:57:05.700,0.116562
08:57:05.800,-0.033068
08:57:05.900,-0.008558
08:57:06.000,0.055131
08:57:06.100,0.057615
08:57:06.200,0.165377
08:57:06.300,0.135775
08:57:06.400,-0.165875
08:57:06.500,-0.191406
08:57:06.600,-0.065241
08:57:06.700,-0.222301
08:57:06.800,0.157493
08:57:06.900,-0.179507
08:57:07.000,-0.035901
08:57:07.100,-0.104541
08:57:07.200,-0.190451
08:57:07.300,0.141691
08:57:07.400,-0.069208
08:57:07.500,0.228846
08:57:07.600,0.168649
08:57:07.700,-0.00038
08:57:07.800,-0.251426
08:57:07.900,-0.040824
08:57:08.000,0.274308
08:57:08.100,0.051383
08:57:08.200,-0.020076
08:57:08.300,-0.073375
08:57:08.400,0.106463
08:57:08.500,0.044365
08:57:08.600,0.034067
08:57:08.700,0.136333
08:57:08.800,0.129887
08:57:08.900,0.052469
08:57:09.000,-0.190424
08:57:09.100,-0.117876
08:57:09.200,-0.07399
08:57:09.300,-0.004472
08:57:09.400,0.179881
08:57:09.500,0.246313
08:57:09.600,0.047001
08:57:09.700,0.066024
08:57:09.800,-0.181346
08:57:09.900,-0.050733
08:57:10.000,-0.066376
08:57:10.100,-0.076398
08:57:10.200,0.069566
08:57:10.300,-0.054116
08:57:10.400,-0.227417
08:57:10.500,0.101112
08:57:10.600,0.144419
08:57:10.700,0.034592
08:57:10.800,-0.020186
08:57:10.900,-0.107927
08:57:11.000,-0.100476
08:57:11.100,0.128515
08:57:11.200,-0.089805
08:57:11.300,0.241518
08:57:11.400,0.113954
08:57:11.500,0.040758
08:57:11.600,0.325747
08:57:11.700,0.153088
08:57:11.800,-0.051651
08:57:11.900,-0.122838
08:57:12.000,-0.050879
08:57:12.100,-0.012323
08:57:12.200,-0.091
08:57:12.300,-0.134934
08:57:12.400,0.028252
08:57:12.500,0.106585
08:57:12.600,0.222924
08:57:12.700,0.009203
08:57:12.800,0.0723
08:57:12.900,-0.222142
08:57:13.000,0.103035
08:57:13.100,-0.121061
08:57:13.200,0.036576
08:57:13.300,-0.005175
08:57:13.400,-0.029024
08:57:13.500,-0.178047
08:57:13.600,-0.090841
08:57:13.700,-0.114544
08:57:13.800,-0.071291
08:57:13.900,0.141892
08:57:14.000,-0.042325
08:57:14.100,-0.080749
08:57:14.200,0.077947
08:57:14.300,0.03919
08:57:14.400,0.243875
08:57:14.500,0.121335
08:57:14.600,-0.238666
08:57:14.700,0.096621
08:57:14.800,0.082338
08:57:14.900,0.199139
08:57:15.000,-0.023818
08:57:15.100,0.131565
08:57:15.200,-0.042555
08:57:15.300,0.034852
08:57:15.400,-0.126592
08:57:15.500,-0.164934
08:57:15.600,0.104354
08:57:15.700,0.000428
08:57:15.800,-0.153692
08:57:15.900,0.097742
08:57:16.000,-0.328274
08:57:16.100,-0.097186
08:57:16.200,-0.199288
08:57:16.300,0.143901
08:57:16.400,-0.052027
08:57:16.500,0.009469
08:57:16.600,0.036505
08:57:16.700,0.09703
08:57:16.800,0.083439
08:57:16.900,0.096149
08:57:17.000,-0.03186
08:57:17.100,0.102374
08:57:17.200,-0.078649
08:57:17.300,-0.04824
08:57:17.400,-0.184413
08:57:17.500,0.201166
08:57:17.600,-0.119238
08:57:17.700,0.169299
08:57:17.800,0.064476
08:57:17.900,0.023913
08:57:18.000,0.04404
08:57:18.100,-0.12783
08:57:18.200,0.192667
08:57:18.300,-0.043403
08:57:18.400,0.121548
08:57:18.500,-0.065192
08:57:18.600,-0.171768
08:57:18.700,0.23801
08:57:18.800,-0.072417
08:57:18.900,0.055421
08:57:19.000,-0.363333
08:57:19.100,-0.008511
08:57:19.200,0.072487
08:57:19.300,0.017102
08:57:19.400,-0.011761
08:57:19.500,-0.025324
08:57:19.600,0.104469
08:57:19.700,-0.15524
08:57:19.800,-0.028407
08:57:19.900,0.172163
08:57:20.000,-0.177924
08:57:20.100,-0.012779
08:57:20.200,-0.132395
08:57:20.300,0.036119
08:57:20.400,0.003964
08:57:20.500,-0.113279
08:57:20.600,0.00291
08:57:20.700,0.00789
08:57:20.800,-0.073112
08:57:20.900,-0.049988
08:57:21.000,-0.077764
08:57:21.100,-0.273658
08:57:21.200,0.11123
08:57:21.300,0.14338
08:57:21.400,-0.210026
08:57:21.500,0.144965
08:57:21.600,0.048178
08:57:21.700,-0.132259
08:57:21.800,-0.025107
08:57:21.900,-0.08467
08:57:22.000,0.110799
08:57:22.100,-0.11011
08:57:22.200,0.254751
08:57:22.300,0.139026
08:57:22.400,-0.146994
08:57:22.500,0.196611
08:57:22.600,0.087581
08:57:22.700,-0.018075
08:57:22.800,0.081089
08:57:22.900,0.110958
08:57:23.000,-0.090999
08:57:23.100,0.100196
08:57:23.200,-0.051927
08:57:23.300,0.097712
08:57:23.400,-0.01637
08:57:23.500,-0.120881
08:57:23.600,0.075626
08:57:23.700,-0.045445
08:57:23.800,0.018545
08:57:23.900,0.049063
08:57:24.000,0.176312
08:57:24.100,-0.052294
08:57:24.200,-0.101774
08:57:24.300,0.197496
08:57:24.400,0.000382
08:57:24.500,-0.065418
08:57:24.600,0.043477
08:57:24.700,-0.041235
08:57:24.800,-0.032131
08:57:24.900,0.308841
08:57:25.000,-0.118561
08:57:25.100,-0.172568
08:57:25.200,0.147064
08:57:25.300,-0.045504
08:57:25.400,0.038292
08:57:25.500,0.076588
08:57:25.600,-0.209978
08:57:25.700,0.136871
08:57:25.800,-0.067364
08:57:25.900,0.227864
08:57:26.000,-0.095551
08:57:26.100,0.187887
08:57:26.200,0.209606
08:57:26.300,-0.05874
08:57:26.400,-0.022837
08:57:26.500,-0.037686
08:57:26.600,0.182357
08:57:26.700,0.021531
08:57:26.800,0.063929
08:57:26.900,-0.017223
08:57:27.000,0.056653
08:57:27.100,0.06446
08:57:27.200,-0.071615
08:57:27.300,0.212697
08:57:27.400,-0.024444
08:57:27.500,0.123599
08:57:27.600,-0.151412
08:57:27.700,0.082081
08:57:27.800,0.127784
08:57:27.900,0.031908
08:57:28.000,0.129108
08:57:28.100,-0.084874
08:57:28.200,0.056703
08:57:28.300,-0.182488
08:57:28.400,0.017828
08:57:28.500,-0.095148
08:57:28.600,-0.008251
08:57:28.700,0.165509
08:57:28.800,0.20854
08:57:28.900,-0.153888
08:57:29.000,0.149433
08:57:29.100,0.167895
08:57:29.200,0.038958
08:57:29.300,0.162954
08:57:29.400,-0.049797
08:57:29.500,-0.06167
08:57:29.600,-0.061151
08:57:29.700,0.085674
08:57:29.800,-0.011671
08:57:29.900,-0.085898
08:57:30.000,-0.080148
08:57:30.100,0.000146
08:57:30.200,-0.101904
08:57:30.300,0.080204
08:57:30.400,0.14341
08:57:30.500,0.116862
08:57:30.600,0.349332
08:57:30.700,0.049299
08:57:30.800,0.203427
08:57:30.900,0.022057
08:57:31.000,-0.033411
08:57:31.100,0.014295
08:57:31.200,0.019965
08:57:31.300,-0.014834
08:57:31.400,-0.129902
08:57:31.500,-0.117532
08:57:31.600,0.135982
08:57:31.700,0.100096
08:57:31.800,0.213449
08:57:31.900,-0.047131
08:57:32.000,-0.058325
08:57:32.100,-0.137902
08:57:32.200,0.126714
08:57:32.300,-0.107056
08:57:32.400,-0.003702
08:57:32.500,0.037587
08:57:32.600,-0.187617
08:57:32.700,0.093233
08:57:32.800,0.121208
08:57:32.900,0.033214
08:57:33.000,-0.010416
08:57:33.100,-0.003873
08:57:33.200,0.168025
08:57:33.300,0.0064
08:57:33.400,-0.002422
08:57:33.500,-0.082396
08:57:33.600,-0.335894
08:57:33.700,0.131557
08:57:33.800,-0.000347
08:57:33.900,-0.105045
08:57:34.000,0.253236
08:57:34.100,0.052729
08:57:34.200,-0.024722
08:57:34.300,0.122183
08:57:34.400,0.044153
08:57:34.500,0.041822
08:57:34.600,-0.073041
08:57:34.700,0.08356
08:57:34.800,0.112834
08:57:34.900,-0.072392
08:57:35.000,-0.227387
08:57:35.100,0.114007
08:57:35.200,0.075415
08:57:35.300,0.101052
08:57:35.400,0.005542
08:57:35.500,0.115525
08:57:35.600,-0.078344
08:57:35.700,-0.022392
08:57:35.800,-0.125632
08:57:35.900,0.138897
08:57:36.000,-0.00561
08:57:36.100,0.027821
08:57:36.200,0.051996
08:57:36.300,-0.028628
08:57:36.400,0.09869
08:57:36.500,0.198961
08:57:36.600,0.117563
08:57:36.700,-0.206792
08:57:36.800,0.013176
08:57:36.900,0.018626
08:57:37.000,0.149071
08:57:37.100,-0.065891
08:57:37.200,-0.124851
08:57:37.300,0.100273
08:57:37.400,-0.002307
08:57:37.500,-0.074852
08:57:37.600,-0.031213
08:57:37.700,-0.169331
08:57:37.800,0.020414
08:57:37.900,-0.036455
08:57:38.000,0.063958
08:57:38.100,-0.024594
08:57:38.200,0.00426
08:57:38.300,-0.054637
08:57:38.400,-0.030555
08:57:38.500,-0.135571
08:57:38.600,0.123866
08:57:38.700,-0.005002
08:57:38.800,-0.238696
08:57:38.900,-0.190244
08:57:39.000,0.124506
08:57:39.100,-0.005188
08:57:39.200,-0.00239
08:57:39.300,-0.000323
08:57:39.400,0.058485
08:57:39.500,0.18367
08:57:39.600,0.053414
08:57:39.700,0.036884
08:57:39.800,-0.068554
08:57:39.900,-0.185116
08:57:40.000,0.056937
08:57:40.100,0.06663
08:57:40.200,0.131959
08:57:40.300,0.205457
08:57:40.400,-0.139187
08:57:40.500,-0.073681
08:57:40.600,0.080192
08:57:40.700,0.000143
08:57:40.800,0.173207
08:57:40.900,-0.02323
08:57:41.000,0.240121
08:57:41.100,0.006718
08:57:41.200,0.19532
08:57:41.300,-0.288823
08:57:41.400,0.058362
08:57:41.500,0.002797
08:57:41.600,-0.251236
08:57:41.700,-0.001838
08:57:41.800,-0.148531
08:57:41.900,-0.062358
08:57:42.000,0.036622
08:57:42.100,-0.014748
08:57:42.200,0.042758
08:57:42.300,0.018861
08:57:42.400,0.282525
08:57:42.500,0.03111
08:57:42.600,0.013501
08:57:42.700,0.05051
08:57:42.800,-0.003149
08:57:42.900,-0.190077
08:57:43.000,0.083021
08:57:43.100,0.154886
08:57:43.200,0.186628
08:57:43.300,0.082725
08:57:43.400,-0.032264
08:57:43.500,0.031552
08:57:43.600,0.214364
08:57:43.700,-0.026875
08:57:43.800,-0.143221
08:57:43.900,0.265122
08:57:44.000,-0.122174
08:57:44.100,-0.188618
08:57:44.200,0.038296
08:57:44.300,0.049053
08:57:44.400,0.054967
08:57:44.500,0.10539
08:57:44.600,-0.019401
08:57:44.700,-0.017672
08:57:44.800,-0.068785
08:57:44.900,0.016416
08:57:45.000,0.065031
08:57:45.100,0.108813
08:57:45.200,-0.107736
08:57:45.300,-0.149548
08:57:45.400,0.106199
08:57:45.500,-0.063482
08:57:45.600,-0.118219
08:57:45.700,-0.222016
08:57:45.800,0.168887
08:57:45.900,0.03308
08:57:46.000,0.065459
08:57:46.100,0.05249
08:57:46.200,0.025504
08:57:46.300,-0.002786
08:57:46.400,-0.008434
08:57:46.500,-0.117229
08:57:46.600,-0.211846
08:57:46.700,0.269475
08:57:46.800,0.004557
08:57:46.900,-0.052506
08:57:47.000,-0.096115
08:57:47.100,0.12595
08:57:47.200,0.017367
08:57:47.300,-0.103609
08:57:47.400,-0.036429
08:57:47.500,0.037357
08:57:47.600,-0.046396
08:57:47.700,0.09781
08:57:47.800,0.254891
08:57:47.900,-0.050635
08:57:48.000,-0.034194
08:57:48.100,-0.099591
08:57:48.200,-0.018419
08:57:48.300,-0.235245
08:57:48.400,0.131921
08:57:48.500,-0.1601
08:57:48.600,-0.096757
08:57:48.700,0.010058
08:57:48.800,0.165292
08:57:48.900,-0.102511
08:57:49.000,-0.022401
08:57:49.100,0.035223
08:57:49.200,-0.080589
08:57:49.300,-0.014458
08:57:49.400,-0.19086
08:57:49.500,-0.063323
08:57:49.600,0.147655
08:57:49.700,0.09788
08:57:49.800,-0.053252
08:57:49.900,-0.121569
08:57:50.000,-0.025483
08:57:50.100,-0.175639
08:57:50.200,-0.023612
08:57:50.300,-0.049204
08:57:50.400,-0.053593
08:57:50.500,-0.016939
08:57:50.600,0.064413
08:57:50.700,-0.124637
08:57:50.800,0.114918
08:57:50.900,0.13503
08:57:51.000,0.263968
08:57:51.100,0.03556
08:57:51.200,0.176764
08:57:51.300,0.117173
08:57:51.400,0.022853
08:57:51.500,-0.146049
08:57:51.600,0.10743
08:57:51.700,0.028768
08:57:51.800,0.214482
08:57:51.900,0.088825
08:57:52.000,0.126698
08:57:52.100,-0.069397
08:57:52.200,0.029351
08:57:52.300,-0.230832
08:57:52.400,0.06654
08:57:52.500,0.146132
08:57:52.600,0.167031
08:57:52.700,-0.042591
08:57:52.800,-0.217649
08:57:52.900,-0.064513
08:57:53.000,-0.009341
08:57:53.100,0.049057
08:57:53.200,-0.243533
08:57:53.300,-0.012546
08:57:53.400,-0.124499
08:57:53.500,0.173582
08:57:53.600,-0.280191
08:57:53.700,0.121523
08:57:53.800,-0.019143
08:57:53.900,-0.245627
08:57:54.000,0.201291
08:57:54.100,0.162026
08:57:54.200,0.149999
08:57:54.300,0.011174
08:57:54.400,-0.080587
08:57:54.500,0.007813
08:57:54.600,0.065526
08:57:54.700,-0.065092
08:57:54.800,-0.102937
08:57:54.900,0.059178
08:57:55.000,0.02345
08:57:55.100,0.111114
08:57:55.200,0.182764
08:57:55.300,0.102761
08:57:55.400,-0.138276
08:57:55.500,-0.001559
08:57:55.600,0.046437
08:57:55.700,0.097103
08:57:55.800,0.102972
08:57:55.900,-0.006965
08:57:56.000,-0.058851
08:57:56.100,0.121042
08:57:56.200,0.045315
08:57:56.300,0.033779
08:57:56.400,-0.084559
08:57:56.500,0.251978
08:57:56.600,0.029885
08:57:56.700,-0.010418
08:57:56.800,0.029893
08:57:56.900,-0.015796
08:57:57.000,-0.154651
08:57:57.100,0.035841
08:57:57.200,-0.174192
08:57:57.300,0.012372
08:57:57.400,-0.191183
08:57:57.500,-0.258517
08:57:57.600,0.07356
08:57:57.700,-0.132437
08:57:57.800,0.052105
08:57:57.900,0.020319
08:57:58.000,0.017625
08:57:58.100,-0.075248
08:57:58.200,-0.015722
08:57:58.300,-0.078757
08:57:58.400,0.113378
08:57:58.500,-0.057962
08:57:58.600,-0.029807
08:57:58.700,0.089366
08:57:58.800,-0.074583
08:57:58.900,-0.214948
08:57:59.000,-0.127314
08:57:59.100,0.126692
08:57:59.200,0.009912
08:57:59.300,0.035058
08:57:59.400,0.035487
08:57:59.500,0.214591
08:57:59.600,-0.24902
08:57:59.700,-0.015337
08:57:59.800,0.003608
08:57:59.900,-0.002433
08:58:00.000,0.095941
08:58:00.100,0.098985
08:58:00.200,-0.02594
08:58:00.300,-0.202741
08:58:00.400,0.301014
08:58:00.500,-0.000748
08:58:00.600,0.010497
08:58:00.700,0.151475
08:58:00.800,-0.047194
08:58:00.900,0.155006
08:58:01.000,-0.036787
08:58:01.100,0.219492
08:58:01.200,0.054639
08:58:01.300,-0.081055
08:58:01.400,0.261645
08:58:01.500,0.072288
08:58:01.600,-0.073065
08:58:01.700,-0.168856
08:58:01.800,0.083709
08:58:01.900,0.166089
08:58:02.000,0.046447
08:58:02.100,0.039608
08:58:02.200,0.187034
08:58:02.300,0.0718
08:58:02.400,-0.078948
08:58:02.500,-0.073793
08:58:02.600,0.066669
08:58:02.700,0.060255
08:58:02.800,0.130554
08:58:02.900,0.044235
08:58:03.000,0.081584
08:58:03.100,0.041774
08:58:03.200,0.11571
08:58:03.300,0.089502
08:58:03.400,-0.031002
08:58:03.500,-0.022604
08:58:03.600,0.038869
08:58:03.700,0.013448
08:58:03.800,0.157709
08:58:03.900,0.02543
08:58:04.000,-0.170809
08:58:04.100,-0.141837
08:58:04.200,-0.028695
08:58:04.300,0.086615
08:58:04.400,-0.08703
08:58:04.500,0.078159
08:58:04.600,-0.092045
08:58:04.700,0.019053
08:58:04.800,0.049744
08:58:04.900,-0.137194
08:58:05.000,0.047476
08:58:05.100,0.193866
08:58:05.200,-0.023706
08:58:05.300,0.009173
08:58:05.400,0.030406
08:58:05.500,0.010876
08:58:05.600,0.002886
08:58:05.700,-0.006387
08:58:05.800,-0.188092
08:58:05.900,0.054352
08:58:06.000,-0.128997
08:58:06.100,0.045178
08:58:06.200,0.084141
08:58:06.300,0.048828
08:58:06.400,-0.10604
08:58:06.500,0.037849
08:58:06.600,-0.025638
08:58:06.700,-0.070784
08:58:06.800,0.247631
08:58:06.900,-0.107783
08:58:07.000,0.059368
08:58:07.100,0.183092
08:58:07.200,0.045935
08:58:07.300,-0.073816
08:58:07.400,-0.06615
08:58:07.500,-0.167636
08:58:07.600,0.011217
08:58:07.700,0.01563
08:58:07.800,-0.030083
08:58:07.900,0.170857
08:58:08.000,-0.00448
08:58:08.100,-0.186003
08:58:08.200,0.181977
08:58:08.300,-0.137815
08:58:08.400,0.065707
08:58:08.500,0.081443
08:58:08.600,-0.004596
08:58:08.700,0.117015
08:58:08.800,0.014278
08:58:08.900,-0.038075
08:58:09.000,-0.245081
08:58:09.100,-0.202712
08:58:09.200,0.335576
08:58:09.300,0.093403
08:58:09.400,0.155942
08:58:09.500,0.307118
08:58:09.600,-0.037741
08:58:09.700,-0.011129
08:58:09.800,-0.192194
08:58:09.900,-0.028938
08:58:10.000,-0.032087
08:58:10.100,-0.041072
08:58:10.200,0.132013
08:58:10.300,0.091721
08:58:10.400,0.116314
08:58:10.500,-0.140503
08:58:10.600,0.009306
08:58:10.700,0.047075
08:58:10.800,0.230004
08:58:10.900,0.019846
08:58:11.000,-0.013806
08:58:11.100,0.136231
08:58:11.200,-0.025155
08:58:11.300,0.062243
08:58:11.400,0.058686
08:58:11.500,-0.056577
08:58:11.600,-0.077131
08:58:11.700,-0.003788
08:58:11.800,-0.051938
08:58:11.900,-0.179798
08:58:12.000,0.086581
08:58:12.100,0.068442
08:58:12.200,-0.089134
08:58:12.300,-0.100775
08:58:12.400,0.058634
08:58:12.500,0.210251
08:58:12.600,0.122493
08:58:12.700,0.144076
08:58:12.800,-0.036537
08:58:12.900,0.049855
08:58:13.000,-0.015888
08:58:13.100,-0.087129
08:58:13.200,0.023479
08:58:13.300,-0.10413
08:58:13.400,-0.089417
08:58:13.500,-0.053411
08:58:13.600,-0.040618
08:58:13.700,-0.003537
08:58:13.800,-0.247954
08:58:13.900,-0.111882
08:58:14.000,0.188505
08:58:14.100,-0.001062
08:58:14.200,0.067367
08:58:14.300,0.049939
08:58:14.400,-0.012993
08:58:14.500,-0.105952
08:58:14.600,-0.065985
08:58:14.700,0.235009
08:58:14.800,-0.063993
08:58:14.900,0.206601
08:58:15.000,-0.049838
08:58:15.100,-0.038302
08:58:15.200,0.009172
08:58:15.300,-0.021131
08:58:15.400,-0.112626
08:58:15.500,-0.001706
08:58:15.600,-0.176659
08:58:15.700,0.04373
08:58:15.800,0.026975
08:58:15.900,0.08741
08:58:16.000,-0.059622
08:58:16.100,0.088595
08:58:16.200,0.05168
08:58:16.300,0.015302
08:58:16.400,0.237252
08:58:16.500,0.056498
08:58:16.600,-0.055665
08:58:16.700,0.184354
08:58:16.800,0.061226
08:58:16.900,0.21346
08:58:17.000,-0.222596
08:58:17.100,-0.036072
08:58:17.200,-0.035773
08:58:17.300,-0.226607
08:58:17.400,0.019907
08:58:17.500,-0.044607
08:58:17.600,-0.23987
08:58:17.700,-0.09195
08:58:17.800,0.166366
08:58:17.900,0.109048
08:58:18.000,-0.085407
08:58:18.100,-0.088905
08:58:18.200,0.103301
08:58:18.300,-0.235869
08:58:18.400,0.07123
08:58:18.500,-0.219811
08:58:18.600,0.19704
08:58:18.700,0.079005
08:58:18.800,-0.221286
08:58:18.900,-0.045659
08:58:19.000,0.038075
08:58:19.100,-0.238427
08:58:19.200,-0.005225
08:58:19.300,0.057792
08:58:19.400,-0.248222
08:58:19.500,0.089534
08:58:19.600,-0.014968
08:58:19.700,0.110017
08:58:19.800,-0.028138
08:58:19.900,-0.12685
08:58:20.000,-0.138566
08:58:20.100,-0.037451
08:58:20.200,-0.022649
08:58:20.300,0.127687
08:58:20.400,-0.033516
08:58:20.500,-0.187239
08:58:20.600,-0.054939
08:58:20.700,-0.182903
08:58:20.800,0.041993
08:58:20.900,0.069584
08:58:21.000,0.090035
08:58:21.100,-0.036301
08:58:21.200,-0.083979
08:58:21.300,-0.061288
08:58:21.400,-0.01096
08:58:21.500,-0.061101
08:58:21.600,0.193153
08:58:21.700,-0.043927
08:58:21.800,-0.012277
08:58:21.900,-0.090167
08:58:22.000,-0.087457
08:58:22.100,-0.152765
08:58:22.200,-0.123422
08:58:22.300,0.22466
08:58:22.400,0.065263
08:58:22.500,-0.040666
08:58:22.600,-0.078787
08:58:22.700,0.148237
08:58:22.800,-0.100281
08:58:22.900,-0.204385
08:58:23.000,0.057024
08:58:23.100,-0.111208
08:58:23.200,-0.154018
08:58:23.300,-0.13109
08:58:23.400,0.049801
08:58:23.500,-0.012509
08:58:23.600,-0.118135
08:58:23.700,0.056345
08:58:23.800,-0.099304
08:58:23.900,-0.196277
08:58:24.000,-0.156942
08:58:24.100,0.00264
08:58:24.200,-0.094028
08:58:24.300,0.012631
08:58:24.400,0.133487
08:58:24.500,-0.075601
08:58:24.600,0.319957
08:58:24.700,0.033147
08:58:24.800,-0.021155
08:58:24.900,-0.160164
08:58:25.000,-0.041823
08:58:25.100,-0.029825
08:58:25.200,0.091169
08:58:25.300,-0.071492
08:58:25.400,0.051886
08:58:25.500,0.005043
08:58:25.600,0.116972
08:58:25.700,0.126434
08:58:25.800,0.040031
08:58:25.900,0.091798
08:58:26.000,0.134828
08:58:26.100,0.06448
08:58:26.200,0.033334
08:58:26.300,0.049105
08:58:26.400,0.193401
08:58:26.500,0.013515
08:58:26.600,0.087474
08:58:26.700,-0.081155
08:58:26.800,0.180109
08:58:26.900,0.053943
08:58:27.000,-0.041442
08:58:27.100,-0.00841
08:58:27.200,-0.026207
08:58:27.300,0.000597
08:58:27.400,0.025172
08:58:27.500,-0.023613
08:58:27.600,-0.190564
08:58:27.700,0.21293
08:58:27.800,0.031956
08:58:27.900,0.032548
08:58:28.000,-0.005763
08:58:28.100,0.108966
08:58:28.200,0.005785
08:58:28.300,-0.037312
08:58:28.400,-0.029641
08:58:28.500,0.150157
08:58:28.600,0.024287
08:58:28.700,-0.004215
08:58:28.800,-0.052254
08:58:28.900,-0.038463
08:58:29.000,0.129676
08:58:29.100,-0.10996
08:58:29.200,0.080364
08:58:29.300,0.084794
08:58:29.400,0.025876
08:58:29.500,-0.022787
08:58:29.600,-0.177843
08:58:29.700,0.079697
08:58:29.800,-0.191407
08:58:29.900,0.02002
08:58:30.000,0.006251
08:58:30.100,0.092163
08:58:30.200,-0.107486
08:58:30.300,-0.113419
08:58:30.400,0.06415
08:58:30.500,-0.020497
08:58:30.600,-0.242053
08:58:30.700,-0.000745
08:58:30.800,0.21693
08:58:30.900,0.065834
08:58:31.000,-0.142271
08:58:31.100,0.056362
08:58:31.200,0.117936
08:58:31.300,-0.207003
08:58:31.400,-0.034494
08:58:31.500,0.155945
08:58:31.600,-0.182905
08:58:31.700,-0.033593
08:58:31.800,-0.02582
08:58:31.900,-0.049864
08:58:32.000,0.165102
08:58:32.100,0.146674
08:58:32.200,-0.036295
08:58:32.300,-0.122054
08:58:32.400,0.152755
08:58:32.500,0.09299
08:58:32.600,-0.002017
08:58:32.700,0.078589
08:58:32.800,0.077703
08:58:32.900,-0.104946
08:58:33.000,-0.071278
08:58:33.100,0.000676
08:58:33.200,-0.232002
08:58:33.300,-0.041121
08:58:33.400,-0.095081
08:58:33.500,0.020568
08:58:33.600,-0.135139
08:58:33.700,0.051528
08:58:33.800,0.026704
08:58:33.900,-0.012221
08:58:34.000,0.056303
08:58:34.100,0.071082
08:58:34.200,-0.028549
08:58:34.300,0.004249
08:58:34.400,-0.08144
08:58:34.500,-0.082839
08:58:34.600,0.189665
08:58:34.700,-0.024272
08:58:34.800,-0.001407
08:58:34.900,-0.009265
08:58:35.000,0.044582
08:58:35.100,-0.065276
08:58:35.200,-0.053734
08:58:35.300,0.11244
08:58:35.400,-0.178478
08:58:35.500,0.02243
08:58:35.600,-0.098511
08:58:35.700,-0.241083
08:58:35.800,-0.009742
08:58:35.900,-0.138534
08:58:36.000,-0.160001
08:58:36.100,0.311495
08:58:36.200,0.06505
08:58:36.300,0.067995
08:58:36.400,-0.00639
08:58:36.500,-0.143297
08:58:36.600,-0.01986
08:58:36.700,-0.042626
08:58:36.800,-0.230913
08:58:36.900,0.214955
08:58:37.000,-0.01073
08:58:37.100,-0.099936
08:58:37.200,0.014779
08:58:37.300,-0.165435
08:58:37.400,-0.112543
08:58:37.500,0.184376
08:58:37.600,-0.062367
08:58:37.700,-0.002179
08:58:37.800,0.01242
08:58:37.900,-0.02089
08:58:38.000,-0.064641
08:58:38.100,0.272292
08:58:38.200,-0.088922
08:58:38.300,-0.107268
08:58:38.400,0.058876
08:58:38.500,-0.154188
08:58:38.600,0.122547
08:58:38.700,-0.02413
08:58:38.800,0.015483
08:58:38.900,0.035463
08:58:39.000,-0.040746
08:58:39.100,0.109883
08:58:39.200,0.07797
08:58:39.300,0.061973
08:58:39.400,-0.181717
08:58:39.500,-0.041838
08:58:39.600,-0.013355
08:58:39.700,0.208522
08:58:39.800,-0.169682
08:58:39.900,-0.076582
08:58:40.000,0.12979
08:58:40.100,-0.112653
08:58:40.200,-0.078922
08:58:40.300,0.200877
08:58:40.400,0.043893
08:58:40.500,0.102955
08:58:40.600,0.086705
08:58:40.700,0.01405
08:58:40.800,0.010975
08:58:40.900,0.106399
08:58:41.000,-0.101638
08:58:41.100,0.208082
08:58:41.200,-0.064088
08:58:41.300,0.122771
08:58:41.400,0.060708
08:58:41.500,-0.065683
08:58:41.600,0.058029
08:58:41.700,0.015297
08:58:41.800,-0.211869
08:58:41.900,-0.010409
08:58:42.000,-0.149847
08:58:42.100,0.060899
08:58:42.200,-0.016983
08:58:42.300,0.105292
08:58:42.400,-0.083613
08:58:42.500,-0.155507
08:58:42.600,-0.129144
08:58:42.700,0.242413
08:58:42.800,0.36348
08:58:42.900,0.240159
08:58:43.000,-0.184815
08:58:43.100,-0.165233
08:58:43.200,-0.127813
08:58:43.300,0.092898
08:58:43.400,0.252944
08:58:43.500,0.108575
08:58:43.600,0.022795
08:58:43.700,-0.110936
08:58:43.800,-0.034279
08:58:43.900,0.010636
08:58:44.000,0.10592
08:58:44.100,-0.059887
08:58:44.200,0.048143
08:58:44.300,0.03301
08:58:44.400,0.012041
08:58:44.500,-0.047455
08:58:44.600,0.014515
08:58:44.700,-0.011507
08:58:44.800,-0.093821
08:58:44.900,0.106142
08:58:45.000,0.188961
08:58:45.100,0.020413
08:58:45.200,-0.00552
08:58:45.300,0.091052
08:58:45.400,0.022235
08:58:45.500,0.136842
08:58:45.600,0.012761
08:58:45.700,0.07034
08:58:45.800,0.208017
08:58:45.900,0.152123
08:58:46.000,-0.01882
08:58:46.100,0.12977
08:58:46.200,-0.128137
08:58:46.300,-0.024114
08:58:46.400,0.100028
08:58:46.500,0.183574
08:58:46.600,-0.090172
08:58:46.700,-0.003278
08:58:46.800,0.000365
08:58:46.900,-0.011063
08:58:47.000,-0.145942
08:58:47.100,0.060088
08:58:47.200,-0.153073
08:58:47.300,0.136534
08:58:47.400,0.161976
08:58:47.500,-0.07662
08:58:47.600,-0.152291
08:58:47.700,-0.003864
08:58:47.800,-0.062391
08:58:47.900,-0.025162
08:58:48.000,0.010987
08:58:48.100,-0.111631
08:58:48.200,0.199086
08:58:48.300,-0.076941
08:58:48.400,0.112251
08:58:48.500,-0.106783
08:58:48.600,0.007364
08:58:48.700,0.054037
08:58:48.800,0.016276
08:58:48.900,-0.030472
08:58:49.000,-0.05916
08:58:49.100,-0.048815
08:58:49.200,-0.08102
08:58:49.300,0.039964
08:58:49.400,0.219751
08:58:49.500,0.043115
08:58:49.600,0.071494
08:58:49.700,0.129871
08:58:49.800,-0.054124
08:58:49.900,-0.216521
08:58:50.000,0.000352
08:58:50.100,0.102596
08:58:50.200,0.241236
08:58:50.300,-0.117626
08:58:50.400,0.131975
08:58:50.500,0.031322
08:58:50.600,-0.046659
08:58:50.700,-0.125518
08:58:50.800,-0.070068
08:58:50.900,0.068793
08:58:51.000,0.146732
08:58:51.100,-0.326909
08:58:51.200,0.061497
08:58:51.300,-0.068825
08:58:51.400,-0.057623
08:58:51.500,0.04998
08:58:51.600,0.230532
08:58:51.700,-0.086142
08:58:51.800,-0.011474
08:58:51.900,-0.189057
08:58:52.000,0.05262
08:58:52.100,-0.0828
08:58:52.200,0.189126
08:58:52.300,0.043238
08:58:52.400,-0.033989
08:58:52.500,-0.033154
08:58:52.600,0.043767
08:58:52.700,0.082932
08:58:52.800,-0.14026
08:58:52.900,-0.017832
08:58:53.000,-0.000319
08:58:53.100,0.025404
08:58:53.200,0.156701
08:58:53.300,-0.171063
08:58:53.400,0.114711
08:58:53.500,0.043727
08:58:53.600,-0.059736
08:58:53.700,0.096755
08:58:53.800,-0.045974
08:58:53.900,-0.217483
08:58:54.000,-0.412058
08:58:54.100,-0.145969
08:58:54.200,-0.065302
08:58:54.300,0.020604
08:58:54.400,0.071676
08:58:54.500,-0.030966
08:58:54.600,-0.169212
08:58:54.700,-0.045661
08:58:54.800,-0.026192
08:58:54.900,0.208507
08:58:55.000,0.066821
08:58:55.100,-0.198776
08:58:55.200,-0.037805
08:58:55.300,0.083579
08:58:55.400,0.00252
08:58:55.500,-0.194854
08:58:55.600,0.098208
08:58:55.700,0.043615
08:58:55.800,-0.01884
08:58:55.900,-0.096764
08:58:56.000,0.1216
08:58:56.100,-0.217679
08:58:56.200,-0.186513
08:58:56.300,-0.088179
08:58:56.400,0.036269
08:58:56.500,-0.163691
08:58:56.600,-0.065367
08:58:56.700,-0.040964
08:58:56.800,0.041181
08:58:56.900,-0.033217
08:58:57.000,-0.032768
08:58:57.100,-0.084697
08:58:57.200,0.130683
08:58:57.300,0.07917
08:58:57.400,0.074855
08:58:57.500,-0.093363
08:58:57.600,-0.061512
08:58:57.700,0.057169
08:58:57.800,-0.0705
08:58:57.900,-0.111182
08:58:58.000,0.034645
08:58:58.100,-0.156946
08:58:58.200,-0.02513
08:58:58.300,0.107073
08:58:58.400,0.017433
08:58:58.500,-0.125654
08:58:58.600,0.056717
08:58:58.700,-0.07212
08:58:58.800,0.101477
08:58:58.900,0.061097
08:58:59.000,-0.041656
08:58:59.100,-0.089987
08:58:59.200,-0.101914
08:58:59.300,0.31076
08:58:59.400,-0.274965
08:58:59.500,-0.211233
08:58:59.600,0.132298
08:58:59.700,0.106395
08:58:59.800,0.043241
08:58:59.900,-0.239031
08:59:00.000,0.064659
08:59:00.100,-0.117559
08:59:00.200,-0.011859
08:59:00.300,0.048825
08:59:00.400,0.06079
08:59:00.500,-0.078083
08:59:00.600,0.154191
08:59:00.700,0.097548
08:59:00.800,-0.115218
08:59:00.900,-0.057572
08:59:01.000,-0.09104
08:59:01.100,-0.007516
08:59:01.200,0.075501
08:59:01.300,-0.222084
08:59:01.400,-0.238101
08:59:01.500,-0.099848
08:59:01.600,0.162323
08:59:01.700,0.028507
08:59:01.800,0.189261
08:59:01.900,-0.01869
08:59:02.000,-0.101045
08:59:02.100,-0.201172
08:59:02.200,-0.0995
08:59:02.300,-0.07442
08:59:02.400,-0.291024
08:59:02.500,-0.10093
08:59:02.600,-0.101984
08:59:02.700,0.00261
08:59:02.800,-0.005058
08:59:02.900,0.038403
08:59:03.000,-0.194724
08:59:03.100,-0.136202
08:59:03.200,0.111112
08:59:03.300,-0.031088
08:59:03.400,0.101632
08:59:03.500,-0.016945
08:59:03.600,0.022461
08:59:03.700,0.063443
08:59:03.800,-0.066778
08:59:03.900,-0.080054
08:59:04.000,-0.081597
08:59:04.100,-0.009355
08:59:04.200,0.068903
08:59:04.300,-0.048795
08:59:04.400,0.138609
08:59:04.500,0.209955
08:59:04.600,-0.105419
08:59:04.700,0.142613
08:59:04.800,-0.002147
08:59:04.900,0.04569
08:59:05.000,-0.016071
08:59:05.100,0.146295
08:59:05.200,0.041685
08:59:05.300,-0.041724
08:59:05.400,-0.050088
08:59:05.500,-0.144153
08:59:05.600,-0.068593
08:59:05.700,0.146439
08:59:05.800,0.12996
08:59:05.900,-0.07681
08:59:06.000,-0.131762
08:59:06.100,0.114213
08:59:06.200,0.051496
08:59:06.300,-0.237126
08:59:06.400,0.345567
08:59:06.500,0.001398
08:59:06.600,0.2042
08:59:06.700,0.020904
08:59:06.800,-0.124889
08:59:06.900,0.023285
08:59:07.000,-0.176107
08:59:07.100,-0.015111
08:59:07.200,-0.130564
08:59:07.300,-0.02453
08:59:07.400,0.029761
08:59:07.500,0.035462
08:59:07.600,-0.175178
08:59:07.700,-0.077377
08:59:07.800,-0.237031
08:59:07.900,0.074503
08:59:08.000,0.024337
08:59:08.100,-0.140984
08:59:08.200,0.168708
08:59:08.300,0.055988
08:59:08.400,-0.012628
08:59:08.500,-0.056798
08:59:08.600,-0.076506
08:59:08.700,-0.094707
08:59:08.800,0.140875
08:59:08.900,0.032936
08:59:09.000,-0.125876
08:59:09.100,0.155624
08:59:09.200,-0.010847
08:59:09.300,-0.110281
08:59:09.400,0.237056
08:59:09.500,-0.131399
08:59:09.600,-0.099028
08:59:09.700,2.5e-05
08:59:09.800,0.038667
08:59:09.900,-0.090344
08:59:10.000,-0.265301
08:59:10.100,0.003898
08:59:10.200,-0.125517
08:59:10.300,-0.043087
08:59:10.400,-0.097229
08:59:10.500,-0.130034
08:59:10.600,-0.031975
08:59:10.700,-0.075853
08:59:10.800,-0.100807
08:59:10.900,0.115874
08:59:11.000,-0.119391
08:59:11.100,-0.0303
08:59:11.200,-0.004498
08:59:11.300,-0.202874
08:59:11.400,-0.134124
08:59:11.500,-0.004746
08:59:11.600,-0.00924
08:59:11.700,-0.09458
08:59:11.800,-0.003124
08:59:11.900,0.032123
08:59:12.000,0.070419
08:59:12.100,0.079973
08:59:12.200,0.145089
08:59:12.300,0.012917
08:59:12.400,-0.166674
08:59:12.500,-0.035489
08:59:12.600,-0.152287
08:59:12.700,0.101405
08:59:12.800,0.164774
08:59:12.900,-0.000735
08:59:13.000,0.139479
08:59:13.100,0.131281
08:59:13.200,0.036441
08:59:13.300,0.0632
08:59:13.400,0.113846
08:59:13.500,-0.167521
08:59:13.600,0.029738
08:59:13.700,0.06649
08:59:13.800,-0.17214
08:59:13.900,0.229467
08:59:14.000,0.131102
08:59:14.100,0.132086
08:59:14.200,0.049067
08:59:14.300,-0.11383
08:59:14.400,-0.152217
08:59:14.500,-0.011906
08:59:14.600,0.083619
08:59:14.700,0.065099
08:59:14.800,0.205227
08:59:14.900,-0.037285
08:59:15.000,-0.043203
08:59:15.100,0.000932
08:59:15.200,-0.138744
08:59:15.300,0.180226
08:59:15.400,-0.030006
08:59:15.500,0.030389
08:59:15.600,0.097718
08:59:15.700,-0.090316
08:59:15.800,0.033286
08:59:15.900,-0.00092
08:59:16.000,0.117046
08:59:16.100,0.00101
08:59:16.200,-0.342827
08:59:16.300,-0.112134
08:59:16.400,-0.17997
08:59:16.500,0.231264
08:59:16.600,0.169749
08:59:16.700,-0.258046
08:59:16.800,-0.121265
08:59:16.900,-0.166192
08:59:17.000,0.025973
08:59:17.100,-0.114708
08:59:17.200,-0.031858
08:59:17.300,-0.165263
08:59:17.400,0.051638
08:59:17.500,-0.201512
08:59:17.600,0.30037
08:59:17.700,0.180521
08:59:17.800,0.297801
08:59:17.900,0.072767
08:59:18.000,0.186839
08:59:18.100,0.107134
08:59:18.200,-0.120538
08:59:18.300,-0.044671
08:59:18.400,0.050886
08:59:18.500,0.138266
08:59:18.600,-0.000791
08:59:18.700,0.066552
08:59:18.800,-0.039919
08:59:18.900,-0.049488
08:59:19.000,-0.176585
08:59:19.100,0.053124
08:59:19.200,-0.05906
08:59:19.300,-0.154186
08:59:19.400,-0.07115
08:59:19.500,0.034235
08:59:19.600,0.080172
08:59:19.700,-0.022135
08:59:19.800,0.128182
08:59:19.900,0.17883
08:59:20.000,-0.03441
08:59:20.100,0.116848
08:59:20.200,-0.080087
08:59:20.300,-0.156043
08:59:20.400,-0.113373
08:59:20.500,-0.103747
08:59:20.600,-0.052529
08:59:20.700,0.23787
08:59:20.800,-0.062833
08:59:20.900,-0.045173
08:59:21.000,0.018433
08:59:21.100,-0.158483
08:59:21.200,0.017509
08:59:21.300,0.078805
08:59:21.400,0.177911
08:59:21.500,0.157662
08:59:21.600,0.043573
08:59:21.700,-0.026804
08:59:21.800,-0.019865
08:59:21.900,0.048902
08:59:22.000,-0.005595
08:59:22.100,-0.010888
08:59:22.200,-0.112144
08:59:22.300,0.08048
08:59:22.400,0.03573
08:59:22.500,-0.090755
08:59:22.600,0.178682
08:59:22.700,0.025024
08:59:22.800,-0.170891
08:59:22.900,0.113387
08:59:23.000,-0.080719
08:59:23.100,-0.049175
08:59:23.200,-0.022431
08:59:23.300,0.103586
08:59:23.400,-0.006928
08:59:23.500,0.074202
08:59:23.600,-0.188831
08:59:23.700,-0.1324
08:59:23.800,0.003836
08:59:23.900,-0.08702
08:59:24.000,-0.024522
08:59:24.100,0.089507
08:59:24.200,-0.09638
08:59:24.300,-0.088241
08:59:24.400,0.013167
08:59:24.500,-0.255159
08:59:24.600,0.120909
08:59:24.700,0.015616
08:59:24.800,0.011167
08:59:24.900,-0.064718
08:59:25.000,0.082688
08:59:25.100,-0.01937
08:59:25.200,0.147136
08:59:25.300,-0.205309
08:59:25.400,0.007592
08:59:25.500,0.005086
08:59:25.600,0.037353
08:59:25.700,0.168439
08:59:25.800,-0.163656
08:59:25.900,-0.167348
08:59:26.000,-0.042368
08:59:26.100,-0.227102
08:59:26.200,0.276786
08:59:26.300,0.11201
08:59:26.400,0.06207
08:59:26.500,0.093947
08:59:26.600,0.152523
08:59:26.700,-0.073758
08:59:26.800,-0.043322
08:59:26.900,0.041073
08:59:27.000,-0.060508
08:59:27.100,-0.111305
08:59:27.200,-0.063542
08:59:27.300,0.045805
08:59:27.400,0.109375
08:59:27.500,-0.152496
08:59:27.600,-0.02277
08:59:27.700,-0.006483
08:59:27.800,-0.166881
08:59:27.900,0.053861
08:59:28.000,-0.012849
08:59:28.100,-0.112626
08:59:28.200,-0.05788
08:59:28.300,0.064231
08:59:28.400,0.117344
08:59:28.500,0.040749
08:59:28.600,0.228732
08:59:28.700,0.133846
08:59:28.800,0.066161
08:59:28.900,-0.08433
08:59:29.000,0.135739
08:59:29.100,-0.092234
08:59:29.200,0.089616
08:59:29.300,-0.293283
08:59:29.400,-0.059255
08:59:29.500,-0.167727
08:59:29.600,-0.03435
08:59:29.700,-0.1847
08:59:29.800,0.003427
08:59:29.900,0.056049
08:59:30.000,-0.078012
08:59:30.100,-0.038405
08:59:30.200,0.026338
08:59:30.300,-0.005652
08:59:30.400,0.161751
08:59:30.500,-0.082247
08:59:30.600,0.064468
08:59:30.700,0.031227
08:59:30.800,-0.190649
08:59:30.900,0.010472
08:59:31.000,-0.010424
08:59:31.100,-0.059088
08:59:31.200,0.21292
08:59:31.300,0.154201
08:59:31.400,-0.091515
08:59:31.500,0.076238
08:59:31.600,0.089265
08:59:31.700,0.017505
08:59:31.800,-0.131773
08:59:31.900,-0.114283
08:59:32.000,0.063345
08:59:32.100,0.060822
08:59:32.200,-0.034244
08:59:32.300,0.157893
08:59:32.400,0.17921
08:59:32.500,0.177794
08:59:32.600,0.178305
08:59:32.700,-0.0019
08:59:32.800,-0.160182
08:59:32.900,-0.038689
08:59:33.000,-0.013779
08:59:33.100,-0.075568
08:59:33.200,-0.045699
08:59:33.300,-0.138656
08:59:33.400,0.085733
08:59:33.500,0.195396
08:59:33.600,0.285839
08:59:33.700,0.029788
08:59:33.800,-0.020593
08:59:33.900,-0.004435
08:59:34.000,0.163343
08:59:34.100,0.161315
08:59:34.200,-0.028871
08:59:34.300,0.144414
08:59:34.400,0.019394
08:59:34.500,-0.088263
08:59:34.600,-0.018555
08:59:34.700,0.20437
08:59:34.800,0.086603
08:59:34.900,-0.060812
08:59:35.000,0.11248
08:59:35.100,0.085671
08:59:35.200,-0.037195
08:59:35.300,-0.089594
08:59:35.400,-0.133353
08:59:35.500,-0.197313
08:59:35.600,-0.078511
08:59:35.700,-0.021323
08:59:35.800,0.151219
08:59:35.900,0.098913
08:59:36.000,0.023581
08:59:36.100,-0.224857
08:59:36.200,0.035432
08:59:36.300,-0.197453
08:59:36.400,0.104784
08:59:36.500,0.108177
08:59:36.600,0.006108
08:59:36.700,0.098022
08:59:36.800,0.121705
08:59:36.900,0.013148
08:59:37.000,-0.017387
08:59:37.100,-0.159449
08:59:37.200,-0.042608
08:59:37.300,-0.119591
08:59:37.400,-0.120799
08:59:37.500,-0.087951
08:59:37.600,-0.235385
08:59:37.700,0.117522
08:59:37.800,0.02628
08:59:37.900,0.139305
08:59:38.000,0.096235
08:59:38.100,0.059862
08:59:38.200,0.095307
08:59:38.300,0.018098
08:59:38.400,0.156608
08:59:38.500,-0.061171
08:59:38.600,-0.002416
08:59:38.700,-0.033503
08:59:38.800,0.242046
08:59:38.900,-0.075821
08:59:39.000,0.15453
08:59:39.100,-0.163602
08:59:39.200,0.012033
08:59:39.300,-0.021791
08:59:39.400,-0.122505
08:59:39.500,-0.079735
08:59:39.600,0.060368
08:59:39.700,-0.040376
08:59:39.800,-0.115822
08:59:39.900,0.107733
08:59:40.000,-0.002542
08:59:40.100,0.039746
08:59:40.200,0.131182
08:59:40.300,0.185498
08:59:40.400,-0.274329
08:59:40.500,-0.012892
08:59:40.600,-0.20123
08:59:40.700,0.327127
08:59:40.800,0.01809
08:59:40.900,0.116779
08:59:41.000,-0.075253
08:59:41.100,-0.042651
08:59:41.200,0.131924
08:59:41.300,0.061813
08:59:41.400,0.201327
08:59:41.500,-0.100126
08:59:41.600,-0.026166
08:59:41.700,0.061577
08:59:41.800,0.079882
08:59:41.900,0.050313
08:59:42.000,-0.158774
08:59:42.100,-0.113117
08:59:42.200,0.040994
08:59:42.300,-0.185199
08:59:42.400,-0.106324
08:59:42.500,0.004479
08:59:42.600,-0.093131
08:59:42.700,0.027514
08:59:42.800,-0.010753
08:59:42.900,-0.09458
08:59:43.000,-0.09174
08:59:43.100,0.153347
08:59:43.200,0.046095
08:59:43.300,0.029679
08:59:43.400,0.006583
08:59:43.500,-0.108891
08:59:43.600,-0.067724
08:59:43.700,-0.288087
08:59:43.800,-0.076381
08:59:43.900,-0.07436
08:59:44.000,0.065832
08:59:44.100,-0.072376
08:59:44.200,0.094308
08:59:44.300,-0.031168
08:59:44.400,0.017824
08:59:44.500,-0.003742
08:59:44.600,0.083975
08:59:44.700,0.144745
08:59:44.800,-0.118441
08:59:44.900,0.211132
08:59:45.000,-0.102812
08:59:45.100,-0.022112
08:59:45.200,-0.063473
08:59:45.300,0.180931
08:59:45.400,-0.127304
08:59:45.500,0.086105
08:59:45.600,-0.265004
08:59:45.700,0.097661
08:59:45.800,-0.022955
08:59:45.900,-0.044939
08:59:46.000,-0.083005
08:59:46.100,-0.007992
08:59:46.200,-0.042595
08:59:46.300,-0.178908
08:59:46.400,-0.094185
08:59:46.500,0.095809
08:59:46.600,-0.04832
08:59:46.700,-0.09487
08:59:46.800,0.00558
08:59:46.900,0.058632
08:59:47.000,0.078017
08:59:47.100,0.040547
08:59:47.200,0.145075
08:59:47.300,0.005901
08:59:47.400,-0.028332
08:59:47.500,0.104814
08:59:47.600,-0.085023
08:59:47.700,-0.048501
08:59:47.800,-0.19117
08:59:47.900,0.217666
08:59:48.000,0.250248
08:59:48.100,-0.021003
08:59:48.200,0.091616
08:59:48.300,0.083947
08:59:48.400,0.022728
08:59:48.500,0.145858
08:59:48.600,-0.151779
08:59:48.700,-0.022181
08:59:48.800,-0.250423
08:59:48.900,-0.121324
08:59:49.000,-0.195082
08:59:49.100,-0.220539
08:59:49.200,-0.059448
08:59:49.300,0.043786
08:59:49.400,-0.07983
08:59:49.500,-0.065412
08:59:49.600,-0.088167
08:59:49.700,0.016848
08:59:49.800,-0.072543
08:59:49.900,-0.120787
08:59:50.000,0.111879
08:59:50.100,-0.10468
08:59:50.200,-0.15262
08:59:50.300,0.08879
08:59:50.400,-0.202055
08:59:50.500,0.147522
08:59:50.600,-0.12312
08:59:50.700,0.00962
08:59:50.800,-0.11935
08:59:50.900,0.001554
08:59:51.000,-0.06252
08:59:51.100,-0.117902
08:59:51.200,-0.192435
08:59:51.300,-0.064892
08:59:51.400,0.057006
08:59:51.500,0.080924
08:59:51.600,-0.086232
08:59:51.700,-0.085947
08:59:51.800,-0.020919
08:59:51.900,0.000165
08:59:52.000,-0.000392
08:59:52.100,-0.052066
08:59:52.200,-0.043864
08:59:52.300,-0.034471
08:59:52.400,-0.289821
08:59:52.500,-0.048672
08:59:52.600,0.093856
08:59:52.700,0.16719
08:59:52.800,0.141172
08:59:52.900,0.01081
08:59:53.000,-0.142665
08:59:53.100,-0.065723
08:59:53.200,-0.091419
08:59:53.300,-0.169085
08:59:53.400,-0.113049
08:59:53.500,-0.087465
08:59:53.600,-0.167372
08:59:53.700,0.111933
08:59:53.800,0.073089
08:59:53.900,-0.005903
08:59:54.000,0.045803
08:59:54.100,0.036708
08:59:54.200,-0.088019
08:59:54.300,0.21587
08:59:54.400,-0.092236
08:59:54.500,-0.20016
08:59:54.600,0.019357
08:59:54.700,0.067711
08:59:54.800,-0.036227
08:59:54.900,0.149363
08:59:55.000,0.021675
08:59:55.100,-0.098476
08:59:55.200,-0.071251
08:59:55.300,0.017836
08:59:55.400,0.009661
08:59:55.500,0.145612
08:59:55.600,0.100175
08:59:55.700,-0.188119
08:59:55.800,-0.020247
08:59:55.900,-0.149147
08:59:56.000,0.175031
08:59:56.100,-0.116819
08:59:56.200,0.024251
08:59:56.300,-0.08374
08:59:56.400,-0.237427
08:59:56.500,-0.150638
08:59:56.600,-0.029929
08:59:56.700,0.068228
08:59:56.800,0.063719
08:59:56.900,-0.159688
08:59:57.000,0.037596
08:59:57.100,0.113975
08:59:57.200,0.061524
08:59:57.300,-0.043406
08:59:57.400,0.00577
08:59:57.500,0.018292
08:59:57.600,0.167644
08:59:57.700,0.20416
08:59:57.800,0.077387
08:59:57.900,0.00641
08:59:58.000,-0.003728
08:59:58.100,0.008715
08:59:58.200,0.024646
08:59:58.300,-0.06195
08:59:58.400,0.236176
08:59:58.500,-0.095033
08:59:58.600,0.155466
08:59:58.700,-0.263746
08:59:58.800,-0.033043
08:59:58.900,-0.04066
08:59:59.000,0.027446
08:59:59.100,-0.043719
08:59:59.200,0.16632
08:59:59.300,-0.029077
08:59:59.400,-0.123515
08:59:59.500,-0.115916
08:59:59.600,-0.056753
08:59:59.700,0.08692
08:59:59.800,0.108661
08:59:59.900,-0.144275
