time,movement
08:00:00,0.036566
08:00:00,-0.124798
08:00:00,0.090054
08:00:00,0.112868
08:00:00,-0.234124
08:00:00,-0.156262
08:00:00,0.015341
08:00:00,-0.037949
08:00:00,-0.002016
08:00:00,-0.102365
08:00:01,0.105528
08:00:01,0.093335
08:00:01,0.007924
08:00:01,0.135269
08:00:01,0.056101
08:00:01,-0.103115
08:00:01,0.04425
08:00:01,-0.115066
08:00:01,0.105414
08:00:01,-0.005991
08:00:02,-0.022183
08:00:02,-0.081712
08:00:02,0.146705
08:00:02,-0.018544
08:00:02,-0.051399
08:00:02,-0.042256
08:00:02,0.063877
08:00:02,0.043853
08:00:02,0.049528
08:00:02,0.051699
08:00:03,0.256998
08:00:03,-0.04877
08:00:03,-0.061469
08:00:03,-0.097653
08:00:03,0.073918
08:00:03,0.135477
08:00:03,-0.013674
08:00:03,-0.100819
08:00:03,-0.098938
08:00:03,0.078071
08:00:04,0.089191
08:00:04,0.065179
08:00:04,-0.079861
08:00:04,0.027859
08:00:04,0.014002
08:00:04,0.026243
08:00:04,0.104571
08:00:04,0.026831
08:00:04,0.08147
08:00:04,0.008109
08:00:05,0.034694
08:00:05,0.075755
08:00:05,-0.174859
08:00:05,-0.038361
08:00:05,-0.056445
08:00:05,-0.076665
08:00:05,-0.033017
08:00:05,0.179393
08:00:05,-0.1039
08:00:05,0.116193
08:00:06,-0.201944
08:00:06,-0.040186
08:00:06,0.01953
08:00:06,0.070347
08:00:06,0.085347
08:00:06,0.095202
08:00:06,-0.041847
08:00:06,-0.055482
08:00:06,0.102957
08:00:06,-0.022957
08:00:07,-0.153082
08:00:07,-0.135994
08:00:07,-0.110334
08:00:07,0.059659
08:00:07,0.017091
08:00:07,0.082858
08:00:07,-0.05127
08:00:07,0.019025
08:00:07,0.075071
08:00:07,-0.037122
08:00:08,0.054813
08:00:08,-0.079431
08:00:08,-0.043566
08:00:08,-0.045809
08:00:08,-0.143501
08:00:08,0.058437
08:00:08,-0.056328
08:00:08,0.001499
08:00:08,0.05769
08:00:08,0.053584
08:00:09,0.079846
08:00:09,-0.011818
08:00:09,-0.050796
08:00:09,-0.009566
08:00:09,-0.20248
08:00:09,-0.173653
08:00:09,-0.158724
08:00:09,-0.11967
08:00:09,0.047973
08:00:09,-0.108657
08:00:10,-0.04538
08:00:10,0.155907
08:00:10,-0.042752
08:00:10,0.088502
08:00:10,-0.112034
08:00:10,-0.024653
08:00:10,-0.114003
08:00:10,-0.040684
08:00:10,0.100837
08:00:10,-0.207278
08:00:11,0.052131
08:00:11,0.028528
08:00:11,-0.071298
08:00:11,-0.173527
08:00:11,0.008656
08:00:11,-0.063539
08:00:11,0.027921
08:00:11,0.002622
08:00:11,0.192213
08:00:11,-0.028723
08:00:12,-0.12282
08:00:12,0.021513
08:00:12,0.0264
08:00:12,0.163103
08:00:12,0.100213
08:00:12,0.042825
08:00:12,0.175596
08:00:12,-0.142652
08:00:12,-0.07677
08:00:12,-0.111189
08:00:13,-0.046777
08:00:13,-0.165202
08:00:13,0.076218
08:00:13,-0.026667
08:00:13,-0.176497
08:00:13,-0.121869
08:00:13,0.037622
08:00:13,0.100575
08:00:13,0.239608
08:00:13,0.349663
08:00:14,0.049729
08:00:14,-0.118745
08:00:14,-0.255846
08:00:14,0.032125
08:00:14,-0.097553
08:00:14,-0.049843
08:00:14,-0.073452
08:00:14,-0.016895
08:00:14,0.127918
08:00:14,0.018846
08:00:15,-0.019036
08:00:15,-0.124278
08:00:15,-0.200962
08:00:15,-0.058357
08:00:15,-0.006454
08:00:15,0.212152
08:00:15,0.015633
08:00:15,0.117929
08:00:15,-0.059915
08:00:15,-0.142193
08:00:16,-0.115814
08:00:16,-0.087027
08:00:16,0.255416
08:00:16,-0.098566
08:00:16,0.100619
08:00:16,-0.108351
08:00:16,0.111789
08:00:16,0.046194
08:00:16,-0.018797
08:00:16,-0.004892
08:00:17,-0.078575
08:00:17,0.053529
08:00:17,-0.054598
08:00:17,-0.147073
08:00:17,-0.153353
08:00:17,0.020711
08:00:17,0.189491
08:00:17,0.019199
08:00:17,-0.014237
08:00:17,0.034299
08:00:18,0.15672
08:00:18,0.026326
08:00:18,-0.049311
08:00:18,0.132755
08:00:18,0.051451
08:00:18,0.184291
08:00:18,0.021988
08:00:18,-0.146936
08:00:18,-0.164179
08:00:18,0.198111
08:00:19,0.20684
08:00:19,-0.021542
08:00:19,-0.045982
08:00:19,0.175373
08:00:19,-0.132845
08:00:19,-0.107367
08:00:19,0.077199
08:00:19,-0.047353
08:00:19,-0.000615
08:00:19,-0.019613
08:00:20,0.040509
08:00:20,0.168898
08:00:20,0.01087
08:00:20,0.077273
08:00:20,-0.246021
08:00:20,-0.005846
08:00:20,-0.101188
08:00:20,-0.146258
08:00:20,-0.105378
08:00:20,-0.040095
08:00:21,0.109908
08:00:21,-0.159167
08:00:21,0.003676
08:00:21,-0.0581
08:00:21,-0.039321
08:00:21,0.120331
08:00:21,0.064574
08:00:21,0.160488
08:00:21,-0.018541
08:00:21,-0.083513
08:00:22,-0.026863
08:00:22,0.0291
08:00:22,0.021189
08:00:22,-0.130127
08:00:22,0.010859
08:00:22,0.027387
08:00:22,0.302097
08:00:22,0.225221
08:00:22,-0.102389
08:00:22,-0.034486
08:00:23,-0.175613
08:00:23,-0.070885
08:00:23,0.037873
08:00:23,0.144702
08:00:23,-0.08749
08:00:23,-0.078498
08:00:23,-0.257675
08:00:23,-0.01952
08:00:23,-0.12749
08:00:23,-0.063533
08:00:24,-0.105223
08:00:24,-0.011312
08:00:24,-0.210927
08:00:24,-0.176045
08:00:24,0.25551
08:00:24,-0.154491
08:00:24,-0.131614
08:00:24,0.22043
08:00:24,0.348608
08:00:24,-0.140588
08:00:25,-0.04419
08:00:25,0.040987
08:00:25,0.207444
08:00:25,-0.118423
08:00:25,-0.029433
08:00:25,0.093281
08:00:25,0.052172
08:00:25,-0.045139
08:00:25,-0.016059
08:00:25,-0.164987
08:00:26,-0.028581
08:00:26,-0.031966
08:00:26,0.02786
08:00:26,-0.066639
08:00:26,0.056585
08:00:26,0.121526
08:00:26,0.018652
08:00:26,0.042211
08:00:26,0.006379
08:00:26,1e-05
08:00:27,-0.086587
08:00:27,0.037979
08:00:27,-0.011674
08:00:27,0.25118
08:00:27,0.188803
08:00:27,0.046302
08:00:27,-0.091567
08:00:27,-0.133489
08:00:27,0.142937
08:00:27,0.03153
08:00:28,0.057617
08:00:28,-0.20935
08:00:28,0.111293
08:00:28,0.05453
08:00:28,-0.133252
08:00:28,-0.056583
08:00:28,0.031646
08:00:28,0.006296
08:00:28,-0.035061
08:00:28,-0.012419
08:00:29,-0.030237
08:00:29,0.018308
08:00:29,0.176579
08:00:29,-0.307999
08:00:29,-0.028422
08:00:29,0.021181
08:00:29,0.035519
08:00:29,-0.04463
08:00:29,-0.210807
08:00:29,0.039359
08:00:30,0.207282
08:00:30,-0.184063
08:00:30,0.103659
08:00:30,-0.039423
08:00:30,-0.007359
08:00:30,-0.126348
08:00:30,-0.040135
08:00:30,0.156005
08:00:30,0.069919
08:00:30,0.207877
08:00:31,0.141289
08:00:31,0.05269
08:00:31,0.209272
08:00:31,0.052679
08:00:31,0.099359
08:00:31,-0.035589
08:00:31,0.007985
08:00:31,-0.083691
08:00:31,0.11875
08:00:31,-0.141396
08:00:32,0.093882
08:00:32,-0.022878
08:00:32,0.14055
08:00:32,0.090104
08:00:32,0.218478
08:00:32,0.087693
08:00:32,-0.188645
08:00:32,-0.008034
08:00:32,-0.140641
08:00:32,-0.062194
08:00:33,0.181347
08:00:33,0.076504
08:00:33,-0.083872
08:00:33,-0.121646
08:00:33,0.003934
08:00:33,-0.145987
08:00:33,-0.080537
08:00:33,0.037441
08:00:33,0.138637
08:00:33,0.073051
08:00:34,-0.274955
08:00:34,0.036524
08:00:34,0.008644
08:00:34,0.049667
08:00:34,0.193945
08:00:34,-0.247589
08:00:34,-0.070932
08:00:34,0.070909
08:00:34,-0.189791
08:00:34,0.177114
08:00:35,0.044203
08:00:35,0.10159
08:00:35,-0.068513
08:00:35,0.097652
08:00:35,0.128217
08:00:35,0.027945
08:00:35,0.028128
08:00:35,0.032441
08:00:35,-0.103601
08:00:35,-0.017703
08:00:36,-0.018303
08:00:36,0.046007
08:00:36,0.119979
08:00:36,-0.127024
08:00:36,-0.015001
08:00:36,0.177775
08:00:36,-0.089231
08:00:36,-0.09867
08:00:36,0.024277
08:00:36,0.101326
08:00:37,0.001371
08:00:37,0.159475
08:00:37,0.102815
08:00:37,0.101018
08:00:37,0.066494
08:00:37,0.279318
08:00:37,-0.024619
08:00:37,-0.240423
08:00:37,0.192511
08:00:37,-0.054924
08:00:38,0.012946
08:00:38,0.157146
08:00:38,-0.192271
08:00:38,-0.150198
08:00:38,-0.192153
08:00:38,-0.095296
08:00:38,0.052756
08:00:38,0.062903
08:00:38,0.033153
08:00:38,-0.169532
08:00:39,-0.277212
08:00:39,0.006522
08:00:39,-0.056613
08:00:39,0.055126
08:00:39,0.084234
08:00:39,0.016589
08:00:39,0.091216
08:00:39,0.027505
08:00:39,0.063608
08:00:39,-0.084561
08:00:40,-0.021553
08:00:40,0.023613
08:00:40,0.098463
08:00:40,-0.047249
08:00:40,0.06254
08:00:40,-0.031901
08:00:40,-0.014105
08:00:40,0.099542
08:00:40,-0.239167
08:00:40,-0.155577
08:00:41,-0.177862
08:00:41,-0.280034
08:00:41,-0.081392
08:00:41,0.089932
08:00:41,-0.034186
08:00:41,0.023735
08:00:41,0.130706
08:00:41,0.159322
08:00:41,-0.008297
08:00:41,0.16243
08:00:42,0.011055
08:00:42,-0.100488
08:00:42,-0.071328
08:00:42,-0.177664
08:00:42,-0.106576
08:00:42,-0.042962
08:00:42,0.09643
08:00:42,0.206492
08:00:42,-0.165862
08:00:42,0.047139
08:00:43,-0.124865
08:00:43,0.056964
08:00:43,-0.01573
08:00:43,-0.219709
08:00:43,0.111396
08:00:43,-0.0726
08:00:43,-0.064068
08:00:43,-0.12837
08:00:43,-0.078514
08:00:43,0.051347
08:00:44,-0.022709
08:00:44,0.039439
08:00:44,0.043431
08:00:44,0.158479
08:00:44,-0.041134
08:00:44,-0.177223
08:00:44,0.128067
08:00:44,-0.039779
08:00:44,0.133751
08:00:44,0.046005
08:00:45,-0.015737
08:00:45,0.041853
08:00:45,0.234122
08:00:45,0.249238
08:00:45,0.008326
08:00:45,0.019223
08:00:45,0.129149
08:00:45,-0.101479
08:00:45,0.039968
08:00:45,-0.003104
08:00:46,0.037669
08:00:46,-0.100004
08:00:46,-0.190748
08:00:46,-0.248758
08:00:46,-0.134086
08:00:46,-0.055041
08:00:46,-0.035183
08:00:46,0.232468
08:00:46,0.132719
08:00:46,-0.115451
08:00:47,0.041725
08:00:47,-0.048849
08:00:47,-0.034124
08:00:47,0.022239
08:00:47,0.074301
08:00:47,-0.040711
08:00:47,0.127662
08:00:47,-0.137033
08:00:47,0.000761
08:00:47,0.311721
08:00:48,0.02677
08:00:48,0.171986
08:00:48,0.010982
08:00:48,0.069693
08:00:48,-0.006814
08:00:48,-0.020449
08:00:48,-0.093538
08:00:48,0.051636
08:00:48,-0.102184
08:00:48,0.07987
08:00:49,0.130234
08:00:49,0.043984
08:00:49,-0.03435
08:00:49,0.054476
08:00:49,-0.037041
08:00:49,0.112266
08:00:49,-0.219769
08:00:49,-0.040273
08:00:49,-0.238897
08:00:49,-0.179407
08:00:50,0.163663
08:00:50,0.107422
08:00:50,-0.086338
08:00:50,-0.1803
08:00:50,-0.355743
08:00:50,-0.065219
08:00:50,0.29045
08:00:50,0.052186
08:00:50,-0.067149
08:00:50,0.05581
08:00:51,-0.187315
08:00:51,-0.035679
08:00:51,0.011937
08:00:51,-0.010332
08:00:51,0.094897
08:00:51,0.041357
08:00:51,0.080199
08:00:51,-0.082605
08:00:51,0.107738
08:00:51,0.195472
08:00:52,-0.116418
08:00:52,-0.106523
08:00:52,0.160294
08:00:52,-0.022961
08:00:52,0.168459
08:00:52,-0.053104
08:00:52,0.174605
08:00:52,0.015778
08:00:52,0.030987
08:00:52,0.187766
08:00:53,-0.043412
08:00:53,-0.112935
08:00:53,-0.053828
08:00:53,0.05428
08:00:53,-0.187891
08:00:53,0.076497
08:00:53,-0.064653
08:00:53,0.137738
08:00:53,-0.287311
08:00:53,-0.094388
08:00:54,-0.202376
08:00:54,-0.099148
08:00:54,0.02972
08:00:54,-0.021507
08:00:54,-0.030405
08:00:54,-0.019102
08:00:54,0.024407
08:00:54,-0.121024
08:00:54,0.084822
08:00:54,0.07952
08:00:55,0.046205
08:00:55,0.066784
08:00:55,0.03557
08:00:55,0.244209
08:00:55,-0.010451
08:00:55,-0.03685
08:00:55,-0.090423
08:00:55,-0.123872
08:00:55,-0.149337
08:00:55,-0.106656
08:00:56,-0.008482
08:00:56,0.040115
08:00:56,0.006137
08:00:56,-0.091864
08:00:56,0.108022
08:00:56,0.08873
08:00:56,-0.019158
08:00:56,-0.07835
08:00:56,0.065811
08:00:56,0.022557
08:00:57,-0.173775
08:00:57,-0.008158
08:00:57,0.031444
08:00:57,-0.107963
08:00:57,0.022781
08:00:57,-0.174579
08:00:57,0.160342
08:00:57,0.149754
08:00:57,-0.030302
08:00:57,0.043615
08:00:58,-0.289191
08:00:58,-0.138762
08:00:58,-0.035253
08:00:58,-0.128656
08:00:58,0.085728
08:00:58,0.239676
08:00:58,-0.141194
08:00:58,-0.100496
08:00:58,0.028254
08:00:58,0.193334
08:00:59,-0.146685
08:00:59,0.029884
08:00:59,0.218556
08:00:59,-0.198211
08:00:59,-0.153728
08:00:59,-0.050833
08:00:59,-0.062471
08:00:59,0.097512
08:00:59,0.028999
08:00:59,-0.212995
08:01:00,0.061849
08:01:00,-0.069305
08:01:00,0.152934
08:01:00,-0.075311
08:01:00,-0.076394
08:01:00,0.064936
08:01:00,0.091551
08:01:00,0.053772
08:01:00,-0.202272
08:01:00,0.064564
08:01:01,-0.124117
08:01:01,0.028233
08:01:01,-0.170848
08:01:01,0.053559
08:01:01,-0.096792
08:01:01,-0.153916
08:01:01,0.085658
08:01:01,0.028997
08:01:01,-0.073677
08:01:01,0.174141
08:01:02,-0.052878
08:01:02,0.003853
08:01:02,0.03227
08:01:02,-0.07436
08:01:02,0.056536
08:01:02,-0.064014
08:01:02,-0.049397
08:01:02,0.163517
08:01:02,-0.12487
08:01:02,-0.289534
08:01:03,0.193312
08:01:03,0.305919
08:01:03,-0.048632
08:01:03,-0.232421
08:01:03,-0.037258
08:01:03,-0.034347
08:01:03,-0.022791
08:01:03,-0.133607
08:01:03,0.069547
08:01:03,0.062941
08:01:04,-0.179329
08:01:04,0.083904
08:01:04,0.246322
08:01:04,0.020635
08:01:04,-0.040479
08:01:04,-0.01704
08:01:04,0.073831
08:01:04,-0.207681
08:01:04,0.019727
08:01:04,-0.046856
08:01:05,0.221739
08:01:05,-0.020901
08:01:05,0.200147
08:01:05,-0.132449
08:01:05,0.070471
08:01:05,0.038328
08:01:05,-0.104286
08:01:05,0.021288
08:01:05,0.145502
08:01:05,-0.038855
08:01:06,-0.203036
08:01:06,-0.002108
08:01:06,-0.108291
08:01:06,-0.041081
08:01:06,-0.009791
08:01:06,-0.204678
08:01:06,-0.193879
08:01:06,0.057848
08:01:06,-0.062726
08:01:06,-0.307769
08:01:07,0.094181
08:01:07,0.032684
08:01:07,-0.085665
08:01:07,-0.15802
08:01:07,0.100297
08:01:07,0.041922
08:01:07,0.285912
08:01:07,0.050423
08:01:07,0.046524
08:01:07,-0.020031
08:01:08,0.098013
08:01:08,0.07501
08:01:08,0.150207
08:01:08,-0.062559
08:01:08,-0.052249
08:01:08,-0.057492
08:01:08,0.094896
08:01:08,0.179805
08:01:08,-0.055061
08:01:08,-0.050973
08:01:09,0.037689
08:01:09,-0.029491
08:01:09,0.114246
08:01:09,-0.270213
08:01:09,-0.099205
08:01:09,-0.09389
08:01:09,-0.278443
08:01:09,-0.115637
08:01:09,-0.109819
08:01:09,-0.024133
08:01:10,0.133556
08:01:10,-0.029407
08:01:10,-0.123698
08:01:10,-0.006835
08:01:10,0.125901
08:01:10,-0.117115
08:01:10,-0.109269
08:01:10,0.067026
08:01:10,-0.026584
08:01:10,0.077698
08:01:11,-0.001638
08:01:11,0.0842
08:01:11,-0.124209
08:01:11,-0.00145
08:01:11,-0.025283
08:01:11,-0.145907
08:01:11,-0.187617
08:01:11,0.08229
08:01:11,-0.042114
08:01:11,-0.122674
08:01:12,-0.011541
08:01:12,0.135362
08:01:12,-0.273689
08:01:12,-0.179597
08:01:12,-0.110746
08:01:12,0.175341
08:01:12,0.03391
08:01:12,0.092078
08:01:12,-0.136819
08:01:12,-0.134344
08:01:13,0.053738
08:01:13,0.006993
08:01:13,0.065849
08:01:13,-0.022521
08:01:13,0.033377
08:01:13,0.018974
08:01:13,0.093332
08:01:13,0.096841
08:01:13,-0.194385
08:01:13,-0.269672
08:01:14,0.120209
08:01:14,0.142527
08:01:14,-0.122475
08:01:14,-0.22318
08:01:14,0.011884
08:01:14,0.111701
08:01:14,0.215711
08:01:14,0.061956
08:01:14,-0.044606
08:01:14,-0.107176
08:01:15,0.001374
08:01:15,-0.035912
08:01:15,-0.121808
08:01:15,0.245851
08:01:15,0.21422
08:01:15,0.136326
08:01:15,-0.110502
08:01:15,0.102602
08:01:15,0.076755
08:01:15,0.053105
08:01:16,0.14996
08:01:16,0.076245
08:01:16,0.088802
08:01:16,0.076429
08:01:16,0.040895
08:01:16,-0.214033
08:01:16,0.010035
08:01:16,-0.066743
08:01:16,-0.153581
08:01:16,0.201818
08:01:17,0.207479
08:01:17,0.163106
08:01:17,0.030626
08:01:17,0.162075
08:01:17,0.001446
08:01:17,0.024336
08:01:17,-0.131217
08:01:17,0.047639
08:01:17,0.007246
08:01:17,-0.156318
08:01:18,-0.006144
08:01:18,-0.009568
08:01:18,0.215707
08:01:18,0.107306
08:01:18,0.001373
08:01:18,0.029854
08:01:18,0.005305
08:01:18,-0.02435
08:01:18,-0.129891
08:01:18,-0.018126
08:01:19,-0.089532
08:01:19,-0.150038
08:01:19,0.061347
08:01:19,0.046952
08:01:19,-0.214405
08:01:19,-0.014722
08:01:19,0.119484
08:01:19,0.127107
08:01:19,0.1231
08:01:19,0.00467
08:01:20,-0.101405
08:01:20,-0.130044
08:01:20,0.041353
08:01:20,0.045514
08:01:20,0.15448
08:01:20,0.131998
08:01:20,-0.015867
08:01:20,-0.149305
08:01:20,-0.038293
08:01:20,0.026068
08:01:21,-0.02425
08:01:21,-0.069347
08:01:21,0.030346
08:01:21,-0.060475
08:01:21,-0.075368
08:01:21,0.037374
08:01:21,-0.048239
08:01:21,0.029293
08:01:21,0.032784
08:01:21,-0.136731
08:01:22,-0.057749
08:01:22,0.172533
08:01:22,-0.13945
08:01:22,-0.253999
08:01:22,-0.223421
08:01:22,0.003493
08:01:22,0.00371
08:01:22,-0.014113
08:01:22,0.145703
08:01:22,-0.32074
08:01:23,0.047512
08:01:23,0.187373
08:01:23,-0.135334
08:01:23,-0.045577
08:01:23,-0.090347
08:01:23,-0.107322
08:01:23,-0.039151
08:01:23,0.171298
08:01:23,0.220486
08:01:23,-0.040313
08:01:24,0.228607
08:01:24,0.004269
08:01:24,0.210443
08:01:24,-0.011196
08:01:24,0.015727
08:01:24,0.043857
08:01:24,0.381462
08:01:24,0.102154
08:01:24,-0.084872
08:01:24,0.11628
08:01:25,-0.04342
08:01:25,-0.05877
08:01:25,0.109032
08:01:25,0.00373
08:01:25,0.033429
08:01:25,0.001678
08:01:25,0.04039
08:01:25,0.050996
08:01:25,-0.232436
08:01:25,0.079989
08:01:26,-0.117842
08:01:26,-0.173076
08:01:26,-0.007009
08:01:26,0.010078
08:01:26,-0.083221
08:01:26,0.099724
08:01:26,-0.161061
08:01:26,-0.048833
08:01:26,-0.070185
08:01:26,-0.00559
08:01:27,0.033464
08:01:27,-0.120947
08:01:27,0.086914
08:01:27,0.00756
08:01:27,-0.227034
08:01:27,-0.235031
08:01:27,-0.001478
08:01:27,-0.026516
08:01:27,-0.01241
08:01:27,-0.003358
08:01:28,0.027067
08:01:28,0.113718
08:01:28,-0.133333
08:01:28,-0.140637
08:01:28,-0.131199
08:01:28,0.03467
08:01:28,0.149394
08:01:28,-0.051761
08:01:28,-0.300204
08:01:28,-0.204479
08:01:29,-0.099964
08:01:29,-0.066927
08:01:29,-0.049007
08:01:29,0.00463
08:01:29,-0.03741
08:01:29,0.125921
08:01:29,-0.081122
08:01:29,-0.103478
08:01:29,0.057465
08:01:29,-0.184277
08:01:30,0.046763
08:01:30,0.012306
08:01:30,-0.017693
08:01:30,0.190593
08:01:30,-0.074665
08:01:30,0.247236
08:01:30,-0.027052
08:01:30,-0.153242
08:01:30,0.00839
08:01:30,-0.129149
08:01:31,-0.090211
08:01:31,0.047644
08:01:31,0.06667
08:01:31,-0.07466
08:01:31,0.118489
08:01:31,0.138901
08:01:31,0.172356
08:01:31,0.06353
08:01:31,0.163611
08:01:31,-0.225696
08:01:32,-0.038149
08:01:32,-0.104041
08:01:32,0.014307
08:01:32,-0.068574
08:01:32,-0.019939
08:01:32,0.225861
08:01:32,-0.020366
08:01:32,0.049655
08:01:32,-0.027872
08:01:32,0.009086
08:01:33,0.000722
08:01:33,0.053799
08:01:33,0.139837
08:01:33,0.197687
08:01:33,0.037154
08:01:33,0.070746
08:01:33,-0.138104
08:01:33,-0.010545
08:01:33,0.112835
08:01:33,0.103916
08:01:34,0.025393
08:01:34,0.106367
08:01:34,0.058892
08:01:34,0.144037
08:01:34,0.034723
08:01:34,-0.042684
08:01:34,0.040301
08:01:34,-0.351671
08:01:34,0.045946
08:01:34,-0.43781
08:01:35,-0.206816
08:01:35,0.054212
08:01:35,0.057304
08:01:35,-0.139491
08:01:35,-0.085452
08:01:35,0.164465
08:01:35,-0.058084
08:01:35,0.26915
08:01:35,-0.00023
08:01:35,0.048964
08:01:36,0.194025
08:01:36,0.015723
08:01:36,-0.120281
08:01:36,-0.013167
08:01:36,-0.004273
08:01:36,-0.163769
08:01:36,-0.0307
08:01:36,-0.089063
08:01:36,0.110923
08:01:36,0.004153
08:01:37,-0.033935
08:01:37,-0.012742
08:01:37,0.026775
08:01:37,0.074018
08:01:37,-0.119965
08:01:37,-0.124991
08:01:37,0.132562
08:01:37,-0.04948
08:01:37,-0.170021
08:01:37,0.053258
08:01:38,0.055604
08:01:38,-0.183686
08:01:38,0.027538
08:01:38,0.08827
08:01:38,0.044926
08:01:38,0.075838
08:01:38,-0.168512
08:01:38,0.039725
08:01:38,-0.036314
08:01:38,-0.057935
08:01:39,0.104467
08:01:39,0.177513
08:01:39,0.215324
08:01:39,0.157777
08:01:39,-0.013168
08:01:39,0.042326
08:01:39,0.092019
08:01:39,0.014541
08:01:39,0.015692
08:01:39,0.09885
08:01:40,-0.007114
08:01:40,-0.087514
08:01:40,-0.049737
08:01:40,0.076069
08:01:40,0.000359
08:01:40,0.040825
08:01:40,0.08041
08:01:40,-0.044981
08:01:40,0.09075
08:01:40,0.045461
08:01:41,-0.148178
08:01:41,0.173077
08:01:41,-0.060089
08:01:41,-0.198611
08:01:41,-0.125405
08:01:41,-0.122525
08:01:41,0.006261
08:01:41,-0.032862
08:01:41,-0.04042
08:01:41,0.074364
08:01:42,0.040785
08:01:42,0.037926
08:01:42,0.049179
08:01:42,0.073936
08:01:42,-0.252954
08:01:42,-0.043733
08:01:42,-0.261625
08:01:42,0.004327
08:01:42,-0.000556
08:01:42,0.125464
08:01:43,0.142516
08:01:43,0.024333
08:01:43,-0.060043
08:01:43,0.058219
08:01:43,-0.06335
08:01:43,-0.000167
08:01:43,0.118336
08:01:43,-0.066933
08:01:43,0.096681
08:01:43,0.081288
08:01:44,-0.114575
08:01:44,0.116867
08:01:44,0.083828
08:01:44,0.012231
08:01:44,-0.091479
08:01:44,-0.103105
08:01:44,-0.06452
08:01:44,0.065111
08:01:44,-0.114675
08:01:44,0.052501
08:01:45,-0.149011
08:01:45,-0.024488
08:01:45,0.013158
08:01:45,0.293416
08:01:45,-0.165278
08:01:45,0.176642
08:01:45,0.017981
08:01:45,0.049341
08:01:45,0.014202
08:01:45,0.053367
08:01:46,-0.018442
08:01:46,0.174486
08:01:46,-0.054777
08:01:46,0.135868
08:01:46,-0.077324
08:01:46,-0.00723
08:01:46,-0.128636
08:01:46,0.054603
08:01:46,0.173415
08:01:46,-0.009283
08:01:47,-0.023626
08:01:47,-0.133754
08:01:47,-0.027515
08:01:47,-0.191135
08:01:47,-0.109545
08:01:47,0.027214
08:01:47,0.158282
08:01:47,0.337105
08:01:47,-0.07039
08:01:47,0.172236
08:01:48,0.02925
08:01:48,-0.01815
08:01:48,0.051911
08:01:48,0.00743
08:01:48,0.013247
08:01:48,-0.049
08:01:48,-0.167773
08:01:48,-0.185235
08:01:48,0.078389
08:01:48,-0.033204
08:01:49,-0.071531
08:01:49,0.001021
08:01:49,0.095392
08:01:49,0.021644
08:01:49,-0.078727
08:01:49,0.147155
08:01:49,0.189502
08:01:49,0.059347
08:01:49,0.11684
08:01:49,0.149035
08:01:50,0.135612
08:01:50,0.073692
08:01:50,0.071802
08:01:50,0.062359
08:01:50,-0.131681
08:01:50,0.084087
08:01:50,-0.162698
08:01:50,-0.095352
08:01:50,0.156428
08:01:50,0.100826
08:01:51,0.178488
08:01:51,-0.032601
08:01:51,-0.13827
08:01:51,-0.028852
08:01:51,0.012244
08:01:51,0.009479
08:01:51,0.136042
08:01:51,-0.043352
08:01:51,0.042244
08:01:51,-0.118635
08:01:52,0.054038
08:01:52,0.000373
08:01:52,-0.089978
08:01:52,-0.0283
08:01:52,-0.022101
08:01:52,-0.032419
08:01:52,0.212561
08:01:52,-0.011814
08:01:52,-0.029268
08:01:52,-0.251694
08:01:53,-0.107305
08:01:53,-0.031569
08:01:53,-0.082302
08:01:53,0.165805
08:01:53,-0.019793
08:01:53,0.154613
08:01:53,0.007405
08:01:53,0.004467
08:01:53,-0.010656
08:01:53,0.000456
08:01:54,0.206255
08:01:54,-0.278353
08:01:54,-0.240185
08:01:54,-0.06518
08:01:54,0.001743
08:01:54,0.082813
08:01:54,0.05677
08:01:54,-0.04611
08:01:54,0.122285
08:01:54,0.123623
08:01:55,0.022087
08:01:55,0.115519
08:01:55,0.032717
08:01:55,-0.067378
08:01:55,0.083738
08:01:55,0.013274
08:01:55,0.000161
08:01:55,0.176754
08:01:55,-0.294105
08:01:55,-0.170122
08:01:56,-0.142448
08:01:56,-0.043591
08:01:56,-0.030553
08:01:56,-0.180879
08:01:56,-0.118219
08:01:56,-0.103301
08:01:56,0.294891
08:01:56,0.216209
08:01:56,-0.04941
08:01:56,-0.04363
08:01:57,-0.137904
08:01:57,-0.228976
08:01:57,-0.014026
08:01:57,-0.119742
08:01:57,-0.010182
08:01:57,-0.192025
08:01:57,-0.091437
08:01:57,0.017835
08:01:57,0.043945
08:01:57,0.050097
08:01:58,-0.158459
08:01:58,0.102562
08:01:58,-0.096025
08:01:58,0.075943
08:01:58,-0.001277
08:01:58,-0.165166
08:01:58,-0.037944
08:01:58,0.043844
08:01:58,0.073556
08:01:58,-0.016919
08:01:59,0.183813
08:01:59,0.120901
08:01:59,-0.030798
08:01:59,0.090015
08:01:59,0.232055
08:01:59,0.235258
08:01:59,-0.14736
08:01:59,-0.111184
08:01:59,0.17819
08:01:59,-0.126994
08:02:00,-0.158705
08:02:00,-0.058343
08:02:00,0.050427
08:02:00,-0.012288
08:02:00,-0.078068
08:02:00,-0.080905
08:02:00,-0.08548
08:02:00,-0.105541
08:02:00,0.273796
08:02:00,0.035701
08:02:01,0.106411
08:02:01,-0.058689
08:02:01,-0.022315
08:02:01,-0.085626
08:02:01,-0.318205
08:02:01,-0.165361
08:02:01,-0.217274
08:02:01,-0.269974
08:02:01,-0.143443
08:02:01,0.158995
08:02:02,-0.005332
08:02:02,0.154868
08:02:02,0.049318
08:02:02,0.093907
08:02:02,-0.108108
08:02:02,0.062874
08:02:02,0.087446
08:02:02,-0.069198
08:02:02,0.067145
08:02:02,0.067943
08:02:03,-0.065946
08:02:03,-0.134732
08:02:03,-0.142095
08:02:03,0.010381
08:02:03,0.039241
08:02:03,-0.095103
08:02:03,0.00319
08:02:03,0.068464
08:02:03,0.074183
08:02:03,0.186226
08:02:04,0.153238
08:02:04,-0.120155
08:02:04,0.20203
08:02:04,-0.063717
08:02:04,0.125385
08:02:04,0.008158
08:02:04,-0.049458
08:02:04,-0.216924
08:02:04,-0.020588
08:02:04,-0.187126
08:02:05,0.116076
08:02:05,0.182015
08:02:05,-0.095629
08:02:05,0.036236
08:02:05,-0.087047
08:02:05,-0.075418
08:02:05,0.092939
08:02:05,-0.004625
08:02:05,0.208758
08:02:05,-0.057868
08:02:06,0.11992
08:02:06,0.01169
08:02:06,0.095493
08:02:06,-0.053659
08:02:06,-0.005947
08:02:06,-0.01386
08:02:06,-0.100327
08:02:06,0.07945
08:02:06,0.07803
08:02:06,0.071227
08:02:07,0.184436
08:02:07,0.173921
08:02:07,-0.044993
08:02:07,0.044766
08:02:07,-0.074832
08:02:07,0.002803
08:02:07,-0.07197
08:02:07,0.194408
08:02:07,0.043644
08:02:07,-0.026163
08:02:08,0.143234
08:02:08,-0.260474
08:02:08,-0.241692
08:02:08,0.095501
08:02:08,0.007256
08:02:08,0.030054
08:02:08,-0.159168
08:02:08,-0.002788
08:02:08,0.240421
08:02:08,0.098904
08:02:09,0.020365
08:02:09,-0.052686
08:02:09,-0.047349
08:02:09,-0.255504
08:02:09,0.030917
08:02:09,0.101458
08:02:09,-0.189074
08:02:09,-0.07937
08:02:09,-0.138896
08:02:09,-0.115842
08:02:10,0.006418
08:02:10,-0.250128
08:02:10,0.073712
08:02:10,0.090463
08:02:10,-0.030132
08:02:10,-0.297685
08:02:10,-0.11957
08:02:10,0.147948
08:02:10,-0.333359
08:02:10,-0.041703
08:02:11,-0.1416
08:02:11,0.096548
08:02:11,-0.081014
08:02:11,0.048474
08:02:11,0.067855
08:02:11,0.220347
08:02:11,-0.024353
08:02:11,0.045125
08:02:11,-0.178207
08:02:11,0.14285
08:02:12,-0.091261
08:02:12,-0.06729
08:02:12,-0.00267
08:02:12,-0.187546
08:02:12,0.027452
08:02:12,0.116096
08:02:12,0.035152
08:02:12,-0.190668
08:02:12,-0.014857
08:02:12,0.089043
08:02:13,-0.225359
08:02:13,-0.128972
08:02:13,0.105185
08:02:13,0.032411
08:02:13,0.049437
08:02:13,0.223139
08:02:13,0.056226
08:02:13,0.078947
08:02:13,0.325289
08:02:13,-0.025657
08:02:14,-0.095746
08:02:14,0.051336
08:02:14,0.052679
08:02:14,-0.063206
08:02:14,-0.123888
08:02:14,0.277181
08:02:14,0.039221
08:02:14,-0.087874
08:02:14,0.109912
08:02:14,-0.013097
08:02:15,-0.030346
08:02:15,0.067473
08:02:15,-0.155026
08:02:15,0.042315
08:02:15,0.229555
08:02:15,0.055941
08:02:15,-0.045145
08:02:15,-0.060853
08:02:15,-0.049241
08:02:15,-0.030476
08:02:16,-0.045337
08:02:16,0.109957
08:02:16,-0.207985
08:02:16,0.10344
08:02:16,-0.045562
08:02:16,0.045234
08:02:16,-0.135239
08:02:16,0.159436
08:02:16,0.149476
08:02:16,0.115151
08:02:17,-0.181771
08:02:17,0.099495
08:02:17,0.048583
08:02:17,-0.192633
08:02:17,-0.002916
08:02:17,0.043744
08:02:17,0.066729
08:02:17,0.021271
08:02:17,0.034948
08:02:17,0.176833
08:02:18,0.147124
08:02:18,-0.344047
08:02:18,-0.038093
08:02:18,-0.019758
08:02:18,-0.210252
08:02:18,0.011302
08:02:18,0.149851
08:02:18,-0.130388
08:02:18,0.040368
08:02:18,-0.109899
08:02:19,-0.080629
08:02:19,0.177287
08:02:19,-0.065107
08:02:19,0.055465
08:02:19,-0.224546
08:02:19,0.223478
08:02:19,0.072318
08:02:19,-0.0219
08:02:19,0.069066
08:02:19,-0.169178
08:02:20,0.141904
08:02:20,-0.038878
08:02:20,-0.024488
08:02:20,-0.058999
08:02:20,-0.069678
08:02:20,0.08336
08:02:20,0.030709
08:02:20,0.07821
08:02:20,-0.001055
08:02:20,0.061584
08:02:21,-0.050262
08:02:21,0.267568
08:02:21,-0.188152
08:02:21,0.151312
08:02:21,0.164149
08:02:21,-0.102259
08:02:21,0.267513
08:02:21,0.119459
08:02:21,0.116537
08:02:21,0.003363
08:02:22,-0.026067
08:02:22,-0.025129
08:02:22,0.046864
08:02:22,0.168142
08:02:22,0.021758
08:02:22,-0.109373
08:02:22,0.098931
08:02:22,0.110538
08:02:22,0.078559
08:02:22,0.08946
08:02:23,-0.032511
08:02:23,-0.111479
08:02:23,-0.104183
08:02:23,-0.196256
08:02:23,0.028434
08:02:23,-0.010014
08:02:23,-0.052799
08:02:23,-0.354674
08:02:23,-0.149678
08:02:23,0.134501
08:02:24,-0.079755
08:02:24,0.043271
08:02:24,-0.166882
08:02:24,0.172645
08:02:24,-0.017283
08:02:24,0.034805
08:02:24,0.279094
08:02:24,0.181973
08:02:24,-0.036788
08:02:24,-0.071186
08:02:25,-0.039065
08:02:25,0.061188
08:02:25,-0.012627
08:02:25,-0.047429
08:02:25,0.176062
08:02:25,-0.013705
08:02:25,0.275951
08:02:25,0.010889
08:02:25,0.214238
08:02:25,0.042878
08:02:26,0.115555
08:02:26,-0.086953
08:02:26,-0.102451
08:02:26,0.055165
08:02:26,0.118626
08:02:26,0.004831
08:02:26,-0.154367
08:02:26,-0.163231
08:02:26,-0.171256
08:02:26,-0.212115
08:02:27,0.013138
08:02:27,0.135005
08:02:27,-0.00161
08:02:27,-0.27125
08:02:27,-0.022891
08:02:27,-0.019536
08:02:27,0.25152
08:02:27,-0.174857
08:02:27,-0.046881
08:02:27,0.204702
08:02:28,0.053997
08:02:28,0.067598
08:02:28,0.01375
08:02:28,0.039593
08:02:28,0.093313
08:02:28,-0.097138
08:02:28,0.105367
08:02:28,-0.16476
08:02:28,0.039404
08:02:28,0.021449
08:02:29,-0.073955
08:02:29,-0.002722
08:02:29,-0.074705
08:02:29,-0.128604
08:02:29,-0.042434
08:02:29,-0.132479
08:02:29,0.038736
08:02:29,-0.13801
08:02:29,0.085437
08:02:29,-0.141777
08:02:30,-0.067955
08:02:30,-0.074952
08:02:30,0.159018
08:02:30,0.039635
08:02:30,-0.025408
08:02:30,0.059846
08:02:30,-0.252863
08:02:30,-0.005176
08:02:30,0.239702
08:02:30,0.015882
08:02:31,0.00815
08:02:31,0.065775
08:02:31,0.107473
08:02:31,-0.239696
08:02:31,-0.201879
08:02:31,0.025235
08:02:31,-0.085785
08:02:31,0.157443
08:02:31,-0.037821
08:02:31,-0.232144
08:02:32,-0.152162
08:02:32,-0.329961
08:02:32,-0.028095
08:02:32,-0.022606
08:02:32,-0.050936
08:02:32,0.129465
08:02:32,0.143822
08:02:32,-0.020447
08:02:32,-0.256163
08:02:32,0.074074
08:02:33,0.066643
08:02:33,0.037127
08:02:33,0.117778
08:02:33,-0.139779
08:02:33,0.241051
08:02:33,-0.115131
08:02:33,0.089907
08:02:33,-0.202482
08:02:33,-0.111632
08:02:33,0.181964
08:02:34,-0.031308
08:02:34,0.100791
08:02:34,0.028435
08:02:34,-0.012595
08:02:34,0.163662
08:02:34,-0.028399
08:02:34,-0.213689
08:02:34,-0.096389
08:02:34,0.066143
08:02:34,0.047461
08:02:35,-0.188047
08:02:35,-0.086921
08:02:35,-0.069807
08:02:35,-0.043856
08:02:35,-0.16511
08:02:35,-0.075405
08:02:35,-0.087433
08:02:35,0.092584
08:02:35,0.097095
08:02:35,-0.017497
08:02:36,-0.047045
08:02:36,0.016791
08:02:36,-0.097989
08:02:36,-0.13762
08:02:36,-0.112827
08:02:36,-0.076178
08:02:36,-0.139617
08:02:36,0.019447
08:02:36,0.087566
08:02:36,-0.190452
08:02:37,0.003015
08:02:37,-0.026392
08:02:37,0.040981
08:02:37,-0.001553
08:02:37,-0.174432
08:02:37,-0.151487
08:02:37,0.003531
08:02:37,0.123454
08:02:37,-0.265702
08:02:37,0.041487
08:02:38,0.142755
08:02:38,-0.018363
08:02:38,0.066024
08:02:38,-0.084368
08:02:38,-0.014324
08:02:38,-0.19451
08:02:38,-0.281321
08:02:38,0.113132
08:02:38,-0.118199
08:02:38,-0.054663
08:02:39,-0.166373
08:02:39,-0.169196
08:02:39,-0.020861
08:02:39,-0.087549
08:02:39,0.045357
08:02:39,0.054305
08:02:39,0.038502
08:02:39,0.028632
08:02:39,0.189332
08:02:39,-0.128111
08:02:40,-0.006592
08:02:40,0.135923
08:02:40,0.151745
08:02:40,-0.170612
08:02:40,-0.037483
08:02:40,0.162975
08:02:40,0.060969
08:02:40,0.023432
08:02:40,-0.026122
08:02:40,-0.046056
08:02:41,0.034586
08:02:41,-0.030285
08:02:41,-0.005109
08:02:41,0.009432
08:02:41,-0.081369
08:02:41,0.063856
08:02:41,0.349709
08:02:41,-0.213238
08:02:41,0.038882
08:02:41,-0.091223
08:02:42,0.069288
08:02:42,0.005587
08:02:42,0.091423
08:02:42,0.141061
08:02:42,0.023091
08:02:42,0.135846
08:02:42,-0.281316
08:02:42,0.190854
08:02:42,0.045007
08:02:42,0.129341
08:02:43,-0.146385
08:02:43,-0.099692
08:02:43,0.017513
08:02:43,-0.002045
08:02:43,0.033968
08:02:43,0.130142
08:02:43,-0.211826
08:02:43,0.116858
08:02:43,0.000994
08:02:43,-0.024454
08:02:44,-0.176534
08:02:44,0.060366
08:02:44,-0.289693
08:02:44,0.077807
08:02:44,-0.179053
08:02:44,0.006415
08:02:44,-0.0143
08:02:44,0.140345
08:02:44,-0.021439
08:02:44,-0.083297
08:02:45,-0.060792
08:02:45,0.152746
08:02:45,0.064356
08:02:45,-0.046276
08:02:45,-0.028374
08:02:45,-0.188061
08:02:45,0.046617
08:02:45,-0.211178
08:02:45,0.090216
08:02:45,0.015435
08:02:46,0.286434
08:02:46,-0.132016
08:02:46,-0.012319
08:02:46,0.215795
08:02:46,0.142967
08:02:46,-0.083545
08:02:46,0.026876
08:02:46,0.00024
08:02:46,0.033835
08:02:46,-0.083842
08:02:47,-0.010718
08:02:47,-0.191766
08:02:47,0.016215
08:02:47,0.054002
08:02:47,-0.02729
08:02:47,-0.193806
08:02:47,0.118624
08:02:47,0.043743
08:02:47,-0.087122
08:02:47,-0.033672
08:02:48,-0.18008
08:02:48,-0.123049
08:02:48,-0.064537
08:02:48,0.14741
08:02:48,-0.07674
08:02:48,0.076826
08:02:48,-0.064598
08:02:48,0.029754
08:02:48,-0.016967
08:02:48,0.104767
08:02:49,-0.064177
08:02:49,-0.188703
08:02:49,-0.165834
08:02:49,-0.063825
08:02:49,-0.149887
08:02:49,0.049225
08:02:49,-0.055892
08:02:49,0.284953
08:02:49,-0.208526
08:02:49,0.024436
08:02:50,-0.135354
08:02:50,-0.059208
08:02:50,0.01697
08:02:50,-0.279045
08:02:50,0.028419
08:02:50,0.228349
08:02:50,-0.054413
08:02:50,0.031177
08:02:50,0.122991
08:02:50,-0.019674
08:02:51,-0.069715
08:02:51,-0.273088
08:02:51,0.076919
08:02:51,-0.01358
08:02:51,-0.121522
08:02:51,0.015192
08:02:51,-0.070042
08:02:51,-0.063411
08:02:51,0.072755
08:02:51,-0.160606
08:02:52,0.125678
08:02:52,-0.167722
08:02:52,-0.079524
08:02:52,0.230754
08:02:52,0.135283
08:02:52,0.011712
08:02:52,-0.112864
08:02:52,-0.063513
08:02:52,0.008793
08:02:52,0.004503
08:02:53,-0.010905
08:02:53,-0.0037
08:02:53,-0.025725
08:02:53,-0.173037
08:02:53,-0.061981
08:02:53,0.109755
08:02:53,-0.1642
08:02:53,-0.022747
08:02:53,-0.09837
08:02:53,0.013362
08:02:54,-0.046636
08:02:54,0.177287
08:02:54,0.06079
08:02:54,-0.157416
08:02:54,0.080547
08:02:54,-0.092958
08:02:54,-0.06924
08:02:54,0.037658
08:02:54,-0.05901
08:02:54,0.107143
08:02:55,-0.092941
08:02:55,-0.074274
08:02:55,-0.078765
08:02:55,-0.067877
08:02:55,0.131903
08:02:55,0.075456
08:02:55,0.205193
08:02:55,0.272117
08:02:55,-0.123686
08:02:55,0.00845
08:02:56,-0.141144
08:02:56,-0.093313
08:02:56,-0.07561
08:02:56,-0.126859
08:02:56,-0.126226
08:02:56,-0.017314
08:02:56,-0.146006
08:02:56,0.101055
08:02:56,-0.11013
08:02:56,0.337148
08:02:57,-0.054166
08:02:57,0.008642
08:02:57,-0.155441
08:02:57,0.204731
08:02:57,0.13434
08:02:57,0.03563
08:02:57,-0.161616
08:02:57,0.02528
08:02:57,-0.134572
08:02:57,0.175483
08:02:58,0.097103
08:02:58,0.011453
08:02:58,-0.292365
08:02:58,-0.11801
08:02:58,0.082531
08:02:58,0.145546
08:02:58,0.1331
08:02:58,-0.191042
08:02:58,0.036186
08:02:58,0.121862
08:02:59,-0.199
08:02:59,-0.000949
08:02:59,0.032861
08:02:59,-0.036092
08:02:59,-0.222259
08:02:59,-0.039084
08:02:59,-0.039277
08:02:59,-0.017769
08:02:59,-0.067617
08:02:59,-0.053161
08:03:00,-0.004765
08:03:00,0.053095
08:03:00,-0.036531
08:03:00,-0.049158
08:03:00,0.011082
08:03:00,-0.23051
08:03:00,0.057244
08:03:00,-6.8e-05
08:03:00,0.004763
08:03:00,0.115288
08:03:01,-0.234338
08:03:01,-0.23686
08:03:01,0.032856
08:03:01,-0.000854
08:03:01,0.020421
08:03:01,-0.055455
08:03:01,0.079722
08:03:01,0.111917
08:03:01,0.058078
08:03:01,-0.031299
08:03:02,-0.252923
08:03:02,0.092308
08:03:02,0.146607
08:03:02,0.077347
08:03:02,-0.105557
08:03:02,0.080855
08:03:02,0.103264
08:03:02,0.187058
08:03:02,-0.105133
08:03:02,-0.027175
08:03:03,0.089673
08:03:03,0.006889
08:03:03,-0.134079
08:03:03,0.049754
08:03:03,0.069439
08:03:03,0.010556
08:03:03,0.02635
08:03:03,-0.031045
08:03:03,0.177393
08:03:03,-0.108083
08:03:04,-0.070478
08:03:04,0.001318
08:03:04,0.105474
08:03:04,-0.179685
08:03:04,-0.157236
08:03:04,-0.244527
08:03:04,0.003923
08:03:04,-0.134197
08:03:04,-0.046146
08:03:04,0.079365
08:03:05,-0.076985
08:03:05,0.027754
08:03:05,-0.035921
08:03:05,0.080654
08:03:05,0.057015
08:03:05,-0.083032
08:03:05,-0.020238
08:03:05,0.125249
08:03:05,0.047205
08:03:05,-0.167635
08:03:06,0.078674
08:03:06,-0.130153
08:03:06,0.169502
08:03:06,0.122892
08:03:06,0.034786
08:03:06,0.018868
08:03:06,-0.025084
08:03:06,0.081423
08:03:06,-0.044493
08:03:06,0.028268
08:03:07,0.104632
08:03:07,-0.067417
08:03:07,-0.073943
08:03:07,-0.143324
08:03:07,-0.127737
08:03:07,-0.219407
08:03:07,0.087579
08:03:07,0.21707
08:03:07,0.171039
08:03:07,-0.19513
08:03:08,0.086983
08:03:08,0.170653
08:03:08,-0.054817
08:03:08,0.012174
08:03:08,-0.240947
08:03:08,0.032008
08:03:08,-0.127627
08:03:08,0.023956
08:03:08,-0.187344
08:03:08,0.065143
08:03:09,0.122942
08:03:09,-0.093982
08:03:09,-0.136431
08:03:09,-0.258723
08:03:09,-0.03197
08:03:09,-0.069791
08:03:09,-0.186122
08:03:09,0.054362
08:03:09,-0.053996
08:03:09,-0.129088
08:03:10,-0.066549
08:03:10,0.128557
08:03:10,0.072352
08:03:10,-0.015603
08:03:10,0.074293
08:03:10,-0.139309
08:03:10,0.003884
08:03:10,0.017679
08:03:10,-0.05638
08:03:10,0.052255
08:03:11,-0.093652
08:03:11,0.061178
08:03:11,0.066223
08:03:11,-0.350059
08:03:11,0.142837
08:03:11,-0.365716
08:03:11,-0.073926
08:03:11,0.123042
08:03:11,-0.038074
08:03:11,-0.175942
08:03:12,-0.131248
08:03:12,0.123229
08:03:12,-0.230581
08:03:12,0.135479
08:03:12,-0.006612
08:03:12,-0.143087
08:03:12,-0.069974
08:03:12,-0.122067
08:03:12,0.103947
08:03:12,0.087891
08:03:13,-0.206299
08:03:13,-0.048431
08:03:13,-0.103582
08:03:13,0.155221
08:03:13,-0.162012
08:03:13,0.192507
08:03:13,-0.003995
08:03:13,-0.139432
08:03:13,-0.081273
08:03:13,-0.096194
08:03:14,-0.152954
08:03:14,0.011379
08:03:14,-0.14735
08:03:14,-0.261644
08:03:14,-0.045561
08:03:14,-0.216343
08:03:14,-0.090259
08:03:14,-0.109092
08:03:14,-0.104546
08:03:14,0.240116
08:03:15,0.006769
08:03:15,0.029445
08:03:15,-0.213168
08:03:15,-0.078476
08:03:15,0.025836
08:03:15,-0.122943
08:03:15,0.108968
08:03:15,-0.144324
08:03:15,-0.034364
08:03:15,-0.070326
08:03:16,0.019718
08:03:16,-0.076859
08:03:16,-0.032507
08:03:16,-0.028336
08:03:16,-0.088127
08:03:16,0.058211
08:03:16,0.028607
08:03:16,-0.010634
08:03:16,-0.051655
08:03:16,0.095585
08:03:17,-0.0283
08:03:17,-0.036804
08:03:17,0.012563
08:03:17,0.20359
08:03:17,-0.160843
08:03:17,0.092383
08:03:17,-0.227181
08:03:17,0.026073
08:03:17,0.18901
08:03:17,0.05864
08:03:18,0.020475
08:03:18,-0.067254
08:03:18,0.003726
08:03:18,-0.030248
08:03:18,-0.094317
08:03:18,-0.034785
08:03:18,0.023806
08:03:18,-0.092066
08:03:18,-0.096754
08:03:18,-0.163229
08:03:19,0.046887
08:03:19,0.065439
08:03:19,0.027799
08:03:19,0.11582
08:03:19,0.010544
08:03:19,0.047041
08:03:19,0.03646
08:03:19,-0.010985
08:03:19,-0.063699
08:03:19,0.265698
08:03:20,-0.054234
08:03:20,-0.079905
08:03:20,0.052081
08:03:20,0.030223
08:03:20,-0.168575
08:03:20,0.134721
08:03:20,-0.011303
08:03:20,-0.133312
08:03:20,0.142654
08:03:20,0.075081
08:03:21,-0.151745
08:03:21,0.213262
08:03:21,0.079056
08:03:21,-0.001224
08:03:21,0.190826
08:03:21,0.019116
08:03:21,-0.00337
08:03:21,-0.079236
08:03:21,0.069822
08:03:21,0.057192
08:03:22,0.001762
08:03:22,-0.094798
08:03:22,0.015592
08:03:22,-0.008376
08:03:22,-0.160017
08:03:22,-0.176617
08:03:22,0.067818
08:03:22,-0.312227
08:03:22,0.024649
08:03:22,-0.05737
08:03:23,0.15699
08:03:23,-0.059216
08:03:23,0.079138
08:03:23,-0.04763
08:03:23,0.01365
08:03:23,0.08842
08:03:23,-0.055507
08:03:23,0.119587
08:03:23,-0.119244
08:03:23,0.035351
08:03:24,0.110717
08:03:24,0.079204
08:03:24,0.229973
08:03:24,-0.091613
08:03:24,-0.165498
08:03:24,-0.11932
08:03:24,0.079253
08:03:24,0.059751
08:03:24,0.012271
08:03:24,-0.134755
08:03:25,0.092024
08:03:25,-0.146965
08:03:25,0.139074
08:03:25,0.342893
08:03:25,0.043974
08:03:25,0.069973
08:03:25,-0.059143
08:03:25,-0.217226
08:03:25,-0.072326
08:03:25,-0.131147
08:03:26,-0.173641
08:03:26,0.206683
08:03:26,0.032744
08:03:26,0.045563
08:03:26,-0.037083
08:03:26,-0.020745
08:03:26,0.115746
08:03:26,-0.00388
08:03:26,0.063683
08:03:26,-0.023521
08:03:27,-0.041058
08:03:27,-0.16883
08:03:27,-0.23733
08:03:27,-0.031387
08:03:27,0.00678
08:03:27,-0.154336
08:03:27,-0.004137
08:03:27,0.00645
08:03:27,-0.258721
08:03:27,-0.109815
08:03:28,0.048872
08:03:28,0.046447
08:03:28,-0.138441
08:03:28,0.019014
08:03:28,0.122689
08:03:28,0.093249
08:03:28,-0.011434
08:03:28,-0.056157
08:03:28,-0.075521
08:03:28,0.056138
08:03:29,0.023412
08:03:29,0.075528
08:03:29,0.015825
08:03:29,0.098252
08:03:29,0.011351
08:03:29,0.094163
08:03:29,0.104499
08:03:29,-0.096543
08:03:29,-0.216977
08:03:29,0.185219
08:03:30,0.030799
08:03:30,-0.205738
08:03:30,-0.085658
08:03:30,0.092625
08:03:30,-0.033561
08:03:30,-0.061447
08:03:30,0.168106
08:03:30,-0.125674
08:03:30,-0.095778
08:03:30,0.025366
08:03:31,0.046855
08:03:31,0.059561
08:03:31,0.109349
08:03:31,0.023829
08:03:31,0.058726
08:03:31,-0.031105
08:03:31,0.007524
08:03:31,0.012904
08:03:31,0.025812
08:03:31,0.092705
08:03:32,0.066617
08:03:32,0.005306
08:03:32,-0.097095
08:03:32,0.008121
08:03:32,-0.003362
08:03:32,0.023182
08:03:32,0.264783
08:03:32,-0.062853
08:03:32,0.050675
08:03:32,0.128215
08:03:33,0.01176
08:03:33,0.280541
08:03:33,-0.045365
08:03:33,0.038891
08:03:33,-0.095857
08:03:33,-0.042183
08:03:33,0.029872
08:03:33,0.101556
08:03:33,0.038291
08:03:33,0.151094
08:03:34,-0.011396
08:03:34,-0.03986
08:03:34,0.324478
08:03:34,0.047309
08:03:34,-0.086338
08:03:34,-0.083312
08:03:34,-0.113122
08:03:34,0.112388
08:03:34,-0.043725
08:03:34,0.015283
08:03:35,-0.007621
08:03:35,0.087779
08:03:35,-0.101609
08:03:35,-0.129069
08:03:35,0.026916
08:03:35,0.072115
08:03:35,0.039904
08:03:35,-0.097134
08:03:35,0.081298
08:03:35,-0.089263
08:03:36,-0.062585
08:03:36,-0.113274
08:03:36,0.156139
08:03:36,0.076011
08:03:36,0.072599
08:03:36,0.149665
08:03:36,0.337518
08:03:36,-0.205107
08:03:36,-0.088605
08:03:36,-0.073941
08:03:37,-0.102098
08:03:37,-0.12931
08:03:37,-0.035958
08:03:37,-0.145992
08:03:37,0.040205
08:03:37,0.006204
08:03:37,0.057723
08:03:37,0.060927
08:03:37,0.072361
08:03:37,-0.044809
08:03:38,0.254537
08:03:38,0.028132
08:03:38,-0.223498
08:03:38,-0.120285
08:03:38,-0.20886
08:03:38,0.00208
08:03:38,-0.014617
08:03:38,-0.056211
08:03:38,0.241311
08:03:38,0.065878
08:03:39,0.087132
08:03:39,-0.111729
08:03:39,-0.119897
08:03:39,0.004417
08:03:39,0.020761
08:03:39,-0.222757
08:03:39,-0.021637
08:03:39,0.001689
08:03:39,-0.025818
08:03:39,-0.097607
08:03:40,-0.064744
08:03:40,-0.021223
08:03:40,0.010896
08:03:40,0.072575
08:03:40,0.129703
08:03:40,-0.035322
08:03:40,-0.054739
08:03:40,0.052519
08:03:40,0.073301
08:03:40,-0.052104
08:03:41,0.094847
08:03:41,0.11755
08:03:41,0.155002
08:03:41,0.213399
08:03:41,-0.10397
08:03:41,0.001668
08:03:41,0.001353
08:03:41,-0.011769
08:03:41,-0.077912
08:03:41,-0.178267
08:03:42,0.011122
08:03:42,-0.092203
08:03:42,0.010319
08:03:42,-0.095285
08:03:42,-0.131959
08:03:42,0.028116
08:03:42,0.018111
08:03:42,0.069514
08:03:42,0.262304
08:03:42,0.033275
08:03:43,0.05821
08:03:43,-0.129307
08:03:43,-0.154429
08:03:43,0.18994
08:03:43,-0.110818
08:03:43,-0.125273
08:03:43,-0.004692
08:03:43,-0.010823
08:03:43,-0.108301
08:03:43,-0.036597
08:03:44,0.147525
08:03:44,-0.096719
08:03:44,-0.167241
08:03:44,0.113111
08:03:44,0.059076
08:03:44,-0.074462
08:03:44,-0.18986
08:03:44,-0.089355
08:03:44,-0.006565
08:03:44,0.139881
08:03:45,-0.12439
08:03:45,-0.010142
08:03:45,0.081017
08:03:45,-0.285752
08:03:45,0.124054
08:03:45,-0.141894
08:03:45,0.039839
08:03:45,0.029602
08:03:45,0.13015
08:03:45,0.066111
08:03:46,-0.285275
08:03:46,-0.094174
08:03:46,0.016585
08:03:46,-0.023398
08:03:46,0.057313
08:03:46,0.094724
08:03:46,0.073014
08:03:46,-0.025713
08:03:46,-0.22156
08:03:46,-0.054658
08:03:47,0.049964
08:03:47,-0.130854
08:03:47,0.075753
08:03:47,0.109007
08:03:47,0.015224
08:03:47,-0.367654
08:03:47,-0.153371
08:03:47,0.226343
08:03:47,-0.065585
08:03:47,-0.238097
08:03:48,0.14823
08:03:48,0.001603
08:03:48,0.132593
08:03:48,0.033235
08:03:48,0.055027
08:03:48,0.043561
08:03:48,0.083699
08:03:48,0.273292
08:03:48,0.116521
08:03:48,-0.189641
08:03:49,0.053599
08:03:49,0.136978
08:03:49,0.144324
08:03:49,-0.051193
08:03:49,0.139793
08:03:49,0.111329
08:03:49,0.308702
08:03:49,-0.09
08:03:49,-0.060888
08:03:49,-0.036734
08:03:50,-0.058827
08:03:50,-0.106802
08:03:50,-0.331521
08:03:50,-0.052164
08:03:50,0.044323
08:03:50,-0.059187
08:03:50,0.232246
08:03:50,0.001605
08:03:50,0.154923
08:03:50,0.03137
08:03:51,0.099169
08:03:51,0.033509
08:03:51,0.164254
08:03:51,0.006713
08:03:51,0.059534
08:03:51,0.04396
08:03:51,-0.034594
08:03:51,0.048598
08:03:51,0.268126
08:03:51,-0.032448
08:03:52,0.050336
08:03:52,0.150933
08:03:52,0.13683
08:03:52,0.001406
08:03:52,-0.286007
08:03:52,0.062004
08:03:52,-0.266337
08:03:52,0.176392
08:03:52,0.020337
08:03:52,0.119961
08:03:53,-0.108253
08:03:53,-0.186301
08:03:53,0.031291
08:03:53,-0.004032
08:03:53,-0.058985
08:03:53,0.010159
08:03:53,0.332092
08:03:53,0.100143
08:03:53,0.12594
08:03:53,0.101272
08:03:54,0.177535
08:03:54,-0.022809
08:03:54,-0.246571
08:03:54,-0.02263
08:03:54,0.097408
08:03:54,-0.116376
08:03:54,-0.021164
08:03:54,-0.083012
08:03:54,0.180244
08:03:54,0.089935
08:03:55,0.078185
08:03:55,0.074592
08:03:55,-0.00447
08:03:55,0.023707
08:03:55,-0.142222
08:03:55,-0.262373
08:03:55,0.01801
08:03:55,0.038879
08:03:55,0.145112
08:03:55,0.18856
08:03:56,0.1884
08:03:56,-0.119763
08:03:56,-0.042272
08:03:56,0.05764
08:03:56,0.303829
08:03:56,0.177612
08:03:56,0.134328
08:03:56,-0.046535
08:03:56,-0.105984
08:03:56,0.094669
08:03:57,-0.132079
08:03:57,-0.028612
08:03:57,-0.013773
08:03:57,0.191149
08:03:57,-0.042564
08:03:57,-0.29271
08:03:57,0.060533
08:03:57,-0.083883
08:03:57,0.005116
08:03:57,-0.010405
08:03:58,-0.032844
08:03:58,0.094841
08:03:58,-0.183944
08:03:58,-0.062042
08:03:58,0.082085
08:03:58,-0.07369
08:03:58,-0.193057
08:03:58,0.080227
08:03:58,0.134771
08:03:58,-0.005399
08:03:59,-0.235301
08:03:59,0.084716
08:03:59,-0.199187
08:03:59,0.037056
08:03:59,-0.106496
08:03:59,-0.139181
08:03:59,-0.053029
08:03:59,-0.021996
08:03:59,-0.077305
08:03:59,0.070644
08:04:00,-0.053528
08:04:00,0.117623
08:04:00,0.033741
08:04:00,-0.083707
08:04:00,-0.103913
08:04:00,-0.1977
08:04:00,0.034888
08:04:00,-0.042551
08:04:00,-0.284663
08:04:00,-0.064286
08:04:01,-0.108124
08:04:01,0.189081
08:04:01,-0.204333
08:04:01,-0.172962
08:04:01,0.133196
08:04:01,0.162812
08:04:01,-0.089398
08:04:01,-0.07585
08:04:01,0.073948
08:04:01,-0.279252
08:04:02,-0.223343
08:04:02,-0.033688
08:04:02,0.185987
08:04:02,-0.052288
08:04:02,0.012112
08:04:02,0.136055
08:04:02,0.252826
08:04:02,-0.069222
08:04:02,-0.00202
08:04:02,0.218647
08:04:03,-0.182664
08:04:03,0.12331
08:04:03,-0.122198
08:04:03,0.012297
08:04:03,-0.029114
08:04:03,-0.114961
08:04:03,-0.117972
08:04:03,0.03317
08:04:03,0.119465
08:04:03,-0.015568
08:04:04,0.008414
08:04:04,0.068541
08:04:04,-0.116594
08:04:04,0.088763
08:04:04,0.098321
08:04:04,0.312435
08:04:04,-0.045133
08:04:04,-0.05497
08:04:04,0.092276
08:04:04,0.098293
08:04:05,-0.06421
08:04:05,-0.04838
08:04:05,0.064936
08:04:05,-0.09931
08:04:05,-0.049264
08:04:05,0.010751
08:04:05,0.119513
08:04:05,-0.072552
08:04:05,-0.221086
08:04:05,-0.229992
08:04:06,-0.15113
08:04:06,-0.15758
08:04:06,-0.018553
08:04:06,-0.142666
08:04:06,-0.084331
08:04:06,-0.09289
08:04:06,-0.052861
08:04:06,0.158701
08:04:06,0.079434
08:04:06,0.001936
08:04:07,-0.055323
08:04:07,-0.051988
08:04:07,0.03933
08:04:07,0.0701
08:04:07,-0.108914
08:04:07,0.004378
08:04:07,-0.243794
08:04:07,0.025406
08:04:07,0.091458
08:04:07,-0.033608
08:04:08,0.217983
08:04:08,-0.105749
08:04:08,0.026093
08:04:08,-0.004299
08:04:08,-0.012036
08:04:08,-0.013719
08:04:08,0.012853
08:04:08,0.101755
08:04:08,0.165328
08:04:08,-0.00027
08:04:09,0.097838
08:04:09,-0.084212
08:04:09,0.091915
08:04:09,-0.091439
08:04:09,0.130879
08:04:09,0.265277
08:04:09,-0.01465
08:04:09,-0.263105
08:04:09,-0.065769
08:04:09,0.147825
08:04:10,0.066369
08:04:10,0.02987
08:04:10,0.12104
08:04:10,0.058134
08:04:10,0.146127
08:04:10,0.110331
08:04:10,0.182604
08:04:10,0.043056
08:04:10,0.108631
08:04:10,-0.036855
08:04:11,-0.072175
08:04:11,0.204812
08:04:11,0.025945
08:04:11,0.096586
08:04:11,0.014849
08:04:11,-0.070382
08:04:11,0.001318
08:04:11,0.172319
08:04:11,0.066629
08:04:11,-0.205377
08:04:12,-0.025829
08:04:12,0.213875
08:04:12,-0.025656
08:04:12,-0.216057
08:04:12,0.227166
08:04:12,0.081887
08:04:12,-0.008402
08:04:12,-0.04457
08:04:12,0.129882
08:04:12,-0.065038
08:04:13,0.137791
08:04:13,0.065063
08:04:13,0.029362
08:04:13,0.017462
08:04:13,-0.020996
08:04:13,0.125477
08:04:13,-0.103841
08:04:13,-0.194631
08:04:13,0.073733
08:04:13,0.075749
08:04:14,0.057629
08:04:14,0.048927
08:04:14,-0.038465
08:04:14,0.094498
08:04:14,-0.005467
08:04:14,-0.058454
08:04:14,-0.037427
08:04:14,0.242477
08:04:14,-0.208197
08:04:14,0.059975
08:04:15,-0.201493
08:04:15,-0.012988
08:04:15,-0.052035
08:04:15,-0.250203
08:04:15,0.046685
08:04:15,-0.045605
08:04:15,-0.251905
08:04:15,0.100748
08:04:15,0.172201
08:04:15,0.178815
08:04:16,0.043075
08:04:16,0.005527
08:04:16,0.159379
08:04:16,0.201886
08:04:16,0.136028
08:04:16,-0.112985
08:04:16,0.024161
08:04:16,0.052742
08:04:16,-0.217154
08:04:16,0.056323
08:04:17,0.272759
08:04:17,0.076792
08:04:17,0.17681
08:04:17,0.02195
08:04:17,-0.008786
08:04:17,0.045753
08:04:17,-0.097899
08:04:17,-0.115653
08:04:17,0.151957
08:04:17,0.164681
08:04:18,-0.118933
08:04:18,0.11616
08:04:18,-0.010435
08:04:18,0.040777
08:04:18,0.055226
08:04:18,0.119322
08:04:18,0.009926
08:04:18,0.169219
08:04:18,0.03713
08:04:18,0.074902
08:04:19,-0.099992
08:04:19,0.259039
08:04:19,0.056379
08:04:19,0.08556
08:04:19,-0.192982
08:04:19,-0.098724
08:04:19,0.148546
08:04:19,0.034427
08:04:19,-0.229654
08:04:19,0.124595
08:04:20,-0.065254
08:04:20,0.169358
08:04:20,-0.01054
08:04:20,0.024565
08:04:20,0.141475
08:04:20,-0.107699
08:04:20,-0.119142
08:04:20,-0.02358
08:04:20,0.099261
08:04:20,-0.159705
08:04:21,-0.200164
08:04:21,0.098847
08:04:21,-0.072357
08:04:21,-0.047067
08:04:21,-0.222817
08:04:21,-0.081478
08:04:21,-0.000908
08:04:21,0.111645
08:04:21,-0.092548
08:04:21,0.198885
08:04:22,-0.082147
08:04:22,-0.081971
08:04:22,0.184483
08:04:22,0.025375
08:04:22,-0.066243
08:04:22,-0.018616
08:04:22,0.162369
08:04:22,0.175944
08:04:22,-0.098015
08:04:22,-0.005092
08:04:23,0.010819
08:04:23,-0.118349
08:04:23,-0.006682
08:04:23,0.000639
08:04:23,0.136825
08:04:23,0.144891
08:04:23,-0.039505
08:04:23,-0.025674
08:04:23,0.079715
08:04:23,-0.070223
08:04:24,0.070637
08:04:24,-0.010549
08:04:24,-0.116328
08:04:24,-0.11482
08:04:24,0.173647
08:04:24,-0.018771
08:04:24,0.196842
08:04:24,-0.061636
08:04:24,0.034945
08:04:24,0.287121
08:04:25,-0.126886
08:04:25,-0.227738
08:04:25,0.154391
08:04:25,-0.099217
08:04:25,-0.002485
08:04:25,-0.07031
08:04:25,0.03218
08:04:25,-0.114064
08:04:25,-0.021593
08:04:25,0.053978
08:04:26,-0.120997
08:04:26,-0.08401
08:04:26,-0.041686
08:04:26,-0.171458
08:04:26,-0.050707
08:04:26,0.014256
08:04:26,-0.047946
08:04:26,-0.032565
08:04:26,-0.002388
08:04:26,-0.078689
08:04:27,0.082928
08:04:27,0.172317
08:04:27,-0.055726
08:04:27,0.058224
08:04:27,-0.028754
08:04:27,0.043858
08:04:27,0.187894
08:04:27,0.061039
08:04:27,-0.21281
08:04:27,0.054479
08:04:28,0.147944
08:04:28,-0.026592
08:04:28,0.119476
08:04:28,-0.082814
08:04:28,-0.178265
08:04:28,0.01694
08:04:28,-0.210777
08:04:28,-0.028773
08:04:28,0.154421
08:04:28,-0.229172
08:04:29,-0.15354
08:04:29,-0.123844
08:04:29,-0.007598
08:04:29,-0.043886
08:04:29,0.167896
08:04:29,0.114522
08:04:29,0.059433
08:04:29,0.017476
08:04:29,0.047188
08:04:29,-0.103438
08:04:30,0.102865
08:04:30,-0.133445
08:04:30,0.100245
08:04:30,0.142337
08:04:30,0.025304
08:04:30,-0.021146
08:04:30,0.048037
08:04:30,-0.343382
08:04:30,0.036271
08:04:30,-0.013602
08:04:31,-0.006075
08:04:31,0.084784
08:04:31,-0.008972
08:04:31,-0.136825
08:04:31,-0.016968
08:04:31,0.008107
08:04:31,0.013792
08:04:31,0.01943
08:04:31,0.124724
08:04:31,-0.130324
08:04:32,0.021084
08:04:32,0.154792
08:04:32,-0.208153
08:04:32,0.021558
08:04:32,-0.070245
08:04:32,-0.044485
08:04:32,-0.108577
08:04:32,-0.020346
08:04:32,0.220951
08:04:32,-0.151732
08:04:33,-0.140353
08:04:33,-0.156232
08:04:33,0.20729
08:04:33,-0.055481
08:04:33,-0.003077
08:04:33,-0.048334
08:04:33,-0.113331
08:04:33,-0.028218
08:04:33,0.294989
08:04:33,0.167049
08:04:34,-0.102353
08:04:34,0.077709
08:04:34,-0.099783
08:04:34,-0.213164
08:04:34,0.122341
08:04:34,0.139211
08:04:34,0.125526
08:04:34,-0.056384
08:04:34,-0.020013
08:04:34,0.089972
08:04:35,0.04698
08:04:35,-0.047236
08:04:35,-0.194289
08:04:35,0.013665
08:04:35,0.129481
08:04:35,-0.143711
08:04:35,0.076651
08:04:35,0.039785
08:04:35,0.090018
08:04:35,0.104637
08:04:36,-0.083336
08:04:36,-0.194035
08:04:36,-0.064022
08:04:36,0.106695
08:04:36,-0.06504
08:04:36,-0.083285
08:04:36,-0.218562
08:04:36,0.210318
08:04:36,0.099086
08:04:36,0.092388
08:04:37,0.116127
08:04:37,0.069205
08:04:37,-0.029319
08:04:37,-0.019652
08:04:37,-0.051308
08:04:37,0.316169
08:04:37,0.066709
08:04:37,-0.055656
08:04:37,0.05586
08:04:37,-0.121304
08:04:38,0.180541
08:04:38,-0.079328
08:04:38,0.06013
08:04:38,0.127917
08:04:38,0.046172
08:04:38,0.011336
08:04:38,0.001296
08:04:38,-0.006773
08:04:38,-0.069204
08:04:38,-0.053938
08:04:39,0.177551
08:04:39,-0.013024
08:04:39,-0.094296
08:04:39,-0.061956
08:04:39,0.132044
08:04:39,0.081073
08:04:39,0.06724
08:04:39,-0.030903
08:04:39,0.068803
08:04:39,-0.077227
08:04:40,-0.031154
08:04:40,0.116377
08:04:40,0.104913
08:04:40,-0.117829
08:04:40,-0.102663
08:04:40,0.013044
08:04:40,0.207136
08:04:40,-0.229868
08:04:40,0.0334
08:04:40,-0.165125
08:04:41,-0.07612
08:04:41,-0.043731
08:04:41,-0.050461
08:04:41,-0.064056
08:04:41,0.000865
08:04:41,-0.064231
08:04:41,-0.175495
08:04:41,0.093584
08:04:41,0.090345
08:04:41,0.101181
08:04:42,-0.184888
08:04:42,0.03587
08:04:42,0.081117
08:04:42,-0.123744
08:04:42,0.001101
08:04:42,-0.013952
08:04:42,0.221058
08:04:42,0.23094
08:04:42,-0.199723
08:04:42,0.299271
08:04:43,-0.109827
08:04:43,0.117681
08:04:43,0.11646
08:04:43,-0.119483
08:04:43,0.059192
08:04:43,-0.012904
08:04:43,0.06652
08:04:43,0.027681
08:04:43,0.143561
08:04:43,0.009048
08:04:44,-0.020145
08:04:44,0.131528
08:04:44,0.069648
08:04:44,0.087818
08:04:44,-0.07975
08:04:44,-0.125432
08:04:44,-0.068127
08:04:44,-0.074499
08:04:44,0.094344
08:04:44,0.117118
08:04:45,-0.018616
08:04:45,0.17171
08:04:45,0.164216
08:04:45,0.029208
08:04:45,-0.098627
08:04:45,0.189045
08:04:45,-0.007322
08:04:45,0.01514
08:04:45,-0.040753
08:04:45,-0.106775
08:04:46,-0.176237
08:04:46,0.075944
08:04:46,-0.094008
08:04:46,0.367144
08:04:46,-0.130329
08:04:46,-0.150886
08:04:46,0.061217
08:04:46,0.183518
08:04:46,0.007751
08:04:46,0.068669
08:04:47,-0.221226
08:04:47,-0.081301
08:04:47,-0.128834
08:04:47,-0.227406
08:04:47,0.014038
08:04:47,-0.269139
08:04:47,-0.158664
08:04:47,-0.064463
08:04:47,-0.099754
08:04:47,0.047569
08:04:48,0.03667
08:04:48,0.107256
08:04:48,0.090286
08:04:48,0.136898
08:04:48,-0.00023
08:04:48,0.036416
08:04:48,0.061382
08:04:48,0.016999
08:04:48,-0.047663
08:04:48,-0.039893
08:04:49,-0.098107
08:04:49,0.050594
08:04:49,-0.011282
08:04:49,-0.079581
08:04:49,-0.079469
08:04:49,-0.145248
08:04:49,0.117461
08:04:49,0.009434
08:04:49,-0.103536
08:04:49,0.097026
08:04:50,-0.067254
08:04:50,-0.16878
08:04:50,0.122547
08:04:50,-0.064452
08:04:50,-0.049068
08:04:50,0.004942
08:04:50,0.137111
08:04:50,0.002404
08:04:50,-0.143894
08:04:50,0.065265
08:04:51,-0.058199
08:04:51,0.226551
08:04:51,-0.000134
08:04:51,-0.268204
08:04:51,0.042884
08:04:51,0.233352
08:04:51,0.18911
08:04:51,0.219715
08:04:51,-0.122371
08:04:51,0.109458
08:04:52,-0.086639
08:04:52,0.026915
08:04:52,-0.152754
08:04:52,-0.077335
08:04:52,-0.08115
08:04:52,0.107827
08:04:52,0.096086
08:04:52,0.033218
08:04:52,-0.162051
08:04:52,-0.037397
08:04:53,-0.089534
08:04:53,0.104361
08:04:53,0.141382
08:04:53,0.126766
08:04:53,-0.090626
08:04:53,-0.328744
08:04:53,-0.212035
08:04:53,0.170595
08:04:53,-0.048151
08:04:53,-0.090087
08:04:54,0.197119
08:04:54,0.151819
08:04:54,0.002934
08:04:54,-0.035208
08:04:54,-0.015852
08:04:54,0.02726
08:04:54,0.192006
08:04:54,0.050696
08:04:54,0.087123
08:04:54,0.140312
08:04:55,-0.140361
08:04:55,0.090583
08:04:55,-0.035348
08:04:55,-0.301931
08:04:55,-0.25538
08:04:55,-0.122174
08:04:55,0.063747
08:04:55,0.013656
08:04:55,0.022124
08:04:55,0.234113
08:04:56,-0.152291
08:04:56,-0.003292
08:04:56,0.036532
08:04:56,-0.088353
08:04:56,0.003399
08:04:56,-0.191994
08:04:56,0.169189
08:04:56,-0.081794
08:04:56,0.243768
08:04:56,-0.003897
08:04:57,0.123366
08:04:57,-0.006396
08:04:57,-0.003689
08:04:57,-0.070084
08:04:57,0.014295
08:04:57,0.03816
08:04:57,-0.094111
08:04:57,-0.015005
08:04:57,-0.073212
08:04:57,0.27596
08:04:58,-0.010768
08:04:58,0.185428
08:04:58,-0.023475
08:04:58,0.031115
08:04:58,-0.158564
08:04:58,-0.053649
08:04:58,0.025264
08:04:58,0.19032
08:04:58,0.026638
08:04:58,0.166046
08:04:59,0.076887
08:04:59,0.195288
08:04:59,-0.007085
08:04:59,0.286827
08:04:59,-0.058248
08:04:59,-0.091975
08:04:59,-0.145206
08:04:59,0.279723
08:04:59,0.098334
08:04:59,-0.040094
08:05:00,0.149883
08:05:00,0.082523
08:05:00,0.235935
08:05:00,-0.18574
08:05:00,-0.031843
08:05:00,-0.055503
08:05:00,-0.236842
08:05:00,0.127239
08:05:00,-0.032448
08:05:00,0.088756
08:05:01,0.283173
08:05:01,-0.042389
08:05:01,-0.050538
08:05:01,0.01424
08:05:01,0.11847
08:05:01,-0.068006
08:05:01,-0.075715
08:05:01,0.126863
08:05:01,0.045437
08:05:01,-0.245367
08:05:02,-0.147047
08:05:02,0.180148
08:05:02,0.048231
08:05:02,-0.091464
08:05:02,-0.020449
08:05:02,0.001588
08:05:02,0.088288
08:05:02,-0.162992
08:05:02,-0.100914
08:05:02,0.032755
08:05:03,-0.01198
08:05:03,0.068623
08:05:03,-0.147541
08:05:03,0.042855
08:05:03,0.13099
08:05:03,0.058418
08:05:03,0.016693
08:05:03,-0.011506
08:05:03,-0.100182
08:05:03,-0.00864
08:05:04,0.151165
08:05:04,-0.014283
08:05:04,-0.106776
08:05:04,-0.05907
08:05:04,0.024102
08:05:04,-0.044822
08:05:04,0.058236
08:05:04,0.062741
08:05:04,0.106678
08:05:04,0.170827
08:05:05,0.119503
08:05:05,-0.112109
08:05:05,-0.108424
08:05:05,-0.009093
08:05:05,-0.054141
08:05:05,-0.136599
08:05:05,-0.053003
08:05:05,-0.056942
08:05:05,-0.080622
08:05:05,-0.037895
08:05:06,0.141414
08:05:06,0.023909
08:05:06,0.296617
08:05:06,0.020461
08:05:06,-0.034808
08:05:06,0.000496
08:05:06,0.030779
08:05:06,0.05223
08:05:06,0.249205
08:05:06,-0.101438
08:05:07,0.103086
08:05:07,0.02493
08:05:07,-0.188532
08:05:07,0.092484
08:05:07,0.152115
08:05:07,-0.102861
08:05:07,-0.001072
08:05:07,-0.207043
08:05:07,-0.151057
08:05:07,0.125764
08:05:08,-0.05597
08:05:08,-0.133056
08:05:08,0.027535
08:05:08,-0.062689
08:05:08,-0.056499
08:05:08,0.088719
08:05:08,-0.139408
08:05:08,-0.108644
08:05:08,0.01849
08:05:08,0.116329
08:05:09,0.148579
08:05:09,-0.079807
08:05:09,0.112485
08:05:09,-0.094097
08:05:09,0.219145
08:05:09,-0.136053
08:05:09,0.159417
08:05:09,-0.078778
08:05:09,0.24159
08:05:09,0.070958
08:05:10,-0.121922
08:05:10,-0.062669
08:05:10,0.093742
08:05:10,0.126317
08:05:10,-0.008486
08:05:10,0.005359
08:05:10,0.091002
08:05:10,0.015816
08:05:10,-0.155221
08:05:10,-0.097557
08:05:11,0.028214
08:05:11,0.145858
08:05:11,0.193918
08:05:11,0.093544
08:05:11,0.034475
08:05:11,0.089858
08:05:11,-0.08001
08:05:11,-0.018388
08:05:11,-0.098896
08:05:11,-0.149849
08:05:12,0.040026
08:05:12,0.022262
08:05:12,0.082518
08:05:12,0.065533
08:05:12,0.029117
08:05:12,0.066794
08:05:12,-0.005122
08:05:12,0.049547
08:05:12,-0.087137
08:05:12,0.044365
08:05:13,0.08021
08:05:13,-0.080362
08:05:13,0.00622
08:05:13,-0.074832
08:05:13,-0.063181
08:05:13,-0.134992
08:05:13,0.151893
08:05:13,0.127882
08:05:13,0.064492
08:05:13,0.236664
08:05:14,-0.022709
08:05:14,0.363811
08:05:14,-0.027304
08:05:14,0.030623
08:05:14,-0.047733
08:05:14,0.044679
08:05:14,0.100274
08:05:14,-0.01367
08:05:14,0.213206
08:05:14,0.028698
08:05:15,0.032458
08:05:15,-0.10908
08:05:15,0.05022
08:05:15,-0.016083
08:05:15,-0.072989
08:05:15,-0.093177
08:05:15,0.320612
08:05:15,-0.031617
08:05:15,-0.174838
08:05:15,-0.083787
08:05:16,-0.006188
08:05:16,0.0656
08:05:16,0.066576
08:05:16,0.081194
08:05:16,-0.077383
08:05:16,0.040853
08:05:16,-0.105127
08:05:16,-0.074357
08:05:16,-0.110125
08:05:16,-0.142607
08:05:17,0.127705
08:05:17,0.082633
08:05:17,0.1172
08:05:17,0.004718
08:05:17,0.093217
08:05:17,-0.211355
08:05:17,0.103571
08:05:17,0.021254
08:05:17,0.075253
08:05:17,0.045603
08:05:18,-0.118447
08:05:18,-0.179765
08:05:18,-0.085446
08:05:18,0.06779
08:05:18,0.082811
08:05:18,-0.164153
08:05:18,-0.117732
08:05:18,-0.086788
08:05:18,-0.042877
08:05:18,-0.163446
08:05:19,-0.170646
08:05:19,-0.09862
08:05:19,0.01035
08:05:19,-0.141671
08:05:19,-0.013896
08:05:19,0.127026
08:05:19,-0.156214
08:05:19,-0.024773
08:05:19,0.122971
08:05:19,-0.050192
08:05:20,-0.06884
08:05:20,0.139619
08:05:20,-0.036744
08:05:20,0.132539
08:05:20,0.051476
08:05:20,-0.041141
08:05:20,0.057563
08:05:20,0.038454
08:05:20,0.122506
08:05:20,-0.065801
08:05:21,0.004945
08:05:21,-0.007382
08:05:21,0.084498
08:05:21,-0.123022
08:05:21,0.122037
08:05:21,0.055959
08:05:21,-0.158031
08:05:21,0.144992
08:05:21,0.268091
08:05:21,0.12022
08:05:22,0.171238
08:05:22,0.010245
08:05:22,-0.199381
08:05:22,-0.221294
08:05:22,0.03061
08:05:22,-0.071037
08:05:22,-0.109749
08:05:22,-0.00753
08:05:22,0.07387
08:05:22,-0.174331
08:05:23,-0.053865
08:05:23,0.181184
08:05:23,-0.129035
08:05:23,0.104371
08:05:23,-0.058168
08:05:23,0.065495
08:05:23,0.131679
08:05:23,0.088954
08:05:23,0.109099
08:05:23,-0.138191
08:05:24,0.133639
08:05:24,-0.102323
08:05:24,0.031145
08:05:24,0.03099
08:05:24,0.058215
08:05:24,0.040435
08:05:24,-0.101257
08:05:24,-0.161984
08:05:24,0.104682
08:05:24,0.0223
08:05:25,0.137925
08:05:25,-0.005368
08:05:25,-0.16862
08:05:25,0.115936
08:05:25,-0.044444
08:05:25,0.04104
08:05:25,-0.077695
08:05:25,0.197316
08:05:25,-0.105188
08:05:25,-0.040492
08:05:26,0.012894
08:05:26,-0.131062
08:05:26,0.039662
08:05:26,0.193429
08:05:26,-0.058855
08:05:26,0.047417
08:05:26,-0.329932
08:05:26,-0.004672
08:05:26,-0.037565
08:05:26,-0.09822
08:05:27,0.129774
08:05:27,-0.039149
08:05:27,-0.021297
08:05:27,-0.045263
08:05:27,-0.230018
08:05:27,-0.135838
08:05:27,0.115331
08:05:27,-0.253194
08:05:27,-0.091958
08:05:27,-0.047966
08:05:28,0.209235
08:05:28,0.092232
08:05:28,-0.06686
08:05:28,0.156542
08:05:28,-0.088862
08:05:28,0.121092
08:05:28,-0.163065
08:05:28,0.128791
08:05:28,-0.048736
08:05:28,-0.123421
08:05:29,-0.026057
08:05:29,0.033281
08:05:29,-0.05937
08:05:29,0.066474
08:05:29,-0.069959
08:05:29,0.074445
08:05:29,0.053067
08:05:29,-0.007311
08:05:29,-0.052966
08:05:29,0.018185
08:05:30,0.06603
08:05:30,0.247416
08:05:30,0.11273
08:05:30,0.117119
08:05:30,0.370621
08:05:30,0.061915
08:05:30,0.058157
08:05:30,0.084482
08:05:30,-0.121076
08:05:30,-0.053268
08:05:31,-0.06074
08:05:31,0.077714
08:05:31,-0.020901
08:05:31,0.016587
08:05:31,0.130495
08:05:31,0.103578
08:05:31,-0.019407
08:05:31,-0.080399
08:05:31,0.136233
08:05:31,0.092867
08:05:32,-0.192751
08:05:32,-0.037578
08:05:32,0.019862
08:05:32,0.09346
08:05:32,0.109212
08:05:32,0.034069
08:05:32,0.07023
08:05:32,0.007696
08:05:32,-0.080862
08:05:32,-0.031352
08:05:33,0.002279
08:05:33,-0.004162
08:05:33,-0.226269
08:05:33,-0.047698
08:05:33,0.006745
08:05:33,-0.033764
08:05:33,-0.029619
08:05:33,0.058559
08:05:33,-0.129475
08:05:33,-0.195365
08:05:34,-0.04178
08:05:34,0.091694
08:05:34,0.202506
08:05:34,0.093855
08:05:34,-0.176192
08:05:34,-0.027884
08:05:34,0.030796
08:05:34,0.021311
08:05:34,0.064717
08:05:34,-0.110046
08:05:35,0.007793
08:05:35,0.050439
08:05:35,0.099081
08:05:35,-0.096686
08:05:35,-0.041419
08:05:35,-0.324458
08:05:35,-0.074575
08:05:35,-0.06293
08:05:35,-0.12235
08:05:35,0.019873
08:05:36,-0.006713
08:05:36,-0.271106
08:05:36,0.025861
08:05:36,-0.111399
08:05:36,0.058283
08:05:36,-0.153822
08:05:36,0.003601
08:05:36,-0.03398
08:05:36,0.036372
08:05:36,0.014964
08:05:37,-0.03062
08:05:37,-0.184353
08:05:37,-0.177265
08:05:37,-0.070066
08:05:37,-0.000994
08:05:37,-0.07299
08:05:37,0.075025
08:05:37,-0.033507
08:05:37,-0.115802
08:05:37,-0.033372
08:05:38,0.027103
08:05:38,0.038986
08:05:38,0.225405
08:05:38,-0.080269
08:05:38,-0.008817
08:05:38,0.051135
08:05:38,-0.002811
08:05:38,-0.060074
08:05:38,-0.185911
08:05:38,-0.0613
08:05:39,-0.128844
08:05:39,-0.207193
08:05:39,-0.095481
08:05:39,-0.125651
08:05:39,0.070054
08:05:39,0.072131
08:05:39,-0.108466
08:05:39,-0.031227
08:05:39,-0.222989
08:05:39,-0.059321
08:05:40,0.047878
08:05:40,0.098993
08:05:40,-0.085566
08:05:40,0.126223
08:05:40,-0.181883
08:05:40,-0.149715
08:05:40,0.085159
08:05:40,0.200535
08:05:40,0.059212
08:05:40,-0.004841
08:05:41,-0.263422
08:05:41,-0.242694
08:05:41,0.015529
08:05:41,-0.042968
08:05:41,-0.1327
08:05:41,0.007864
08:05:41,0.013816
08:05:41,0.11333
08:05:41,0.016392
08:05:41,0.147407
08:05:42,0.000959
08:05:42,-0.01384
08:05:42,0.127717
08:05:42,-0.117413
08:05:42,0.337734
08:05:42,0.045031
08:05:42,0.0457
08:05:42,0.063012
08:05:42,0.225256
08:05:42,0.095101
08:05:43,-0.192607
08:05:43,0.168416
08:05:43,-0.040908
08:05:43,0.012859
08:05:43,-0.15351
08:05:43,0.063144
08:05:43,-0.078165
08:05:43,0.01202
08:05:43,-0.034092
08:05:43,0.231002
08:05:44,0.237871
08:05:44,0.005582
08:05:44,0.007677
08:05:44,-0.044813
08:05:44,0.132721
08:05:44,-0.03947
08:05:44,-0.05056
08:05:44,0.117431
08:05:44,-0.064596
08:05:44,-0.004531
08:05:45,-0.189757
08:05:45,0.084503
08:05:45,0.232904
08:05:45,0.086547
08:05:45,0.175416
08:05:45,-0.101532
08:05:45,0.028359
08:05:45,-0.113179
08:05:45,-0.027332
08:05:45,0.092665
08:05:46,0.012218
08:05:46,-0.169517
08:05:46,-0.157803
08:05:46,-0.16574
08:05:46,0.058974
08:05:46,0.247667
08:05:46,0.163495
08:05:46,-0.227518
08:05:46,0.170529
08:05:46,0.112368
08:05:47,-0.185436
08:05:47,-0.036384
08:05:47,0.131463
08:05:47,0.066052
08:05:47,-0.157091
08:05:47,0.073289
08:05:47,-0.2565
08:05:47,-0.026739
08:05:47,0.136555
08:05:47,0.002207
08:05:48,-0.059873
08:05:48,0.106722
08:05:48,0.11697
08:05:48,0.157205
08:05:48,0.104921
08:05:48,0.129765
08:05:48,0.087949
08:05:48,0.031863
08:05:48,0.010741
08:05:48,-0.028471
08:05:49,-0.145484
08:05:49,-0.114637
08:05:49,-0.033842
08:05:49,0.028974
08:05:49,0.172898
08:05:49,-0.005016
08:05:49,0.120417
08:05:49,0.129518
08:05:49,-0.027774
08:05:49,0.071363
08:05:50,-0.029223
08:05:50,0.158656
08:05:50,0.076301
08:05:50,-0.142858
08:05:50,0.019383
08:05:50,0.197773
08:05:50,-0.021748
08:05:50,0.053726
08:05:50,0.065505
08:05:50,-0.124395
08:05:51,0.061285
08:05:51,-0.16726
08:05:51,-0.075075
08:05:51,0.129087
08:05:51,0.042811
08:05:51,-0.036537
08:05:51,0.053575
08:05:51,-0.007211
08:05:51,0.001509
08:05:51,0.078818
08:05:52,-0.087284
08:05:52,0.00484
08:05:52,-0.037472
08:05:52,-0.190272
08:05:52,-0.110455
08:05:52,0.188185
08:05:52,0.046167
08:05:52,-0.158831
08:05:52,-0.184843
08:05:52,-0.01346
08:05:53,0.187342
08:05:53,-0.022411
08:05:53,0.15684
08:05:53,0.042232
08:05:53,0.05655
08:05:53,-0.160286
08:05:53,0.112503
08:05:53,-0.040192
08:05:53,0.103571
08:05:53,-0.0977
08:05:54,0.021246
08:05:54,0.04224
08:05:54,-0.018484
08:05:54,0.048545
08:05:54,-0.031968
08:05:54,-0.077887
08:05:54,0.192658
08:05:54,0.125874
08:05:54,-0.091304
08:05:54,0.068213
08:05:55,-0.089121
08:05:55,-0.142162
08:05:55,0.124057
08:05:55,-0.204492
08:05:55,0.111223
08:05:55,-0.030327
08:05:55,-0.025386
08:05:55,0.04917
08:05:55,0.069744
08:05:55,-0.099161
08:05:56,0.086127
08:05:56,0.013604
08:05:56,-0.150727
08:05:56,-0.020385
08:05:56,0.165753
08:05:56,0.201191
08:05:56,0.086082
08:05:56,-0.142841
08:05:56,0.058873
08:05:56,0.102103
08:05:57,0.087085
08:05:57,0.094195
08:05:57,0.043592
08:05:57,-0.008689
08:05:57,-0.073004
08:05:57,-0.227752
08:05:57,0.040757
08:05:57,0.022326
08:05:57,0.066909
08:05:57,-0.160505
08:05:58,0.077402
08:05:58,0.246545
08:05:58,0.009414
08:05:58,-0.0074
08:05:58,0.03708
08:05:58,0.24388
08:05:58,-0.122838
08:05:58,0.024385
08:05:58,-0.095959
08:05:58,-0.065641
08:05:59,-0.005951
08:05:59,0.161679
08:05:59,0.216119
08:05:59,0.053777
08:05:59,-0.045191
08:05:59,0.299129
08:05:59,-0.051307
08:05:59,-0.068536
08:05:59,-0.212993
08:05:59,0.167531
08:06:00,0.116189
08:06:00,0.290137
08:06:00,-0.166743
08:06:00,0.17498
08:06:00,0.008416
08:06:00,0.096732
08:06:00,-0.197733
08:06:00,0.17617
08:06:00,0.094382
08:06:00,-0.004669
08:06:01,0.077414
08:06:01,-0.091859
08:06:01,-0.069533
08:06:01,-0.055613
08:06:01,-0.222327
08:06:01,0.103411
08:06:01,0.142991
08:06:01,-0.084161
08:06:01,0.041784
08:06:01,-0.031865
08:06:02,0.039393
08:06:02,-0.075309
08:06:02,-0.106011
08:06:02,0.126249
08:06:02,-0.007664
08:06:02,0.242653
08:06:02,0.005557
08:06:02,-0.111129
08:06:02,0.147233
08:06:02,0.075696
08:06:03,0.087225
08:06:03,0.142872
08:06:03,-0.078336
08:06:03,-0.01527
08:06:03,-0.020574
08:06:03,-0.15489
08:06:03,-0.031631
08:06:03,0.160366
08:06:03,0.028481
08:06:03,-0.161527
08:06:04,-0.186701
08:06:04,0.199773
08:06:04,-0.010838
08:06:04,-0.077689
08:06:04,-0.032879
08:06:04,-0.177277
08:06:04,0.170771
08:06:04,-0.047166
08:06:04,0.164088
08:06:04,0.006198
08:06:05,0.171544
08:06:05,0.030803
08:06:05,0.102388
08:06:05,0.086291
08:06:05,0.074795
08:06:05,0.041752
08:06:05,-0.027942
08:06:05,0.229852
08:06:05,-0.108832
08:06:05,0.000517
08:06:06,0.001786
08:06:06,0.048293
08:06:06,-0.051537
08:06:06,0.03777
08:06:06,-0.020261
08:06:06,-0.189834
08:06:06,0.001146
08:06:06,-0.132068
08:06:06,-0.208126
08:06:06,0.016425
08:06:07,0.058546
08:06:07,0.063204
08:06:07,0.06806
08:06:07,-0.231911
08:06:07,-0.163322
08:06:07,0.236823
08:06:07,-0.125665
08:06:07,0.073301
08:06:07,-0.082433
08:06:07,0.009561
08:06:08,-0.075991
08:06:08,0.067385
08:06:08,0.016413
08:06:08,-0.053795
08:06:08,-0.126021
08:06:08,0.032133
08:06:08,-0.145526
08:06:08,0.051298
08:06:08,0.315178
08:06:08,0.16202
08:06:09,0.086202
08:06:09,-0.010273
08:06:09,-0.23265
08:06:09,-0.158674
08:06:09,0.153935
08:06:09,-0.094771
08:06:09,-0.08391
08:06:09,-0.019878
08:06:09,-0.127446
08:06:09,-0.147212
08:06:10,-0.006057
08:06:10,-0.106984
08:06:10,-0.088922
08:06:10,-0.093743
08:06:10,0.062683
08:06:10,-0.027855
08:06:10,-0.021429
08:06:10,0.071634
08:06:10,-0.017045
08:06:10,-0.03339
08:06:11,0.056454
08:06:11,0.080184
08:06:11,-0.017649
08:06:11,0.009673
08:06:11,-0.093815
08:06:11,-0.103282
08:06:11,0.092298
08:06:11,0.053393
08:06:11,0.054636
08:06:11,0.033703
08:06:12,0.005544
08:06:12,0.083569
08:06:12,0.112213
08:06:12,0.109347
08:06:12,-0.012093
08:06:12,0.166439
08:06:12,0.027415
08:06:12,0.075885
08:06:12,0.033851
08:06:12,0.029641
08:06:13,-0.08829
08:06:13,0.084162
08:06:13,0.341435
08:06:13,-0.044975
08:06:13,0.008519
08:06:13,-0.053545
08:06:13,-0.058562
08:06:13,0.185334
08:06:13,-0.080757
08:06:13,-0.05689
08:06:14,-0.190499
08:06:14,-0.090913
08:06:14,-0.205008
08:06:14,0.075817
08:06:14,0.335964
08:06:14,-0.044001
08:06:14,-0.200011
08:06:14,0.108
08:06:14,-0.087231
08:06:14,0.155922
08:06:15,-0.033843
08:06:15,-0.075818
08:06:15,-0.021355
08:06:15,0.090933
08:06:15,-0.02729
08:06:15,-0.059607
08:06:15,-0.02386
08:06:15,-0.152623
08:06:15,0.047644
08:06:15,-0.214407
08:06:16,-0.053295
08:06:16,0.091126
08:06:16,0.036366
08:06:16,0.070838
08:06:16,-0.007805
08:06:16,0.14037
08:06:16,0.110964
08:06:16,0.053537
08:06:16,0.111305
08:06:16,0.090051
08:06:17,-0.052736
08:06:17,-0.161268
08:06:17,0.050443
08:06:17,0.065531
08:06:17,0.130857
08:06:17,-0.112359
08:06:17,-0.108772
08:06:17,0.055188
08:06:17,-0.00854
08:06:17,-0.226291
08:06:18,0.045013
08:06:18,-0.222291
08:06:18,-0.113431
08:06:18,0.162202
08:06:18,0.218985
08:06:18,-0.145879
08:06:18,-0.039527
08:06:18,0.005115
08:06:18,0.213747
08:06:18,-0.059144
08:06:19,-0.057226
08:06:19,0.185847
08:06:19,-0.044975
08:06:19,0.086664
08:06:19,-0.177257
08:06:19,-0.020548
08:06:19,-0.199152
08:06:19,-0.126652
08:06:19,0.100704
08:06:19,-0.005989
08:06:20,-0.038293
08:06:20,-0.08985
08:06:20,-0.026479
08:06:20,0.036134
08:06:20,0.11795
08:06:20,-0.315018
08:06:20,-0.099811
08:06:20,0.019092
08:06:20,-0.011864
08:06:20,0.048405
08:06:21,0.032105
08:06:21,-0.036584
08:06:21,-0.063222
08:06:21,-0.02946
08:06:21,0.137849
08:06:21,-0.087841
08:06:21,-0.007537
08:06:21,0.022001
08:06:21,0.187242
08:06:21,-0.036037
08:06:22,0.115057
08:06:22,0.147838
08:06:22,-0.007651
08:06:22,-0.025286
08:06:22,-0.039486
08:06:22,-0.030699
08:06:22,0.102509
08:06:22,0.027721
08:06:22,0.028235
08:06:22,-0.135027
08:06:23,-0.116099
08:06:23,0.257214
08:06:23,-0.021339
08:06:23,-0.092973
08:06:23,0.171732
08:06:23,0.033817
08:06:23,0.069379
08:06:23,-0.016566
08:06:23,-0.038241
08:06:23,-0.02035
08:06:24,-0.165929
08:06:24,-0.010551
08:06:24,0.035524
08:06:24,0.222056
08:06:24,0.01032
08:06:24,-0.280101
08:06:24,-0.011278
08:06:24,0.32874
08:06:24,0.103964
08:06:24,-0.097307
08:06:25,0.070933
08:06:25,-0.089042
08:06:25,-0.162457
08:06:25,-0.041804
08:06:25,0.010983
08:06:25,-0.224659
08:06:25,-0.137899
08:06:25,0.00124
08:06:25,-0.048981
08:06:25,0.047377
08:06:26,-0.14576
08:06:26,0.085694
08:06:26,-0.142051
08:06:26,0.197128
08:06:26,-0.205891
08:06:26,-0.131107
08:06:26,0.050084
08:06:26,0.199708
08:06:26,0.037805
08:06:26,0.067543
08:06:27,0.002104
08:06:27,-0.123168
08:06:27,-0.058817
08:06:27,-0.145429
08:06:27,-0.153445
08:06:27,0.04821
08:06:27,-0.134781
08:06:27,0.038346
08:06:27,-0.156219
08:06:27,0.035566
08:06:28,-0.058642
08:06:28,0.168794
08:06:28,0.038846
08:06:28,0.148294
08:06:28,-0.090678
08:06:28,0.006737
08:06:28,-0.11773
08:06:28,-0.049633
08:06:28,-0.031453
08:06:28,-0.087103
08:06:29,-0.14586
08:06:29,-0.169622
08:06:29,-0.28077
08:06:29,-0.126762
08:06:29,0.075299
08:06:29,-0.19182
08:06:29,-0.164175
08:06:29,0.214908
08:06:29,-0.07638
08:06:29,0.038526
08:06:30,0.077078
08:06:30,0.079503
08:06:30,-0.182678
08:06:30,-0.027727
08:06:30,-0.194187
08:06:30,0.293558
08:06:30,-0.191385
08:06:30,-0.125741
08:06:30,-0.124872
08:06:30,-0.179599
08:06:31,0.162311
08:06:31,0.290694
08:06:31,-0.05709
08:06:31,-0.158451
08:06:31,-0.268431
08:06:31,-0.029293
08:06:31,-0.037964
08:06:31,-0.078156
08:06:31,0.026565
08:06:31,0.047421
08:06:32,0.03877
08:06:32,-0.037935
08:06:32,-0.132195
08:06:32,0.0799
08:06:32,0.001502
08:06:32,0.106603
08:06:32,0.094809
08:06:32,-0.170611
08:06:32,-0.172107
08:06:32,-0.090665
08:06:33,-0.126752
08:06:33,0.09063
08:06:33,0.042157
08:06:33,0.131902
08:06:33,0.047578
08:06:33,0.025038
08:06:33,0.143968
08:06:33,0.056367
08:06:33,0.008172
08:06:33,0.177654
08:06:34,0.013822
08:06:34,-0.036521
08:06:34,-0.100539
08:06:34,0.084363
08:06:34,0.148446
08:06:34,-0.00607
08:06:34,0.15695
08:06:34,-0.236402
08:06:34,-0.006654
08:06:34,-0.004811
08:06:35,-0.087239
08:06:35,0.286063
08:06:35,-0.007943
08:06:35,-0.048928
08:06:35,0.003115
08:06:35,-0.240338
08:06:35,-0.091184
08:06:35,0.117989
08:06:35,-0.075473
08:06:35,-0.099465
08:06:36,0.157143
08:06:36,0.160831
08:06:36,0.062039
08:06:36,-0.054614
08:06:36,-0.028737
08:06:36,-0.096498
08:06:36,-0.119373
08:06:36,-0.12533
08:06:36,-0.074167
08:06:36,-0.124167
08:06:37,-0.187645
08:06:37,0.026328
08:06:37,0.028151
08:06:37,0.204095
08:06:37,-0.080201
08:06:37,0.035532
08:06:37,0.037526
08:06:37,-0.030461
08:06:37,0.08932
08:06:37,0.093028
08:06:38,0.039289
08:06:38,-0.030677
08:06:38,-0.042904
08:06:38,-0.16413
08:06:38,-0.09671
08:06:38,-0.074641
08:06:38,-0.134877
08:06:38,0.052791
08:06:38,0.143595
08:06:38,-0.108967
08:06:39,0.034013
08:06:39,-0.124093
08:06:39,-0.036591
08:06:39,-0.08284
08:06:39,0.072227
08:06:39,-0.081455
08:06:39,0.121399
08:06:39,-0.029486
08:06:39,-0.077952
08:06:39,-0.150397
08:06:40,0.030385
08:06:40,0.107426
08:06:40,0.032799
08:06:40,0.26866
08:06:40,0.171574
08:06:40,-0.036903
08:06:40,-0.038163
08:06:40,0.056364
08:06:40,-0.100562
08:06:40,0.139955
08:06:41,0.043392
08:06:41,0.030775
08:06:41,0.082434
08:06:41,0.20674
08:06:41,0.020515
08:06:41,-0.013565
08:06:41,0.181046
08:06:41,0.116106
08:06:41,-0.038518
08:06:41,0.000622
08:06:42,0.023446
08:06:42,0.043418
08:06:42,-0.162792
08:06:42,-0.185098
08:06:42,-0.106487
08:06:42,-0.115769
08:06:42,-0.077259
08:06:42,0.076165
08:06:42,-0.020271
08:06:42,0.023567
08:06:43,-0.146916
08:06:43,-0.055397
08:06:43,0.070471
08:06:43,0.071394
08:06:43,-0.086949
08:06:43,0.019399
08:06:43,0.263862
08:06:43,-0.002112
08:06:43,-0.083182
08:06:43,-0.020851
08:06:44,0.011061
08:06:44,-0.01814
08:06:44,-0.003763
08:06:44,-0.173214
08:06:44,-0.115516
08:06:44,-0.01792
08:06:44,-0.019832
08:06:44,-0.067943
08:06:44,-0.021242
08:06:44,0.007322
08:06:45,0.10673
08:06:45,-0.011905
08:06:45,0.047892
08:06:45,-0.064992
08:06:45,0.068651
08:06:45,0.045088
08:06:45,0.103898
08:06:45,0.085615
08:06:45,0.070648
08:06:45,-0.01181
08:06:46,0.029393
08:06:46,0.127621
08:06:46,-0.078249
08:06:46,-0.075409
08:06:46,0.021772
08:06:46,0.049834
08:06:46,-0.098893
08:06:46,-0.008972
08:06:46,-0.01128
08:06:46,-0.265834
08:06:47,-0.026351
08:06:47,-0.018878
08:06:47,-0.019235
08:06:47,0.16991
08:06:47,-0.145896
08:06:47,-0.098955
08:06:47,-0.313463
08:06:47,-0.05771
08:06:47,-0.047477
08:06:47,-0.061197
08:06:48,0.132921
08:06:48,0.103274
08:06:48,0.009343
08:06:48,-0.044474
08:06:48,0.123143
08:06:48,-0.002371
08:06:48,-0.098192
08:06:48,-0.20595
08:06:48,-0.052958
08:06:48,0.090557
08:06:49,0.273185
08:06:49,0.007393
08:06:49,-0.091843
08:06:49,-0.142196
08:06:49,0.066235
08:06:49,-0.211754
08:06:49,0.066041
08:06:49,0.098125
08:06:49,0.052354
08:06:49,-0.026359
08:06:50,0.067793
08:06:50,0.020513
08:06:50,-0.093375
08:06:50,0.222049
08:06:50,-0.042202
08:06:50,0.09309
08:06:50,-0.290234
08:06:50,0.153177
08:06:50,0.176252
08:06:50,0.00358
08:06:51,0.067053
08:06:51,0.067022
08:06:51,-0.077134
08:06:51,0.065655
08:06:51,-0.097036
08:06:51,-0.073051
08:06:51,0.135233
08:06:51,0.116959
08:06:51,-0.084765
08:06:51,-0.088029
08:06:52,-0.077472
08:06:52,0.087917
08:06:52,-0.119998
08:06:52,0.042806
08:06:52,0.089622
08:06:52,-0.010589
08:06:52,0.121208
08:06:52,-0.036517
08:06:52,-0.025663
08:06:52,-0.11727
08:06:53,0.122061
08:06:53,-0.091982
08:06:53,0.041973
08:06:53,-0.008558
08:06:53,-0.126334
08:06:53,-0.073092
08:06:53,0.165945
08:06:53,0.024199
08:06:53,-0.121098
08:06:53,0.036639
08:06:54,-0.017534
08:06:54,0.414486
08:06:54,0.034215
08:06:54,-0.045675
08:06:54,0.170403
08:06:54,-0.220924
08:06:54,0.011318
08:06:54,0.239331
08:06:54,-0.013944
08:06:54,-0.207996
08:06:55,-0.04751
08:06:55,0.174542
08:06:55,0.045128
08:06:55,-0.100663
08:06:55,-0.082229
08:06:55,-0.067164
08:06:55,0.043344
08:06:55,0.160584
08:06:55,0.126291
08:06:55,0.054721
08:06:56,-0.159797
08:06:56,-0.159352
08:06:56,0.06399
08:06:56,-0.161457
08:06:56,-0.027068
08:06:56,0.036498
08:06:56,-0.136511
08:06:56,-0.122911
08:06:56,-0.011295
08:06:56,0.060438
08:06:57,0.127382
08:06:57,0.072846
08:06:57,0.008839
08:06:57,-0.089543
08:06:57,-0.128509
08:06:57,-0.061305
08:06:57,0.049192
08:06:57,0.040395
08:06:57,-0.251988
08:06:57,-0.094281
08:06:58,0.144541
08:06:58,0.009506
08:06:58,-0.170041
08:06:58,0.282699
08:06:58,-0.003473
08:06:58,0.04612
08:06:58,0.047943
08:06:58,-0.044111
08:06:58,-0.087309
08:06:58,0.254601
08:06:59,0.120385
08:06:59,0.098632
08:06:59,0.069155
08:06:59,-0.120398
08:06:59,0.153304
08:06:59,-0.101176
08:06:59,0.033994
08:06:59,-0.196727
08:06:59,-0.244903
08:06:59,0.038195
08:07:00,-0.097092
08:07:00,-0.2387
08:07:00,0.064873
08:07:00,0.25441
08:07:00,0.166747
08:07:00,-0.030878
08:07:00,0.001061
08:07:00,0.106525
08:07:00,0.134655
08:07:00,-0.041224
08:07:01,0.004101
08:07:01,0.036074
08:07:01,0.066465
08:07:01,-0.015969
08:07:01,-0.01441
08:07:01,0.16558
08:07:01,0.145142
08:07:01,0.057289
08:07:01,0.206293
08:07:01,-0.046373
08:07:02,0.194757
08:07:02,0.065102
08:07:02,0.392523
08:07:02,-0.143098
08:07:02,-0.082721
08:07:02,0.050256
08:07:02,0.047668
08:07:02,0.234017
08:07:02,-0.080205
08:07:02,0.10859
08:07:03,0.139496
08:07:03,0.084558
08:07:03,-0.11532
08:07:03,0.168931
08:07:03,0.147519
08:07:03,0.07195
08:07:03,0.024522
08:07:03,0.027133
08:07:03,-0.009448
08:07:03,0.076894
08:07:04,0.003736
08:07:04,-0.101823
08:07:04,-0.125831
08:07:04,-0.090244
08:07:04,0.026656
08:07:04,-0.003235
08:07:04,0.025841
08:07:04,0.060098
08:07:04,-0.075279
08:07:04,0.175879
08:07:05,-0.032125
08:07:05,-0.052011
08:07:05,0.057886
08:07:05,-0.220381
08:07:05,-0.094864
08:07:05,0.117729
08:07:05,-0.208491
08:07:05,0.134109
08:07:05,0.181336
08:07:05,-0.044335
08:07:06,0.035018
08:07:06,0.13429
08:07:06,-0.056015
08:07:06,0.104133
08:07:06,-0.080538
08:07:06,-0.057312
08:07:06,-0.09592
08:07:06,0.041118
08:07:06,0.138956
08:07:06,-0.022094
08:07:07,-0.15255
08:07:07,-0.129925
08:07:07,0.047352
08:07:07,0.221294
08:07:07,0.047247
08:07:07,-0.046428
08:07:07,0.091942
08:07:07,-0.02874
08:07:07,-0.045394
08:07:07,-0.115015
08:07:08,0.169014
08:07:08,-0.304705
08:07:08,0.095743
08:07:08,-0.055649
08:07:08,-0.049241
08:07:08,0.203078
08:07:08,-0.085696
08:07:08,-0.081608
08:07:08,-0.015647
08:07:08,0.049662
08:07:09,-0.053023
08:07:09,-0.188863
08:07:09,-0.103884
08:07:09,0.15376
08:07:09,0.008973
08:07:09,0.05413
08:07:09,-0.031371
08:07:09,-0.07914
08:07:09,0.201308
08:07:09,-0.022583
08:07:10,-0.053204
08:07:10,0.131537
08:07:10,-0.086683
08:07:10,-0.071367
08:07:10,0.00123
08:07:10,3.2e-05
08:07:10,0.031153
08:07:10,0.251
08:07:10,0.04035
08:07:10,-0.285366
08:07:11,0.039156
08:07:11,0.004546
08:07:11,0.005214
08:07:11,0.029514
08:07:11,-0.003441
08:07:11,-0.006313
08:07:11,0.073565
08:07:11,-0.06505
08:07:11,-0.113722
08:07:11,0.362854
08:07:12,-0.085903
08:07:12,0.012017
08:07:12,-0.179479
08:07:12,0.013976
08:07:12,-0.111987
08:07:12,-0.053097
08:07:12,0.125408
08:07:12,0.056641
08:07:12,0.068209
08:07:12,-0.212545
08:07:13,0.220427
08:07:13,-0.143026
08:07:13,0.183427
08:07:13,0.122585
08:07:13,0.06928
08:07:13,-0.102598
08:07:13,0.018191
08:07:13,-0.056511
08:07:13,0.003485
08:07:13,-0.029985
08:07:14,-0.244633
08:07:14,0.134614
08:07:14,-0.009733
08:07:14,-0.058176
08:07:14,-0.067239
08:07:14,0.043015
08:07:14,-0.107251
08:07:14,-0.270621
08:07:14,0.048856
08:07:14,0.062292
08:07:15,-0.023956
08:07:15,-0.137748
08:07:15,0.010672
08:07:15,-0.175744
08:07:15,-0.123268
08:07:15,-0.090084
08:07:15,0.101273
08:07:15,-0.043513
08:07:15,-0.053744
08:07:15,0.234563
08:07:16,0.042295
08:07:16,0.040679
08:07:16,-0.044364
08:07:16,-0.071565
08:07:16,-0.262369
08:07:16,0.116249
08:07:16,0.053797
08:07:16,-0.0215
08:07:16,-0.016467
08:07:16,0.088337
08:07:17,-0.186565
08:07:17,-0.070786
08:07:17,-0.136356
08:07:17,0.212581
08:07:17,0.105079
08:07:17,-0.264323
08:07:17,-0.181651
08:07:17,-0.015881
08:07:17,-0.056693
08:07:17,-0.158926
08:07:18,0.233371
08:07:18,0.037505
08:07:18,0.056978
08:07:18,-0.083042
08:07:18,0.086673
08:07:18,-0.045652
08:07:18,-0.034001
08:07:18,0.07332
08:07:18,-0.19548
08:07:18,0.191643
08:07:19,0.021887
08:07:19,0.153713
08:07:19,-0.12905
08:07:19,-0.11078
08:07:19,-0.139428
08:07:19,0.030036
08:07:19,0.007918
08:07:19,-0.055729
08:07:19,-0.121688
08:07:19,-0.151992
08:07:20,-0.005818
08:07:20,-0.05587
08:07:20,-0.082273
08:07:20,0.185651
08:07:20,-0.009879
08:07:20,0.152405
08:07:20,-0.06399
08:07:20,0.029373
08:07:20,-0.006657
08:07:20,-0.203715
08:07:21,0.171401
08:07:21,-0.016218
08:07:21,0.08957
08:07:21,-0.090243
08:07:21,-0.019781
08:07:21,-0.104022
08:07:21,0.14832
08:07:21,0.037369
08:07:21,0.044046
08:07:21,0.162982
08:07:22,0.138761
08:07:22,0.091841
08:07:22,-0.170607
08:07:22,-0.083481
08:07:22,-0.120467
08:07:22,0.087304
08:07:22,0.020478
08:07:22,-0.166861
08:07:22,-0.022649
08:07:22,-0.179293
08:07:23,-0.006379
08:07:23,-0.198645
08:07:23,0.063459
08:07:23,0.045356
08:07:23,0.228954
08:07:23,0.101745
08:07:23,-0.05075
08:07:23,0.098168
08:07:23,-0.16772
08:07:23,-0.115497
08:07:24,0.039977
08:07:24,-0.25899
08:07:24,-0.004459
08:07:24,-0.122432
08:07:24,0.012157
08:07:24,-0.129328
08:07:24,0.05091
08:07:24,0.002319
08:07:24,0.168044
08:07:24,0.000808
08:07:25,-0.092237
08:07:25,-0.029626
08:07:25,-0.161308
08:07:25,0.048736
08:07:25,0.070782
08:07:25,0.296304
08:07:25,-0.07462
08:07:25,-0.032135
08:07:25,-0.069091
08:07:25,0.025454
08:07:26,0.045803
08:07:26,-0.006405
08:07:26,0.130359
08:07:26,-0.074038
08:07:26,0.118341
08:07:26,0.06462
08:07:26,-0.001444
08:07:26,-0.037792
08:07:26,0.2912
08:07:26,-0.098041
08:07:27,0.035752
08:07:27,-0.090026
08:07:27,0.214274
08:07:27,0.106419
08:07:27,-0.081402
08:07:27,0.061511
08:07:27,0.030923
08:07:27,-0.061995
08:07:27,0.09098
08:07:27,0.046717
08:07:28,0.025884
08:07:28,-0.00503
08:07:28,0.051727
08:07:28,0.027527
08:07:28,0.007091
08:07:28,-0.076922
08:07:28,0.203252
08:07:28,-0.12605
08:07:28,0.051316
08:07:28,-0.038429
08:07:29,0.211146
08:07:29,-0.108418
08:07:29,-0.088232
08:07:29,-0.116378
08:07:29,0.038816
08:07:29,-0.164766
08:07:29,-0.057423
08:07:29,-0.258284
08:07:29,0.028851
08:07:29,-0.060026
08:07:30,-0.178567
08:07:30,0.130273
08:07:30,-0.15692
08:07:30,0.095633
08:07:30,-0.084125
08:07:30,0.192189
08:07:30,0.089946
08:07:30,-0.120966
08:07:30,-0.11005
08:07:30,0.072663
08:07:31,-0.031485
08:07:31,-0.020321
08:07:31,0.152669
08:07:31,-0.089843
08:07:31,0.010955
08:07:31,0.114555
08:07:31,0.097094
08:07:31,-0.019154
08:07:31,-0.034669
08:07:31,-0.208658
08:07:32,-0.126749
08:07:32,0.038203
08:07:32,-0.016546
08:07:32,0.008991
08:07:32,0.12471
08:07:32,-0.142479
08:07:32,-0.028342
08:07:32,0.022645
08:07:32,-0.084499
08:07:32,0.171777
08:07:33,0.10903
08:07:33,0.034816
08:07:33,0.215308
08:07:33,-0.179867
08:07:33,-0.000927
08:07:33,0.04396
08:07:33,-0.109747
08:07:33,0.036086
08:07:33,-0.13279
08:07:33,0.082867
08:07:34,0.12694
08:07:34,0.03268
08:07:34,-0.222336
08:07:34,-0.116015
08:07:34,0.067765
08:07:34,0.002544
08:07:34,-0.32328
08:07:34,0.14914
08:07:34,0.016399
08:07:34,-0.098289
08:07:35,0.119395
08:07:35,-0.081305
08:07:35,-0.082614
08:07:35,0.043002
08:07:35,0.213725
08:07:35,0.19483
08:07:35,0.043165
08:07:35,0.055486
08:07:35,0.09498
08:07:35,-0.150838
08:07:36,0.077298
08:07:36,-0.088089
08:07:36,0.038217
08:07:36,-0.027296
08:07:36,0.060145
08:07:36,0.014172
08:07:36,-0.368764
08:07:36,0.021467
08:07:36,0.077058
08:07:36,0.053511
08:07:37,-0.01231
08:07:37,0.197059
08:07:37,0.037365
08:07:37,0.052521
08:07:37,0.125339
08:07:37,0.043511
08:07:37,-0.107762
08:07:37,-0.2926
08:07:37,-0.057255
08:07:37,0.091313
08:07:38,-0.042372
08:07:38,0.096141
08:07:38,0.017847
08:07:38,0.154568
08:07:38,-0.035426
08:07:38,0.056114
08:07:38,0.060706
08:07:38,0.180192
08:07:38,-0.204796
08:07:38,-0.055009
08:07:39,0.101822
08:07:39,0.185508
08:07:39,0.028809
08:07:39,-0.035124
08:07:39,0.090854
08:07:39,0.104244
08:07:39,-0.043159
08:07:39,0.039637
08:07:39,0.141663
08:07:39,0.226855
08:07:40,0.089113
08:07:40,0.005297
08:07:40,-0.006489
08:07:40,0.066888
08:07:40,-0.013881
08:07:40,0.022757
08:07:40,-0.126945
08:07:40,0.155647
08:07:40,-0.136822
08:07:40,-0.051853
08:07:41,0.011711
08:07:41,0.238918
08:07:41,-0.050722
08:07:41,-0.079922
08:07:41,-0.066098
08:07:41,0.199068
08:07:41,-0.337482
08:07:41,-0.120329
08:07:41,0.327755
08:07:41,0.070906
08:07:42,-0.132718
08:07:42,-0.00503
08:07:42,0.008095
08:07:42,0.101535
08:07:42,0.22074
08:07:42,0.046626
08:07:42,-0.064775
08:07:42,0.09445
08:07:42,-0.08379
08:07:42,-0.124
08:07:43,-0.211189
08:07:43,-0.187815
08:07:43,-0.107573
08:07:43,-0.141335
08:07:43,0.037588
08:07:43,-0.143928
08:07:43,-0.37724
08:07:43,-0.125269
08:07:43,-0.056623
08:07:43,-0.072654
08:07:44,0.182343
08:07:44,-0.073625
08:07:44,0.105711
08:07:44,-0.002278
08:07:44,-0.005077
08:07:44,-0.100246
08:07:44,-0.007054
08:07:44,-0.091812
08:07:44,0.020403
08:07:44,-0.02835
08:07:45,-0.113355
08:07:45,0.119027
08:07:45,0.051221
08:07:45,-0.053768
08:07:45,0.017459
08:07:45,-0.010059
08:07:45,-0.104111
08:07:45,0.00846
08:07:45,-0.074521
08:07:45,-0.113392
08:07:46,-0.194732
08:07:46,-0.043033
08:07:46,0.068036
08:07:46,-0.083359
08:07:46,0.302485
08:07:46,0.106282
08:07:46,0.15652
08:07:46,0.095429
08:07:46,0.222344
08:07:46,-0.09444
08:07:47,-0.307288
08:07:47,-0.053535
08:07:47,0.066986
08:07:47,0.018182
08:07:47,0.033057
08:07:47,0.158509
08:07:47,0.045847
08:07:47,0.09587
08:07:47,-0.112748
08:07:47,-0.131447
08:07:48,0.193694
08:07:48,0.012108
08:07:48,-0.074788
08:07:48,-0.074567
08:07:48,-0.077895
08:07:48,-0.085075
08:07:48,-0.153978
08:07:48,-0.18005
08:07:48,-0.023401
08:07:48,-0.071151
08:07:49,0.132859
08:07:49,0.035169
08:07:49,0.031838
08:07:49,-0.089174
08:07:49,-0.014523
08:07:49,0.04332
08:07:49,0.085943
08:07:49,-0.011267
08:07:49,0.129495
08:07:49,0.000959
08:07:50,0.095142
08:07:50,-0.058782
08:07:50,-0.217511
08:07:50,0.032203
08:07:50,0.087039
08:07:50,0.069042
08:07:50,0.050662
08:07:50,-0.04183
08:07:50,-0.09681
08:07:50,0.066207
08:07:51,0.051174
08:07:51,-0.067308
08:07:51,0.133131
08:07:51,-0.105944
08:07:51,-0.070023
08:07:51,0.196371
08:07:51,0.10423
08:07:51,-0.042961
08:07:51,0.034486
08:07:51,0.018575
08:07:52,-0.329474
08:07:52,-0.108777
08:07:52,-0.006102
08:07:52,-0.042793
08:07:52,0.029652
08:07:52,0.135538
08:07:52,-0.038584
08:07:52,-0.126919
08:07:52,0.038982
08:07:52,-0.039195
08:07:53,-0.018728
08:07:53,-0.035013
08:07:53,0.269021
08:07:53,-0.268885
08:07:53,-0.0466
08:07:53,-0.000443
08:07:53,-0.093737
08:07:53,0.107979
08:07:53,0.097591
08:07:53,-0.005731
08:07:54,-0.032481
08:07:54,-0.013435
08:07:54,-0.012574
08:07:54,-0.009405
08:07:54,-0.02256
08:07:54,0.030294
08:07:54,0.090385
08:07:54,-0.147631
08:07:54,-0.12608
08:07:54,-0.209822
08:07:55,0.103968
08:07:55,0.030039
08:07:55,0.060632
08:07:55,-0.17154
08:07:55,0.214194
08:07:55,-0.073062
08:07:55,0.020185
08:07:55,0.102526
08:07:55,-0.118438
08:07:55,-0.065559
08:07:56,0.021501
08:07:56,0.342897
08:07:56,0.036135
08:07:56,0.192763
08:07:56,0.144681
08:07:56,0.044161
08:07:56,-0.118703
08:07:56,0.12717
08:07:56,-0.179773
08:07:56,0.192105
08:07:57,0.024001
08:07:57,-0.318027
08:07:57,-0.040861
08:07:57,0.078474
08:07:57,-0.028443
08:07:57,0.085801
08:07:57,-0.102003
08:07:57,-0.156718
08:07:57,-0.008573
08:07:57,0.003788
08:07:58,-0.041806
08:07:58,0.147275
08:07:58,-0.102025
08:07:58,0.03758
08:07:58,0.008156
08:07:58,-0.186806
08:07:58,-0.158284
08:07:58,0.001429
08:07:58,0.237744
08:07:58,0.069512
08:07:59,-0.207076
08:07:59,-0.373259
08:07:59,0.087966
08:07:59,-0.011546
08:07:59,0.136952
08:07:59,-0.105686
08:07:59,0.042025
08:07:59,0.101541
08:07:59,-0.053696
08:07:59,-0.05113
08:08:00,0.008842
08:08:00,0.299441
08:08:00,0.211295
08:08:00,0.658692
08:08:00,0.249772
08:08:00,0.030036
08:08:00,1.258253
08:08:00,0.412083
08:08:00,0.466785
08:08:00,0.668351
08:08:01,0.723513
08:08:01,0.556043
08:08:01,0.659638
08:08:01,0.609788
08:08:01,0.627499
08:08:01,-0.330146
08:08:01,1.069756
08:08:01,0.266242
08:08:01,0.41953
08:08:01,-0.372831
08:08:02,-0.16485
08:08:02,-0.344815
08:08:02,0.298091
08:08:02,-0.522828
08:08:02,-0.146122
08:08:02,-0.722622
08:08:02,-0.724729
08:08:02,-0.709647
08:08:02,-0.216394
08:08:02,-1.35283
08:08:03,-1.160482
08:08:03,-1.372939
08:08:03,-1.046365
08:08:03,-0.907765
08:08:03,-1.13138
08:08:03,-0.751926
08:08:03,-1.1166
08:08:03,-0.674089
08:08:03,0.203835
08:08:03,0.031752
08:08:04,0.065614
08:08:04,-0.241468
08:08:04,-0.321318
08:08:04,-0.080911
08:08:04,0.396326
08:08:04,0.798837
08:08:04,0.88214
08:08:04,0.844419
08:08:04,0.407595
08:08:04,0.699974
08:08:05,0.58753
08:08:05,0.620965
08:08:05,1.378734
08:08:05,0.007004
08:08:05,0.484175
08:08:05,0.919087
08:08:05,-0.101612
08:08:05,0.092482
08:08:05,0.031148
08:08:05,0.031353
08:08:06,-0.558585
08:08:06,0.098846
08:08:06,0.016889
08:08:06,-0.139862
08:08:06,-0.71608
08:08:06,-0.464696
08:08:06,-0.881116
08:08:06,-0.740113
08:08:06,0.087974
08:08:06,-0.657888
08:08:07,-1.115634
08:08:07,-0.628264
08:08:07,-1.138868
08:08:07,-1.043358
08:08:07,-0.930705
08:08:07,-0.650483
08:08:07,-0.083511
08:08:07,-0.115354
08:08:07,-0.033264
08:08:07,-0.494128
08:08:08,-0.18946
08:08:08,0.204705
08:08:08,-0.0036
08:08:08,0.220365
08:08:08,0.565925
08:08:08,0.372904
08:08:08,0.645433
08:08:08,1.18116
08:08:08,0.605589
08:08:08,1.10415
08:08:09,0.89578
08:08:09,0.177847
08:08:09,0.279992
08:08:09,0.331946
08:08:09,0.26712
08:08:09,0.463373
08:08:09,0.626575
08:08:09,0.757099
08:08:09,0.324173
08:08:09,-0.046484
08:08:10,-0.728784
08:08:10,-0.084798
08:08:10,-0.207292
08:08:10,-0.253768
08:08:10,0.325734
08:08:10,-0.060766
08:08:10,-0.291541
08:08:10,-0.960432
08:08:10,-0.845288
08:08:10,-0.724577
08:08:11,-0.971392
08:08:11,-0.516219
08:08:11,-0.540821
08:08:11,-1.004612
08:08:11,-0.147426
08:08:11,-0.459166
08:08:11,-1.016625
08:08:11,-0.335763
08:08:11,-0.11789
08:08:11,0.230973
08:08:12,-0.118117
08:08:12,0.399283
08:08:12,0.281812
08:08:12,-0.142476
08:08:12,-0.083859
08:08:12,0.887871
08:08:12,0.984906
08:08:12,0.736723
08:08:12,1.189237
08:08:12,1.061195
08:08:13,0.93927
08:08:13,0.372423
08:08:13,1.27174
08:08:13,0.81141
08:08:13,0.431268
08:08:13,0.26108
08:08:13,0.501324
08:08:13,-0.267077
08:08:13,0.461198
08:08:13,-0.224246
08:08:14,0.129713
08:08:14,-0.292071
08:08:14,-0.308858
08:08:14,-0.582712
08:08:14,-0.46788
08:08:14,0.166308
08:08:14,-0.081541
08:08:14,-0.499637
08:08:14,-0.674593
08:08:14,-0.395911
08:08:15,-0.30451
08:08:15,-0.981818
08:08:15,-0.692843
08:08:15,-1.26139
08:08:15,-0.173226
08:08:15,0.227784
08:08:15,-0.383421
08:08:15,-1.061547
08:08:15,-0.0032
08:08:15,-0.425935
08:08:16,-0.232172
08:08:16,0.328806
08:08:16,0.305406
08:08:16,0.146955
08:08:16,0.184088
08:08:16,0.539017
08:08:16,0.422999
08:08:16,0.235472
08:08:16,0.549342
08:08:16,0.810239
08:08:17,0.637664
08:08:17,0.196654
08:08:17,1.011912
08:08:17,-0.334879
08:08:17,0.410084
08:08:17,0.277905
08:08:17,0.463312
08:08:17,0.514375
08:08:17,0.61068
08:08:17,-0.139838
08:08:18,0.205304
08:08:18,-0.040968
08:08:18,-0.815351
08:08:18,0.347396
08:08:18,-0.915021
08:08:18,-0.348151
08:08:18,-0.429826
08:08:18,-0.527232
08:08:18,-0.838841
08:08:18,-0.401843
08:08:19,-1.246129
08:08:19,-0.714422
08:08:19,-0.863096
08:08:19,-0.860759
08:08:19,-0.41625
08:08:19,-0.117857
08:08:19,-0.531589
08:08:19,-0.044555
08:08:19,-0.198903
08:08:19,-0.42196
08:08:20,-0.090283
08:08:20,0.004684
08:08:20,-0.027519
08:08:20,0.467762
08:08:20,0.493576
08:08:20,-0.061753
08:08:20,-0.011722
08:08:20,0.772344
08:08:20,0.380389
08:08:20,0.797096
08:08:21,0.973326
08:08:21,0.246548
08:08:21,0.171702
08:08:21,1.209756
08:08:21,0.689362
08:08:21,0.348241
08:08:21,0.084571
08:08:21,0.139139
08:08:21,-0.200388
08:08:21,0.418698
08:08:22,-0.271863
08:08:22,0.273233
08:08:22,-0.356532
08:08:22,-0.682966
08:08:22,-0.560655
08:08:22,-1.413433
08:08:22,-0.608581
08:08:22,-0.683246
08:08:22,-0.37708
08:08:22,-1.351589
08:08:23,-0.293347
08:08:23,-0.404172
08:08:23,-0.227524
08:08:23,-0.642157
08:08:23,-0.211448
08:08:23,-1.00991
08:08:23,-0.161883
08:08:23,-0.5877
08:08:23,-0.794303
08:08:23,-0.502953
08:08:24,0.001936
08:08:24,-0.179001
08:08:24,0.347938
08:08:24,-0.31509
08:08:24,-0.333034
08:08:24,0.97531
08:08:24,0.882642
08:08:24,0.256451
08:08:24,0.66469
08:08:24,1.048209
08:08:25,0.84672
08:08:25,0.74326
08:08:25,1.049043
08:08:25,0.367955
08:08:25,0.577224
08:08:25,0.488728
08:08:25,0.315983
08:08:25,0.181361
08:08:25,0.241816
08:08:25,0.121547
08:08:26,-0.36695
08:08:26,0.171124
08:08:26,-0.558047
08:08:26,-0.394175
08:08:26,-0.514798
08:08:26,-0.369638
08:08:26,-1.307998
08:08:26,-0.311886
08:08:26,-0.902686
08:08:26,-0.264395
08:08:27,-0.867358
08:08:27,-0.708477
08:08:27,0.004086
08:08:27,-0.720773
08:08:27,-0.132714
08:08:27,-0.481309
08:08:27,-0.266053
08:08:27,-0.293308
08:08:27,0.080436
08:08:27,-0.34944
08:08:28,-0.344417
08:08:28,-0.113998
08:08:28,0.251211
08:08:28,0.240507
08:08:28,0.660046
08:08:28,0.951631
08:08:28,0.224768
08:08:28,0.366822
08:08:28,0.163056
08:08:28,1.402012
08:08:29,0.806634
08:08:29,0.859313
08:08:29,0.196667
08:08:29,0.623295
08:08:29,0.744549
08:08:29,0.40651
08:08:29,0.787947
08:08:29,1.126934
08:08:29,-0.11516
08:08:29,-0.248226
08:08:30,-0.307215
08:08:30,0.452666
08:08:30,0.148512
08:08:30,-0.365228
08:08:30,-0.398654
08:08:30,-0.780765
08:08:30,-0.254802
08:08:30,-0.75667
08:08:30,-0.756766
08:08:30,-0.478305
08:08:31,-0.765798
08:08:31,-0.77362
08:08:31,-0.662038
08:08:31,-0.34533
08:08:31,0.009961
08:08:31,-0.290055
08:08:31,-0.13029
08:08:31,-0.387742
08:08:31,-0.464041
08:08:31,0.119391
08:08:32,0.059934
08:08:32,-0.388416
08:08:32,0.101488
08:08:32,0.288779
08:08:32,0.232789
08:08:32,1.013582
08:08:32,0.734256
08:08:32,1.104316
08:08:32,0.757938
08:08:32,0.719868
08:08:33,0.372191
08:08:33,0.695557
08:08:33,0.670308
08:08:33,0.145215
08:08:33,0.377477
08:08:33,0.381826
08:08:33,0.556168
08:08:33,0.479266
08:08:33,0.01285
08:08:33,0.273608
08:08:34,-0.063728
08:08:34,-1.113871
08:08:34,-0.385958
08:08:34,0.059853
08:08:34,-1.000082
08:08:34,-0.455533
08:08:34,-0.01147
08:08:34,-0.889919
08:08:34,-0.664987
08:08:34,-1.147788
08:08:35,-0.130469
08:08:35,-0.720548
08:08:35,-0.64942
08:08:35,-0.149699
08:08:35,-0.334794
08:08:35,-0.801445
08:08:35,-0.637997
08:08:35,-0.144567
08:08:35,-0.434754
08:08:35,-0.850539
08:08:36,-0.018634
08:08:36,-0.40857
08:08:36,0.782011
08:08:36,0.379669
08:08:36,0.094638
08:08:36,0.250453
08:08:36,-0.094977
08:08:36,0.238893
08:08:36,1.021453
08:08:36,1.472507
08:08:37,0.954239
08:08:37,0.659167
08:08:37,0.514554
08:08:37,0.288931
08:08:37,1.28723
08:08:37,0.428913
08:08:37,1.15192
08:08:37,0.805525
08:08:37,-0.392967
08:08:37,-0.123579
08:08:38,-0.234166
08:08:38,-0.13745
08:08:38,-0.237422
08:08:38,0.73089
08:08:38,-0.788479
08:08:38,-0.414835
08:08:38,-0.350534
08:08:38,-0.624255
08:08:38,-0.627176
08:08:38,-1.057065
08:08:39,-0.66273
08:08:39,-0.512392
08:08:39,-0.551079
08:08:39,-0.424134
08:08:39,-0.071899
08:08:39,-0.167036
08:08:39,-0.386497
08:08:39,-0.727909
08:08:39,-0.426314
08:08:39,-0.186375
08:08:40,0.088321
08:08:40,-0.057912
08:08:40,-0.111195
08:08:40,-0.098076
08:08:40,-0.166463
08:08:40,0.412742
08:08:40,0.051929
08:08:40,0.273521
08:08:40,0.527874
08:08:40,0.223811
08:08:41,0.832913
08:08:41,0.95046
08:08:41,0.47344
08:08:41,0.470745
08:08:41,0.754412
08:08:41,0.245076
08:08:41,0.137493
08:08:41,0.736568
08:08:41,0.525778
08:08:41,0.320047
08:08:42,0.323976
08:08:42,-0.801552
08:08:42,0.257531
08:08:42,-0.180572
08:08:42,-0.057676
08:08:42,-0.359468
08:08:42,-0.549188
08:08:42,-0.720063
08:08:42,-0.537239
08:08:42,-0.800494
08:08:43,-0.396243
08:08:43,-1.246642
08:08:43,-0.855291
08:08:43,0.091984
08:08:43,-0.78544
08:08:43,-0.578514
08:08:43,-0.720353
08:08:43,-0.200247
08:08:43,-0.474005
08:08:43,-0.174468
08:08:44,0.297103
08:08:44,-0.135063
08:08:44,0.492326
08:08:44,0.605574
08:08:44,0.780684
08:08:44,0.544164
08:08:44,1.700753
08:08:44,0.992791
08:08:44,0.779447
08:08:44,0.384808
08:08:45,0.666029
08:08:45,1.190596
08:08:45,1.264077
08:08:45,1.14112
08:08:45,0.841129
08:08:45,0.055494
08:08:45,0.581956
08:08:45,-0.116697
08:08:45,-0.304303
08:08:45,0.19321
08:08:46,0.18312
08:08:46,0.206678
08:08:46,-0.042314
08:08:46,-0.131738
08:08:46,-0.756078
08:08:46,-0.531717
08:08:46,-1.093803
08:08:46,-1.324884
08:08:46,-0.406515
08:08:46,-0.954975
08:08:47,-0.394626
08:08:47,-0.30346
08:08:47,-0.882501
08:08:47,-0.417096
08:08:47,-0.797717
08:08:47,-1.141032
08:08:47,-0.368291
08:08:47,-0.482599
08:08:47,-0.370343
08:08:47,0.581866
08:08:48,-0.53405
08:08:48,0.243509
08:08:48,-0.131871
08:08:48,0.635685
08:08:48,0.515901
08:08:48,0.627745
08:08:48,0.235601
08:08:48,0.355749
08:08:48,0.990277
08:08:48,1.311161
08:08:49,0.868108
08:08:49,0.377285
08:08:49,0.784368
08:08:49,1.47332
08:08:49,0.60216
08:08:49,1.006619
08:08:49,0.152334
08:08:49,0.303063
08:08:49,0.43316
08:08:49,0.248569
08:08:50,-0.268236
08:08:50,-0.392835
08:08:50,0.129588
08:08:50,0.099249
08:08:50,0.117801
08:08:50,0.136401
08:08:50,-0.519195
08:08:50,-0.732624
08:08:50,-0.192893
08:08:50,-0.441808
08:08:51,-1.043859
08:08:51,-1.053154
08:08:51,-0.493564
08:08:51,-0.685751
08:08:51,-0.575562
08:08:51,-0.119588
08:08:51,-0.145787
08:08:51,0.147662
08:08:51,-0.89235
08:08:51,-0.020815
08:08:52,0.243141
08:08:52,-0.424801
08:08:52,-0.012902
08:08:52,0.023624
08:08:52,0.419044
08:08:52,1.064724
08:08:52,1.274218
08:08:52,0.338704
08:08:52,0.850035
08:08:52,0.886961
08:08:53,0.835669
08:08:53,0.831025
08:08:53,0.772049
08:08:53,1.214354
08:08:53,0.952175
08:08:53,0.123921
08:08:53,0.689952
08:08:53,0.630124
08:08:53,0.32655
08:08:53,0.505503
08:08:54,0.065826
08:08:54,-0.03934
08:08:54,-0.173878
08:08:54,-1.024179
08:08:54,-0.439589
08:08:54,-0.728862
08:08:54,-0.981569
08:08:54,-0.121798
08:08:54,-0.489267
08:08:54,-0.701823
08:08:55,-0.897681
08:08:55,-0.587722
08:08:55,-0.318737
08:08:55,-0.913143
08:08:55,-0.568002
08:08:55,-0.191151
08:08:55,-1.08905
08:08:55,-0.337943
08:08:55,-0.366564
08:08:55,-0.156345
08:08:56,-0.17557
08:08:56,0.157673
08:08:56,0.889581
08:08:56,0.20442
08:08:56,0.513549
08:08:56,1.193136
08:08:56,0.373806
08:08:56,1.258841
08:08:56,0.667603
08:08:56,1.315046
08:08:57,0.96257
08:08:57,0.79887
08:08:57,0.642769
08:08:57,0.40529
08:08:57,0.592839
08:08:57,0.809051
08:08:57,0.406861
08:08:57,0.206975
08:08:57,0.128538
08:08:57,0.456871
08:08:58,0.428807
08:08:58,-0.343007
08:08:58,-0.450318
08:08:58,-0.185018
08:08:58,0.123187
08:08:58,-0.093878
08:08:58,-1.00446
08:08:58,-0.716131
08:08:58,-0.991451
08:08:58,-0.785011
08:08:59,-0.138457
08:08:59,-1.189292
08:08:59,-1.232342
08:08:59,-0.913699
08:08:59,-0.465753
08:08:59,-0.277711
08:08:59,-0.258343
08:08:59,0.093697
08:08:59,-0.833392
08:08:59,0.306414
08:09:00,-0.109233
08:09:00,0.365527
08:09:00,-0.246887
08:09:00,0.319528
08:09:00,0.494144
08:09:00,0.899488
08:09:00,0.011473
08:09:00,0.634468
08:09:00,0.285907
08:09:00,0.868305
08:09:01,0.972026
08:09:01,1.141891
08:09:01,0.478479
08:09:01,0.948234
08:09:01,1.042627
08:09:01,-0.080162
08:09:01,0.62577
08:09:01,0.653272
08:09:01,0.125758
08:09:01,-0.314267
08:09:02,0.330035
08:09:02,-0.529332
08:09:02,-0.278735
08:09:02,-0.331837
08:09:02,-0.161011
08:09:02,-0.714296
08:09:02,-0.805916
08:09:02,-0.589084
08:09:02,-0.313503
08:09:02,0.109226
08:09:03,-1.227618
08:09:03,-0.581012
08:09:03,-1.046027
08:09:03,-0.267121
08:09:03,-0.894802
08:09:03,-0.731102
08:09:03,-0.617694
08:09:03,-0.344463
08:09:03,-0.103193
08:09:03,0.059791
08:09:04,-0.002019
08:09:04,-0.355958
08:09:04,0.471037
08:09:04,0.299258
08:09:04,0.818057
08:09:04,0.247266
08:09:04,0.005516
08:09:04,0.611795
08:09:04,1.119323
08:09:04,0.747712
08:09:05,0.630116
08:09:05,0.38676
08:09:05,1.280958
08:09:05,0.263344
08:09:05,0.312424
08:09:05,0.694487
08:09:05,-0.238158
08:09:05,0.7639
08:09:05,0.434779
08:09:05,0.424235
08:09:06,0.195341
08:09:06,-0.165897
08:09:06,-0.588414
08:09:06,-0.36682
08:09:06,-0.752782
08:09:06,-0.32482
08:09:06,-0.283939
08:09:06,-0.106822
08:09:06,-0.535621
08:09:06,-0.36778
08:09:07,-0.804001
08:09:07,-0.858779
08:09:07,-0.499954
08:09:07,-0.75897
08:09:07,-0.472097
08:09:07,-0.866392
08:09:07,-0.720019
08:09:07,-0.0954
08:09:07,0.09403
08:09:07,-0.454484
08:09:08,0.234715
08:09:08,-0.076953
08:09:08,0.222089
08:09:08,0.813724
08:09:08,0.69407
08:09:08,0.77353
08:09:08,1.234389
08:09:08,0.377347
08:09:08,0.320683
08:09:08,0.438639
08:09:09,0.610925
08:09:09,-0.132711
08:09:09,0.59314
08:09:09,0.433105
08:09:09,0.840628
08:09:09,0.618322
08:09:09,0.201206
08:09:09,0.52428
08:09:09,0.469454
08:09:09,-0.159487
08:09:10,-0.172558
08:09:10,-0.888381
08:09:10,-0.598043
08:09:10,-0.577658
08:09:10,-0.385492
08:09:10,-0.825859
08:09:10,-0.74602
08:09:10,-1.05257
08:09:10,-0.60585
08:09:10,-0.542382
08:09:11,-0.559172
08:09:11,-0.687055
08:09:11,-1.205115
08:09:11,-0.840688
08:09:11,-0.708869
08:09:11,-0.636128
08:09:11,-0.385206
08:09:11,0.181146
08:09:11,0.067922
08:09:11,-0.455135
08:09:12,0.237441
08:09:12,0.33361
08:09:12,-0.065812
08:09:12,0.614896
08:09:12,0.355318
08:09:12,0.001491
08:09:12,0.725633
08:09:12,0.699641
08:09:12,0.586052
08:09:12,0.678273
08:09:13,0.44832
08:09:13,0.904928
08:09:13,0.650532
08:09:13,0.681962
08:09:13,0.691312
08:09:13,0.09087
08:09:13,0.098451
08:09:13,-0.455687
08:09:13,0.413972
08:09:13,-0.314769
08:09:14,0.046399
08:09:14,0.020342
08:09:14,-0.005488
08:09:14,-0.739199
08:09:14,-0.434256
08:09:14,0.089623
08:09:14,0.033698
08:09:14,-0.278141
08:09:14,-0.547617
08:09:14,-1.043169
08:09:15,-0.448482
08:09:15,-0.746689
08:09:15,-0.469555
08:09:15,-0.8452
08:09:15,-0.626838
08:09:15,-0.437523
08:09:15,-0.325252
08:09:15,-0.14499
08:09:15,-0.41903
08:09:15,-0.579654
08:09:16,0.568675
08:09:16,0.980743
08:09:16,0.372909
08:09:16,-0.145604
08:09:16,0.140831
08:09:16,0.673166
08:09:16,1.035702
08:09:16,0.199193
08:09:16,0.622223
08:09:16,0.759958
08:09:17,1.002602
08:09:17,0.571121
08:09:17,0.118404
08:09:17,0.841124
08:09:17,0.95999
08:09:17,0.466068
08:09:17,0.553284
08:09:17,0.151721
08:09:17,-0.079709
08:09:17,0.468753
08:09:18,0.135624
08:09:18,0.062125
08:09:18,0.309428
08:09:18,-0.686988
08:09:18,-0.604659
08:09:18,-0.439698
08:09:18,-0.763822
08:09:18,-0.349607
08:09:18,-0.731329
08:09:18,-1.038768
08:09:19,-0.67698
08:09:19,-0.631763
08:09:19,-0.338601
08:09:19,-0.486105
08:09:19,-0.404911
08:09:19,-0.382873
08:09:19,-0.477328
08:09:19,-0.56847
08:09:19,-0.115218
08:09:19,-0.226098
08:09:20,0.591438
08:09:20,0.579268
08:09:20,0.437806
08:09:20,0.450257
08:09:20,0.380664
08:09:20,0.053581
08:09:20,0.490652
08:09:20,0.659195
08:09:20,0.746049
08:09:20,0.85572
08:09:21,1.022466
08:09:21,0.449128
08:09:21,0.426663
08:09:21,1.131504
08:09:21,0.836155
08:09:21,0.358205
08:09:21,0.373926
08:09:21,0.281843
08:09:21,0.227363
08:09:21,0.274943
08:09:22,0.887247
08:09:22,-0.043089
08:09:22,0.015597
08:09:22,-0.90806
08:09:22,-0.581165
08:09:22,-0.064889
08:09:22,-0.425502
08:09:22,-2.159895
08:09:22,-0.429831
08:09:22,-0.020024
08:09:23,-1.398568
08:09:23,-0.159596
08:09:23,-1.635924
08:09:23,-0.295405
08:09:23,-0.569339
08:09:23,-1.317465
08:09:23,-0.255301
08:09:23,0.085001
08:09:23,-0.088951
08:09:23,0.095186
08:09:24,-0.144087
08:09:24,-0.541982
08:09:24,0.458464
08:09:24,0.930207
08:09:24,0.806803
08:09:24,-0.200782
08:09:24,0.036099
08:09:24,0.327616
08:09:24,0.108198
08:09:24,0.706848
08:09:25,0.837696
08:09:25,0.190793
08:09:25,0.937735
08:09:25,0.834091
08:09:25,0.374456
08:09:25,0.434592
08:09:25,-0.270981
08:09:25,0.201502
08:09:25,0.218897
08:09:25,0.168566
08:09:26,0.132607
08:09:26,-0.02402
08:09:26,-0.308832
08:09:26,-0.217625
08:09:26,-0.060738
08:09:26,-0.528399
08:09:26,-0.455154
08:09:26,-0.688864
08:09:26,-0.892105
08:09:26,-0.508374
08:09:27,-0.894329
08:09:27,-0.55623
08:09:27,-0.65585
08:09:27,-0.730082
08:09:27,-0.681162
08:09:27,-0.672817
08:09:27,-0.98748
08:09:27,-0.18378
08:09:27,-0.135271
08:09:27,0.18788
08:09:28,-0.18601
08:09:28,0.772888
08:09:28,0.083404
08:09:28,0.011505
08:09:28,0.06366
08:09:28,-0.111898
08:09:28,1.102732
08:09:28,1.103578
08:09:28,0.876
08:09:28,0.377751
08:09:29,1.333944
08:09:29,0.56828
08:09:29,0.571581
08:09:29,1.126745
08:09:29,0.796931
08:09:29,1.265361
08:09:29,0.498502
08:09:29,0.178833
08:09:29,0.00218
08:09:29,-0.536945
08:09:30,-0.097509
08:09:30,0.291104
08:09:30,-0.00672
08:09:30,-0.310686
08:09:30,-0.759677
08:09:30,-0.415569
08:09:30,-0.211827
08:09:30,-0.472953
08:09:30,-0.607382
08:09:30,-0.970317
08:09:31,-0.396486
08:09:31,-1.787549
08:09:31,-0.531744
08:09:31,0.275908
08:09:31,-1.094243
08:09:31,-0.579454
08:09:31,-0.414219
08:09:31,-0.479697
08:09:31,0.146419
08:09:31,0.055854
08:09:32,0.053305
08:09:32,0.38855
08:09:32,0.222175
08:09:32,1.430746
08:09:32,0.464421
08:09:32,0.563323
08:09:32,-0.032352
08:09:32,0.433497
08:09:32,1.067322
08:09:32,0.223972
08:09:33,-0.055145
08:09:33,0.702692
08:09:33,1.1455
08:09:33,0.638538
08:09:33,0.448668
08:09:33,-0.155496
08:09:33,0.569739
08:09:33,0.54924
08:09:33,-0.407294
08:09:33,0.50659
08:09:34,0.267993
08:09:34,0.286806
08:09:34,-0.012078
08:09:34,-0.089004
08:09:34,-0.229197
08:09:34,-0.191009
08:09:34,-1.202877
08:09:34,-1.149075
08:09:34,-0.923342
08:09:34,-0.736819
08:09:35,-0.564152
08:09:35,-0.577743
08:09:35,-0.274753
08:09:35,-0.221731
08:09:35,-0.871647
08:09:35,-0.411473
08:09:35,-0.708191
08:09:35,-0.38368
08:09:35,-0.103685
08:09:35,-1.302553
08:09:36,0.843935
08:09:36,0.307747
08:09:36,0.007816
08:09:36,0.992373
08:09:36,0.289849
08:09:36,0.541357
08:09:36,0.395821
08:09:36,1.201902
08:09:36,0.628995
08:09:36,0.743701
08:09:37,1.121324
08:09:37,0.896181
08:09:37,0.646718
08:09:37,1.012341
08:09:37,1.454781
08:09:37,0.606068
08:09:37,0.452316
08:09:37,0.377513
08:09:37,0.674962
08:09:37,-0.100215
08:09:38,-0.097411
08:09:38,-0.647609
08:09:38,-0.630666
08:09:38,-0.499023
08:09:38,-0.431028
08:09:38,0.124204
08:09:38,-0.378714
08:09:38,-0.942932
08:09:38,-0.920533
08:09:38,-0.21022
08:09:39,-0.305686
08:09:39,-0.681529
08:09:39,-0.820624
08:09:39,-0.229978
08:09:39,-0.913976
08:09:39,-0.357764
08:09:39,0.383981
08:09:39,-0.245919
08:09:39,-0.487775
08:09:39,0.034125
08:09:40,-0.164503
08:09:40,-0.378436
08:09:40,0.461675
08:09:40,0.709035
08:09:40,0.302632
08:09:40,0.362942
08:09:40,0.229764
08:09:40,0.571227
08:09:40,0.468911
08:09:40,0.33752
08:09:41,1.362259
08:09:41,0.854654
08:09:41,0.866078
08:09:41,0.932894
08:09:41,0.836175
08:09:41,0.350386
08:09:41,0.506843
08:09:41,0.223633
08:09:41,0.369774
08:09:41,0.229096
08:09:42,-0.133931
08:09:42,-0.574759
08:09:42,-0.165129
08:09:42,-0.389288
08:09:42,-1.07308
08:09:42,-0.317293
08:09:42,-0.228442
08:09:42,0.26122
08:09:42,-0.802659
08:09:42,-0.879931
08:09:43,-1.088297
08:09:43,-0.618357
08:09:43,-0.594928
08:09:43,-0.907658
08:09:43,-0.627537
08:09:43,-1.187508
08:09:43,-0.087218
08:09:43,-0.587531
08:09:43,-0.228442
08:09:43,-0.608847
08:09:44,-0.203824
08:09:44,0.011647
08:09:44,0.21236
08:09:44,0.4857
08:09:44,0.915126
08:09:44,0.751424
08:09:44,0.903069
08:09:44,1.129841
08:09:44,0.865137
08:09:44,0.678534
08:09:45,1.053189
08:09:45,1.066935
08:09:45,0.892738
08:09:45,0.114585
08:09:45,0.271801
08:09:45,0.398776
08:09:45,0.684317
08:09:45,0.310322
08:09:45,0.614216
08:09:45,0.569837
08:09:46,0.41971
08:09:46,0.312435
08:09:46,-0.57926
08:09:46,-0.148871
08:09:46,-0.624085
08:09:46,-1.072148
08:09:46,-0.666927
08:09:46,-0.160047
08:09:46,-0.50448
08:09:46,0.014851
08:09:47,-0.637969
08:09:47,0.165349
08:09:47,-0.603607
08:09:47,-0.615836
08:09:47,-1.014098
08:09:47,-0.106278
08:09:47,-0.587193
08:09:47,-0.54426
08:09:47,0.232119
08:09:47,0.295874
08:09:48,0.396218
08:09:48,-0.017263
08:09:48,0.19847
08:09:48,0.296844
08:09:48,0.685331
08:09:48,1.038722
08:09:48,0.695163
08:09:48,1.314916
08:09:48,0.979758
08:09:48,0.609202
08:09:49,0.990049
08:09:49,1.288461
08:09:49,1.365141
08:09:49,1.039117
08:09:49,0.575298
08:09:49,0.419132
08:09:49,0.613074
08:09:49,0.903684
08:09:49,0.368131
08:09:49,0.26859
08:09:50,0.017989
08:09:50,-0.224266
08:09:50,-0.273059
08:09:50,-0.270394
08:09:50,0.189885
08:09:50,-0.578875
08:09:50,-0.547898
08:09:50,-0.926587
08:09:50,-0.414919
08:09:50,-0.213044
08:09:51,-0.131426
08:09:51,-0.620204
08:09:51,-0.464716
08:09:51,-0.677447
08:09:51,-0.381505
08:09:51,-0.385087
08:09:51,-0.391057
08:09:51,-0.26958
08:09:51,-0.058139
08:09:51,-0.212457
08:09:52,-0.084874
08:09:52,0.707081
08:09:52,1.165003
08:09:52,-0.103735
08:09:52,-0.029365
08:09:52,0.159971
08:09:52,0.530161
08:09:52,0.937228
08:09:52,0.872678
08:09:52,0.751593
08:09:53,0.885127
08:09:53,0.449152
08:09:53,0.580297
08:09:53,0.616671
08:09:53,0.011836
08:09:53,0.088516
08:09:53,0.018902
08:09:53,0.585231
08:09:53,0.302186
08:09:53,0.323376
08:09:54,-0.643879
08:09:54,-0.628752
08:09:54,0.015814
08:09:54,-1.290328
08:09:54,0.017171
08:09:54,-1.133136
08:09:54,-0.271141
08:09:54,-0.934709
08:09:54,-0.298623
08:09:54,0.431474
08:09:55,-1.495612
08:09:55,-0.448
08:09:55,-1.298597
08:09:55,-0.474335
08:09:55,-0.638682
08:09:55,-0.449551
08:09:55,-0.73054
08:09:55,-0.044604
08:09:55,-0.723237
08:09:55,0.325069
08:09:56,-0.143238
08:09:56,-0.381438
08:09:56,0.77454
08:09:56,0.294223
08:09:56,1.079122
08:09:56,0.922449
08:09:56,0.286961
08:09:56,0.593958
08:09:56,0.708103
08:09:56,1.225588
08:09:57,0.853131
08:09:57,0.753084
08:09:57,0.595782
08:09:57,0.60601
08:09:57,1.022919
08:09:57,0.496272
08:09:57,0.273201
08:09:57,0.120216
08:09:57,0.022494
08:09:57,-0.381229
08:09:58,-0.262631
08:09:58,0.414943
08:09:58,-0.288622
08:09:58,-0.071249
08:09:58,-1.279014
08:09:58,-0.296066
08:09:58,-0.622785
08:09:58,-0.792209
08:09:58,-0.602404
08:09:58,-0.864921
08:09:59,-1.443356
08:09:59,-0.368595
08:09:59,-0.580683
08:09:59,-0.733584
08:09:59,-0.904477
08:09:59,-1.009425
08:09:59,-0.333087
08:09:59,0.246911
08:09:59,-0.145204
08:09:59,-0.593471
08:10:00,0.078791
08:10:00,0.090834
08:10:00,0.518727
08:10:00,0.53015
08:10:00,-0.633588
08:10:00,0.68581
08:10:00,0.215094
08:10:00,0.1261
08:10:00,0.599774
08:10:00,0.835222
08:10:01,0.125743
08:10:01,0.937984
08:10:01,0.932908
08:10:01,0.640146
08:10:01,0.262644
08:10:01,0.152192
08:10:01,0.770526
08:10:01,-0.211135
08:10:01,0.588877
08:10:01,0.051684
08:10:02,-0.033542
08:10:02,-0.707335
08:10:02,-0.267663
08:10:02,-0.103038
08:10:02,-0.879193
08:10:02,-0.320452
08:10:02,-0.535158
08:10:02,-0.849019
08:10:02,-0.366604
08:10:02,-1.462172
08:10:03,-0.578662
08:10:03,-0.12458
08:10:03,-0.161759
08:10:03,-0.487272
08:10:03,-0.6719
08:10:03,-0.717506
08:10:03,-0.517474
08:10:03,-0.127461
08:10:03,-0.498847
08:10:03,0.155594
08:10:04,0.746606
08:10:04,0.087845
08:10:04,-0.254226
08:10:04,-0.152867
08:10:04,0.683248
08:10:04,0.474064
08:10:04,0.873203
08:10:04,0.436933
08:10:04,0.956458
08:10:04,0.635977
08:10:05,0.443624
08:10:05,0.551032
08:10:05,0.246771
08:10:05,1.31998
08:10:05,0.532578
08:10:05,0.720555
08:10:05,0.223545
08:10:05,-0.050381
08:10:05,0.134454
08:10:05,0.494922
08:10:06,-0.182256
08:10:06,-0.41419
08:10:06,-0.161899
08:10:06,-0.143135
08:10:06,0.163547
08:10:06,-0.371162
08:10:06,-0.340914
08:10:06,-0.371958
08:10:06,-1.069295
08:10:06,-1.028548
08:10:07,-1.079364
08:10:07,-1.157633
08:10:07,-0.387329
08:10:07,-0.522187
08:10:07,-0.538488
08:10:07,-1.402426
08:10:07,0.307967
08:10:07,-0.630789
08:10:07,0.501823
08:10:07,-0.616739
08:10:08,-0.28434
08:10:08,-0.661493
08:10:08,0.343056
08:10:08,-0.067647
08:10:08,0.0359
08:10:08,0.014595
08:10:08,0.838386
08:10:08,0.872717
08:10:08,1.299951
08:10:08,0.451385
08:10:09,0.776587
08:10:09,0.240115
08:10:09,0.548476
08:10:09,0.442109
08:10:09,0.728869
08:10:09,0.850932
08:10:09,0.758323
08:10:09,0.022809
08:10:09,0.565776
08:10:09,0.094074
08:10:10,-0.113609
08:10:10,-0.357483
08:10:10,-0.412289
08:10:10,0.292016
08:10:10,-0.303856
08:10:10,-0.433861
08:10:10,-0.658098
08:10:10,0.232388
08:10:10,-0.208986
08:10:10,-0.943754
08:10:11,-0.795765
08:10:11,-0.766367
08:10:11,-0.614684
08:10:11,-0.869134
08:10:11,-0.412726
08:10:11,0.013256
08:10:11,-0.87122
08:10:11,-0.712645
08:10:11,-0.385417
08:10:11,-0.262383
08:10:12,0.699463
08:10:12,0.460102
08:10:12,0.546825
08:10:12,0.225265
08:10:12,0.31124
08:10:12,-0.013122
08:10:12,0.839921
08:10:12,0.795574
08:10:12,1.115839
08:10:12,0.617591
08:10:13,0.650377
08:10:13,0.750898
08:10:13,0.977904
08:10:13,0.109129
08:10:13,0.823932
08:10:13,0.487801
08:10:13,0.040927
08:10:13,-0.411819
08:10:13,0.168546
08:10:13,0.616204
08:10:14,0.58614
08:10:14,0.014878
08:10:14,0.47039
08:10:14,-0.332823
08:10:14,-0.077793
08:10:14,-0.652906
08:10:14,-0.746421
08:10:14,-0.860833
08:10:14,-1.386925
08:10:14,-0.2409
08:10:15,-0.924571
08:10:15,-0.971885
08:10:15,-1.07873
08:10:15,-0.69523
08:10:15,0.05091
08:10:15,0.237848
08:10:15,-0.992753
08:10:15,-0.44185
08:10:15,-0.578337
08:10:15,0.236414
08:10:16,0.100308
08:10:16,-0.113295
08:10:16,0.241712
08:10:16,0.150697
08:10:16,0.976436
08:10:16,0.686411
08:10:16,0.80075
08:10:16,-0.309717
08:10:16,0.642364
08:10:16,1.420506
08:10:17,1.164145
08:10:17,0.0449
08:10:17,0.556041
08:10:17,0.203173
08:10:17,1.165197
08:10:17,0.580472
08:10:17,0.142721
08:10:17,0.329749
08:10:17,-0.696266
08:10:17,-0.270232
08:10:18,0.012755
08:10:18,0.186482
08:10:18,-0.895772
08:10:18,-0.451198
08:10:18,-0.05806
08:10:18,-1.002983
08:10:18,-0.486098
08:10:18,-0.600613
08:10:18,-0.065706
08:10:18,-0.77193
08:10:19,-0.76006
08:10:19,-0.392146
08:10:19,-1.129962
08:10:19,-0.701014
08:10:19,-0.725816
08:10:19,-0.543594
08:10:19,-0.114507
08:10:19,-0.123837
08:10:19,-0.478351
08:10:19,-0.061659
08:10:20,0.521655
08:10:20,-0.181474
08:10:20,0.26712
08:10:20,0.250187
08:10:20,0.389398
08:10:20,-0.075755
08:10:20,1.060079
08:10:20,0.352681
08:10:20,1.024865
08:10:20,0.4739
08:10:21,0.481073
08:10:21,1.115975
08:10:21,1.013599
08:10:21,0.696738
08:10:21,0.832715
08:10:21,0.393981
08:10:21,0.408521
08:10:21,0.086225
08:10:21,0.532735
08:10:21,-0.133191
08:10:22,0.519805
08:10:22,-0.220046
08:10:22,-0.209134
08:10:22,-0.052239
08:10:22,-0.403097
08:10:22,-0.599243
08:10:22,-0.57682
08:10:22,-0.310868
08:10:22,-0.897738
08:10:22,-0.735565
08:10:23,-0.6964
08:10:23,-0.388777
08:10:23,-0.700685
08:10:23,0.0092
08:10:23,-0.6211
08:10:23,-0.578164
08:10:23,-0.471311
08:10:23,-0.778618
08:10:23,-0.579166
08:10:23,-0.295238
08:10:24,0.39754
08:10:24,0.09791
08:10:24,0.046686
08:10:24,0.747081
08:10:24,0.954362
08:10:24,0.934359
08:10:24,0.26773
08:10:24,0.450368
08:10:24,1.300547
08:10:24,0.775781
08:10:25,0.606331
08:10:25,0.942804
08:10:25,1.018294
08:10:25,0.423697
08:10:25,0.643116
08:10:25,0.819271
08:10:25,0.005349
08:10:25,0.322114
08:10:25,-0.173724
08:10:25,-0.234749
08:10:26,-0.197085
08:10:26,0.057488
08:10:26,-0.32902
08:10:26,-0.54474
08:10:26,-0.393406
08:10:26,-0.896412
08:10:26,-0.416231
08:10:26,-0.227719
08:10:26,-0.693461
08:10:26,-0.762309
08:10:27,-0.569296
08:10:27,-1.401346
08:10:27,-0.477853
08:10:27,0.461955
08:10:27,-0.609249
08:10:27,-0.536669
08:10:27,-0.151187
08:10:27,0.258073
08:10:27,0.124927
08:10:27,-0.863967
08:10:28,0.19719
08:10:28,1.00968
08:10:28,0.434166
08:10:28,-0.086317
08:10:28,0.51009
08:10:28,0.046734
08:10:28,0.997793
08:10:28,0.289146
08:10:28,0.691725
08:10:28,0.391159
08:10:29,0.508743
08:10:29,1.211535
08:10:29,0.70195
08:10:29,0.427984
08:10:29,0.165482
08:10:29,-0.160121
08:10:29,-0.026499
08:10:29,0.356979
08:10:29,0.559394
08:10:29,-0.086619
08:10:30,0.54969
08:10:30,-0.360629
08:10:30,-0.299616
08:10:30,-0.695645
08:10:30,-0.064683
08:10:30,0.239154
08:10:30,-1.182948
08:10:30,-0.744861
08:10:30,-0.223067
08:10:30,-1.197813
08:10:31,-0.501661
08:10:31,-0.263867
08:10:31,-0.638359
08:10:31,-0.431112
08:10:31,0.050004
08:10:31,0.186975
08:10:31,-0.433138
08:10:31,-0.504126
08:10:31,-0.538305
08:10:31,0.232433
08:10:32,-0.480121
08:10:32,0.021103
08:10:32,0.252253
08:10:32,0.141742
08:10:32,0.509387
08:10:32,1.392554
08:10:32,0.523752
08:10:32,0.471313
08:10:32,1.021106
08:10:32,0.775236
08:10:33,1.203768
08:10:33,0.749023
08:10:33,0.578791
08:10:33,-0.000599
08:10:33,-0.000595
08:10:33,-0.14752
08:10:33,0.544218
08:10:33,-0.158994
08:10:33,0.655764
08:10:33,0.12009
08:10:34,-0.085465
08:10:34,-0.404853
08:10:34,0.001479
08:10:34,-0.599368
08:10:34,-0.756332
08:10:34,-0.079052
08:10:34,-0.442194
08:10:34,-0.70593
08:10:34,-0.441238
08:10:34,-0.688256
08:10:35,-0.565945
08:10:35,-0.977279
08:10:35,0.0589
08:10:35,-0.826572
08:10:35,-0.021706
08:10:35,-0.561079
08:10:35,-0.128966
08:10:35,-0.060815
08:10:35,0.185086
08:10:35,-0.403722
08:10:36,0.376472
08:10:36,0.755758
08:10:36,0.125769
08:10:36,0.32994
08:10:36,0.228243
08:10:36,0.373722
08:10:36,1.16531
08:10:36,0.272222
08:10:36,0.335998
08:10:36,1.255197
08:10:37,0.918592
08:10:37,1.433511
08:10:37,0.508086
08:10:37,0.667903
08:10:37,0.335075
08:10:37,0.54513
08:10:37,-0.209484
08:10:37,0.557527
08:10:37,0.329528
08:10:37,0.08936
08:10:38,-0.136628
08:10:38,-0.422668
08:10:38,0.038388
08:10:38,-0.727675
08:10:38,-0.232286
08:10:38,0.231083
08:10:38,-0.046379
08:10:38,-1.150499
08:10:38,-0.853598
08:10:38,-0.543874
08:10:39,-0.724599
08:10:39,-1.181174
08:10:39,-0.530879
08:10:39,-0.62721
08:10:39,0.103702
08:10:39,-0.583605
08:10:39,-0.002648
08:10:39,-0.761274
08:10:39,-0.576115
08:10:39,0.143078
08:10:40,0.379306
08:10:40,-0.225583
08:10:40,0.224739
08:10:40,-0.165759
08:10:40,0.348023
08:10:40,0.787898
08:10:40,0.414076
08:10:40,0.536542
08:10:40,0.270311
08:10:40,0.464456
08:10:41,1.315339
08:10:41,0.716906
08:10:41,0.314932
08:10:41,0.513534
08:10:41,0.007212
08:10:41,0.140019
08:10:41,0.887569
08:10:41,0.267925
08:10:41,0.878067
08:10:41,0.076132
08:10:42,-0.012593
08:10:42,0.114809
08:10:42,-1.151718
08:10:42,-0.246065
08:10:42,-0.428595
08:10:42,0.025139
08:10:42,-0.228674
08:10:42,-1.020497
08:10:42,-0.230991
08:10:42,-0.783192
08:10:43,-1.016559
08:10:43,-0.622396
08:10:43,-0.736709
08:10:43,-0.085242
08:10:43,-0.447094
08:10:43,-0.422994
08:10:43,-0.096223
08:10:43,0.064712
08:10:43,0.05795
08:10:43,0.387308
08:10:44,0.213039
08:10:44,0.168182
08:10:44,0.650022
08:10:44,0.28598
08:10:44,0.423086
08:10:44,1.097527
08:10:44,1.133985
08:10:44,0.620843
08:10:44,0.506997
08:10:44,1.203493
08:10:45,0.980146
08:10:45,0.801835
08:10:45,0.553084
08:10:45,0.739798
08:10:45,0.558714
08:10:45,0.262456
08:10:45,0.456614
08:10:45,0.410692
08:10:45,0.084924
08:10:45,0.425843
08:10:46,0.451091
08:10:46,0.22996
08:10:46,-0.312999
08:10:46,-0.053256
08:10:46,-0.384163
08:10:46,-0.927486
08:10:46,-0.330857
08:10:46,-0.572558
08:10:46,0.242002
08:10:46,-0.181337
08:10:47,-0.451097
08:10:47,-0.604172
08:10:47,-0.608437
08:10:47,-0.974996
08:10:47,-1.174957
08:10:47,-0.80037
08:10:47,-0.428151
08:10:47,-1.054732
08:10:47,-0.406825
08:10:47,-0.196169
08:10:48,-0.075399
08:10:48,-0.122099
08:10:48,0.096782
08:10:48,0.921156
08:10:48,0.643201
08:10:48,0.298869
08:10:48,0.54239
08:10:48,0.613795
08:10:48,0.396955
08:10:48,0.422186
08:10:49,1.053683
08:10:49,0.544457
08:10:49,0.282596
08:10:49,0.608605
08:10:49,0.607615
08:10:49,-0.195472
08:10:49,0.397188
08:10:49,0.621586
08:10:49,0.374242
08:10:49,0.889932
08:10:50,0.437888
08:10:50,0.397623
08:10:50,0.763718
08:10:50,-0.052439
08:10:50,-0.354375
08:10:50,-0.154166
08:10:50,-0.762045
08:10:50,-0.586014
08:10:50,-0.892444
08:10:50,-0.552087
08:10:51,-0.928168
08:10:51,-0.931807
08:10:51,-0.521024
08:10:51,-0.671904
08:10:51,-1.240944
08:10:51,-1.00442
08:10:51,-0.812993
08:10:51,-0.626834
08:10:51,-0.071264
08:10:51,-0.032876
08:10:52,0.372848
08:10:52,0.372985
08:10:52,0.591478
08:10:52,0.530732
08:10:52,0.484837
08:10:52,0.879748
08:10:52,0.888106
08:10:52,0.755338
08:10:52,1.110615
08:10:52,-0.129644
08:10:53,0.598338
08:10:53,0.584355
08:10:53,1.069179
08:10:53,1.173693
08:10:53,0.058749
08:10:53,0.988883
08:10:53,0.001444
08:10:53,-0.081632
08:10:53,0.134312
08:10:53,-0.001868
08:10:54,-0.545446
08:10:54,0.117953
08:10:54,0.021479
08:10:54,0.051121
08:10:54,-0.563159
08:10:54,-0.508829
08:10:54,-0.576961
08:10:54,-0.032906
08:10:54,-1.657725
08:10:54,-1.026312
08:10:55,-0.698061
08:10:55,-1.071331
08:10:55,-0.756152
08:10:55,-0.667831
08:10:55,-0.796502
08:10:55,-0.472411
08:10:55,-0.191597
08:10:55,-0.400487
08:10:55,-0.37493
08:10:55,-0.167522
08:10:56,-0.002603
08:10:56,-0.499608
08:10:56,0.377856
08:10:56,0.159943
08:10:56,0.852987
08:10:56,0.701843
08:10:56,0.975835
08:10:56,0.269853
08:10:56,0.535754
08:10:56,0.256521
08:10:57,0.453183
08:10:57,1.129619
08:10:57,1.186361
08:10:57,0.221858
08:10:57,0.405915
08:10:57,0.468306
08:10:57,0.616412
08:10:57,-0.29814
08:10:57,-0.344738
08:10:57,0.280873
08:10:58,-0.682163
08:10:58,-0.265883
08:10:58,-0.15958
08:10:58,-0.17231
08:10:58,-0.461051
08:10:58,-0.62299
08:10:58,-0.270712
08:10:58,-0.523882
08:10:58,-0.892195
08:10:58,-0.678179
08:10:59,-0.565891
08:10:59,-0.089999
08:10:59,-0.390526
08:10:59,-0.19861
08:10:59,-0.780024
08:10:59,-0.678439
08:10:59,-0.493833
08:10:59,-0.368044
08:10:59,-0.569121
08:10:59,0.333573
08:11:00,0.309173
08:11:00,0.002517
08:11:00,0.440911
08:11:00,0.395808
08:11:00,0.663389
08:11:00,0.024467
08:11:00,0.515331
08:11:00,0.603391
08:11:00,0.884014
08:11:00,0.471429
08:11:01,-0.174976
08:11:01,0.312787
08:11:01,0.644373
08:11:01,0.646064
08:11:01,1.155624
08:11:01,0.698936
08:11:01,0.439985
08:11:01,0.306456
08:11:01,0.602776
08:11:01,-0.097035
08:11:02,-0.049099
08:11:02,-0.490744
08:11:02,0.280305
08:11:02,-0.180419
08:11:02,-0.659083
08:11:02,-0.535034
08:11:02,-0.387934
08:11:02,-0.711456
08:11:02,-0.852804
08:11:02,-0.920378
08:11:03,-0.581363
08:11:03,-0.816701
08:11:03,-0.824555
08:11:03,-1.091326
08:11:03,-0.539138
08:11:03,-0.558403
08:11:03,-0.524027
08:11:03,-0.248224
08:11:03,0.045489
08:11:03,0.136044
08:11:04,0.193455
08:11:04,0.02527
08:11:04,0.017862
08:11:04,-0.047577
08:11:04,0.203845
08:11:04,0.501852
08:11:04,0.291112
08:11:04,0.657325
08:11:04,0.32783
08:11:04,0.110035
08:11:05,0.986792
08:11:05,0.525337
08:11:05,0.372778
08:11:05,0.240858
08:11:05,0.714374
08:11:05,0.976192
08:11:05,0.270374
08:11:05,0.242346
08:11:05,0.591383
08:11:05,-0.524152
08:11:06,0.688404
08:11:06,0.745931
08:11:06,-1.16353
08:11:06,-0.351919
08:11:06,-0.663081
08:11:06,-0.587645
08:11:06,-0.712747
08:11:06,-0.339589
08:11:06,-0.705139
08:11:06,-1.010199
08:11:07,-0.760265
08:11:07,-0.511207
08:11:07,-1.080042
08:11:07,-1.199886
08:11:07,0.131148
08:11:07,-0.719824
08:11:07,-0.459523
08:11:07,-0.457022
08:11:07,-0.024481
08:11:07,0.510972
08:11:08,0.202977
08:11:08,-0.421924
08:11:08,-0.268131
08:11:08,0.178156
08:11:08,0.317568
08:11:08,-0.107708
08:11:08,0.853081
08:11:08,0.243492
08:11:08,1.188395
08:11:08,1.328603
08:11:09,0.613111
08:11:09,0.845022
08:11:09,0.234558
08:11:09,0.841991
08:11:09,0.391945
08:11:09,0.114442
08:11:09,0.310182
08:11:09,0.154782
08:11:09,0.102506
08:11:09,0.441892
08:11:10,-0.274858
08:11:10,0.497754
08:11:10,-0.680083
08:11:10,0.247607
08:11:10,-0.767228
08:11:10,-0.495329
08:11:10,-0.737881
08:11:10,-0.74401
08:11:10,-0.385265
08:11:10,-0.166442
08:11:11,-0.283316
08:11:11,-0.833082
08:11:11,-0.60125
08:11:11,-0.897432
08:11:11,-0.913355
08:11:11,-0.89618
08:11:11,-0.5646
08:11:11,-0.230431
08:11:11,-0.885447
08:11:11,-0.125728
08:11:12,0.530609
08:11:12,0.502173
08:11:12,0.011497
08:11:12,-0.171112
08:11:12,0.57239
08:11:12,-0.316125
08:11:12,0.954866
08:11:12,0.548949
08:11:12,1.306695
08:11:12,0.086944
08:11:13,1.021351
08:11:13,0.656204
08:11:13,0.549872
08:11:13,0.144259
08:11:13,0.774824
08:11:13,0.731623
08:11:13,1.036244
08:11:13,0.670611
08:11:13,0.008449
08:11:13,-0.241848
08:11:14,-0.478972
08:11:14,0.406124
08:11:14,-0.488673
08:11:14,0.200287
08:11:14,-0.227674
08:11:14,-0.379509
08:11:14,-0.673716
08:11:14,-0.392469
08:11:14,-0.671154
08:11:14,-0.820606
08:11:15,-0.456398
08:11:15,-0.741772
08:11:15,-0.945157
08:11:15,-0.413765
08:11:15,-0.588707
08:11:15,-0.323856
08:11:15,-0.570301
08:11:15,-0.740986
08:11:15,0.390964
08:11:15,0.43181
08:11:16,0.309325
08:11:16,-0.02623
08:11:16,0.111201
08:11:16,0.801608
08:11:16,0.287609
08:11:16,0.27358
08:11:16,1.221594
08:11:16,0.607017
08:11:16,1.284688
08:11:16,0.201945
08:11:17,0.881365
08:11:17,1.416261
08:11:17,0.676152
08:11:17,0.531303
08:11:17,0.157599
08:11:17,0.873795
08:11:17,0.141905
08:11:17,0.28461
08:11:17,-0.215764
08:11:17,0.654417
08:11:18,0.40421
08:11:18,-0.120559
08:11:18,-0.620264
08:11:18,0.219774
08:11:18,-0.539526
08:11:18,-0.881796
08:11:18,-1.183053
08:11:18,-0.849792
08:11:18,-1.174863
08:11:18,-0.909369
08:11:19,-0.439457
08:11:19,-0.822772
08:11:19,-0.541247
08:11:19,-0.876872
08:11:19,-0.543503
08:11:19,0.177341
08:11:19,-0.53342
08:11:19,-0.183243
08:11:19,-0.764246
08:11:19,0.422533
08:11:20,-0.167022
08:11:20,0.477191
08:11:20,0.173199
08:11:20,0.531846
08:11:20,0.646304
08:11:20,0.336621
08:11:20,0.948479
08:11:20,0.35806
08:11:20,0.938017
08:11:20,0.55481
08:11:21,0.822345
08:11:21,0.529684
08:11:21,0.683231
08:11:21,0.247562
08:11:21,0.652957
08:11:21,0.51044
08:11:21,0.222396
08:11:21,0.298534
08:11:21,0.263213
08:11:21,-0.106221
08:11:22,-0.045066
08:11:22,-0.461447
08:11:22,0.604695
08:11:22,0.052898
08:11:22,-0.315867
08:11:22,-0.084735
08:11:22,-1.25905
08:11:22,-1.518892
08:11:22,-0.805491
08:11:22,-1.173879
08:11:23,-0.782812
08:11:23,-0.619402
08:11:23,-0.343594
08:11:23,-1.022097
08:11:23,-0.426441
08:11:23,-0.489938
08:11:23,-0.289821
08:11:23,-0.499714
08:11:23,0.267785
08:11:23,-0.145732
08:11:24,0.620964
08:11:24,-0.167132
08:11:24,0.476301
08:11:24,0.296909
08:11:24,0.29674
08:11:24,0.716285
08:11:24,0.461601
08:11:24,-0.307983
08:11:24,-0.406264
08:11:24,1.13673
08:11:25,1.13059
08:11:25,1.351951
08:11:25,0.659605
08:11:25,0.171282
08:11:25,0.419458
08:11:25,0.498973
08:11:25,0.058986
08:11:25,0.894795
08:11:25,1.000138
08:11:25,0.276902
08:11:26,-0.003802
08:11:26,-0.562743
08:11:26,0.32494
08:11:26,-0.291086
08:11:26,-0.512657
08:11:26,-0.326564
08:11:26,-0.771311
08:11:26,-0.572298
08:11:26,-1.170603
08:11:26,-0.310901
08:11:27,-0.736544
08:11:27,-0.285802
08:11:27,-0.736137
08:11:27,-0.671374
08:11:27,-0.990623
08:11:27,-0.22906
08:11:27,-0.717994
08:11:27,-0.488041
08:11:27,-0.215945
08:11:27,-0.067076
08:11:28,-0.597134
08:11:28,0.028722
08:11:28,0.494642
08:11:28,0.185375
08:11:28,0.332794
08:11:28,0.551817
08:11:28,0.522226
08:11:28,0.263024
08:11:28,0.653018
08:11:28,1.039307
08:11:29,0.332088
08:11:29,0.560313
08:11:29,0.182169
08:11:29,0.953188
08:11:29,0.533987
08:11:29,0.197405
08:11:29,0.443743
08:11:29,-0.103467
08:11:29,-0.145412
08:11:29,-0.401543
08:11:30,-0.373373
08:11:30,0.365564
08:11:30,-0.472903
08:11:30,-0.154615
08:11:30,-0.704155
08:11:30,-0.229138
08:11:30,-0.925441
08:11:30,-0.609975
08:11:30,-0.647242
08:11:30,0.12335
08:11:31,-0.479351
08:11:31,-0.898898
08:11:31,-0.425972
08:11:31,0.124656
08:11:31,-1.136685
08:11:31,-0.789843
08:11:31,-0.494364
08:11:31,-0.463774
08:11:31,-0.332777
08:11:31,-0.565985
08:11:32,0.491385
08:11:32,-0.388409
08:11:32,0.146237
08:11:32,0.683834
08:11:32,0.400885
08:11:32,0.152187
08:11:32,0.094275
08:11:32,0.543205
08:11:32,0.400779
08:11:32,0.763213
08:11:33,0.209492
08:11:33,0.975944
08:11:33,0.706182
08:11:33,0.690147
08:11:33,1.070689
08:11:33,0.341746
08:11:33,0.157414
08:11:33,0.126076
08:11:33,0.148928
08:11:33,0.077666
08:11:34,-0.290744
08:11:34,-0.817584
08:11:34,-0.412637
08:11:34,-0.191854
08:11:34,-0.363759
08:11:34,-0.075131
08:11:34,0.118108
08:11:34,-0.357938
08:11:34,-0.181857
08:11:34,-0.423011
08:11:35,-0.101535
08:11:35,-0.043583
08:11:35,-0.332832
08:11:35,-0.376472
08:11:35,-0.638143
08:11:35,-0.509443
08:11:35,-0.529693
08:11:35,-0.100355
08:11:35,-0.468434
08:11:35,-0.176391
08:11:36,-0.824309
08:11:36,0.712586
08:11:36,0.139146
08:11:36,0.477247
08:11:36,0.921675
08:11:36,0.600077
08:11:36,1.071832
08:11:36,0.189096
08:11:36,1.504821
08:11:36,1.07187
08:11:37,0.773221
08:11:37,1.19016
08:11:37,0.256717
08:11:37,0.522689
08:11:37,1.0718
08:11:37,-0.158496
08:11:37,0.60761
08:11:37,0.504055
08:11:37,0.905541
08:11:37,-0.44453
08:11:38,0.563371
08:11:38,-0.305319
08:11:38,-0.372765
08:11:38,-0.745495
08:11:38,-0.792198
08:11:38,-0.353742
08:11:38,-0.955628
08:11:38,-0.364605
08:11:38,-0.897778
08:11:38,-1.115944
08:11:39,-0.884733
08:11:39,-0.573534
08:11:39,-0.762813
08:11:39,-0.611731
08:11:39,-0.322639
08:11:39,-0.116127
08:11:39,-0.519983
08:11:39,-0.683271
08:11:39,-0.189679
08:11:39,0.055223
08:11:40,-0.511254
08:11:40,-0.202209
08:11:40,-0.035404
08:11:40,0.245056
08:11:40,0.145088
08:11:40,0.742439
08:11:40,0.004515
08:11:40,0.070803
08:11:40,0.548878
08:11:40,0.629903
08:11:41,0.190875
08:11:41,0.47902
08:11:41,0.525374
08:11:41,0.48605
08:11:41,0.61947
08:11:41,0.263422
08:11:41,0.928692
08:11:41,0.488665
08:11:41,-0.066178
08:11:41,0.142583
08:11:42,0.043405
08:11:42,0.315648
08:11:42,-0.426446
08:11:42,-0.049225
08:11:42,-0.396801
08:11:42,0.027074
08:11:42,-0.1145
08:11:42,-0.554762
08:11:42,-0.757538
08:11:42,-0.51407
08:11:43,-0.763158
08:11:43,-0.103274
08:11:43,-0.638275
08:11:43,-0.765679
08:11:43,-0.727177
08:11:43,-0.919537
08:11:43,-0.216654
08:11:43,-0.604797
08:11:43,0.16804
08:11:43,-0.562031
08:11:44,0.044535
08:11:44,0.512082
08:11:44,-0.536975
08:11:44,1.024186
08:11:44,0.2626
08:11:44,0.544358
08:11:44,0.766319
08:11:44,0.87785
08:11:44,0.761599
08:11:44,1.040466
08:11:45,0.881675
08:11:45,1.30769
08:11:45,0.848554
08:11:45,1.311327
08:11:45,0.881689
08:11:45,-0.137038
08:11:45,1.325336
08:11:45,0.116773
08:11:45,0.739752
08:11:45,0.118882
08:11:46,0.371382
08:11:46,-0.350472
08:11:46,0.002699
08:11:46,-0.40641
08:11:46,0.141201
08:11:46,-0.341441
08:11:46,-0.238732
08:11:46,-1.381131
08:11:46,-0.69569
08:11:46,-0.547689
08:11:47,-0.621735
08:11:47,-0.354977
08:11:47,-0.793806
08:11:47,-0.606629
08:11:47,-0.152883
08:11:47,-1.292516
08:11:47,-0.205177
08:11:47,-0.434653
08:11:47,-0.535623
08:11:47,0.008286
08:11:48,0.429608
08:11:48,0.473204
08:11:48,0.169022
08:11:48,0.624303
08:11:48,0.715273
08:11:48,0.464395
08:11:48,0.323734
08:11:48,0.401373
08:11:48,0.958988
08:11:48,0.67663
08:11:49,0.333836
08:11:49,0.10168
08:11:49,0.956881
08:11:49,0.432332
08:11:49,0.681948
08:11:49,0.928872
08:11:49,-0.046674
08:11:49,0.301995
08:11:49,0.156569
08:11:49,0.242414
08:11:50,0.433706
08:11:50,-0.574812
08:11:50,-0.016883
08:11:50,0.04324
08:11:50,-0.476682
08:11:50,-0.543081
08:11:50,-0.419855
08:11:50,-0.503019
08:11:50,-0.461916
08:11:50,-0.494934
08:11:51,-1.04369
08:11:51,-0.344789
08:11:51,-0.257365
08:11:51,-0.558576
08:11:51,-1.089266
08:11:51,-0.535136
08:11:51,-0.343408
08:11:51,-0.718403
08:11:51,-0.34236
08:11:51,-0.602783
08:11:52,0.212552
08:11:52,0.167588
08:11:52,-0.359712
08:11:52,0.440806
08:11:52,0.391672
08:11:52,0.67572
08:11:52,0.429276
08:11:52,0.343187
08:11:52,0.395944
08:11:52,0.503022
08:11:53,0.706589
08:11:53,0.743167
08:11:53,0.598988
08:11:53,0.475543
08:11:53,0.443321
08:11:53,1.372678
08:11:53,0.141696
08:11:53,0.122503
08:11:53,1.369161
08:11:53,0.256859
08:11:54,-0.482993
08:11:54,0.185436
08:11:54,-0.534826
08:11:54,0.000378
08:11:54,-0.485286
08:11:54,-0.648903
08:11:54,-0.003104
08:11:54,-0.425464
08:11:54,-0.325193
08:11:54,-0.53916
08:11:55,-0.855556
08:11:55,-0.477408
08:11:55,-0.242514
08:11:55,-0.576546
08:11:55,0.064263
08:11:55,-0.197304
08:11:55,-0.337256
08:11:55,-0.229773
08:11:55,-0.168279
08:11:55,-0.547438
08:11:56,-0.031525
08:11:56,0.186919
08:11:56,0.070682
08:11:56,0.43598
08:11:56,0.418907
08:11:56,0.765767
08:11:56,0.798401
08:11:56,0.682208
08:11:56,0.187215
08:11:56,1.318135
08:11:57,0.650338
08:11:57,0.663072
08:11:57,0.545857
08:11:57,0.45276
08:11:57,1.106732
08:11:57,0.98009
08:11:57,0.566987
08:11:57,0.280168
08:11:57,0.433003
08:11:57,0.135333
08:11:58,-0.066578
08:11:58,0.008833
08:11:58,-0.370717
08:11:58,-0.229501
08:11:58,-0.339972
08:11:58,-0.283947
08:11:58,-0.78301
08:11:58,-0.375157
08:11:58,-0.982949
08:11:58,-0.89178
08:11:59,-0.885124
08:11:59,-1.0666
08:11:59,-0.310258
08:11:59,-0.962873
08:11:59,-0.810933
08:11:59,-0.055582
08:11:59,-0.611154
08:11:59,-0.383643
08:11:59,-0.570522
08:11:59,0.182029
08:12:00,0.296358
08:12:00,0.368135
08:12:00,0.404447
08:12:00,0.34355
08:12:00,0.227918
08:12:00,0.209735
08:12:00,1.017779
08:12:00,0.891386
08:12:00,0.423083
08:12:00,0.705323
08:12:01,0.59496
08:12:01,0.296508
08:12:01,0.727918
08:12:01,0.478282
08:12:01,0.232924
08:12:01,-0.022722
08:12:01,-0.135882
08:12:01,0.187794
08:12:01,0.186529
08:12:01,-0.196851
08:12:02,0.227759
08:12:02,-0.132445
08:12:02,-0.014402
08:12:02,-0.381812
08:12:02,-0.686941
08:12:02,-0.455034
08:12:02,-1.008248
08:12:02,-0.434901
08:12:02,-0.993742
08:12:02,-0.37
08:12:03,-0.81846
08:12:03,-0.319495
08:12:03,-1.058658
08:12:03,-0.860924
08:12:03,-0.432985
08:12:03,-0.085301
08:12:03,0.171863
08:12:03,-0.303315
08:12:03,0.426899
08:12:03,-0.210887
08:12:04,0.384569
08:12:04,-0.220259
08:12:04,0.363382
08:12:04,-0.501799
08:12:04,0.018893
08:12:04,0.658312
08:12:04,0.106958
08:12:04,0.773137
08:12:04,0.983
08:12:04,0.51592
08:12:05,0.360866
08:12:05,0.525417
08:12:05,0.327705
08:12:05,0.58828
08:12:05,0.602044
08:12:05,0.387871
08:12:05,0.997475
08:12:05,0.066002
08:12:05,0.703314
08:12:05,-0.25493
08:12:06,0.025472
08:12:06,0.304583
08:12:06,0.179663
08:12:06,-0.464884
08:12:06,-0.217175
08:12:06,-0.347562
08:12:06,-0.755291
08:12:06,-0.408122
08:12:06,-0.013867
08:12:06,-0.526287
08:12:07,-0.501775
08:12:07,-0.456128
08:12:07,-1.177081
08:12:07,-0.462626
08:12:07,-0.922178
08:12:07,-0.701435
08:12:07,0.34523
08:12:07,-0.406435
08:12:07,-0.475373
08:12:07,0.2939
08:12:08,-0.331687
08:12:08,-0.047093
08:12:08,0.65348
08:12:08,0.332762
08:12:08,-0.135109
08:12:08,0.685371
08:12:08,0.427549
08:12:08,1.162653
08:12:08,0.453574
08:12:08,1.059311
08:12:09,1.321494
08:12:09,0.393552
08:12:09,0.598115
08:12:09,0.759723
08:12:09,0.266241
08:12:09,0.589578
08:12:09,0.332728
08:12:09,0.23202
08:12:09,0.23344
08:12:09,0.134447
08:12:10,0.057358
08:12:10,-0.319093
08:12:10,-0.410622
08:12:10,-0.359299
08:12:10,-0.427115
08:12:10,-0.648572
08:12:10,-0.452933
08:12:10,-1.258871
08:12:10,-0.921403
08:12:10,-0.789357
08:12:11,-0.99964
08:12:11,-0.121163
08:12:11,-0.659138
08:12:11,-0.561835
08:12:11,-0.735443
08:12:11,-0.500497
08:12:11,-0.836788
08:12:11,-0.377229
08:12:11,-0.544265
08:12:11,-0.206595
08:12:12,-0.895971
08:12:12,-0.285297
08:12:12,0.728686
08:12:12,0.608433
08:12:12,0.873113
08:12:12,0.980677
08:12:12,0.801857
08:12:12,0.465201
08:12:12,0.302702
08:12:12,1.092742
08:12:13,0.722599
08:12:13,1.56429
08:12:13,0.537955
08:12:13,1.314218
08:12:13,0.511435
08:12:13,0.962592
08:12:13,1.005292
08:12:13,-0.040239
08:12:13,0.046563
08:12:13,-0.252039
08:12:14,-0.430481
08:12:14,0.123969
08:12:14,-0.285132
08:12:14,-0.299465
08:12:14,-0.216766
08:12:14,-1.14506
08:12:14,-0.115944
08:12:14,-0.745888
08:12:14,-0.479399
08:12:14,-0.474132
08:12:15,-0.220221
08:12:15,-0.728082
08:12:15,-1.409013
08:12:15,-0.60371
08:12:15,-0.496064
08:12:15,-0.856966
08:12:15,-0.359828
08:12:15,-0.44415
08:12:15,-0.686276
08:12:15,0.125516
08:12:16,-0.197304
08:12:16,-0.032729
08:12:16,0.054409
08:12:16,0.750211
08:12:16,0.397129
08:12:16,0.52266
08:12:16,0.412089
08:12:16,0.785708
08:12:16,1.138001
08:12:16,0.918133
08:12:17,0.940403
08:12:17,0.903562
08:12:17,0.182655
08:12:17,0.317063
08:12:17,0.494566
08:12:17,0.240922
08:12:17,0.038862
08:12:17,-0.337468
08:12:17,-0.254973
08:12:17,0.01972
08:12:18,-0.024299
08:12:18,-0.387073
08:12:18,-0.188688
08:12:18,-0.469635
08:12:18,-0.029749
08:12:18,-0.551544
08:12:18,-0.322596
08:12:18,-0.55258
08:12:18,-1.156464
08:12:18,-0.723112
08:12:19,-1.132468
08:12:19,-0.729224
08:12:19,-0.926535
08:12:19,-0.490018
08:12:19,-1.036136
08:12:19,-0.489829
08:12:19,-0.211104
08:12:19,-0.000135
08:12:19,-0.483771
08:12:19,-0.103291
08:12:20,0.064451
08:12:20,0.650998
08:12:20,-0.302154
08:12:20,-0.001093
08:12:20,1.393012
08:12:20,0.399391
08:12:20,-0.095536
08:12:20,0.419812
08:12:20,-0.303366
08:12:20,0.775704
08:12:21,0.983425
08:12:21,0.3723
08:12:21,0.500986
08:12:21,0.946984
08:12:21,-0.046264
08:12:21,0.032425
08:12:21,0.331609
08:12:21,0.054476
08:12:21,0.113458
08:12:21,-0.332808
08:12:22,0.07501
08:12:22,-0.161736
08:12:22,-0.024095
08:12:22,-0.247654
08:12:22,-0.339108
08:12:22,-1.001182
08:12:22,-0.393905
08:12:22,-0.739508
08:12:22,-0.724049
08:12:22,-0.324489
08:12:23,-0.951802
08:12:23,-0.218467
08:12:23,-0.160173
08:12:23,-0.36023
08:12:23,-0.909529
08:12:23,-1.260177
08:12:23,-0.033857
08:12:23,-0.278809
08:12:23,-0.477131
08:12:23,0.301243
08:12:24,-0.301546
08:12:24,-0.03895
08:12:24,0.400024
08:12:24,-0.071968
08:12:24,0.373131
08:12:24,0.876173
08:12:24,0.640201
08:12:24,1.060304
08:12:24,1.0625
08:12:24,0.69409
08:12:25,-0.117859
08:12:25,0.304362
08:12:25,0.932907
08:12:25,0.081117
08:12:25,0.451969
08:12:25,0.613443
08:12:25,0.925799
08:12:25,0.116536
08:12:25,-0.008909
08:12:25,0.091148
08:12:26,0.12282
08:12:26,-0.163491
08:12:26,0.150932
08:12:26,-0.597494
08:12:26,-0.369393
08:12:26,-0.33915
08:12:26,-0.706393
08:12:26,-0.329806
08:12:26,-0.613604
08:12:26,-0.415286
08:12:27,-0.632064
08:12:27,-0.55964
08:12:27,-0.887077
08:12:27,-0.844475
08:12:27,-0.137773
08:12:27,-0.272546
08:12:27,-0.769487
08:12:27,-0.254491
08:12:27,-1.047134
08:12:27,-0.310383
08:12:28,0.33636
08:12:28,0.065703
08:12:28,0.257581
08:12:28,-0.73794
08:12:28,0.274161
08:12:28,0.61337
08:12:28,0.729163
08:12:28,0.960529
08:12:28,0.592149
08:12:28,0.633402
08:12:29,0.233759
08:12:29,0.619799
08:12:29,0.224188
08:12:29,-0.02305
08:12:29,0.186499
08:12:29,1.023014
08:12:29,0.316753
08:12:29,0.39475
08:12:29,0.036588
08:12:29,-0.517189
08:12:30,0.32764
08:12:30,-0.869773
08:12:30,-0.410489
08:12:30,-0.336909
08:12:30,-0.330778
08:12:30,-0.749239
08:12:30,-1.209598
08:12:30,-0.904087
08:12:30,-0.927805
08:12:30,-0.961965
08:12:31,-0.360479
08:12:31,-1.116143
08:12:31,-0.560397
08:12:31,-0.568301
08:12:31,-0.230153
08:12:31,-0.541571
08:12:31,-0.134554
08:12:31,-0.37807
08:12:31,-0.064275
08:12:31,-0.635534
08:12:32,-0.923397
08:12:32,0.241646
08:12:32,0.367226
08:12:32,0.484219
08:12:32,0.227723
08:12:32,1.016378
08:12:32,0.405355
08:12:32,0.771012
08:12:32,0.873862
08:12:32,1.292941
08:12:33,0.58904
08:12:33,0.462764
08:12:33,0.141389
08:12:33,1.167033
08:12:33,0.713806
08:12:33,0.653546
08:12:33,1.502296
08:12:33,0.431559
08:12:33,-0.239501
08:12:33,0.040938
08:12:34,-0.341174
08:12:34,-0.248058
08:12:34,-0.357218
08:12:34,-0.523252
08:12:34,-0.899099
08:12:34,0.062401
08:12:34,-0.461715
08:12:34,-0.70262
08:12:34,-0.400566
08:12:34,-0.526508
08:12:35,-0.603508
08:12:35,-0.451633
08:12:35,-0.618862
08:12:35,-0.389127
08:12:35,-0.302723
08:12:35,-0.438023
08:12:35,-0.488588
08:12:35,0.217846
08:12:35,-0.383577
08:12:35,0.027456
08:12:36,0.144868
08:12:36,-0.103841
08:12:36,-0.066426
08:12:36,0.193945
08:12:36,0.239174
08:12:36,-0.015371
08:12:36,0.338289
08:12:36,0.716883
08:12:36,1.10882
08:12:36,0.885419
08:12:37,-0.209837
08:12:37,0.915838
08:12:37,0.470386
08:12:37,0.782283
08:12:37,0.561365
08:12:37,0.427534
08:12:37,0.375667
08:12:37,0.309945
08:12:37,0.686854
08:12:37,0.102623
08:12:38,0.379938
08:12:38,0.219463
08:12:38,0.017154
08:12:38,-0.94311
08:12:38,-0.020628
08:12:38,-0.65524
08:12:38,-0.315807
08:12:38,-0.964091
08:12:38,-1.080515
08:12:38,0.000354
08:12:39,-1.034944
08:12:39,-0.290245
08:12:39,-0.624292
08:12:39,-0.770747
08:12:39,-0.582002
08:12:39,-0.950358
08:12:39,-0.416264
08:12:39,-0.696752
08:12:39,-0.354717
08:12:39,0.214351
08:12:40,0.088967
08:12:40,-0.409256
08:12:40,0.514333
08:12:40,0.315308
08:12:40,0.221685
08:12:40,0.756311
08:12:40,0.50779
08:12:40,0.215723
08:12:40,1.312473
08:12:40,0.685331
08:12:41,0.671515
08:12:41,0.549595
08:12:41,1.078728
08:12:41,0.439997
08:12:41,0.025569
08:12:41,0.257438
08:12:41,0.875821
08:12:41,0.60904
08:12:41,0.127056
08:12:41,0.590143
08:12:42,0.26178
08:12:42,-0.20281
08:12:42,-0.27438
08:12:42,-0.202532
08:12:42,-0.70261
08:12:42,-0.493398
08:12:42,-0.458332
08:12:42,-1.214143
08:12:42,-0.732002
08:12:42,-0.797452
08:12:43,-0.340176
08:12:43,-1.336956
08:12:43,-0.799267
08:12:43,-0.792319
08:12:43,-0.230287
08:12:43,-0.510216
08:12:43,0.217183
08:12:43,-0.086019
08:12:43,-0.35989
08:12:43,-0.025624
08:12:44,-0.123924
08:12:44,0.410293
08:12:44,-0.249957
08:12:44,0.0295
08:12:44,0.570941
08:12:44,0.92399
08:12:44,-0.204377
08:12:44,1.104769
08:12:44,0.616692
08:12:44,0.032026
08:12:45,-0.350605
08:12:45,0.156097
08:12:45,0.658843
08:12:45,0.60064
08:12:45,0.787932
08:12:45,0.302654
08:12:45,0.023635
08:12:45,0.173213
08:12:45,0.228075
08:12:45,0.190275
08:12:46,-0.276208
08:12:46,0.206002
08:12:46,-0.433801
08:12:46,-0.622194
08:12:46,-0.601287
08:12:46,-0.118781
08:12:46,-0.612791
08:12:46,-0.866784
08:12:46,-0.341602
08:12:46,0.05858
08:12:47,-0.626611
08:12:47,-0.259537
08:12:47,-0.303112
08:12:47,-0.835678
08:12:47,-0.55699
08:12:47,-0.943865
08:12:47,-0.483179
08:12:47,-0.53696
08:12:47,-0.357322
08:12:47,-0.371967
08:12:48,-0.100484
08:12:48,0.295786
08:12:48,0.17449
08:12:48,-0.334737
08:12:48,0.150307
08:12:48,-0.036815
08:12:48,0.651733
08:12:48,0.799866
08:12:48,0.755531
08:12:48,0.41579
08:12:49,0.786399
08:12:49,0.526842
08:12:49,0.267361
08:12:49,0.88338
08:12:49,0.852622
08:12:49,0.827088
08:12:49,0.198528
08:12:49,0.73057
08:12:49,0.043558
08:12:49,0.33823
08:12:50,-0.178819
08:12:50,-0.187898
08:12:50,-1.063724
08:12:50,-0.423463
08:12:50,-0.379568
08:12:50,-0.638492
08:12:50,0.048354
08:12:50,-1.030568
08:12:50,-0.862993
08:12:50,-1.008087
08:12:51,-0.897322
08:12:51,-0.330387
08:12:51,-0.148428
08:12:51,-0.868982
08:12:51,-0.819365
08:12:51,-0.89997
08:12:51,0.04575
08:12:51,0.074558
08:12:51,-0.253406
08:12:51,-0.598139
08:12:52,-0.457332
08:12:52,0.169224
08:12:52,0.40858
08:12:52,-0.405357
08:12:52,0.298991
08:12:52,1.061378
08:12:52,0.490184
08:12:52,1.145078
08:12:52,0.892906
08:12:52,0.311884
08:12:53,0.597565
08:12:53,0.646339
08:12:53,0.332361
08:12:53,0.284251
08:12:53,1.093681
08:12:53,0.152899
08:12:53,0.788902
08:12:53,0.165024
08:12:53,0.207338
08:12:53,0.30615
08:12:54,-0.209496
08:12:54,0.089262
08:12:54,-0.932562
08:12:54,-0.163896
08:12:54,-1.275435
08:12:54,-0.574371
08:12:54,-0.267327
08:12:54,-0.405901
08:12:54,-1.120183
08:12:54,-1.100764
08:12:55,-0.941035
08:12:55,-0.626206
08:12:55,-1.376916
08:12:55,-0.628333
08:12:55,-0.457312
08:12:55,-0.594038
08:12:55,-0.227587
08:12:55,-0.23949
08:12:55,-0.405891
08:12:55,-0.78717
08:12:56,0.046695
08:12:56,-0.224072
08:12:56,0.013892
08:12:56,0.485487
08:12:56,0.907516
08:12:56,0.481654
08:12:56,0.760235
08:12:56,0.118137
08:12:56,0.751673
08:12:56,0.670415
08:12:57,1.13023
08:12:57,0.502221
08:12:57,0.581166
08:12:57,0.99429
08:12:57,0.5341
08:12:57,0.10688
08:12:57,1.304521
08:12:57,-0.059714
08:12:57,0.193667
08:12:57,0.230845
08:12:58,0.093666
08:12:58,-0.175914
08:12:58,-0.280978
08:12:58,-0.40002
08:12:58,-0.802027
08:12:58,0.257602
08:12:58,-0.643309
08:12:58,-0.414779
08:12:58,-0.782868
08:12:58,-0.815549
08:12:59,-0.859405
08:12:59,-1.233828
08:12:59,-0.721957
08:12:59,-0.766157
08:12:59,-0.156278
08:12:59,-0.91382
08:12:59,-0.613451
08:12:59,-0.632248
08:12:59,0.288574
08:12:59,-0.413797
08:13:00,0.196805
08:13:00,0.449061
08:13:00,0.165169
08:13:00,-0.164091
08:13:00,-0.066004
08:13:00,0.795892
08:13:00,0.125104
08:13:00,0.760914
08:13:00,0.705762
08:13:00,0.823378
08:13:01,0.865055
08:13:01,0.364597
08:13:01,0.324305
08:13:01,0.873929
08:13:01,0.346041
08:13:01,-0.467577
08:13:01,0.638514
08:13:01,-0.044898
08:13:01,0.379809
08:13:01,0.596992
08:13:02,0.005867
08:13:02,0.239014
08:13:02,-0.162483
08:13:02,0.237807
08:13:02,-0.783187
08:13:02,-0.49785
08:13:02,-0.330705
08:13:02,-0.690349
08:13:02,-0.262463
08:13:02,-0.842596
08:13:03,0.02428
08:13:03,0.051387
08:13:03,-0.567014
08:13:03,-0.430294
08:13:03,-0.149227
08:13:03,-0.910494
08:13:03,-0.87065
08:13:03,0.121953
08:13:03,-0.120416
08:13:03,-0.188781
08:13:04,0.003893
08:13:04,-0.72561
08:13:04,0.149615
08:13:04,0.054227
08:13:04,0.732775
08:13:04,0.843236
08:13:04,0.76815
08:13:04,0.762115
08:13:04,0.141668
08:13:04,0.898107
08:13:05,0.920289
08:13:05,1.127199
08:13:05,1.407113
08:13:05,0.031308
08:13:05,0.430345
08:13:05,0.235181
08:13:05,0.471827
08:13:05,0.322484
08:13:05,0.134383
08:13:05,0.469166
08:13:06,-0.385495
08:13:06,-0.473897
08:13:06,-0.574791
08:13:06,-0.443908
08:13:06,-0.841456
08:13:06,-0.511975
08:13:06,-0.624233
08:13:06,-0.898985
08:13:06,-0.359921
08:13:06,-0.712207
08:13:07,-0.328073
08:13:07,-0.759649
08:13:07,-0.674208
08:13:07,-0.820678
08:13:07,-0.568778
08:13:07,-0.245694
08:13:07,-0.555417
08:13:07,-0.136349
08:13:07,-0.500773
08:13:07,0.156164
08:13:08,-0.202967
08:13:08,0.407592
08:13:08,0.237654
08:13:08,0.850127
08:13:08,0.007526
08:13:08,-0.021687
08:13:08,0.350636
08:13:08,0.139091
08:13:08,0.181782
08:13:08,0.908925
08:13:09,0.698537
08:13:09,0.523493
08:13:09,0.530303
08:13:09,0.414671
08:13:09,1.143941
08:13:09,0.237548
08:13:09,-0.051297
08:13:09,0.596411
08:13:09,0.140797
08:13:09,0.823075
08:13:10,-0.184172
08:13:10,0.18659
08:13:10,0.162457
08:13:10,-0.500261
08:13:10,-0.671472
08:13:10,-0.235496
08:13:10,-0.3651
08:13:10,-1.117418
08:13:10,-1.060692
08:13:10,-1.579132
08:13:11,-0.491615
08:13:11,-0.783021
08:13:11,-0.722492
08:13:11,-1.21571
08:13:11,-0.950648
08:13:11,-0.66226
08:13:11,-0.646764
08:13:11,-0.276551
08:13:11,-0.012098
08:13:11,0.68486
08:13:12,-0.007006
08:13:12,0.499895
08:13:12,-0.074179
08:13:12,-0.268438
08:13:12,0.288144
08:13:12,-0.064228
08:13:12,0.571448
08:13:12,0.350546
08:13:12,-0.018255
08:13:12,1.298991
08:13:13,0.511853
08:13:13,0.118215
08:13:13,0.9801
08:13:13,0.36869
08:13:13,0.94787
08:13:13,0.238287
08:13:13,0.222135
08:13:13,0.438484
08:13:13,0.423939
08:13:13,0.378473
08:13:14,-0.031409
08:13:14,0.075512
08:13:14,0.044658
08:13:14,-0.247594
08:13:14,-0.46138
08:13:14,-1.000828
08:13:14,-0.356601
08:13:14,-0.608944
08:13:14,-0.810505
08:13:14,-0.244164
08:13:15,-1.199742
08:13:15,-0.115969
08:13:15,-0.673535
08:13:15,-0.512573
08:13:15,-0.704577
08:13:15,-1.07845
08:13:15,-0.460313
08:13:15,-0.200633
08:13:15,0.020367
08:13:15,-0.178816
08:13:16,-0.767389
08:13:16,-0.430077
08:13:16,0.934519
08:13:16,-0.064594
08:13:16,0.910917
08:13:16,0.168044
08:13:16,0.502452
08:13:16,0.842527
08:13:16,0.378672
08:13:16,1.248657
08:13:17,0.726505
08:13:17,0.85268
08:13:17,0.572077
08:13:17,0.854257
08:13:17,1.118889
08:13:17,0.449025
08:13:17,1.016849
08:13:17,0.103735
08:13:17,0.483746
08:13:17,0.280694
08:13:18,-0.374004
08:13:18,-0.034671
08:13:18,-0.213734
08:13:18,-0.616411
08:13:18,-0.286149
08:13:18,-0.443773
08:13:18,-0.591717
08:13:18,-0.647707
08:13:18,-0.697243
08:13:18,-0.820077
08:13:19,-0.651058
08:13:19,-0.916752
08:13:19,0.264144
08:13:19,-1.116971
08:13:19,-0.77097
08:13:19,-0.671984
08:13:19,0.302723
08:13:19,-0.77984
08:13:19,-0.067239
08:13:19,-0.022566
08:13:20,0.116761
08:13:20,0.542224
08:13:20,0.641852
08:13:20,0.159958
08:13:20,0.479356
08:13:20,-0.157461
08:13:20,0.600994
08:13:20,0.345808
08:13:20,0.600506
08:13:20,0.101502
08:13:21,0.841705
08:13:21,0.097583
08:13:21,0.717639
08:13:21,0.194428
08:13:21,0.268938
08:13:21,0.899131
08:13:21,0.617221
08:13:21,0.720014
08:13:21,0.762216
08:13:21,-0.160989
08:13:22,0.52464
08:13:22,-0.622431
08:13:22,0.044823
08:13:22,-0.490462
08:13:22,-0.737055
08:13:22,-0.27991
08:13:22,-0.235579
08:13:22,-0.303361
08:13:22,-0.590539
08:13:22,-0.645197
08:13:23,-0.515597
08:13:23,-0.585064
08:13:23,-0.476265
08:13:23,-0.552305
08:13:23,-0.271338
08:13:23,-1.064497
08:13:23,-0.457395
08:13:23,-0.80214
08:13:23,-0.119466
08:13:23,0.465171
08:13:24,-0.16593
08:13:24,0.154042
08:13:24,0.481082
08:13:24,-0.40591
08:13:24,0.228711
08:13:24,0.622555
08:13:24,-0.447636
08:13:24,0.281822
08:13:24,1.05104
08:13:24,1.042431
08:13:25,0.831011
08:13:25,1.000151
08:13:25,0.741026
08:13:25,0.818093
08:13:25,0.455833
08:13:25,0.535509
08:13:25,0.19012
08:13:25,0.760013
08:13:25,0.748858
08:13:25,0.592474
08:13:26,-0.142838
08:13:26,-0.443325
08:13:26,0.230629
08:13:26,-0.127426
08:13:26,-0.296445
08:13:26,-0.716746
08:13:26,-0.41733
08:13:26,-1.003552
08:13:26,-0.443818
08:13:26,-0.208771
08:13:27,-0.129134
08:13:27,-0.443398
08:13:27,-1.149447
08:13:27,-0.554639
08:13:27,0.182577
08:13:27,-0.798989
08:13:27,-0.432163
08:13:27,0.17694
08:13:27,-0.000315
08:13:27,0.758551
08:13:28,-0.256504
08:13:28,-0.23691
08:13:28,0.644756
08:13:28,-0.100764
08:13:28,0.342581
08:13:28,0.471998
08:13:28,0.928908
08:13:28,0.838698
08:13:28,0.825712
08:13:28,0.550531
08:13:29,1.125251
08:13:29,2.10042
08:13:29,0.907688
08:13:29,0.65859
08:13:29,0.11206
08:13:29,0.271856
08:13:29,0.336651
08:13:29,0.130683
08:13:29,0.210685
08:13:29,0.73181
08:13:30,0.436508
08:13:30,-0.165096
08:13:30,-0.63921
08:13:30,0.150285
08:13:30,-0.428619
08:13:30,-1.09925
08:13:30,-0.316961
08:13:30,-0.264714
08:13:30,-1.514808
08:13:30,-0.979976
08:13:31,-0.738659
08:13:31,-0.434303
08:13:31,-0.846251
08:13:31,-0.914954
08:13:31,-0.311803
08:13:31,-0.658888
08:13:31,-0.221731
08:13:31,-0.706824
08:13:31,-0.689628
08:13:31,0.15484
08:13:32,0.088382
08:13:32,0.432364
08:13:32,0.029904
08:13:32,0.039506
08:13:32,0.887701
08:13:32,-0.038061
08:13:32,1.004323
08:13:32,1.085881
08:13:32,0.966771
08:13:32,0.450649
08:13:33,0.414217
08:13:33,0.617862
08:13:33,0.212476
08:13:33,0.287112
08:13:33,0.791969
08:13:33,0.722247
08:13:33,0.044098
08:13:33,0.554436
08:13:33,0.375318
08:13:33,0.637964
08:13:34,0.199198
08:13:34,0.260999
08:13:34,-0.049335
08:13:34,0.025182
08:13:34,-0.861941
08:13:34,-0.537585
08:13:34,-0.579956
08:13:34,-0.709017
08:13:34,-0.510379
08:13:34,-0.469349
08:13:35,-0.56271
08:13:35,-0.753312
08:13:35,-0.923245
08:13:35,-0.239689
08:13:35,-0.443905
08:13:35,-0.85149
08:13:35,-0.47924
08:13:35,-0.927948
08:13:35,-0.203932
08:13:35,-0.178937
08:13:36,-0.201063
08:13:36,0.664114
08:13:36,-0.188342
08:13:36,0.565031
08:13:36,1.176798
08:13:36,0.872019
08:13:36,0.555273
08:13:36,0.226781
08:13:36,0.189018
08:13:36,0.547339
08:13:37,0.45955
08:13:37,0.43954
08:13:37,0.55153
08:13:37,0.587918
08:13:37,0.736136
08:13:37,0.061746
08:13:37,0.172664
08:13:37,0.261908
08:13:37,0.147892
08:13:37,0.752252
08:13:38,0.081286
08:13:38,-0.674261
08:13:38,-0.069948
08:13:38,-0.126811
08:13:38,-0.455244
08:13:38,-0.919664
08:13:38,0.049007
08:13:38,-0.998164
08:13:38,-0.434469
08:13:38,-0.621364
08:13:39,-0.489716
08:13:39,-0.093982
08:13:39,-0.469166
08:13:39,-0.819237
08:13:39,-0.179215
08:13:39,-0.71586
08:13:39,-0.354204
08:13:39,-0.770373
08:13:39,-0.57796
08:13:39,-0.091519
08:13:40,0.12883
08:13:40,-0.486333
08:13:40,0.390362
08:13:40,0.030993
08:13:40,0.85934
08:13:40,0.371787
08:13:40,0.173044
08:13:40,0.650236
08:13:40,0.345057
08:13:40,1.135513
08:13:41,0.700186
08:13:41,0.638295
08:13:41,0.87287
08:13:41,0.271973
08:13:41,0.115108
08:13:41,0.637898
08:13:41,0.026565
08:13:41,-0.06721
08:13:41,0.509177
08:13:41,0.293277
08:13:42,-0.43884
08:13:42,-0.326202
08:13:42,-0.532618
08:13:42,0.303918
08:13:42,-0.094346
08:13:42,-0.64227
08:13:42,-0.364644
08:13:42,-1.09837
08:13:42,-0.901166
08:13:42,-0.65468
08:13:43,-0.541719
08:13:43,-0.725493
08:13:43,-0.578935
08:13:43,-0.596287
08:13:43,-0.623564
08:13:43,-0.598626
08:13:43,-0.560642
08:13:43,-0.236615
08:13:43,-0.072526
08:13:43,-0.040078
08:13:44,-0.412509
08:13:44,-0.240121
08:13:44,0.355921
08:13:44,0.832879
08:13:44,0.464795
08:13:44,0.350891
08:13:44,0.644831
08:13:44,0.225817
08:13:44,1.12387
08:13:44,0.75669
08:13:45,0.46569
08:13:45,0.633003
08:13:45,0.481277
08:13:45,1.082789
08:13:45,0.495528
08:13:45,0.549353
08:13:45,0.612254
08:13:45,0.058525
08:13:45,0.28411
08:13:45,0.205557
08:13:46,-0.543928
08:13:46,-0.02106
08:13:46,-0.232329
08:13:46,-0.272305
08:13:46,-0.398979
08:13:46,-0.404265
08:13:46,-0.098242
08:13:46,-1.036532
08:13:46,-0.785493
08:13:46,-0.458065
08:13:47,-0.531676
08:13:47,-0.53059
08:13:47,0.298012
08:13:47,-0.408757
08:13:47,-0.170484
08:13:47,-0.60245
08:13:47,-0.758969
08:13:47,-0.427804
08:13:47,0.032874
08:13:47,0.032886
08:13:48,0.141138
08:13:48,0.034484
08:13:48,0.085481
08:13:48,0.254843
08:13:48,0.665016
08:13:48,0.789229
08:13:48,0.214127
08:13:48,0.890524
08:13:48,0.437987
08:13:48,0.855504
08:13:49,0.632812
08:13:49,1.239408
08:13:49,0.519413
08:13:49,0.686219
08:13:49,0.77862
08:13:49,0.189089
08:13:49,0.38595
08:13:49,0.224489
08:13:49,0.036477
08:13:49,-0.044399
08:13:50,0.389205
08:13:50,-0.318997
08:13:50,-0.018069
08:13:50,-0.207685
08:13:50,-0.900393
08:13:50,-0.313265
08:13:50,-1.061042
08:13:50,-0.403872
08:13:50,-0.843257
08:13:50,-0.688453
08:13:51,-1.152998
08:13:51,-0.648548
08:13:51,-0.341307
08:13:51,-0.906142
08:13:51,-0.77882
08:13:51,-0.335857
08:13:51,-0.243583
08:13:51,-1.169756
08:13:51,0.48908
08:13:51,0.07549
08:13:52,0.243922
08:13:52,0.059265
08:13:52,-0.433062
08:13:52,0.553946
08:13:52,0.213634
08:13:52,0.685351
08:13:52,0.489732
08:13:52,0.707018
08:13:52,0.394491
08:13:52,0.993918
08:13:53,0.284067
08:13:53,1.477331
08:13:53,1.449022
08:13:53,1.195149
08:13:53,1.01273
08:13:53,0.465383
08:13:53,0.819741
08:13:53,0.284132
08:13:53,-0.327419
08:13:53,0.635625
08:13:54,0.395089
08:13:54,-0.120473
08:13:54,-0.645126
08:13:54,-0.522964
08:13:54,-1.048851
08:13:54,-0.164196
08:13:54,-1.12747
08:13:54,-0.523314
08:13:54,-0.961032
08:13:54,-1.190728
08:13:55,-0.616576
08:13:55,-0.808212
08:13:55,-0.372373
08:13:55,-1.067366
08:13:55,-0.831372
08:13:55,-1.33065
08:13:55,-1.175971
08:13:55,0.311574
08:13:55,0.512947
08:13:55,-0.07705
08:13:56,-0.28834
08:13:56,0.005047
08:13:56,0.522063
08:13:56,0.137757
08:13:56,0.494622
08:13:56,0.49051
08:13:56,0.367227
08:13:56,0.439537
08:13:56,0.768402
08:13:56,0.349471
08:13:57,0.858105
08:13:57,0.526329
08:13:57,0.710318
08:13:57,1.108091
08:13:57,0.507445
08:13:57,0.816906
08:13:57,-0.215762
08:13:57,0.153166
08:13:57,0.226003
08:13:57,0.78267
08:13:58,-0.685983
08:13:58,-0.143178
08:13:58,0.293529
08:13:58,-0.59255
08:13:58,-0.485943
08:13:58,-0.378866
08:13:58,-0.501734
08:13:58,-0.075685
08:13:58,-0.508774
08:13:58,-0.226661
08:13:59,-0.826003
08:13:59,-0.950566
08:13:59,-0.744743
08:13:59,-1.029391
08:13:59,-0.397083
08:13:59,-0.630032
08:13:59,-0.646576
08:13:59,-0.143263
08:13:59,-0.616612
08:13:59,0.160172
08:14:00,-0.167418
08:14:00,0.515188
08:14:00,0.078854
08:14:00,0.538962
08:14:00,0.474297
08:14:00,0.75534
08:14:00,0.604793
08:14:00,0.041515
08:14:00,1.018817
08:14:00,0.660693
08:14:01,0.976331
08:14:01,0.932968
08:14:01,0.395086
08:14:01,0.303526
08:14:01,0.795686
08:14:01,0.388838
08:14:01,0.7392
08:14:01,0.255423
08:14:01,0.574505
08:14:01,0.257661
08:14:02,0.100791
08:14:02,-0.240408
08:14:02,-0.134962
08:14:02,0.099705
08:14:02,-0.430425
08:14:02,-0.309064
08:14:02,-0.550086
08:14:02,-0.580093
08:14:02,-0.062546
08:14:02,-0.270776
08:14:03,-0.672209
08:14:03,-0.616323
08:14:03,-0.911394
08:14:03,-0.684245
08:14:03,-0.458023
08:14:03,-0.19726
08:14:03,-0.149222
08:14:03,-0.706034
08:14:03,0.125632
08:14:03,-0.140575
08:14:04,-0.345447
08:14:04,0.577239
08:14:04,0.72846
08:14:04,0.410105
08:14:04,0.659527
08:14:04,0.763582
08:14:04,1.054832
08:14:04,0.878529
08:14:04,0.201049
08:14:04,1.394815
08:14:05,1.07298
08:14:05,0.513048
08:14:05,0.305371
08:14:05,0.800389
08:14:05,0.468921
08:14:05,0.610473
08:14:05,0.671642
08:14:05,0.119539
08:14:05,-0.174326
08:14:05,0.244541
08:14:06,-0.186686
08:14:06,-0.058371
08:14:06,-0.686476
08:14:06,-0.406057
08:14:06,-0.161217
08:14:06,-0.282898
08:14:06,-0.842237
08:14:06,-1.032597
08:14:06,-0.660222
08:14:06,-0.49502
08:14:07,-0.558189
08:14:07,-0.870638
08:14:07,-0.561501
08:14:07,-0.09788
08:14:07,-0.494511
08:14:07,-1.066577
08:14:07,-0.34033
08:14:07,0.397592
08:14:07,-0.666899
08:14:07,-0.0991
08:14:08,-0.079217
08:14:08,0.143063
08:14:08,0.2843
08:14:08,0.716784
08:14:08,0.441124
08:14:08,0.942016
08:14:08,0.525132
08:14:08,0.501157
08:14:08,0.431526
08:14:08,0.055401
08:14:09,0.796523
08:14:09,1.410282
08:14:09,0.826122
08:14:09,0.864066
08:14:09,0.421751
08:14:09,0.409458
08:14:09,0.756074
08:14:09,1.020836
08:14:09,0.737094
08:14:09,0.39134
08:14:10,0.012303
08:14:10,-0.036103
08:14:10,-0.480039
08:14:10,-0.824652
08:14:10,-0.805829
08:14:10,-0.477545
08:14:10,-0.668509
08:14:10,-1.138009
08:14:10,-0.678803
08:14:10,-0.802832
08:14:11,-1.110497
08:14:11,-0.820944
08:14:11,-0.778073
08:14:11,-0.839528
08:14:11,-0.241977
08:14:11,-1.16099
08:14:11,-1.106479
08:14:11,-0.316643
08:14:11,-0.182667
08:14:11,0.031971
08:14:12,-0.188641
08:14:12,-0.211769
08:14:12,0.213751
08:14:12,0.163241
08:14:12,0.954325
08:14:12,0.381495
08:14:12,0.547697
08:14:12,1.490101
08:14:12,0.597573
08:14:12,0.886037
08:14:13,0.926208
08:14:13,0.947372
08:14:13,0.76706
08:14:13,0.691549
08:14:13,0.601429
08:14:13,0.293377
08:14:13,0.525381
08:14:13,1.027819
08:14:13,0.640051
08:14:13,0.215875
08:14:14,0.29954
08:14:14,-0.413716
08:14:14,-0.307491
08:14:14,0.013954
08:14:14,0.109059
08:14:14,-0.764778
08:14:14,-0.735568
08:14:14,0.139777
08:14:14,-0.632048
08:14:14,-0.053205
08:14:15,-0.6276
08:14:15,-0.605219
08:14:15,-0.772661
08:14:15,-0.29381
08:14:15,-0.09109
08:14:15,-0.857226
08:14:15,-0.534807
08:14:15,0.002484
08:14:15,-0.261654
08:14:15,-0.282189
08:14:16,0.35334
08:14:16,0.495713
08:14:16,0.058937
08:14:16,0.392122
08:14:16,-0.011517
08:14:16,0.181556
08:14:16,0.60977
08:14:16,0.634697
08:14:16,0.327333
08:14:16,0.440791
08:14:17,0.327234
08:14:17,0.850653
08:14:17,-0.022934
08:14:17,0.269653
08:14:17,-0.085718
08:14:17,0.641632
08:14:17,-0.219507
08:14:17,0.328899
08:14:17,0.790145
08:14:17,0.695206
08:14:18,-0.632068
08:14:18,-0.005061
08:14:18,-0.562452
08:14:18,-0.735391
08:14:18,-0.451164
08:14:18,-0.065073
08:14:18,-0.356431
08:14:18,-0.874004
08:14:18,-0.418978
08:14:18,-1.47668
08:14:19,-0.963531
08:14:19,-0.979744
08:14:19,-0.638327
08:14:19,-0.694694
08:14:19,-0.615827
08:14:19,-0.556127
08:14:19,-0.403607
08:14:19,-0.128748
08:14:19,-0.164046
08:14:19,-0.209027
08:14:20,0.140612
08:14:20,0.398647
08:14:20,0.021703
08:14:20,0.297002
08:14:20,0.818117
08:14:20,0.109009
08:14:20,1.197958
08:14:20,0.155
08:14:20,0.544862
08:14:20,0.358815
08:14:21,1.465774
08:14:21,0.515209
08:14:21,0.490445
08:14:21,0.493943
08:14:21,0.599773
08:14:21,0.38002
08:14:21,0.364939
08:14:21,-0.91743
08:14:21,0.236318
08:14:21,0.115736
08:14:22,0.363499
08:14:22,0.348667
08:14:22,-0.28201
08:14:22,-0.032113
08:14:22,-0.796999
08:14:22,-0.226405
08:14:22,-0.766678
08:14:22,-1.038349
08:14:22,-0.730696
08:14:22,-0.201216
08:14:23,-0.636648
08:14:23,-0.167611
08:14:23,-0.927796
08:14:23,-0.256957
08:14:23,-0.794568
08:14:23,-0.41611
08:14:23,-0.335611
08:14:23,-0.086271
08:14:23,-0.128553
08:14:23,-0.368219
08:14:24,0.308107
08:14:24,0.715584
08:14:24,0.011981
08:14:24,-0.324538
08:14:24,0.586212
08:14:24,0.379062
08:14:24,0.520426
08:14:24,0.818367
08:14:24,0.506002
08:14:24,0.597284
08:14:25,0.664958
08:14:25,1.205796
08:14:25,0.676264
08:14:25,0.191219
08:14:25,0.147754
08:14:25,0.543705
08:14:25,0.01615
08:14:25,-0.229013
08:14:25,0.438749
08:14:25,0.349079
08:14:26,-0.128848
08:14:26,-0.006723
08:14:26,-0.150469
08:14:26,-0.106947
08:14:26,-0.199787
08:14:26,-1.407001
08:14:26,-0.650487
08:14:26,-0.442438
08:14:26,-0.809399
08:14:26,-0.678711
08:14:27,-0.437255
08:14:27,-0.663058
08:14:27,-0.137968
08:14:27,-0.229259
08:14:27,-0.607809
08:14:27,-0.564291
08:14:27,-1.409063
08:14:27,-0.432069
08:14:27,-0.689956
08:14:27,-0.032074
08:14:28,0.053505
08:14:28,0.353054
08:14:28,0.705147
08:14:28,0.308599
08:14:28,1.209595
08:14:28,0.576333
08:14:28,0.107736
08:14:28,0.426979
08:14:28,0.535278
08:14:28,0.898626
08:14:29,0.368463
08:14:29,0.58709
08:14:29,0.609375
08:14:29,0.466862
08:14:29,0.850307
08:14:29,0.719437
08:14:29,0.819748
08:14:29,0.201935
08:14:29,0.637197
08:14:29,-0.367895
08:14:30,-0.485935
08:14:30,-0.534335
08:14:30,-0.213088
08:14:30,0.103039
08:14:30,-0.622199
08:14:30,-0.661817
08:14:30,-0.641918
08:14:30,-0.423215
08:14:30,-0.832908
08:14:30,-0.878078
08:14:31,-1.170888
08:14:31,-0.891484
08:14:31,-0.253628
08:14:31,-0.59188
08:14:31,-0.825261
08:14:31,-0.062324
08:14:31,-0.616274
08:14:31,0.179191
08:14:31,0.274951
08:14:31,-0.0899
08:14:32,-0.524492
08:14:32,0.910829
08:14:32,0.351859
08:14:32,0.204433
08:14:32,0.746094
08:14:32,0.740781
08:14:32,1.02514
08:14:32,0.391883
08:14:32,0.777205
08:14:32,0.276327
08:14:33,0.933217
08:14:33,0.683351
08:14:33,0.764093
08:14:33,0.572482
08:14:33,0.478466
08:14:33,0.191094
08:14:33,0.6881
08:14:33,0.83919
08:14:33,0.021478
08:14:33,0.303243
08:14:34,0.151264
08:14:34,-0.10667
08:14:34,-0.75062
08:14:34,-0.773352
08:14:34,-0.684793
08:14:34,-1.243626
08:14:34,-0.073501
08:14:34,-0.495008
08:14:34,-0.676226
08:14:34,-1.457964
08:14:35,-1.338355
08:14:35,-0.692201
08:14:35,0.023932
08:14:35,-0.86823
08:14:35,-0.263983
08:14:35,-0.662941
08:14:35,-0.392116
08:14:35,0.107346
08:14:35,-0.337395
08:14:35,-0.351041
08:14:36,0.496325
08:14:36,0.125449
08:14:36,0.598234
08:14:36,0.077956
08:14:36,0.903786
08:14:36,0.590744
08:14:36,0.718488
08:14:36,0.669775
08:14:36,0.488823
08:14:36,0.690793
08:14:37,0.545093
08:14:37,1.027223
08:14:37,0.59467
08:14:37,0.099927
08:14:37,-0.021486
08:14:37,-0.109377
08:14:37,0.627739
08:14:37,-0.085233
08:14:37,0.321342
08:14:37,0.157305
08:14:38,-0.022648
08:14:38,0.043938
08:14:38,-0.160906
08:14:38,-1.266199
08:14:38,-0.524719
08:14:38,-0.346189
08:14:38,0.007787
08:14:38,-0.033444
08:14:38,-1.142842
08:14:38,-0.813786
08:14:39,-1.24814
08:14:39,-0.159422
08:14:39,-0.31124
08:14:39,-0.500999
08:14:39,-0.508179
08:14:39,-0.011754
08:14:39,0.012514
08:14:39,0.087522
08:14:39,-0.056474
08:14:39,-0.231734
08:14:40,0.268494
08:14:40,0.395119
08:14:40,0.149589
08:14:40,0.194856
08:14:40,0.808109
08:14:40,1.077415
08:14:40,0.304023
08:14:40,0.531523
08:14:40,0.788566
08:14:40,0.861691
08:14:41,0.517172
08:14:41,1.350614
08:14:41,0.813473
08:14:41,0.809689
08:14:41,1.181921
08:14:41,0.337803
08:14:41,0.380499
08:14:41,-0.120869
08:14:41,0.155989
08:14:41,-0.411621
08:14:42,0.261747
08:14:42,0.037495
08:14:42,-0.313286
08:14:42,-0.352942
08:14:42,-0.144936
08:14:42,-0.892503
08:14:42,-0.494853
08:14:42,-0.378876
08:14:42,-1.289535
08:14:42,-0.451654
08:14:43,-1.285922
08:14:43,-0.73254
08:14:43,-1.072926
08:14:43,-0.122768
08:14:43,-0.971304
08:14:43,-1.072541
08:14:43,-0.364776
08:14:43,-0.462589
08:14:43,-0.742924
08:14:43,0.074531
08:14:44,-0.697025
08:14:44,-0.25318
08:14:44,0.014986
08:14:44,0.598571
08:14:44,0.864864
08:14:44,0.880949
08:14:44,0.512666
08:14:44,-0.225853
08:14:44,0.802538
08:14:44,1.206083
08:14:45,1.131827
08:14:45,0.853414
08:14:45,0.249414
08:14:45,0.439847
08:14:45,1.243147
08:14:45,-0.000881
08:14:45,0.009705
08:14:45,0.647686
08:14:45,0.065406
08:14:45,-0.30411
08:14:46,0.53479
08:14:46,0.051865
08:14:46,-0.349942
08:14:46,-0.718815
08:14:46,0.305143
08:14:46,-0.503533
08:14:46,-0.077247
08:14:46,-0.310933
08:14:46,-0.848055
08:14:46,-0.870911
08:14:47,-0.19379
08:14:47,-0.179501
08:14:47,-1.32266
08:14:47,-0.431281
08:14:47,-0.608737
08:14:47,-0.856638
08:14:47,-0.319839
08:14:47,-0.790152
08:14:47,-0.379571
08:14:47,-0.38897
08:14:48,-0.174927
08:14:48,0.084487
08:14:48,-0.139136
08:14:48,0.868406
08:14:48,0.584099
08:14:48,1.123072
08:14:48,0.510284
08:14:48,0.431628
08:14:48,1.281185
08:14:48,0.489061
08:14:49,0.637598
08:14:49,0.943398
08:14:49,0.232536
08:14:49,0.872658
08:14:49,0.770483
08:14:49,0.939239
08:14:49,0.722965
08:14:49,0.772786
08:14:49,0.177664
08:14:49,-0.19243
08:14:50,0.738495
08:14:50,-0.643848
08:14:50,-0.715591
08:14:50,-0.119999
08:14:50,0.157295
08:14:50,-0.428632
08:14:50,-0.216556
08:14:50,-1.322236
08:14:50,-0.84058
08:14:50,-1.347264
08:14:51,-0.426856
08:14:51,-1.232913
08:14:51,-1.112976
08:14:51,-0.443796
08:14:51,-0.194673
08:14:51,-0.550614
08:14:51,-0.211889
08:14:51,-0.129567
08:14:51,-0.291711
08:14:51,-0.492651
08:14:52,0.197712
08:14:52,0.324088
08:14:52,0.52922
08:14:52,0.427017
08:14:52,0.002475
08:14:52,0.736594
08:14:52,0.565829
08:14:52,0.454746
08:14:52,0.562617
08:14:52,0.449792
08:14:53,1.011095
08:14:53,0.195042
08:14:53,0.318019
08:14:53,0.508634
08:14:53,1.131125
08:14:53,0.863973
08:14:53,-0.162845
08:14:53,0.790765
08:14:53,0.688609
08:14:53,-0.301399
08:14:54,-0.88251
08:14:54,-0.134782
08:14:54,0.176537
08:14:54,0.239148
08:14:54,-0.716239
08:14:54,0.118218
08:14:54,-1.346088
08:14:54,-0.752522
08:14:54,-0.811763
08:14:54,-0.288064
08:14:55,-0.245594
08:14:55,-0.357404
08:14:55,-1.138432
08:14:55,-0.321788
08:14:55,-0.388147
08:14:55,-1.079907
08:14:55,-1.134905
08:14:55,0.045503
08:14:55,-0.279347
08:14:55,-0.559318
08:14:56,-0.07286
08:14:56,0.236919
08:14:56,0.187314
08:14:56,-0.225402
08:14:56,1.071395
08:14:56,0.846451
08:14:56,0.44893
08:14:56,0.520421
08:14:56,0.79156
08:14:56,0.296014
08:14:57,0.812937
08:14:57,0.225625
08:14:57,0.641053
08:14:57,0.214705
08:14:57,0.174983
08:14:57,1.070978
08:14:57,0.432179
08:14:57,0.390386
08:14:57,-0.487671
08:14:57,-0.099446
08:14:58,0.161424
08:14:58,-0.041556
08:14:58,-0.970222
08:14:58,-0.245295
08:14:58,-0.283154
08:14:58,-0.045658
08:14:58,-0.795643
08:14:58,-1.408429
08:14:58,-1.014609
08:14:58,-1.075355
08:14:59,-0.442152
08:14:59,-1.64224
08:14:59,-0.822664
08:14:59,-0.124676
08:14:59,-0.563788
08:14:59,-0.181264
08:14:59,-0.986079
08:14:59,-0.87849
08:14:59,0.286723
08:14:59,-0.074079
08:15:00,0.036146
08:15:00,-0.281849
08:15:00,0.251586
08:15:00,-0.083285
08:15:00,0.826854
08:15:00,1.449715
08:15:00,0.735691
08:15:00,0.401473
08:15:00,-0.221041
08:15:00,0.101819
08:15:01,1.244202
08:15:01,0.331165
08:15:01,0.535947
08:15:01,0.853069
08:15:01,1.085113
08:15:01,0.425119
08:15:01,0.269816
08:15:01,0.342861
08:15:01,-0.003361
08:15:01,-0.091333
08:15:02,0.144158
08:15:02,-0.044652
08:15:02,0.52975
08:15:02,-0.164196
08:15:02,-0.008549
08:15:02,-0.869925
08:15:02,-0.382507
08:15:02,-0.876748
08:15:02,-0.527331
08:15:02,-0.450402
08:15:03,-0.682546
08:15:03,0.151182
08:15:03,-0.165947
08:15:03,-0.211669
08:15:03,-0.298812
08:15:03,0.122202
08:15:03,-0.914389
08:15:03,0.161806
08:15:03,-0.563247
08:15:03,-0.307023
08:15:04,0.196487
08:15:04,0.541131
08:15:04,-0.18744
08:15:04,0.138403
08:15:04,0.445586
08:15:04,0.429747
08:15:04,0.865223
08:15:04,1.826279
08:15:04,0.812502
08:15:04,0.434063
08:15:05,0.246222
08:15:05,0.577543
08:15:05,0.336652
08:15:05,0.787347
08:15:05,0.724519
08:15:05,0.332866
08:15:05,1.106184
08:15:05,0.060387
08:15:05,0.174511
08:15:05,0.333211
08:15:06,0.312219
08:15:06,0.337648
08:15:06,-0.066338
08:15:06,0.050026
08:15:06,-0.644238
08:15:06,-0.173646
08:15:06,-0.249657
08:15:06,-0.094194
08:15:06,-1.249692
08:15:06,-1.008896
08:15:07,-0.411901
08:15:07,-1.619359
08:15:07,-0.493537
08:15:07,-0.252773
08:15:07,-0.768043
08:15:07,-0.645541
08:15:07,-0.787398
08:15:07,-0.500335
08:15:07,-0.388711
08:15:07,-0.348499
08:15:08,-0.258187
08:15:08,0.014652
08:15:08,0.117225
08:15:08,0.97374
08:15:08,0.273485
08:15:08,0.615427
08:15:08,0.364403
08:15:08,0.417346
08:15:08,0.06921
08:15:08,0.141404
08:15:09,0.277551
08:15:09,0.755676
08:15:09,1.0424
08:15:09,-0.001628
08:15:09,0.374135
08:15:09,0.016563
08:15:09,0.318953
08:15:09,0.694313
08:15:09,0.059903
08:15:09,0.092873
08:15:10,0.50933
08:15:10,0.050761
08:15:10,-0.482344
08:15:10,-0.262173
08:15:10,-0.701092
08:15:10,-0.347806
08:15:10,-0.385943
08:15:10,-1.10221
08:15:10,-0.604437
08:15:10,-0.732532
08:15:11,-0.509363
08:15:11,-0.40041
08:15:11,-0.498632
08:15:11,-0.729822
08:15:11,-0.239646
08:15:11,-0.800547
08:15:11,-0.873632
08:15:11,-1.436144
08:15:11,-0.240861
08:15:11,-0.397045
08:15:12,0.139214
08:15:12,-0.580425
08:15:12,-0.010201
08:15:12,0.482388
08:15:12,0.051007
08:15:12,0.638215
08:15:12,0.371354
08:15:12,0.612222
08:15:12,0.874045
08:15:12,1.024861
08:15:13,0.732372
08:15:13,0.406478
08:15:13,0.505426
08:15:13,0.846639
08:15:13,0.208873
08:15:13,0.432651
08:15:13,0.27639
08:15:13,0.281617
08:15:13,-0.136937
08:15:13,-0.538676
08:15:14,0.18226
08:15:14,0.227942
08:15:14,-0.843573
08:15:14,-0.188669
08:15:14,-0.032336
08:15:14,-0.286406
08:15:14,-0.712146
08:15:14,-0.953928
08:15:14,-0.637397
08:15:14,-0.604657
08:15:15,-0.666467
08:15:15,-0.754429
08:15:15,-1.044668
08:15:15,-0.475764
08:15:15,-0.401513
08:15:15,-0.424687
08:15:15,-0.372602
08:15:15,0.269944
08:15:15,-0.434844
08:15:15,0.338998
08:15:16,-0.256909
08:15:16,0.497637
08:15:16,0.647991
08:15:16,0.215225
08:15:16,0.992787
08:15:16,0.659137
08:15:16,0.259267
08:15:16,0.49275
08:15:16,1.062206
08:15:16,1.014454
08:15:17,0.329686
08:15:17,0.642642
08:15:17,0.736973
08:15:17,0.446043
08:15:17,1.391542
08:15:17,0.576757
08:15:17,0.389815
08:15:17,0.734591
08:15:17,0.088487
08:15:17,0.462104
08:15:18,-0.583706
08:15:18,-0.268283
08:15:18,0.150863
08:15:18,0.231776
08:15:18,-0.682103
08:15:18,-0.806412
08:15:18,-0.367706
08:15:18,-0.841766
08:15:18,-0.759742
08:15:18,-0.38464
08:15:19,-0.890436
08:15:19,-1.379281
08:15:19,-1.121119
08:15:19,-0.62022
08:15:19,-1.21851
08:15:19,-0.598981
08:15:19,-0.898683
08:15:19,0.256185
08:15:19,0.541488
08:15:19,-0.479873
08:15:20,0.089866
08:15:20,-0.226637
08:15:20,0.108051
08:15:20,0.949008
08:15:20,0.248109
08:15:20,0.394862
08:15:20,0.236427
08:15:20,1.024871
08:15:20,-0.476404
08:15:20,0.536403
08:15:21,0.68394
08:15:21,0.460005
08:15:21,0.96798
08:15:21,1.044414
08:15:21,0.072098
08:15:21,1.227695
08:15:21,-0.086691
08:15:21,0.768814
08:15:21,0.268752
08:15:21,-0.066791
08:15:22,-0.143278
08:15:22,-0.121234
08:15:22,-0.143366
08:15:22,-0.639847
08:15:22,-0.493329
08:15:22,-0.76471
08:15:22,-0.991579
08:15:22,-0.909764
08:15:22,-1.068231
08:15:22,-0.838436
08:15:23,-0.548634
08:15:23,-0.649133
08:15:23,0.025281
08:15:23,-1.397363
08:15:23,-0.402043
08:15:23,-0.492728
08:15:23,-0.125965
08:15:23,-0.067031
08:15:23,-0.274059
08:15:23,-0.049076
08:15:24,-0.260424
08:15:24,0.324292
08:15:24,-0.441295
08:15:24,0.589683
08:15:24,0.403339
08:15:24,0.324503
08:15:24,0.484925
08:15:24,0.567986
08:15:24,1.119796
08:15:24,1.823105
08:15:25,1.126955
08:15:25,0.493518
08:15:25,0.886163
08:15:25,0.85937
08:15:25,0.242506
08:15:25,0.053695
08:15:25,0.389301
08:15:25,0.600491
08:15:25,-0.347821
08:15:25,-0.14281
08:15:26,0.200428
08:15:26,-0.094901
08:15:26,0.279384
08:15:26,-0.811772
08:15:26,0.411808
08:15:26,-1.033272
08:15:26,-1.276519
08:15:26,-0.644324
08:15:26,-1.0628
08:15:26,-0.704946
08:15:27,-0.725804
08:15:27,-0.759903
08:15:27,-0.960583
08:15:27,-0.472275
08:15:27,-0.67738
08:15:27,-0.108692
08:15:27,-0.47458
08:15:27,-0.65542
08:15:27,-0.807011
08:15:27,-0.169742
08:15:28,-0.444222
08:15:28,-0.362983
08:15:28,0.400922
08:15:28,-0.304391
08:15:28,0.905717
08:15:28,0.550875
08:15:28,0.550967
08:15:28,0.261536
08:15:28,0.93327
08:15:28,0.690365
08:15:29,0.459866
08:15:29,0.76132
08:15:29,0.076765
08:15:29,0.05134
08:15:29,0.174247
08:15:29,0.617309
08:15:29,0.410309
08:15:29,0.684936
08:15:29,-0.105685
08:15:29,0.310638
08:15:30,-0.039855
08:15:30,-0.43957
08:15:30,-0.081454
08:15:30,-0.340898
08:15:30,-0.631641
08:15:30,-0.480275
08:15:30,-0.611648
08:15:30,-0.677495
08:15:30,-0.810147
08:15:30,-1.148114
08:15:31,-0.673832
08:15:31,-0.972332
08:15:31,-1.022855
08:15:31,-0.70795
08:15:31,-0.309403
08:15:31,-0.43001
08:15:31,-0.597349
08:15:31,-0.517764
08:15:31,0.006223
08:15:31,-0.948362
08:15:32,0.279078
08:15:32,-0.546401
08:15:32,-0.279081
08:15:32,0.1378
08:15:32,1.170993
08:15:32,1.082072
08:15:32,0.813583
08:15:32,0.748494
08:15:32,0.013943
08:15:32,0.746247
08:15:33,0.507772
08:15:33,0.405548
08:15:33,0.719921
08:15:33,0.458816
08:15:33,0.870567
08:15:33,-0.182609
08:15:33,0.437704
08:15:33,0.010109
08:15:33,0.072939
08:15:33,0.216123
08:15:34,-0.391058
08:15:34,-0.052023
08:15:34,-0.29063
08:15:34,-0.548999
08:15:34,-0.57615
08:15:34,-0.549068
08:15:34,-0.835055
08:15:34,-0.621222
08:15:34,-0.763101
08:15:34,-0.905331
08:15:35,-0.143555
08:15:35,-0.546048
08:15:35,-0.799689
08:15:35,-0.572653
08:15:35,-0.925699
08:15:35,-0.647845
08:15:35,-0.523477
08:15:35,-0.754171
08:15:35,-0.080738
08:15:35,-0.286469
08:15:36,-0.124413
08:15:36,-0.089548
08:15:36,1.251994
08:15:36,0.085878
08:15:36,-0.312587
08:15:36,-0.065001
08:15:36,0.832068
08:15:36,1.091463
08:15:36,0.427111
08:15:36,1.139014
08:15:37,0.959556
08:15:37,0.625064
08:15:37,0.574583
08:15:37,0.687009
08:15:37,0.873421
08:15:37,0.634028
08:15:37,0.174567
08:15:37,0.256821
08:15:37,0.909754
08:15:37,0.197429
08:15:38,0.304264
08:15:38,0.079456
08:15:38,-0.120637
08:15:38,-0.279749
08:15:38,-0.097363
08:15:38,-0.24345
08:15:38,-0.473949
08:15:38,-0.866521
08:15:38,-0.530794
08:15:38,-0.714835
08:15:39,-0.80789
08:15:39,0.24619
08:15:39,-1.204408
08:15:39,-0.288225
08:15:39,-0.868247
08:15:39,-0.449056
08:15:39,0.487556
08:15:39,-0.654622
08:15:39,-0.469667
08:15:39,-0.115634
08:15:40,-0.296526
08:15:40,0.418924
08:15:40,0.029227
08:15:40,0.546697
08:15:40,-0.053767
08:15:40,-0.137416
08:15:40,0.486167
08:15:40,0.074727
08:15:40,1.197134
08:15:40,0.155951
08:15:41,0.33681
08:15:41,0.836149
08:15:41,0.460512
08:15:41,0.092269
08:15:41,1.280299
08:15:41,0.144403
08:15:41,0.342759
08:15:41,0.244576
08:15:41,0.46492
08:15:41,0.271327
08:15:42,-0.28938
08:15:42,-0.223544
08:15:42,-0.295735
08:15:42,-0.055658
08:15:42,-0.820362
08:15:42,0.211364
08:15:42,-0.832026
08:15:42,-0.626767
08:15:42,-1.071736
08:15:42,-1.145737
08:15:43,-1.00605
08:15:43,-1.031065
08:15:43,-0.81073
08:15:43,-0.966342
08:15:43,-0.322869
08:15:43,-0.769019
08:15:43,-0.724285
08:15:43,-0.455332
08:15:43,0.131182
08:15:43,-0.034297
08:15:44,-0.034891
08:15:44,-0.392062
08:15:44,-0.183636
08:15:44,-0.12965
08:15:44,0.868848
08:15:44,0.680672
08:15:44,0.264745
08:15:44,0.426174
08:15:44,0.376888
08:15:44,0.38133
08:15:45,0.861105
08:15:45,0.590744
08:15:45,1.394148
08:15:45,1.061331
08:15:45,1.02463
08:15:45,0.72995
08:15:45,0.263519
08:15:45,0.52702
08:15:45,0.09422
08:15:45,0.680101
08:15:46,0.141498
08:15:46,-0.017678
08:15:46,-0.171836
08:15:46,0.2913
08:15:46,-0.913262
08:15:46,0.148426
08:15:46,-0.631466
08:15:46,-1.115857
08:15:46,-0.929013
08:15:46,-1.269164
08:15:47,-0.47122
08:15:47,-1.054784
08:15:47,-0.606706
08:15:47,-0.226729
08:15:47,-0.801518
08:15:47,-0.588811
08:15:47,-0.867628
08:15:47,-0.453718
08:15:47,0.684596
08:15:47,0.162772
08:15:48,-0.092656
08:15:48,-0.104587
08:15:48,0.20139
08:15:48,0.363311
08:15:48,0.264775
08:15:48,0.680495
08:15:48,0.232605
08:15:48,0.288269
08:15:48,0.795308
08:15:48,0.282357
08:15:49,0.955156
08:15:49,0.686384
08:15:49,0.025971
08:15:49,0.662029
08:15:49,-0.023489
08:15:49,0.737651
08:15:49,0.3244
08:15:49,0.965673
08:15:49,0.591271
08:15:49,-0.261738
08:15:50,-0.707259
08:15:50,-0.37379
08:15:50,-0.643752
08:15:50,0.321215
08:15:50,-0.41506
08:15:50,-0.168278
08:15:50,-0.666073
08:15:50,-0.686588
08:15:50,-0.677159
08:15:50,-0.304093
08:15:51,-0.590931
08:15:51,-1.061449
08:15:51,-0.09786
08:15:51,-0.72619
08:15:51,-0.725744
08:15:51,-1.485302
08:15:51,-0.18941
08:15:51,-0.282439
08:15:51,-0.181338
08:15:51,-0.250493
08:15:52,-0.201326
08:15:52,-0.019849
08:15:52,0.378418
08:15:52,0.541485
08:15:52,0.330589
08:15:52,0.827103
08:15:52,0.538671
08:15:52,0.447225
08:15:52,0.735185
08:15:52,0.215597
08:15:53,0.781451
08:15:53,0.151618
08:15:53,0.306035
08:15:53,-0.082837
08:15:53,0.505021
08:15:53,1.058347
08:15:53,0.370473
08:15:53,0.543048
08:15:53,1.039622
08:15:53,0.250924
08:15:54,-0.267824
08:15:54,-0.329153
08:15:54,-0.216082
08:15:54,-0.539306
08:15:54,-0.60678
08:15:54,-0.150136
08:15:54,-0.207157
08:15:54,-1.200117
08:15:54,-0.952099
08:15:54,-0.853783
08:15:55,-0.490319
08:15:55,-0.291305
08:15:55,0.279949
08:15:55,-0.78669
08:15:55,-0.711817
08:15:55,-0.288975
08:15:55,-0.650226
08:15:55,-0.36713
08:15:55,-0.361575
08:15:55,-1.027083
08:15:56,0.043132
08:15:56,0.045678
08:15:56,0.661243
08:15:56,0.319715
08:15:56,-0.027712
08:15:56,0.40464
08:15:56,-0.165567
08:15:56,0.199883
08:15:56,0.888167
08:15:56,0.604813
08:15:57,1.022878
08:15:57,0.00297
08:15:57,0.580878
08:15:57,0.457275
08:15:57,0.900859
08:15:57,0.730442
08:15:57,0.636238
08:15:57,0.857287
08:15:57,0.087481
08:15:57,0.576782
08:15:58,-0.365472
08:15:58,-0.487811
08:15:58,0.047149
08:15:58,-0.844453
08:15:58,-0.210982
08:15:58,-0.459515
08:15:58,-0.191163
08:15:58,-0.64451
08:15:58,-0.646122
08:15:58,-0.513139
08:15:59,-0.931927
08:15:59,-0.938554
08:15:59,-0.499689
08:15:59,-0.633955
08:15:59,-0.708872
08:15:59,-0.523949
08:15:59,0.146646
08:15:59,-0.47285
08:15:59,-0.381519
08:15:59,-0.70711
08:16:00,-0.014824
08:16:00,0.339413
08:16:00,0.508981
08:16:00,0.35567
08:16:00,0.745991
08:16:00,0.750905
08:16:00,0.955844
08:16:00,0.96821
08:16:00,1.215232
08:16:00,0.631989
08:16:01,0.23553
08:16:01,0.923683
08:16:01,0.938933
08:16:01,1.173203
08:16:01,1.014764
08:16:01,1.17589
08:16:01,0.628399
08:16:01,0.397877
08:16:01,-0.268432
08:16:01,0.217338
08:16:02,-0.193376
08:16:02,-0.035476
08:16:02,-0.197232
08:16:02,-0.152687
08:16:02,-0.445515
08:16:02,-0.167718
08:16:02,-1.519416
08:16:02,-0.557207
08:16:02,-0.244868
08:16:02,-0.036865
08:16:03,-0.443814
08:16:03,-0.101673
08:16:03,-0.606612
08:16:03,-0.622703
08:16:03,-0.381016
08:16:03,-0.496093
08:16:03,-0.685275
08:16:03,-0.498127
08:16:03,-0.605565
08:16:03,0.075428
08:16:04,0.003987
08:16:04,-0.016596
08:16:04,0.017973
08:16:04,0.494563
08:16:04,0.684607
08:16:04,0.099295
08:16:04,0.115622
08:16:04,0.957783
08:16:04,0.184443
08:16:04,0.883002
08:16:05,1.265918
08:16:05,1.258114
08:16:05,0.923995
08:16:05,0.871788
08:16:05,1.35448
08:16:05,-0.322064
08:16:05,0.248932
08:16:05,0.614765
08:16:05,0.098261
08:16:05,0.543427
08:16:06,-0.013774
08:16:06,-0.063394
08:16:06,-0.312448
08:16:06,-0.500672
08:16:06,-0.602938
08:16:06,-0.400067
08:16:06,-0.83741
08:16:06,-0.290083
08:16:06,-0.43711
08:16:06,-0.306586
08:16:07,-1.095124
08:16:07,-1.286199
08:16:07,-0.667205
08:16:07,0.390876
08:16:07,-0.123139
08:16:07,-0.689031
08:16:07,-0.26287
08:16:07,-0.063138
08:16:07,-0.695248
08:16:07,0.369865
08:16:08,-0.058598
08:16:08,0.077766
08:16:08,0.224637
08:16:08,0.718382
08:16:08,0.147136
08:16:08,-0.102465
08:16:08,0.679346
08:16:08,-0.091576
08:16:08,0.560353
08:16:08,1.106788
08:16:09,0.902683
08:16:09,1.056206
08:16:09,0.882863
08:16:09,1.467322
08:16:09,0.360428
08:16:09,0.634321
08:16:09,0.258108
08:16:09,0.652674
08:16:09,0.194761
08:16:09,0.7111
08:16:10,-0.185786
08:16:10,0.38299
08:16:10,-0.008713
08:16:10,-0.329155
08:16:10,-0.221595
08:16:10,-0.403532
08:16:10,-0.441728
08:16:10,-0.696109
08:16:10,-0.911296
08:16:10,-0.808657
08:16:11,-1.289101
08:16:11,-0.3967
08:16:11,-1.098047
08:16:11,-0.699881
08:16:11,-0.339496
08:16:11,-0.201186
08:16:11,-1.032578
08:16:11,-0.34994
08:16:11,-0.055401
08:16:11,-0.091298
08:16:12,0.470426
08:16:12,-0.178128
08:16:12,-0.500852
08:16:12,0.601407
08:16:12,0.22347
08:16:12,-0.120514
08:16:12,0.510833
08:16:12,1.0544
08:16:12,0.223601
08:16:12,1.50898
08:16:13,0.406741
08:16:13,0.721836
08:16:13,0.239043
08:16:13,0.638268
08:16:13,0.5195
08:16:13,-0.026348
08:16:13,1.400489
08:16:13,0.144425
08:16:13,0.04325
08:16:13,0.448667
08:16:14,0.634989
08:16:14,0.284749
08:16:14,-0.636725
08:16:14,-0.242925
08:16:14,-1.06993
08:16:14,-0.179378
08:16:14,-1.138628
08:16:14,-0.904825
08:16:14,-0.66686
08:16:14,-0.53563
08:16:15,-0.791327
08:16:15,-0.159703
08:16:15,-0.412606
08:16:15,-0.398051
08:16:15,-0.996602
08:16:15,0.099804
08:16:15,-0.692522
08:16:15,0.290347
08:16:15,0.491456
08:16:15,0.069926
08:16:16,0.361205
08:16:16,-0.969518
08:16:16,0.148061
08:16:16,0.703551
08:16:16,0.735028
08:16:16,0.068072
08:16:16,0.463509
08:16:16,-0.264023
08:16:16,0.810287
08:16:16,0.032217
08:16:17,1.095667
08:16:17,1.105336
08:16:17,0.499711
08:16:17,0.806151
08:16:17,0.490327
08:16:17,0.579643
08:16:17,0.009909
08:16:17,0.535666
08:16:17,-0.358103
08:16:17,-0.530971
08:16:18,-0.042675
08:16:18,-0.183439
08:16:18,-0.121006
08:16:18,-0.545121
08:16:18,0.248542
08:16:18,-0.438763
08:16:18,-0.484803
08:16:18,-0.554673
08:16:18,-0.314721
08:16:18,-0.489776
08:16:19,-0.545294
08:16:19,-0.433787
08:16:19,-1.304355
08:16:19,-1.249101
08:16:19,-0.592932
08:16:19,-0.564161
08:16:19,-0.208516
08:16:19,-0.310787
08:16:19,-0.012659
08:16:19,-0.545462
08:16:20,-0.003761
08:16:20,-0.359866
08:16:20,0.351712
08:16:20,-0.339606
08:16:20,0.533358
08:16:20,-0.019175
08:16:20,0.432077
08:16:20,0.936929
08:16:20,0.745323
08:16:20,0.115401
08:16:21,0.464662
08:16:21,0.165899
08:16:21,0.072574
08:16:21,0.664887
08:16:21,0.762416
08:16:21,0.649187
08:16:21,0.622369
08:16:21,0.313625
08:16:21,0.120625
08:16:21,-0.26607
08:16:22,-0.154028
08:16:22,-0.571976
08:16:22,-0.51212
08:16:22,-0.286669
08:16:22,-0.452682
08:16:22,0.57768
08:16:22,-1.03734
08:16:22,-0.667489
08:16:22,-1.164046
08:16:22,-0.827107
08:16:23,-0.821483
08:16:23,-0.395674
08:16:23,-0.823123
08:16:23,-0.690666
08:16:23,-0.716923
08:16:23,-0.985343
08:16:23,-0.639686
08:16:23,-0.451471
08:16:23,-0.190473
08:16:23,0.086127
08:16:24,-0.082109
08:16:24,0.021242
08:16:24,-0.385973
08:16:24,0.5067
08:16:24,0.167885
08:16:24,0.756468
08:16:24,1.027066
08:16:24,0.557934
08:16:24,0.307581
08:16:24,0.685537
08:16:25,0.822046
08:16:25,0.58095
08:16:25,0.468326
08:16:25,0.820941
08:16:25,0.740464
08:16:25,0.373773
08:16:25,-0.167473
08:16:25,0.477526
08:16:25,-0.052253
08:16:25,0.184524
08:16:26,0.052905
08:16:26,-0.770636
08:16:26,-0.187933
08:16:26,-0.137707
08:16:26,-0.188446
08:16:26,-0.453897
08:16:26,-1.258327
08:16:26,-0.176726
08:16:26,-0.521882
08:16:26,-1.112544
08:16:27,-0.975717
08:16:27,-0.610453
08:16:27,-0.427815
08:16:27,-0.794492
08:16:27,-0.277378
08:16:27,-1.122443
08:16:27,-0.77631
08:16:27,-1.040321
08:16:27,-0.530404
08:16:27,0.418323
08:16:28,0.720231
08:16:28,0.191611
08:16:28,-0.007138
08:16:28,0.240219
08:16:28,0.577119
08:16:28,-0.052069
08:16:28,0.365937
08:16:28,1.125917
08:16:28,0.299741
08:16:28,0.429223
08:16:29,0.704618
08:16:29,0.790482
08:16:29,0.446988
08:16:29,0.650642
08:16:29,0.779091
08:16:29,1.181483
08:16:29,0.367264
08:16:29,0.303339
08:16:29,0.75092
08:16:29,-0.082704
08:16:30,-0.463524
08:16:30,-0.021917
08:16:30,0.160349
08:16:30,-0.191427
08:16:30,-0.445405
08:16:30,-1.001912
08:16:30,-0.586741
08:16:30,-0.1921
08:16:30,-1.097681
08:16:30,-0.777043
08:16:31,-0.83562
08:16:31,-0.935578
08:16:31,-0.578967
08:16:31,-0.468548
08:16:31,-0.414822
08:16:31,-0.836858
08:16:31,-0.987544
08:16:31,-0.225957
08:16:31,-0.393384
08:16:31,0.533905
08:16:32,0.659578
08:16:32,0.806246
08:16:32,-0.112727
08:16:32,0.517073
08:16:32,0.716283
08:16:32,0.760399
08:16:32,0.442273
08:16:32,1.071412
08:16:32,0.665906
08:16:32,0.736219
08:16:33,0.161758
08:16:33,0.91705
08:16:33,0.574595
08:16:33,0.786377
08:16:33,0.648602
08:16:33,0.558303
08:16:33,0.39545
08:16:33,0.593103
08:16:33,0.1467
08:16:33,-0.399815
08:16:34,0.199134
08:16:34,-0.392656
08:16:34,-0.679804
08:16:34,-0.675579
08:16:34,-0.312283
08:16:34,-0.528756
08:16:34,-1.312751
08:16:34,-0.757984
08:16:34,-0.256509
08:16:34,-0.849335
08:16:35,-0.757917
08:16:35,-0.326335
08:16:35,-0.387318
08:16:35,-0.266092
08:16:35,-1.536706
08:16:35,0.111758
08:16:35,-0.18871
08:16:35,0.543723
08:16:35,-0.490126
08:16:35,-0.726712
08:16:36,0.002526
08:16:36,0.013124
08:16:36,0.445094
08:16:36,0.694018
08:16:36,0.380897
08:16:36,0.410727
08:16:36,0.749264
08:16:36,0.53399
08:16:36,0.546746
08:16:36,1.054379
08:16:37,1.140922
08:16:37,1.07077
08:16:37,0.606859
08:16:37,-0.125222
08:16:37,0.51444
08:16:37,0.229682
08:16:37,0.366046
08:16:37,0.082912
08:16:37,0.209053
08:16:37,-0.254242
08:16:38,-0.448251
08:16:38,0.318438
08:16:38,-0.555692
08:16:38,-0.317677
08:16:38,-0.077369
08:16:38,-0.174968
08:16:38,-0.288115
08:16:38,-0.517701
08:16:38,-0.412338
08:16:38,-0.210801
08:16:39,-0.551242
08:16:39,-1.334403
08:16:39,-0.850726
08:16:39,-0.379975
08:16:39,-0.785795
08:16:39,0.072062
08:16:39,-0.433563
08:16:39,-0.287956
08:16:39,0.177349
08:16:39,-0.173502
08:16:40,0.061697
08:16:40,0.424197
08:16:40,-0.298983
08:16:40,0.217939
08:16:40,0.701653
08:16:40,0.517935
08:16:40,1.079879
08:16:40,0.072131
08:16:40,0.074239
08:16:40,0.960772
08:16:41,1.003033
08:16:41,0.623744
08:16:41,0.805878
08:16:41,0.884527
08:16:41,0.28146
08:16:41,0.247578
08:16:41,0.477854
08:16:41,0.634224
08:16:41,-0.191773
08:16:41,0.040222
08:16:42,-0.085483
08:16:42,0.036782
08:16:42,-0.219356
08:16:42,-0.508853
08:16:42,0.025548
08:16:42,-0.683715
08:16:42,-0.668546
08:16:42,-1.180729
08:16:42,-0.915509
08:16:42,-0.510755
08:16:43,-0.587789
08:16:43,-0.481551
08:16:43,-0.472896
08:16:43,0.106995
08:16:43,-0.828062
08:16:43,-1.061773
08:16:43,-0.779143
08:16:43,-0.564071
08:16:43,-0.557326
08:16:43,-0.076723
08:16:44,0.438429
08:16:44,0.648385
08:16:44,0.39282
08:16:44,1.067239
08:16:44,0.286719
08:16:44,-0.076407
08:16:44,0.934924
08:16:44,-0.019803
08:16:44,0.401489
08:16:44,0.873421
08:16:45,0.664166
08:16:45,0.624548
08:16:45,0.252463
08:16:45,0.619924
08:16:45,0.917594
08:16:45,0.501964
08:16:45,0.120871
08:16:45,-0.118845
08:16:45,-0.067046
08:16:45,0.246821
08:16:46,0.120261
08:16:46,-0.389682
08:16:46,-0.990078
08:16:46,-0.170789
08:16:46,-0.725647
08:16:46,-0.253803
08:16:46,-0.83095
08:16:46,-0.96947
08:16:46,-0.612129
08:16:46,0.133813
08:16:47,-0.43784
08:16:47,-0.643705
08:16:47,-0.540142
08:16:47,-1.236595
08:16:47,-0.959131
08:16:47,-1.3738
08:16:47,0.194006
08:16:47,0.216792
08:16:47,-0.078825
08:16:47,-0.062214
08:16:48,-0.543057
08:16:48,0.032749
08:16:48,0.843649
08:16:48,0.363789
08:16:48,0.213823
08:16:48,-0.12035
08:16:48,1.049419
08:16:48,0.599175
08:16:48,0.050883
08:16:48,0.367889
08:16:49,0.252862
08:16:49,0.645272
08:16:49,0.738308
08:16:49,0.447579
08:16:49,0.838278
08:16:49,0.522556
08:16:49,0.783259
08:16:49,0.192775
08:16:49,1.282176
08:16:49,-0.088067
08:16:50,-0.316165
08:16:50,-0.468709
08:16:50,-0.290141
08:16:50,-0.919631
08:16:50,-0.308353
08:16:50,-1.161831
08:16:50,-0.509727
08:16:50,-1.096643
08:16:50,-0.799192
08:16:50,-0.479793
08:16:51,0.106413
08:16:51,-1.068682
08:16:51,-0.718351
08:16:51,-0.87702
08:16:51,-0.870767
08:16:51,-0.745215
08:16:51,-0.123026
08:16:51,-0.488613
08:16:51,0.570948
08:16:51,0.036089
08:16:52,-0.353504
08:16:52,-0.018843
08:16:52,-0.064335
08:16:52,0.597817
08:16:52,-0.162123
08:16:52,0.025642
08:16:52,0.359271
08:16:52,0.862736
08:16:52,1.097311
08:16:52,1.174572
08:16:53,0.885431
08:16:53,0.662371
08:16:53,0.943859
08:16:53,0.223129
08:16:53,-0.079318
08:16:53,0.647798
08:16:53,0.059462
08:16:53,0.294936
08:16:53,0.258181
08:16:53,0.196346
08:16:54,0.328227
08:16:54,0.181722
08:16:54,-0.148062
08:16:54,-0.472499
08:16:54,-0.373733
08:16:54,-0.703648
08:16:54,-0.635062
08:16:54,0.292656
08:16:54,-0.601973
08:16:54,-0.533796
08:16:55,-0.946918
08:16:55,-0.334356
08:16:55,-0.399644
08:16:55,-0.355131
08:16:55,-0.4911
08:16:55,-0.133008
08:16:55,0.03364
08:16:55,-0.218709
08:16:55,-0.256426
08:16:55,0.203596
08:16:56,-0.316444
08:16:56,-0.141782
08:16:56,0.197657
08:16:56,-0.291682
08:16:56,0.701108
08:16:56,0.157955
08:16:56,0.40129
08:16:56,0.549057
08:16:56,0.67949
08:16:56,0.571103
08:16:57,0.67642
08:16:57,0.670512
08:16:57,0.509279
08:16:57,0.353087
08:16:57,0.944828
08:16:57,-0.241567
08:16:57,0.339449
08:16:57,0.153679
08:16:57,0.362889
08:16:57,-0.399498
08:16:58,-0.174925
08:16:58,-0.14533
08:16:58,0.158214
08:16:58,-0.201529
08:16:58,-0.825671
08:16:58,-0.665592
08:16:58,-0.256194
08:16:58,-1.043976
08:16:58,-0.693265
08:16:58,-0.694574
08:16:59,-0.835024
08:16:59,0.252131
08:16:59,-0.810196
08:16:59,-0.466287
08:16:59,-0.834517
08:16:59,-0.310263
08:16:59,-0.106674
08:16:59,-0.523581
08:16:59,-0.235458
08:16:59,-0.422852
08:17:00,-0.400541
08:17:00,0.472383
08:17:00,0.022412
08:17:00,-0.526971
08:17:00,1.029324
08:17:00,0.214241
08:17:00,0.480081
08:17:00,1.198022
08:17:00,0.61613
08:17:00,0.634214
08:17:01,0.270139
08:17:01,0.11919
08:17:01,0.607504
08:17:01,0.750688
08:17:01,0.673246
08:17:01,0.326533
08:17:01,0.41854
08:17:01,-0.32523
08:17:01,0.37737
08:17:01,0.165996
08:17:02,0.690781
08:17:02,-0.106886
08:17:02,-0.546246
08:17:02,-0.335546
08:17:02,-0.52618
08:17:02,-0.342827
08:17:02,-0.5569
08:17:02,-1.064686
08:17:02,-1.23825
08:17:02,-0.599364
08:17:03,-0.21591
08:17:03,-0.66361
08:17:03,-0.381085
08:17:03,-0.269221
08:17:03,-0.472935
08:17:03,-0.780047
08:17:03,-0.343092
08:17:03,0.104682
08:17:03,-0.03085
08:17:03,0.152382
08:17:04,-0.161891
08:17:04,0.03868
08:17:04,0.174757
08:17:04,0.299825
08:17:04,0.820235
08:17:04,-0.326536
08:17:04,0.577
08:17:04,0.595881
08:17:04,0.185714
08:17:04,0.9265
08:17:05,0.446425
08:17:05,0.56642
08:17:05,1.312813
08:17:05,0.977195
08:17:05,0.767382
08:17:05,0.628247
08:17:05,0.353812
08:17:05,1.017575
08:17:05,0.497071
08:17:05,-0.152838
08:17:06,-0.490036
08:17:06,0.088889
08:17:06,-0.235866
08:17:06,-0.817922
08:17:06,-0.261445
08:17:06,-0.589134
08:17:06,-0.380579
08:17:06,-0.469095
08:17:06,-0.878632
08:17:06,-0.469886
08:17:07,-0.874267
08:17:07,-0.84289
08:17:07,-0.852035
08:17:07,-0.227864
08:17:07,-0.664512
08:17:07,-0.01462
08:17:07,0.21277
08:17:07,-0.576345
08:17:07,-1.23866
08:17:07,0.256074
08:17:08,-0.11969
08:17:08,-0.193661
08:17:08,0.010261
08:17:08,0.172609
08:17:08,0.865467
08:17:08,0.550944
08:17:08,1.015571
08:17:08,0.796682
08:17:08,0.557509
08:17:08,0.554757
08:17:09,0.896563
08:17:09,0.978531
08:17:09,1.014617
08:17:09,0.532166
08:17:09,0.627634
08:17:09,0.699389
08:17:09,0.277062
08:17:09,-0.079436
08:17:09,-0.065883
08:17:09,0.025142
08:17:10,0.231772
08:17:10,0.331138
08:17:10,-0.690928
08:17:10,-0.526864
08:17:10,-0.536702
08:17:10,-0.216824
08:17:10,-0.751151
08:17:10,-0.774111
08:17:10,-1.159937
08:17:10,-0.522189
08:17:11,-0.75649
08:17:11,-0.920298
08:17:11,-0.756569
08:17:11,-0.229256
08:17:11,-0.918022
08:17:11,-0.789556
08:17:11,0.026839
08:17:11,-0.291272
08:17:11,0.018102
08:17:11,0.031109
08:17:12,-0.012367
08:17:12,-0.012401
08:17:12,0.507357
08:17:12,0.724611
08:17:12,0.790916
08:17:12,0.08006
08:17:12,1.023031
08:17:12,0.498427
08:17:12,0.401479
08:17:12,0.632117
08:17:13,0.990895
08:17:13,0.880544
08:17:13,0.576354
08:17:13,0.916888
08:17:13,0.615263
08:17:13,0.294435
08:17:13,0.163637
08:17:13,0.461376
08:17:13,0.187431
08:17:13,-0.371923
08:17:14,0.296507
08:17:14,-0.2776
08:17:14,0.34093
08:17:14,-0.80884
08:17:14,-0.474698
08:17:14,-0.739967
08:17:14,-0.90771
08:17:14,-0.794081
08:17:14,-0.046041
08:17:14,-0.641202
08:17:15,-0.977098
08:17:15,-1.331402
08:17:15,-1.268216
08:17:15,-0.811467
08:17:15,-0.788103
08:17:15,-0.573392
08:17:15,-1.206714
08:17:15,-0.349882
08:17:15,0.143394
08:17:15,0.45849
08:17:16,-0.663056
08:17:16,-0.170983
08:17:16,-0.08267
08:17:16,0.368796
08:17:16,-0.015471
08:17:16,1.083767
08:17:16,0.581545
08:17:16,0.580603
08:17:16,1.223189
08:17:16,0.685765
08:17:17,0.840106
08:17:17,0.428602
08:17:17,0.186064
08:17:17,0.410078
08:17:17,1.331753
08:17:17,0.716532
08:17:17,0.507537
08:17:17,-0.023937
08:17:17,0.53525
08:17:17,-0.365689
08:17:18,-0.54847
08:17:18,-0.305115
08:17:18,0.46776
08:17:18,0.34647
08:17:18,-0.569383
08:17:18,-0.730944
08:17:18,-1.140439
08:17:18,-0.596394
08:17:18,-0.609035
08:17:18,-0.415037
08:17:19,-0.381252
08:17:19,-0.76048
08:17:19,-0.47113
08:17:19,-0.868928
08:17:19,-0.378347
08:17:19,-0.672506
08:17:19,-0.250639
08:17:19,-0.185318
08:17:19,-0.192231
08:17:19,0.168585
08:17:20,-0.54964
08:17:20,-0.263217
08:17:20,0.121791
08:17:20,-0.187349
08:17:20,0.269047
08:17:20,0.363854
08:17:20,1.024701
08:17:20,0.673591
08:17:20,1.02604
08:17:20,0.796968
08:17:21,0.512516
08:17:21,0.738183
08:17:21,0.921039
08:17:21,1.041395
08:17:21,0.520003
08:17:21,-0.081654
08:17:21,-0.189781
08:17:21,0.203549
08:17:21,-0.601954
08:17:21,0.737791
08:17:22,0.208927
08:17:22,-0.331988
08:17:22,-0.604689
08:17:22,0.042048
08:17:22,-0.801223
08:17:22,-0.851354
08:17:22,-0.834393
08:17:22,-0.583774
08:17:22,-0.44846
08:17:22,-0.273947
08:17:23,-0.33426
08:17:23,-0.691111
08:17:23,-0.308557
08:17:23,-0.858554
08:17:23,-1.203615
08:17:23,-0.729871
08:17:23,-0.693641
08:17:23,-0.538989
08:17:23,-0.552093
08:17:23,-0.270892
08:17:24,0.217006
08:17:24,0.709844
08:17:24,-0.387559
08:17:24,-0.132914
08:17:24,0.134443
08:17:24,0.762984
08:17:24,0.49458
08:17:24,0.370266
08:17:24,0.916596
08:17:24,1.026118
08:17:25,0.693434
08:17:25,0.405705
08:17:25,0.760337
08:17:25,0.542061
08:17:25,0.481957
08:17:25,0.315635
08:17:25,0.735194
08:17:25,0.405251
08:17:25,0.578807
08:17:25,0.577218
08:17:26,0.160643
08:17:26,-0.286771
08:17:26,0.147802
08:17:26,-0.154811
08:17:26,0.499729
08:17:26,-0.386439
08:17:26,-0.322121
08:17:26,-0.522056
08:17:26,-0.700424
08:17:26,-0.781959
08:17:27,-0.597015
08:17:27,-0.50897
08:17:27,-0.261704
08:17:27,-0.515607
08:17:27,-0.728323
08:17:27,-0.609374
08:17:27,-0.874478
08:17:27,0.263631
08:17:27,-0.405723
08:17:27,0.2291
08:17:28,0.096793
08:17:28,0.21581
08:17:28,0.175205
08:17:28,0.042064
08:17:28,0.072462
08:17:28,1.099938
08:17:28,0.606198
08:17:28,1.017548
08:17:28,1.150457
08:17:28,0.547585
08:17:29,0.848227
08:17:29,0.707136
08:17:29,0.260715
08:17:29,0.558787
08:17:29,0.771939
08:17:29,0.320315
08:17:29,0.297755
08:17:29,0.257115
08:17:29,0.955347
08:17:29,-0.532413
08:17:30,0.175575
08:17:30,-0.198173
08:17:30,-0.440541
08:17:30,-0.41505
08:17:30,-0.177868
08:17:30,-0.241391
08:17:30,-0.501206
08:17:30,-0.241245
08:17:30,-0.221648
08:17:30,-0.40565
08:17:31,-0.891167
08:17:31,-0.518327
08:17:31,-0.491019
08:17:31,-0.909176
08:17:31,-1.115616
08:17:31,-1.202946
08:17:31,-0.387
08:17:31,-0.213479
08:17:31,-0.629935
08:17:31,0.256607
08:17:32,0.053276
08:17:32,0.581813
08:17:32,0.345999
08:17:32,-0.055423
08:17:32,0.571848
08:17:32,0.729513
08:17:32,0.374644
08:17:32,0.118972
08:17:32,0.700843
08:17:32,0.341086
08:17:33,1.092311
08:17:33,0.54887
08:17:33,1.26935
08:17:33,-0.119751
08:17:33,0.61349
08:17:33,0.995262
08:17:33,0.099843
08:17:33,0.262073
08:17:33,0.075249
08:17:33,-0.129815
08:17:34,0.085618
08:17:34,-0.562902
08:17:34,-0.255151
08:17:34,-0.137195
08:17:34,-0.486732
08:17:34,-0.845046
08:17:34,-0.205747
08:17:34,-0.368115
08:17:34,-1.030155
08:17:34,-1.144319
08:17:35,-1.033174
08:17:35,-0.500536
08:17:35,-0.569289
08:17:35,-0.347176
08:17:35,-0.680464
08:17:35,-0.818632
08:17:35,-0.089853
08:17:35,-0.5115
08:17:35,-0.15102
08:17:35,-0.651978
08:17:36,-0.199434
08:17:36,0.462793
08:17:36,-0.034384
08:17:36,0.60287
08:17:36,-0.404407
08:17:36,0.299188
08:17:36,0.506338
08:17:36,1.233594
08:17:36,0.256568
08:17:36,0.926229
08:17:37,1.069926
08:17:37,0.43886
08:17:37,0.535006
08:17:37,0.673275
08:17:37,0.047792
08:17:37,0.335689
08:17:37,0.858089
08:17:37,0.500723
08:17:37,0.161449
08:17:37,0.149079
08:17:38,0.203317
08:17:38,0.160839
08:17:38,-0.411057
08:17:38,0.219359
08:17:38,0.049272
08:17:38,-0.257935
08:17:38,-0.861348
08:17:38,-0.980783
08:17:38,-0.780051
08:17:38,-0.670114
08:17:39,-1.318972
08:17:39,-0.518239
08:17:39,-0.215128
08:17:39,-0.421939
08:17:39,-0.80293
08:17:39,-0.773016
08:17:39,-0.306501
08:17:39,-0.37145
08:17:39,-0.061247
08:17:39,0.101098
08:17:40,0.382162
08:17:40,-0.286739
08:17:40,0.293879
08:17:40,0.190577
08:17:40,0.376927
08:17:40,0.797518
08:17:40,0.906906
08:17:40,1.11316
08:17:40,0.814696
08:17:40,0.652876
08:17:41,0.611493
08:17:41,0.084218
08:17:41,1.134647
08:17:41,0.51104
08:17:41,0.743376
08:17:41,0.732624
08:17:41,-0.024411
08:17:41,-0.005378
08:17:41,0.757769
08:17:41,0.211157
08:17:42,-0.203205
08:17:42,-0.153726
08:17:42,0.163871
08:17:42,0.009217
08:17:42,-0.924578
08:17:42,0.077025
08:17:42,-0.22816
08:17:42,-0.677071
08:17:42,-1.082842
08:17:42,-0.322479
08:17:43,-0.53325
08:17:43,-1.201611
08:17:43,-0.746967
08:17:43,0.470456
08:17:43,-0.560536
08:17:43,-0.754664
08:17:43,-0.764423
08:17:43,0.302441
08:17:43,0.080404
08:17:43,0.3831
08:17:44,0.086865
08:17:44,0.548411
08:17:44,-0.0806
08:17:44,0.3747
08:17:44,0.511918
08:17:44,0.978831
08:17:44,0.677907
08:17:44,0.404775
08:17:44,0.688165
08:17:44,0.104637
08:17:45,-0.112339
08:17:45,0.982351
08:17:45,0.534579
08:17:45,0.532209
08:17:45,0.857143
08:17:45,0.983928
08:17:45,0.59852
08:17:45,0.992619
08:17:45,0.392253
08:17:45,0.215279
08:17:46,0.084136
08:17:46,-0.559428
08:17:46,0.118288
08:17:46,-1.173706
08:17:46,-0.616638
08:17:46,-0.486949
08:17:46,-0.842729
08:17:46,-0.781819
08:17:46,-0.021958
08:17:46,-0.304973
08:17:47,-0.94004
08:17:47,-0.85573
08:17:47,-1.112691
08:17:47,-0.376957
08:17:47,-0.653722
08:17:47,-1.183238
08:17:47,-0.376175
08:17:47,-0.164151
08:17:47,0.120787
08:17:47,-0.135178
08:17:48,-0.130435
08:17:48,0.804697
08:17:48,0.218617
08:17:48,0.56964
08:17:48,0.222611
08:17:48,0.736443
08:17:48,0.056842
08:17:48,0.461981
08:17:48,0.242844
08:17:48,0.479641
08:17:49,1.137665
08:17:49,0.477068
08:17:49,0.917129
08:17:49,1.154747
08:17:49,0.55666
08:17:49,0.842793
08:17:49,0.59733
08:17:49,0.358546
08:17:49,0.478922
08:17:49,0.753482
08:17:50,-0.223044
08:17:50,-0.445224
08:17:50,-0.572582
08:17:50,0.030256
08:17:50,-0.016171
08:17:50,-0.682938
08:17:50,-1.313917
08:17:50,-0.859869
08:17:50,-0.473991
08:17:50,-0.714735
08:17:51,-0.636878
08:17:51,-0.874552
08:17:51,-0.310808
08:17:51,-0.503587
08:17:51,-0.36105
08:17:51,-0.439302
08:17:51,-0.227921
08:17:51,-0.157293
08:17:51,-0.541138
08:17:51,0.021068
08:17:52,0.277028
08:17:52,0.513804
08:17:52,0.361949
08:17:52,-0.020044
08:17:52,0.127489
08:17:52,0.342673
08:17:52,0.632624
08:17:52,0.580922
08:17:52,0.272433
08:17:52,0.29598
08:17:53,-0.034483
08:17:53,-0.400434
08:17:53,0.619616
08:17:53,1.435785
08:17:53,1.195185
08:17:53,0.152594
08:17:53,0.463916
08:17:53,-0.194809
08:17:53,-0.242926
08:17:53,-0.309611
08:17:54,-0.078925
08:17:54,-0.173365
08:17:54,-0.127866
08:17:54,-0.085668
08:17:54,-0.529358
08:17:54,-0.482304
08:17:54,-0.949146
08:17:54,-1.094279
08:17:54,-1.19038
08:17:54,-0.464145
08:17:55,-0.818268
08:17:55,-1.346274
08:17:55,-0.687821
08:17:55,-1.060792
08:17:55,0.014821
08:17:55,-0.697562
08:17:55,-0.172923
08:17:55,0.063344
08:17:55,-0.550537
08:17:55,-0.082888
08:17:56,0.193714
08:17:56,0.149945
08:17:56,0.342697
08:17:56,-0.147577
08:17:56,0.605362
08:17:56,0.324817
08:17:56,0.68862
08:17:56,0.945701
08:17:56,0.899823
08:17:56,0.813434
08:17:57,0.924745
08:17:57,0.932326
08:17:57,1.189165
08:17:57,0.611787
08:17:57,0.623697
08:17:57,0.821198
08:17:57,0.239814
08:17:57,-0.14955
08:17:57,0.388942
08:17:57,0.037396
08:17:58,-0.422635
08:17:58,0.065686
08:17:58,0.284585
08:17:58,-0.888203
08:17:58,-0.053636
08:17:58,-1.382948
08:17:58,-0.706412
08:17:58,0.020476
08:17:58,-0.780653
08:17:58,-0.659903
08:17:59,-0.432997
08:17:59,-1.292148
08:17:59,-0.640506
08:17:59,-0.60123
08:17:59,0.0855
08:17:59,-0.927484
08:17:59,-0.544988
08:17:59,-0.642718
08:17:59,-0.578356
08:17:59,0.285087
08:18:00,0.009328
08:18:00,-0.084944
08:18:00,0.035066
08:18:00,0.120664
08:18:00,0.245619
08:18:00,0.052419
08:18:00,0.475757
08:18:00,0.497982
08:18:00,0.400511
08:18:00,0.745648
08:18:01,0.783961
08:18:01,0.496555
08:18:01,0.615293
08:18:01,1.379223
08:18:01,1.308464
08:18:01,0.126043
08:18:01,0.091393
08:18:01,-0.052998
08:18:01,0.586281
08:18:01,-0.029981
08:18:02,0.083886
08:18:02,0.589434
08:18:02,-0.219975
08:18:02,-0.070606
08:18:02,-0.229302
08:18:02,-0.700851
08:18:02,-0.195605
08:18:02,-0.9211
08:18:02,-0.196782
08:18:02,-0.89699
08:18:03,-0.867289
08:18:03,-1.072353
08:18:03,-0.98923
08:18:03,-0.773072
08:18:03,-1.417284
08:18:03,-0.576641
08:18:03,-0.589241
08:18:03,-0.041289
08:18:03,-0.068269
08:18:03,-0.357177
08:18:04,-0.160493
08:18:04,0.027388
08:18:04,0.736397
08:18:04,0.029987
08:18:04,0.159533
08:18:04,0.09997
08:18:04,0.047598
08:18:04,0.731156
08:18:04,0.736756
08:18:04,1.140348
08:18:05,1.064493
08:18:05,1.530373
08:18:05,0.639884
08:18:05,0.532519
08:18:05,0.111233
08:18:05,0.738777
08:18:05,0.452937
08:18:05,0.545737
08:18:05,-0.182382
08:18:05,0.232566
08:18:06,0.07182
08:18:06,-0.060842
08:18:06,-0.455455
08:18:06,0.09847
08:18:06,0.306158
08:18:06,-0.883595
08:18:06,-0.314157
08:18:06,-1.630952
08:18:06,-0.431726
08:18:06,-1.345936
08:18:07,-0.883739
08:18:07,-1.15094
08:18:07,-0.741204
08:18:07,-0.330127
08:18:07,-1.216372
08:18:07,-0.620793
08:18:07,-0.591129
08:18:07,0.235574
08:18:07,-0.065196
08:18:07,-0.52153
08:18:08,-0.164953
08:18:08,0.654141
08:18:08,0.46634
08:18:08,-0.003588
08:18:08,0.317975
08:18:08,0.412687
08:18:08,0.378018
08:18:08,0.02513
08:18:08,0.428572
08:18:08,1.177602
08:18:09,0.566599
08:18:09,0.655243
08:18:09,0.714924
08:18:09,1.400054
08:18:09,0.569418
08:18:09,0.877856
08:18:09,0.202087
08:18:09,0.227004
08:18:09,0.220705
08:18:09,-0.161442
08:18:10,-0.071301
08:18:10,0.201314
08:18:10,-0.496439
08:18:10,-0.317762
08:18:10,-0.163393
08:18:10,-0.783538
08:18:10,-0.182917
08:18:10,-0.598195
08:18:10,-0.723532
08:18:10,-1.394234
08:18:11,-0.830764
08:18:11,-0.561324
08:18:11,-0.054869
08:18:11,-0.424943
08:18:11,-0.172136
08:18:11,-0.918161
08:18:11,-0.455838
08:18:11,0.109468
08:18:11,-0.527019
08:18:11,0.228324
08:18:12,0.256661
08:18:12,0.205657
08:18:12,0.101266
08:18:12,-0.02741
08:18:12,1.032832
08:18:12,0.716127
08:18:12,0.685528
08:18:12,0.479207
08:18:12,0.678995
08:18:12,0.749033
08:18:13,0.839956
08:18:13,0.948401
08:18:13,0.391875
08:18:13,0.110396
08:18:13,0.59581
08:18:13,-0.116551
08:18:13,0.298168
08:18:13,0.139577
08:18:13,0.388424
08:18:13,0.803413
08:18:14,-0.680607
08:18:14,0.686461
08:18:14,-0.297888
08:18:14,-0.19606
08:18:14,-0.906641
08:18:14,-0.14607
08:18:14,-0.551797
08:18:14,-0.645218
08:18:14,-1.343824
08:18:14,-0.665553
08:18:15,-0.40396
08:18:15,-0.774079
08:18:15,-0.25477
08:18:15,-0.227191
08:18:15,-0.790695
08:18:15,0.063315
08:18:15,-0.395596
08:18:15,-0.300383
08:18:15,-0.181668
08:18:15,-0.085244
08:18:16,-0.920547
08:18:16,0.044577
08:18:16,-0.261069
08:18:16,0.887011
08:18:16,0.966579
08:18:16,0.793153
08:18:16,0.482848
08:18:16,0.270899
08:18:16,0.435586
08:18:16,1.371307
08:18:17,0.457731
08:18:17,-0.133077
08:18:17,1.026297
08:18:17,1.148881
08:18:17,1.147037
08:18:17,0.858397
08:18:17,0.831982
08:18:17,0.33632
08:18:17,-0.510392
08:18:17,0.119262
08:18:18,0.21755
08:18:18,-0.156849
08:18:18,-0.279605
08:18:18,-0.655235
08:18:18,-0.762058
08:18:18,0.148377
08:18:18,0.089709
08:18:18,-0.624631
08:18:18,-0.567206
08:18:18,-1.034682
08:18:19,-0.475099
08:18:19,-0.075505
08:18:19,-1.20097
08:18:19,-0.461345
08:18:19,-0.377654
08:18:19,-0.310312
08:18:19,0.163537
08:18:19,0.394813
08:18:19,-0.298031
08:18:19,0.126107
08:18:20,0.029482
08:18:20,-0.111736
08:18:20,0.311097
08:18:20,0.552818
08:18:20,0.487375
08:18:20,0.186561
08:18:20,0.404066
08:18:20,0.464137
08:18:20,0.370884
08:18:20,0.801121
08:18:21,0.846339
08:18:21,1.034213
08:18:21,0.365572
08:18:21,0.421587
08:18:21,1.110411
08:18:21,0.437401
08:18:21,0.421996
08:18:21,0.256507
08:18:21,0.612873
08:18:21,0.519637
08:18:22,0.389623
08:18:22,-0.100205
08:18:22,-0.521664
08:18:22,0.356031
08:18:22,-0.111742
08:18:22,-0.654805
08:18:22,-0.067975
08:18:22,-0.811168
08:18:22,-0.171993
08:18:22,-0.173982
08:18:23,-1.022519
08:18:23,-0.487766
08:18:23,-0.391973
08:18:23,0.291514
08:18:23,-0.826117
08:18:23,0.006415
08:18:23,-0.405379
08:18:23,-0.752271
08:18:23,-0.258307
08:18:23,-0.108641
08:18:24,-0.370612
08:18:24,0.218765
08:18:24,0.551545
08:18:24,0.401164
08:18:24,0.221804
08:18:24,0.44301
08:18:24,0.564722
08:18:24,0.699767
08:18:24,1.05418
08:18:24,0.786561
08:18:25,0.209056
08:18:25,0.494569
08:18:25,0.723847
08:18:25,1.017148
08:18:25,1.020558
08:18:25,1.116115
08:18:25,0.457165
08:18:25,0.584952
08:18:25,-0.29275
08:18:25,0.259963
08:18:26,-0.376342
08:18:26,-0.131393
08:18:26,0.844132
08:18:26,-0.211549
08:18:26,-0.713784
08:18:26,-0.352249
08:18:26,-0.747288
08:18:26,-0.959965
08:18:26,0.070359
08:18:26,-0.317998
08:18:27,-0.579062
08:18:27,-0.82852
08:18:27,-0.774516
08:18:27,-0.083836
08:18:27,-0.45901
08:18:27,-1.573957
08:18:27,0.435879
08:18:27,-0.253722
08:18:27,-0.096133
08:18:27,0.270839
08:18:28,0.162891
08:18:28,0.370922
08:18:28,0.068009
08:18:28,-0.112635
08:18:28,0.509531
08:18:28,0.99604
08:18:28,0.339581
08:18:28,0.368896
08:18:28,1.093096
08:18:28,0.531346
08:18:29,0.556304
08:18:29,0.560781
08:18:29,0.642996
08:18:29,0.072931
08:18:29,0.377543
08:18:29,0.575604
08:18:29,0.489583
08:18:29,0.723091
08:18:29,0.860099
08:18:29,0.638873
08:18:30,0.320128
08:18:30,-0.161561
08:18:30,-0.434386
08:18:30,-0.311536
08:18:30,-0.206497
08:18:30,-0.207297
08:18:30,-0.348232
08:18:30,-0.666116
08:18:30,-0.390338
08:18:30,-0.250076
08:18:31,-0.391944
08:18:31,-0.702586
08:18:31,-0.957587
08:18:31,-0.923853
08:18:31,-0.804738
08:18:31,-0.404998
08:18:31,-0.229518
08:18:31,-0.81288
08:18:31,-0.39271
08:18:31,-0.024354
08:18:32,-0.314888
08:18:32,0.261371
08:18:32,0.108712
08:18:32,0.064596
08:18:32,0.430072
08:18:32,0.632273
08:18:32,0.269327
08:18:32,0.53879
08:18:32,0.829427
08:18:32,0.42465
08:18:33,0.119785
08:18:33,0.153581
08:18:33,0.519422
08:18:33,0.162258
08:18:33,0.444609
08:18:33,1.077705
08:18:33,-0.07106
08:18:33,0.218882
08:18:33,0.962618
08:18:33,0.25235
08:18:34,-0.128703
08:18:34,-0.164413
08:18:34,-0.066035
08:18:34,0.275727
08:18:34,-0.597248
08:18:34,-0.760138
08:18:34,-1.048895
08:18:34,-0.587621
08:18:34,-1.15773
08:18:34,-0.853706
08:18:35,-1.018039
08:18:35,-0.315439
08:18:35,-0.843678
08:18:35,-0.484779
08:18:35,-1.127744
08:18:35,-0.448947
08:18:35,-0.832556
08:18:35,-0.46677
08:18:35,0.557609
08:18:35,0.216757
08:18:36,-0.044944
08:18:36,1.229134
08:18:36,-0.103999
08:18:36,0.725619
08:18:36,-0.124986
08:18:36,0.409602
08:18:36,0.094585
08:18:36,0.713751
08:18:36,0.685329
08:18:36,0.583699
08:18:37,1.08222
08:18:37,0.492897
08:18:37,0.780138
08:18:37,0.910899
08:18:37,0.047184
08:18:37,0.23303
08:18:37,0.430301
08:18:37,0.538347
08:18:37,0.713745
08:18:37,0.033946
08:18:38,-0.110765
08:18:38,-0.414913
08:18:38,-0.100817
08:18:38,-0.421785
08:18:38,-0.507361
08:18:38,-0.527836
08:18:38,-0.373242
08:18:38,-0.82101
08:18:38,-0.935995
08:18:38,-0.540278
08:18:39,-1.759004
08:18:39,-0.902669
08:18:39,-1.068698
08:18:39,-0.202564
08:18:39,-0.720638
08:18:39,-0.691225
08:18:39,-0.428468
08:18:39,-0.526174
08:18:39,-0.357239
08:18:39,-0.075515
08:18:40,-0.147714
08:18:40,-0.040722
08:18:40,-0.137243
08:18:40,-0.086031
08:18:40,0.432673
08:18:40,0.602285
08:18:40,0.066457
08:18:40,0.889684
08:18:40,0.933156
08:18:40,1.032523
08:18:41,0.804961
08:18:41,0.914361
08:18:41,1.430499
08:18:41,0.518172
08:18:41,0.20032
08:18:41,-0.041946
08:18:41,1.025936
08:18:41,0.936869
08:18:41,-0.107298
08:18:41,-0.145058
08:18:42,-0.113397
08:18:42,0.318986
08:18:42,-0.666868
08:18:42,-1.00611
08:18:42,0.34718
08:18:42,-0.385644
08:18:42,-0.407267
08:18:42,-0.695492
08:18:42,-0.502715
08:18:42,-1.221354
08:18:43,-0.994322
08:18:43,-0.654577
08:18:43,-1.460551
08:18:43,-0.729586
08:18:43,-0.693769
08:18:43,-0.600916
08:18:43,-0.604328
08:18:43,-0.666356
08:18:43,-0.854023
08:18:43,-0.058843
08:18:44,-0.105043
08:18:44,-0.371844
08:18:44,0.238199
08:18:44,0.214561
08:18:44,0.250091
08:18:44,-0.259938
08:18:44,0.805281
08:18:44,0.192137
08:18:44,0.687884
08:18:44,0.408488
08:18:45,0.563946
08:18:45,1.094684
08:18:45,0.851806
08:18:45,1.019219
08:18:45,0.681947
08:18:45,0.633625
08:18:45,-0.211949
08:18:45,0.20666
08:18:45,0.137594
08:18:45,0.537787
08:18:46,-0.17718
08:18:46,-0.016803
08:18:46,-0.137297
08:18:46,0.087393
08:18:46,-0.45826
08:18:46,-0.205249
08:18:46,-1.163015
08:18:46,-1.188611
08:18:46,-1.46491
08:18:46,-0.416287
08:18:47,-0.464217
08:18:47,-0.377492
08:18:47,-0.902816
08:18:47,-0.820946
08:18:47,-0.608679
08:18:47,0.01032
08:18:47,0.18139
08:18:47,-0.03996
08:18:47,-0.100455
08:18:47,0.35788
08:18:48,-0.089545
08:18:48,-0.027325
08:18:48,0.171154
08:18:48,-0.024757
08:18:48,0.350196
08:18:48,0.103882
08:18:48,0.925065
08:18:48,0.813995
08:18:48,1.166086
08:18:48,0.121133
08:18:49,1.365594
08:18:49,0.141015
08:18:49,0.246332
08:18:49,0.406417
08:18:49,1.024014
08:18:49,0.573925
08:18:49,0.326109
08:18:49,0.040374
08:18:49,-0.265265
08:18:49,0.505924
08:18:50,0.279524
08:18:50,0.363854
08:18:50,-0.077426
08:18:50,-1.242529
08:18:50,-0.847054
08:18:50,-0.33227
08:18:50,-0.695713
08:18:50,-0.819299
08:18:50,-1.051869
08:18:50,-0.359725
08:18:51,-0.540333
08:18:51,-0.515965
08:18:51,-0.8875
08:18:51,-0.562004
08:18:51,-1.03453
08:18:51,-0.540415
08:18:51,-1.296225
08:18:51,-0.866634
08:18:51,-0.329121
08:18:51,0.721787
08:18:52,-0.63026
08:18:52,-0.325749
08:18:52,0.292183
08:18:52,0.937091
08:18:52,0.48221
08:18:52,0.740724
08:18:52,0.448151
08:18:52,0.444987
08:18:52,0.694504
08:18:52,0.460981
08:18:53,0.953494
08:18:53,0.129187
08:18:53,0.977235
08:18:53,0.637464
08:18:53,0.49116
08:18:53,-0.08007
08:18:53,0.068524
08:18:53,0.737321
08:18:53,0.143302
08:18:53,0.206944
08:18:54,-0.307836
08:18:54,-0.119673
08:18:54,-0.696565
08:18:54,-0.282835
08:18:54,-0.281725
08:18:54,-0.38276
08:18:54,-0.882567
08:18:54,-0.743422
08:18:54,-0.477722
08:18:54,-0.765385
08:18:55,-0.800557
08:18:55,-0.025168
08:18:55,-0.998586
08:18:55,-0.245558
08:18:55,-0.97045
08:18:55,-0.265801
08:18:55,-0.163596
08:18:55,-0.496421
08:18:55,-0.642429
08:18:55,-0.799156
08:18:56,-0.21529
08:18:56,0.293681
08:18:56,-0.160858
08:18:56,0.351725
08:18:56,-0.105301
08:18:56,0.413114
08:18:56,0.164847
08:18:56,0.596411
08:18:56,0.490362
08:18:56,0.274754
08:18:57,0.469394
08:18:57,0.364427
08:18:57,0.205866
08:18:57,1.002666
08:18:57,0.440251
08:18:57,-0.275804
08:18:57,0.193301
08:18:57,0.637942
08:18:57,-0.050164
08:18:57,0.633714
08:18:58,-0.299832
08:18:58,0.066689
08:18:58,0.146512
08:18:58,-0.160225
08:18:58,-0.892523
08:18:58,-0.824839
08:18:58,-0.156787
08:18:58,-0.905319
08:18:58,-0.324253
08:18:58,-0.841981
08:18:59,-0.650497
08:18:59,-1.176519
08:18:59,-0.878633
08:18:59,-0.930062
08:18:59,-0.487352
08:18:59,-0.462356
08:18:59,-0.249522
08:18:59,-0.489476
08:18:59,-0.541892
08:18:59,-0.045549
08:19:00,-0.360356
08:19:00,0.486952
08:19:00,0.176229
08:19:00,0.203646
08:19:00,0.573211
08:19:00,0.468247
08:19:00,-0.014006
08:19:00,0.252204
08:19:00,1.035938
08:19:00,0.720741
08:19:01,0.111451
08:19:01,0.814621
08:19:01,0.469999
08:19:01,0.31763
08:19:01,0.165606
08:19:01,0.84495
08:19:01,-0.276475
08:19:01,0.024657
08:19:01,0.258356
08:19:01,0.661931
08:19:02,0.19385
08:19:02,-0.405613
08:19:02,0.318962
08:19:02,-0.792087
08:19:02,-0.318582
08:19:02,-0.32425
08:19:02,-0.874702
08:19:02,-0.379547
08:19:02,-0.845601
08:19:02,-0.448082
08:19:03,-1.343858
08:19:03,-0.57414
08:19:03,-0.809977
08:19:03,-0.221308
08:19:03,-0.581705
08:19:03,-0.057744
08:19:03,-0.233785
08:19:03,-0.362421
08:19:03,0.059372
08:19:03,0.168416
08:19:04,0.165169
08:19:04,-0.692801
08:19:04,-0.127584
08:19:04,0.80223
08:19:04,-0.028131
08:19:04,0.803836
08:19:04,0.81357
08:19:04,0.369691
08:19:04,-0.032592
08:19:04,0.492262
08:19:05,1.427305
08:19:05,0.389235
08:19:05,0.387749
08:19:05,0.274551
08:19:05,0.991486
08:19:05,0.409954
08:19:05,0.192382
08:19:05,0.812509
08:19:05,0.419135
08:19:05,-0.212247
08:19:06,-0.428254
08:19:06,0.295855
08:19:06,-0.210436
08:19:06,-0.859966
08:19:06,-1.03554
08:19:06,-0.885588
08:19:06,-1.000132
08:19:06,-1.339832
08:19:06,-1.050567
08:19:06,-1.01306
08:19:07,-0.861938
08:19:07,-0.098863
08:19:07,-0.759135
08:19:07,-0.682356
08:19:07,-0.388073
08:19:07,-0.578036
08:19:07,-0.271396
08:19:07,-0.219578
08:19:07,-0.173406
08:19:07,0.858759
08:19:08,0.318894
08:19:08,-0.269099
08:19:08,0.34589
08:19:08,0.040685
08:19:08,0.567637
08:19:08,0.013659
08:19:08,0.178589
08:19:08,0.744072
08:19:08,1.014924
08:19:08,0.867307
08:19:09,0.998941
08:19:09,0.822218
08:19:09,0.726113
08:19:09,0.447412
08:19:09,0.850863
08:19:09,0.853682
08:19:09,0.389359
08:19:09,0.276869
08:19:09,0.773304
08:19:09,0.102357
08:19:10,0.02649
08:19:10,0.059975
08:19:10,-0.250544
08:19:10,-0.604912
08:19:10,-0.279162
08:19:10,-0.508539
08:19:10,0.078476
08:19:10,-0.347748
08:19:10,-0.874158
08:19:10,-0.436211
08:19:11,-0.592247
08:19:11,-0.233083
08:19:11,-0.849299
08:19:11,-0.557668
08:19:11,-0.600995
08:19:11,-0.474507
08:19:11,-0.721269
08:19:11,-0.116224
08:19:11,-0.070024
08:19:11,0.340324
08:19:12,-0.003509
08:19:12,-0.03464
08:19:12,0.492565
08:19:12,0.039822
08:19:12,0.791194
08:19:12,0.873969
08:19:12,1.00636
08:19:12,0.755523
08:19:12,0.495466
08:19:12,0.729598
08:19:13,0.833024
08:19:13,0.495332
08:19:13,1.13233
08:19:13,0.826734
08:19:13,0.254034
08:19:13,1.153981
08:19:13,0.445536
08:19:13,-0.065143
08:19:13,-0.074277
08:19:13,0.630228
08:19:14,0.638745
08:19:14,0.243816
08:19:14,0.245446
08:19:14,0.108022
08:19:14,-0.216529
08:19:14,-0.37981
08:19:14,-0.37736
08:19:14,-0.366099
08:19:14,-0.925299
08:19:14,-0.435196
08:19:15,-0.189484
08:19:15,-0.763612
08:19:15,-0.775376
08:19:15,-0.456913
08:19:15,-0.793692
08:19:15,-0.955861
08:19:15,-0.009748
08:19:15,-0.475626
08:19:15,-0.209855
08:19:15,-0.323048
08:19:16,0.446864
08:19:16,0.408116
08:19:16,0.132053
08:19:16,-0.095171
08:19:16,0.290024
08:19:16,0.694528
08:19:16,0.632334
08:19:16,0.661889
08:19:16,0.739834
08:19:16,0.956961
08:19:17,0.685349
08:19:17,0.848887
08:19:17,0.320318
08:19:17,1.517552
08:19:17,0.466961
08:19:17,0.566232
08:19:17,0.609713
08:19:17,0.174017
08:19:17,0.219051
08:19:17,0.10799
08:19:18,-0.319913
08:19:18,0.044002
08:19:18,-0.79354
08:19:18,0.295655
08:19:18,-0.13391
08:19:18,-0.271282
08:19:18,-1.174137
08:19:18,-0.90109
08:19:18,-0.179469
08:19:18,0.761553
08:19:19,-0.281858
08:19:19,-0.328452
08:19:19,-0.481999
08:19:19,-0.920329
08:19:19,-0.218001
08:19:19,-0.880397
08:19:19,-0.835154
08:19:19,-0.763529
08:19:19,0.125191
08:19:19,-0.129599
08:19:20,0.0353
08:19:20,0.104113
08:19:20,-0.177689
08:19:20,0.083038
08:19:20,0.194301
08:19:20,0.00313
08:19:20,0.389838
08:19:20,0.245247
08:19:20,0.867926
08:19:20,0.922722
08:19:21,0.247226
08:19:21,0.587561
08:19:21,1.315361
08:19:21,0.280438
08:19:21,0.715635
08:19:21,0.531907
08:19:21,0.79396
08:19:21,0.421207
08:19:21,0.065358
08:19:21,0.132872
08:19:22,0.028479
08:19:22,-0.141597
08:19:22,-0.678001
08:19:22,0.117288
08:19:22,-0.038198
08:19:22,-0.860441
08:19:22,-0.671566
08:19:22,-0.702485
08:19:22,-1.070521
08:19:22,-1.344761
08:19:23,-0.934707
08:19:23,-0.816123
08:19:23,-1.170171
08:19:23,-0.561762
08:19:23,-0.159312
08:19:23,-0.200234
08:19:23,-0.45579
08:19:23,-0.961937
08:19:23,0.034184
08:19:23,-0.058267
08:19:24,0.148523
08:19:24,0.78714
08:19:24,-0.072372
08:19:24,-0.688392
08:19:24,0.042741
08:19:24,0.665091
08:19:24,0.575736
08:19:24,0.198232
08:19:24,0.168838
08:19:24,0.567269
08:19:25,0.263867
08:19:25,0.873604
08:19:25,0.52174
08:19:25,0.404213
08:19:25,0.300915
08:19:25,0.587068
08:19:25,0.426363
08:19:25,0.388478
08:19:25,0.279357
08:19:25,0.084236
08:19:26,-0.361596
08:19:26,-0.365137
08:19:26,-0.354448
08:19:26,0.405025
08:19:26,-0.883542
08:19:26,-0.641617
08:19:26,-0.531918
08:19:26,-0.729871
08:19:26,-0.28985
08:19:26,-0.799356
08:19:27,-0.782089
08:19:27,-0.406262
08:19:27,-0.03199
08:19:27,-0.13108
08:19:27,-0.614141
08:19:27,-0.512305
08:19:27,-0.395098
08:19:27,-0.266344
08:19:27,-0.512884
08:19:27,0.218304
08:19:28,0.072313
08:19:28,0.093804
08:19:28,-0.228589
08:19:28,0.339594
08:19:28,-0.251175
08:19:28,0.291397
08:19:28,0.369228
08:19:28,0.724153
08:19:28,1.323687
08:19:28,0.891549
08:19:29,1.206941
08:19:29,0.917206
08:19:29,1.059508
08:19:29,1.273699
08:19:29,0.310169
08:19:29,0.215988
08:19:29,0.645533
08:19:29,0.316506
08:19:29,0.293436
08:19:29,0.022471
08:19:30,-0.208691
08:19:30,0.457764
08:19:30,-0.601263
08:19:30,-0.077556
08:19:30,-0.22797
08:19:30,-1.047629
08:19:30,-0.857085
08:19:30,-0.855646
08:19:30,-0.468135
08:19:30,-0.819844
08:19:31,-0.729956
08:19:31,-1.201558
08:19:31,0.14833
08:19:31,-0.598786
08:19:31,-0.391662
08:19:31,-0.684194
08:19:31,-0.639869
08:19:31,0.351646
08:19:31,-0.887164
08:19:31,-0.011978
08:19:32,-0.424026
08:19:32,-0.032246
08:19:32,-0.007021
08:19:32,-0.027299
08:19:32,0.423854
08:19:32,-0.403835
08:19:32,0.455891
08:19:32,0.592103
08:19:32,0.189993
08:19:32,1.221008
08:19:33,0.49194
08:19:33,0.608262
08:19:33,0.458463
08:19:33,0.595156
08:19:33,1.024162
08:19:33,1.36053
08:19:33,0.672423
08:19:33,0.698591
08:19:33,0.817062
08:19:33,0.196609
08:19:34,0.549588
08:19:34,0.167836
08:19:34,-0.165916
08:19:34,-0.195174
08:19:34,-1.048946
08:19:34,-0.392733
08:19:34,-1.106624
08:19:34,-1.192549
08:19:34,-0.598232
08:19:34,-1.081309
08:19:35,-0.70249
08:19:35,-0.64293
08:19:35,-0.601672
08:19:35,-0.940147
08:19:35,-0.251773
08:19:35,-0.526207
08:19:35,-0.257073
08:19:35,-0.736547
08:19:35,-0.278727
08:19:35,0.274549
08:19:36,0.339562
08:19:36,-0.169548
08:19:36,0.025367
08:19:36,-0.028247
08:19:36,0.181705
08:19:36,0.005301
08:19:36,0.51795
08:19:36,0.845303
08:19:36,0.390971
08:19:36,0.65967
08:19:37,0.622826
08:19:37,1.060673
08:19:37,0.451682
08:19:37,0.422379
08:19:37,0.270205
08:19:37,0.096846
08:19:37,0.596664
08:19:37,0.270505
08:19:37,0.235495
08:19:37,0.555629
08:19:38,0.466228
08:19:38,-0.685686
08:19:38,0.01043
08:19:38,-0.238817
08:19:38,-0.573007
08:19:38,-0.380285
08:19:38,-1.170546
08:19:38,-0.11178
08:19:38,-0.485509
08:19:38,-0.994201
08:19:39,-0.904894
08:19:39,-1.287483
08:19:39,-0.775625
08:19:39,-0.792661
08:19:39,-1.030101
08:19:39,-0.223129
08:19:39,0.035429
08:19:39,-0.32737
08:19:39,-0.323288
08:19:39,0.04274
08:19:40,-0.006874
08:19:40,-0.269259
08:19:40,-0.012125
08:19:40,0.214041
08:19:40,0.498315
08:19:40,0.498243
08:19:40,0.639941
08:19:40,0.090015
08:19:40,0.898566
08:19:40,0.692577
08:19:41,1.593448
08:19:41,0.55571
08:19:41,0.77895
08:19:41,1.613931
08:19:41,0.634244
08:19:41,0.471304
08:19:41,0.066027
08:19:41,0.852687
08:19:41,-0.189374
08:19:41,0.258996
08:19:42,-0.165744
08:19:42,-0.175772
08:19:42,-0.714688
08:19:42,0.152301
08:19:42,-0.508679
08:19:42,-0.920256
08:19:42,-0.12787
08:19:42,-0.800152
08:19:42,-0.548627
08:19:42,-0.396886
08:19:43,-0.534088
08:19:43,-1.460204
08:19:43,-0.422365
08:19:43,-0.658919
08:19:43,-0.681472
08:19:43,-0.533151
08:19:43,-0.974961
08:19:43,-0.250534
08:19:43,-0.693849
08:19:43,-0.209548
08:19:44,0.054693
08:19:44,0.485417
08:19:44,-0.070553
08:19:44,0.825849
08:19:44,0.742848
08:19:44,0.344681
08:19:44,0.17825
08:19:44,0.118369
08:19:44,0.760853
08:19:44,0.433332
08:19:45,1.119775
08:19:45,0.453548
08:19:45,0.350505
08:19:45,0.705474
08:19:45,0.326195
08:19:45,0.497967
08:19:45,0.756546
08:19:45,0.358824
08:19:45,0.258649
08:19:45,0.181305
08:19:46,-0.592585
08:19:46,0.027639
08:19:46,-0.160336
08:19:46,-0.005279
08:19:46,-0.199416
08:19:46,-0.565657
08:19:46,-0.204974
08:19:46,-0.726125
08:19:46,-0.579235
08:19:46,-0.800284
08:19:47,-0.538385
08:19:47,-0.823153
08:19:47,-0.089096
08:19:47,0.082372
08:19:47,-0.260434
08:19:47,0.044479
08:19:47,-0.950175
08:19:47,-0.815276
08:19:47,-0.328858
08:19:47,-0.095073
08:19:48,-0.069373
08:19:48,-0.465243
08:19:48,0.619369
08:19:48,1.071763
08:19:48,0.859795
08:19:48,0.874908
08:19:48,0.645454
08:19:48,0.328655
08:19:48,0.691124
08:19:48,1.428338
08:19:49,0.576804
08:19:49,0.532147
08:19:49,1.053296
08:19:49,1.034495
08:19:49,0.269546
08:19:49,0.403455
08:19:49,0.235783
08:19:49,0.342185
08:19:49,0.602602
08:19:49,-0.171906
08:19:50,0.381383
08:19:50,-0.073926
08:19:50,0.597855
08:19:50,-0.206203
08:19:50,-0.445371
08:19:50,-0.293825
08:19:50,-0.684313
08:19:50,-1.25205
08:19:50,-0.749922
08:19:50,-0.781085
08:19:51,-1.257311
08:19:51,-0.716944
08:19:51,-1.389228
08:19:51,-0.745395
08:19:51,-0.481053
08:19:51,-0.461026
08:19:51,-0.555324
08:19:51,-0.347729
08:19:51,-0.490734
08:19:51,-0.105718
08:19:52,0.02033
08:19:52,-0.205583
08:19:52,0.310007
08:19:52,0.409302
08:19:52,0.353276
08:19:52,1.342341
08:19:52,0.517066
08:19:52,0.525973
08:19:52,0.517902
08:19:52,0.351553
08:19:53,0.940064
08:19:53,0.451195
08:19:53,0.466958
08:19:53,0.43532
08:19:53,0.221582
08:19:53,-0.117904
08:19:53,0.249421
08:19:53,0.623461
08:19:53,0.285255
08:19:53,0.655705
08:19:54,0.262835
08:19:54,0.073884
08:19:54,0.442615
08:19:54,-0.351794
08:19:54,-0.389373
08:19:54,-0.498987
08:19:54,-0.025987
08:19:54,-0.622824
08:19:54,-0.892637
08:19:54,-0.485695
08:19:55,-0.985691
08:19:55,-0.504667
08:19:55,-0.520895
08:19:55,-0.689996
08:19:55,-0.368278
08:19:55,-1.015701
08:19:55,-0.354413
08:19:55,-0.479761
08:19:55,0.78548
08:19:55,-0.054965
08:19:56,-0.208737
08:19:56,-0.372901
08:19:56,0.673204
08:19:56,0.195282
08:19:56,0.134476
08:19:56,0.612679
08:19:56,0.793713
08:19:56,0.845588
08:19:56,0.672652
08:19:56,0.747098
08:19:57,0.781213
08:19:57,0.809121
08:19:57,0.814449
08:19:57,1.006763
08:19:57,0.586057
08:19:57,0.209094
08:19:57,0.360948
08:19:57,0.581617
08:19:57,-0.408973
08:19:57,-0.513759
08:19:58,0.321397
08:19:58,0.422539
08:19:58,-0.659132
08:19:58,-0.282633
08:19:58,-0.55129
08:19:58,-0.586265
08:19:58,-0.459376
08:19:58,-1.076209
08:19:58,-1.053266
08:19:58,-0.79682
08:19:59,-0.750881
08:19:59,-1.085466
08:19:59,-0.389363
08:19:59,-0.769851
08:19:59,-0.713948
08:19:59,-0.396044
08:19:59,-0.456568
08:19:59,-0.024676
08:19:59,-0.54301
08:19:59,-0.598589
08:20:00,-0.108426
08:20:00,0.130587
08:20:00,-0.217953
08:20:00,-0.16792
08:20:00,0.475254
08:20:00,0.229752
08:20:00,0.057933
08:20:00,0.961574
08:20:00,0.444611
08:20:00,1.093816
08:20:01,0.709965
08:20:01,0.794547
08:20:01,0.591715
08:20:01,-0.305602
08:20:01,0.168437
08:20:01,0.450976
08:20:01,0.539105
08:20:01,-0.308593
08:20:01,0.197551
08:20:01,-0.283288
08:20:02,0.082117
08:20:02,-0.116294
08:20:02,0.043914
08:20:02,0.055595
08:20:02,-0.250803
08:20:02,-0.193837
08:20:02,-0.688932
08:20:02,0.364387
08:20:02,-1.092326
08:20:02,-0.876096
08:20:03,-0.384524
08:20:03,-0.427929
08:20:03,-0.495153
08:20:03,-0.387343
08:20:03,-1.295557
08:20:03,0.06128
08:20:03,-0.482812
08:20:03,0.11827
08:20:03,-0.928046
08:20:03,-0.019705
08:20:04,-0.197226
08:20:04,0.309746
08:20:04,0.327287
08:20:04,0.44591
08:20:04,0.04082
08:20:04,0.475036
08:20:04,0.503253
08:20:04,0.797063
08:20:04,1.011994
08:20:04,0.744048
08:20:05,0.25334
08:20:05,0.729034
08:20:05,1.579616
08:20:05,1.199806
08:20:05,-0.474728
08:20:05,0.517145
08:20:05,0.737692
08:20:05,0.253979
08:20:05,0.05528
08:20:05,0.016067
08:20:06,0.193266
08:20:06,-0.511469
08:20:06,0.199729
08:20:06,-0.337391
08:20:06,-0.738708
08:20:06,-0.101452
08:20:06,-1.107108
08:20:06,-0.818028
08:20:06,-0.865826
08:20:06,0.058998
08:20:07,-0.939757
08:20:07,-1.44562
08:20:07,-0.869375
08:20:07,-0.464262
08:20:07,-0.291882
08:20:07,0.301814
08:20:07,0.080964
08:20:07,-0.25202
08:20:07,-0.528307
08:20:07,0.458905
08:20:08,-0.128997
08:20:08,-0.120851
08:20:08,0.070336
08:20:08,-0.120508
08:20:08,0.248693
08:20:08,0.413387
08:20:08,0.822042
08:20:08,0.487874
08:20:08,0.222129
08:20:08,0.130062
08:20:09,0.773349
08:20:09,0.716801
08:20:09,0.47173
08:20:09,0.460095
08:20:09,0.702282
08:20:09,0.981666
08:20:09,0.138399
08:20:09,0.348909
08:20:09,0.551707
08:20:09,-0.162136
08:20:10,-0.005471
08:20:10,-0.122803
08:20:10,-0.675265
08:20:10,-0.258819
08:20:10,-0.400409
08:20:10,-0.300695
08:20:10,-0.981722
08:20:10,-0.620215
08:20:10,-0.182133
08:20:10,0.035743
08:20:11,-0.251955
08:20:11,-1.103357
08:20:11,-0.507871
08:20:11,-0.792806
08:20:11,-0.466947
08:20:11,-0.765251
08:20:11,-1.011165
08:20:11,-0.438374
08:20:11,0.036599
08:20:11,-0.008704
08:20:12,0.141032
08:20:12,0.185227
08:20:12,0.357897
08:20:12,0.503122
08:20:12,0.315311
08:20:12,0.523986
08:20:12,1.176452
08:20:12,0.673415
08:20:12,0.680637
08:20:12,0.727391
08:20:13,0.623732
08:20:13,0.539007
08:20:13,0.738777
08:20:13,0.446704
08:20:13,0.515382
08:20:13,0.218295
08:20:13,0.449254
08:20:13,0.522262
08:20:13,0.142142
08:20:13,-0.593428
08:20:14,0.20663
08:20:14,-0.06744
08:20:14,-0.563943
08:20:14,-0.047149
08:20:14,-0.900898
08:20:14,-0.129082
08:20:14,-0.58639
08:20:14,-1.417807
08:20:14,-0.603324
08:20:14,-0.833549
08:20:15,-0.894897
08:20:15,-0.949586
08:20:15,-0.710265
08:20:15,-0.793521
08:20:15,-1.216153
08:20:15,-0.049751
08:20:15,-0.496975
08:20:15,-0.573971
08:20:15,-0.61126
08:20:15,0.160252
08:20:16,-0.454451
08:20:16,0.1564
08:20:16,0.012035
08:20:16,0.133896
08:20:16,0.025204
08:20:16,0.277863
08:20:16,0.569396
08:20:16,0.706064
08:20:16,0.390782
08:20:16,0.659555
08:20:17,1.010959
08:20:17,0.109462
08:20:17,0.663545
08:20:17,0.29093
08:20:17,0.197872
08:20:17,0.586329
08:20:17,0.220612
08:20:17,-0.108088
08:20:17,0.679811
08:20:17,0.431535
08:20:18,-0.676307
08:20:18,-0.625554
08:20:18,-0.008602
08:20:18,-0.417499
08:20:18,0.113751
08:20:18,-0.279257
08:20:18,-0.461499
08:20:18,-0.981357
08:20:18,-0.493735
08:20:18,-1.137899
08:20:19,-0.243164
08:20:19,-0.543633
08:20:19,-0.95443
08:20:19,-0.342067
08:20:19,0.218222
08:20:19,-0.571141
08:20:19,-0.218805
08:20:19,-0.468934
08:20:19,-0.186439
08:20:19,-0.637036
08:20:20,-0.000185
08:20:20,0.124756
08:20:20,0.845961
08:20:20,-0.310458
08:20:20,0.31314
08:20:20,0.945816
08:20:20,0.481692
08:20:20,0.563735
08:20:20,0.374099
08:20:20,0.36497
08:20:21,0.060951
08:20:21,0.471157
08:20:21,0.319465
08:20:21,0.665018
08:20:21,0.290628
08:20:21,0.327118
08:20:21,0.253178
08:20:21,0.300936
08:20:21,0.031329
08:20:21,-0.262121
08:20:22,0.030018
08:20:22,0.264115
08:20:22,-0.171349
08:20:22,-0.531231
08:20:22,-0.454551
08:20:22,-1.212696
08:20:22,-0.615103
08:20:22,-0.763829
08:20:22,-0.992451
08:20:22,-0.954616
08:20:23,-0.843582
08:20:23,-0.344021
08:20:23,-0.283518
08:20:23,-0.948548
08:20:23,-0.747639
08:20:23,-0.667381
08:20:23,-0.128109
08:20:23,-0.266866
08:20:23,-0.183835
08:20:23,0.078188
08:20:24,-0.208745
08:20:24,0.586864
08:20:24,0.215701
08:20:24,0.018224
08:20:24,0.331076
08:20:24,0.92615
08:20:24,0.417512
08:20:24,0.95605
08:20:24,0.446869
08:20:24,0.4234
08:20:25,0.930859
08:20:25,0.385491
08:20:25,0.953629
08:20:25,0.746774
08:20:25,0.260554
08:20:25,0.46997
08:20:25,0.219379
08:20:25,0.439935
08:20:25,0.877041
08:20:25,-0.020242
08:20:26,0.186822
08:20:26,-0.10095
08:20:26,-0.207892
08:20:26,-0.375615
08:20:26,-0.711546
08:20:26,-0.377676
08:20:26,-0.667372
08:20:26,-0.940385
08:20:26,-0.310779
08:20:26,-0.656728
08:20:27,-0.779835
08:20:27,-0.222362
08:20:27,-1.308368
08:20:27,-0.178217
08:20:27,-0.874378
08:20:27,-0.420938
08:20:27,-0.617272
08:20:27,-0.640844
08:20:27,0.243548
08:20:27,0.540172
08:20:28,-0.077429
08:20:28,0.22692
08:20:28,0.236259
08:20:28,0.923471
08:20:28,-0.328153
08:20:28,0.626968
08:20:28,0.311818
08:20:28,-0.200883
08:20:28,0.539554
08:20:28,1.338199
08:20:29,0.470383
08:20:29,0.96815
08:20:29,1.085275
08:20:29,0.619261
08:20:29,0.608471
08:20:29,-0.10573
08:20:29,0.160792
08:20:29,0.635246
08:20:29,0.23755
08:20:29,0.238074
08:20:30,0.046605
08:20:30,0.657697
08:20:30,-0.366994
08:20:30,0.2441
08:20:30,-0.364724
08:20:30,0.097995
08:20:30,-0.995054
08:20:30,-0.559076
08:20:30,-0.80353
08:20:30,-0.642567
08:20:31,-0.272168
08:20:31,-0.558798
08:20:31,-0.238606
08:20:31,-0.858282
08:20:31,-0.854304
08:20:31,-0.489338
08:20:31,-0.424978
08:20:31,-0.382844
08:20:31,-0.551833
08:20:31,0.310024
08:20:32,-0.126993
08:20:32,0.608631
08:20:32,0.220772
08:20:32,0.544743
08:20:32,0.606648
08:20:32,0.206479
08:20:32,0.694833
08:20:32,1.298621
08:20:32,0.753804
08:20:32,1.006829
08:20:33,0.942645
08:20:33,0.798849
08:20:33,0.731007
08:20:33,0.815265
08:20:33,0.833461
08:20:33,0.021717
08:20:33,0.498006
08:20:33,0.253366
08:20:33,0.079278
08:20:33,0.563092
08:20:34,-0.256601
08:20:34,-0.597673
08:20:34,0.062189
08:20:34,-0.814931
08:20:34,-1.08623
08:20:34,-0.177081
08:20:34,-0.510759
08:20:34,-0.458253
08:20:34,-0.820589
08:20:34,-1.175924
08:20:35,-1.115026
08:20:35,-0.786648
08:20:35,-1.111081
08:20:35,-0.516236
08:20:35,-0.728172
08:20:35,-0.430212
08:20:35,-0.357148
08:20:35,-0.182414
08:20:35,-0.041493
08:20:35,-0.229869
08:20:36,0.064389
08:20:36,0.192107
08:20:36,-0.6338
08:20:36,0.544077
08:20:36,0.463929
08:20:36,0.692392
08:20:36,0.115917
08:20:36,0.513184
08:20:36,0.283704
08:20:36,0.951992
08:20:37,0.208209
08:20:37,0.366353
08:20:37,0.85275
08:20:37,0.403423
08:20:37,0.241375
08:20:37,0.812327
08:20:37,0.743149
08:20:37,0.570518
08:20:37,0.51336
08:20:37,0.028451
08:20:38,-0.071608
08:20:38,-0.336333
08:20:38,-0.157607
08:20:38,-0.502558
08:20:38,-0.563023
08:20:38,-0.28501
08:20:38,-0.151723
08:20:38,-0.484313
08:20:38,-0.037729
08:20:38,-0.938312
08:20:39,-1.343291
08:20:39,-0.441262
08:20:39,-0.935881
08:20:39,-0.719497
08:20:39,-1.185741
08:20:39,-0.809698
08:20:39,-0.937229
08:20:39,-0.469799
08:20:39,-0.354405
08:20:39,-0.078018
08:20:40,0.433903
08:20:40,0.346421
08:20:40,-0.351447
08:20:40,0.530599
08:20:40,0.450564
08:20:40,0.460735
08:20:40,0.558367
08:20:40,0.695298
08:20:40,0.423579
08:20:40,0.627559
08:20:41,1.114379
08:20:41,0.445015
08:20:41,0.305279
08:20:41,0.602107
08:20:41,0.170614
08:20:41,-0.107999
08:20:41,0.290886
08:20:41,0.824811
08:20:41,0.2028
08:20:41,0.172006
08:20:42,-0.745552
08:20:42,0.04384
08:20:42,-0.183634
08:20:42,-0.550514
08:20:42,-0.348432
08:20:42,-0.435432
08:20:42,-0.937133
08:20:42,-0.507556
08:20:42,-0.246742
08:20:42,-0.771161
08:20:43,-1.003658
08:20:43,-0.753535
08:20:43,-0.366625
08:20:43,-1.052916
08:20:43,-0.363817
08:20:43,-0.73228
08:20:43,-0.326728
08:20:43,-0.515309
08:20:43,-0.414768
08:20:43,0.423579
08:20:44,-0.49318
08:20:44,0.279382
08:20:44,0.822275
08:20:44,0.557726
08:20:44,-0.054434
08:20:44,0.046422
08:20:44,0.303243
08:20:44,0.678972
08:20:44,0.74482
08:20:44,0.246288
08:20:45,0.394535
08:20:45,0.407363
08:20:45,0.602478
08:20:45,1.318348
08:20:45,0.239696
08:20:45,0.15304
08:20:45,0.014851
08:20:45,0.540234
08:20:45,0.201842
08:20:45,-0.204175
08:20:46,-0.126978
08:20:46,-0.386533
08:20:46,-0.11275
08:20:46,0.621738
08:20:46,-0.218647
08:20:46,-0.527521
08:20:46,-0.799053
08:20:46,-1.093895
08:20:46,-0.408948
08:20:46,-0.453608
08:20:47,-0.863135
08:20:47,-0.266715
08:20:47,-0.658352
08:20:47,-0.352538
08:20:47,-0.462643
08:20:47,-0.556972
08:20:47,-0.745659
08:20:47,-0.368731
08:20:47,0.078406
08:20:47,-0.287351
08:20:48,0.153909
08:20:48,-0.269453
08:20:48,0.489332
08:20:48,0.427323
08:20:48,-0.009289
08:20:48,0.41657
08:20:48,0.892316
08:20:48,0.183043
08:20:48,0.290907
08:20:48,0.667058
08:20:49,1.446666
08:20:49,0.45598
08:20:49,0.839085
08:20:49,0.714752
08:20:49,0.35998
08:20:49,0.551371
08:20:49,0.254708
08:20:49,0.192562
08:20:49,-0.365133
08:20:49,0.100951
08:20:50,0.314683
08:20:50,-0.089405
08:20:50,0.165366
08:20:50,-0.114679
08:20:50,-0.432289
08:20:50,-0.714749
08:20:50,-0.736504
08:20:50,-1.138383
08:20:50,-0.759217
08:20:50,-0.640282
08:20:51,-0.099603
08:20:51,-0.50647
08:20:51,-0.968438
08:20:51,-1.127483
08:20:51,-0.638605
08:20:51,-0.210857
08:20:51,-0.488665
08:20:51,-0.128099
08:20:51,-0.279706
08:20:51,0.141446
08:20:52,-0.55904
08:20:52,0.670968
08:20:52,-0.173057
08:20:52,0.5956
08:20:52,0.316185
08:20:52,0.454435
08:20:52,0.481926
08:20:52,0.713166
08:20:52,0.825873
08:20:52,1.061808
08:20:53,1.192782
08:20:53,0.807519
08:20:53,1.265526
08:20:53,0.656245
08:20:53,0.943416
08:20:53,0.645027
08:20:53,0.219228
08:20:53,0.381225
08:20:53,0.392422
08:20:53,0.098235
08:20:54,0.1445
08:20:54,0.193373
08:20:54,-0.224492
08:20:54,-1.348154
08:20:54,0.175945
08:20:54,-0.599132
08:20:54,-0.85446
08:20:54,-1.017143
08:20:54,-0.783496
08:20:54,-0.888344
08:20:55,-0.957953
08:20:55,-0.930126
08:20:55,-0.48033
08:20:55,0.086923
08:20:55,-0.279112
08:20:55,-0.102065
08:20:55,-0.543543
08:20:55,-0.28116
08:20:55,-0.067043
08:20:55,-0.340349
08:20:56,-0.149006
08:20:56,0.408597
08:20:56,0.597914
08:20:56,0.341387
08:20:56,-0.006855
08:20:56,0.391518
08:20:56,0.061846
08:20:56,0.650025
08:20:56,0.755131
08:20:56,0.596633
08:20:57,0.784599
08:20:57,0.837297
08:20:57,0.755641
08:20:57,0.203169
08:20:57,0.477669
08:20:57,0.63842
08:20:57,0.963999
08:20:57,0.222619
08:20:57,0.409106
08:20:57,0.416857
08:20:58,-0.06882
08:20:58,0.292439
08:20:58,0.204449
08:20:58,0.165341
08:20:58,-0.250998
08:20:58,0.331073
08:20:58,-0.781661
08:20:58,0.119723
08:20:58,-0.396835
08:20:58,-0.222246
08:20:59,-0.812013
08:20:59,-0.395816
08:20:59,-0.166299
08:20:59,-1.00428
08:20:59,-0.623476
08:20:59,-1.244413
08:20:59,-0.473866
08:20:59,-0.603396
08:20:59,-0.292531
08:20:59,0.913771
08:21:00,0.601231
08:21:00,-0.394303
08:21:00,0.41082
08:21:00,0.597419
08:21:00,0.293186
08:21:00,0.557382
08:21:00,0.662906
08:21:00,0.152391
08:21:00,0.304774
08:21:00,0.751686
08:21:01,0.734791
08:21:01,0.443385
08:21:01,0.387708
08:21:01,0.592282
08:21:01,0.876465
08:21:01,0.468205
08:21:01,0.979405
08:21:01,0.074256
08:21:01,0.2839
08:21:01,-0.014499
08:21:02,0.205786
08:21:02,-0.38306
08:21:02,0.458277
08:21:02,-0.909508
08:21:02,0.188968
08:21:02,-0.463479
08:21:02,-0.372963
08:21:02,-0.156621
08:21:02,-0.365558
08:21:02,-0.946891
08:21:03,-0.489969
08:21:03,-0.037766
08:21:03,-0.976292
08:21:03,0.117745
08:21:03,-0.431316
08:21:03,-0.646604
08:21:03,-0.724101
08:21:03,-0.395944
08:21:03,-0.900659
08:21:03,-0.25484
08:21:04,-0.092025
08:21:04,-0.266541
08:21:04,0.478058
08:21:04,0.241225
08:21:04,0.188922
08:21:04,0.381108
08:21:04,0.6906
08:21:04,0.649332
08:21:04,0.420398
08:21:04,0.735361
08:21:05,0.682263
08:21:05,0.292569
08:21:05,0.564763
08:21:05,0.826473
08:21:05,0.76656
08:21:05,0.414487
08:21:05,0.64832
08:21:05,-0.025191
08:21:05,-0.115834
08:21:05,0.021565
08:21:06,0.524148
08:21:06,-0.052366
08:21:06,-0.31269
08:21:06,0.222655
08:21:06,-0.511878
08:21:06,0.287182
08:21:06,-0.745261
08:21:06,-0.97781
08:21:06,-0.723966
08:21:06,-0.778561
08:21:07,-0.982702
08:21:07,0.219309
08:21:07,-0.55422
08:21:07,-0.461217
08:21:07,-0.72797
08:21:07,-0.697159
08:21:07,-0.052504
08:21:07,-0.904338
08:21:07,-0.616314
08:21:07,-0.196062
08:21:08,0.472867
08:21:08,-0.021577
08:21:08,0.361965
08:21:08,0.327498
08:21:08,0.86514
08:21:08,-0.059678
08:21:08,0.823899
08:21:08,0.55409
08:21:08,0.989449
08:21:08,0.404633
08:21:09,0.708538
08:21:09,0.655504
08:21:09,0.314887
08:21:09,0.17556
08:21:09,0.363168
08:21:09,0.540451
08:21:09,0.14653
08:21:09,0.202268
08:21:09,-0.443717
08:21:09,-0.020223
08:21:10,0.358255
08:21:10,0.137309
08:21:10,-0.246735
08:21:10,-0.232515
08:21:10,-0.701341
08:21:10,0.073579
08:21:10,0.157405
08:21:10,-0.566016
08:21:10,0.241
08:21:10,-0.929446
08:21:11,-1.137878
08:21:11,-0.93975
08:21:11,-0.742561
08:21:11,0.185519
08:21:11,-0.664718
08:21:11,-0.795854
08:21:11,-0.72591
08:21:11,0.081214
08:21:11,0.132744
08:21:11,-0.279421
08:21:12,-0.656524
08:21:12,-0.285504
08:21:12,0.818747
08:21:12,0.558876
08:21:12,0.434361
08:21:12,1.149066
08:21:12,1.251726
08:21:12,0.611126
08:21:12,0.659589
08:21:12,0.487665
08:21:13,0.600389
08:21:13,0.171168
08:21:13,0.144104
08:21:13,0.020774
08:21:13,0.94583
08:21:13,-0.051516
08:21:13,1.093936
08:21:13,0.062161
08:21:13,0.824384
08:21:13,-0.018265
08:21:14,-0.548165
08:21:14,0.339818
08:21:14,0.274341
08:21:14,-0.634911
08:21:14,-0.527528
08:21:14,-0.812003
08:21:14,-0.608496
08:21:14,-0.585964
08:21:14,-0.788724
08:21:14,-1.327994
08:21:15,-0.903308
08:21:15,-0.44515
08:21:15,-0.738854
08:21:15,-0.738309
08:21:15,-0.892084
08:21:15,-0.708493
08:21:15,0.081682
08:21:15,-0.716715
08:21:15,0.035976
08:21:15,-0.093035
08:21:16,0.085684
08:21:16,-0.146821
08:21:16,0.09319
08:21:16,0.315791
08:21:16,0.229216
08:21:16,0.610976
08:21:16,0.726416
08:21:16,1.384152
08:21:16,0.763106
08:21:16,0.022097
08:21:17,1.107057
08:21:17,0.620027
08:21:17,1.369913
08:21:17,1.138528
08:21:17,0.389468
08:21:17,0.747641
08:21:17,0.203565
08:21:17,0.318735
08:21:17,0.452907
08:21:17,0.499054
08:21:18,0.313322
08:21:18,-0.083258
08:21:18,0.652886
08:21:18,-0.44555
08:21:18,-0.97397
08:21:18,-0.99012
08:21:18,-0.050409
08:21:18,-0.650533
08:21:18,-0.610069
08:21:18,-0.881265
08:21:19,-0.858446
08:21:19,-0.966865
08:21:19,-0.500837
08:21:19,-0.657788
08:21:19,-0.41406
08:21:19,-0.376171
08:21:19,-0.560507
08:21:19,-0.828349
08:21:19,-0.757342
08:21:19,0.949824
08:21:20,0.517361
08:21:20,0.578568
08:21:20,-0.0198
08:21:20,0.321122
08:21:20,0.126073
08:21:20,0.035746
08:21:20,0.360241
08:21:20,1.087869
08:21:20,0.96
08:21:20,0.351865
08:21:21,0.589814
08:21:21,0.953575
08:21:21,0.4659
08:21:21,0.65156
08:21:21,0.706959
08:21:21,0.6318
08:21:21,0.500401
08:21:21,0.088999
08:21:21,0.023471
08:21:21,-0.287273
08:21:22,-0.546468
08:21:22,-0.149666
08:21:22,0.069379
08:21:22,-0.800892
08:21:22,-0.315909
08:21:22,-0.220354
08:21:22,-1.209169
08:21:22,-0.718408
08:21:22,-0.089566
08:21:22,-0.498202
08:21:23,-1.35466
08:21:23,-0.460963
08:21:23,-0.927447
08:21:23,-0.381747
08:21:23,-0.807841
08:21:23,-0.513536
08:21:23,-0.59959
08:21:23,-0.316688
08:21:23,-0.41486
08:21:23,-0.187743
08:21:24,-0.411462
08:21:24,0.281235
08:21:24,0.277662
08:21:24,-0.247993
08:21:24,0.758971
08:21:24,0.433274
08:21:24,0.622929
08:21:24,0.891301
08:21:24,0.780624
08:21:24,1.099203
08:21:25,0.597347
08:21:25,1.053432
08:21:25,0.708763
08:21:25,0.801376
08:21:25,0.707582
08:21:25,0.92923
08:21:25,0.663944
08:21:25,0.162762
08:21:25,-0.008132
08:21:25,0.09209
08:21:26,-0.266036
08:21:26,-0.477771
08:21:26,-0.96113
08:21:26,-0.860035
08:21:26,0.283443
08:21:26,-0.72475
08:21:26,0.099899
08:21:26,-0.4826
08:21:26,-0.683155
08:21:26,-1.216594
08:21:27,-0.698366
08:21:27,-0.029118
08:21:27,-0.120567
08:21:27,-0.527721
08:21:27,-0.968346
08:21:27,-0.829983
08:21:27,-0.709857
08:21:27,0.129561
08:21:27,0.35479
08:21:27,-0.040942
08:21:28,-0.106078
08:21:28,0.651553
08:21:28,-0.126189
08:21:28,0.335932
08:21:28,0.573488
08:21:28,0.192995
08:21:28,0.343742
08:21:28,0.373896
08:21:28,1.161594
08:21:28,1.36141
08:21:29,0.740177
08:21:29,0.597505
08:21:29,0.455795
08:21:29,0.624316
08:21:29,0.373734
08:21:29,0.461014
08:21:29,0.556081
08:21:29,0.175934
08:21:29,0.149956
08:21:29,0.044595
08:21:30,-0.111147
08:21:30,-0.264011
08:21:30,0.050457
08:21:30,-0.937551
08:21:30,0.139548
08:21:30,-0.447539
08:21:30,-0.352806
08:21:30,-0.369927
08:21:30,-0.91356
08:21:30,-1.011407
08:21:31,-1.061294
08:21:31,-0.777856
08:21:31,-0.421018
08:21:31,-0.828021
08:21:31,-0.353536
08:21:31,-1.323747
08:21:31,-0.546398
08:21:31,0.090705
08:21:31,-0.276152
08:21:31,-0.399704
08:21:32,-0.229895
08:21:32,-0.950304
08:21:32,-0.137819
08:21:32,0.687828
08:21:32,0.207539
08:21:32,0.332384
08:21:32,-0.249822
08:21:32,0.052911
08:21:32,1.082257
08:21:32,0.907435
08:21:33,0.245896
08:21:33,0.470682
08:21:33,0.655529
08:21:33,0.20506
08:21:33,-0.135138
08:21:33,0.439251
08:21:33,0.611863
08:21:33,0.524943
08:21:33,0.522645
08:21:33,-0.434241
08:21:34,0.020266
08:21:34,-0.203462
08:21:34,-0.246839
08:21:34,-0.391917
08:21:34,-0.642607
08:21:34,-1.551201
08:21:34,-0.159672
08:21:34,-0.508208
08:21:34,-1.185241
08:21:34,-0.525786
08:21:35,-0.856557
08:21:35,-0.838022
08:21:35,-0.934685
08:21:35,-0.435779
08:21:35,-0.84625
08:21:35,-0.878867
08:21:35,-0.015339
08:21:35,-0.380402
08:21:35,-0.267932
08:21:35,0.132858
08:21:36,-0.233655
08:21:36,-0.054349
08:21:36,0.323312
08:21:36,-0.221689
08:21:36,0.488834
08:21:36,0.230476
08:21:36,0.865727
08:21:36,0.815037
08:21:36,0.810831
08:21:36,0.128946
08:21:37,0.663812
08:21:37,0.279339
08:21:37,0.652837
08:21:37,-0.186643
08:21:37,0.027021
08:21:37,0.911137
08:21:37,0.540618
08:21:37,0.193958
08:21:37,-0.101748
08:21:37,-0.269985
08:21:38,0.070055
08:21:38,-0.229775
08:21:38,0.325015
08:21:38,-0.382461
08:21:38,-0.390898
08:21:38,-0.980951
08:21:38,-0.692557
08:21:38,-0.561758
08:21:38,-0.796215
08:21:38,-0.861352
08:21:39,-0.585582
08:21:39,-0.161194
08:21:39,-0.615
08:21:39,-0.223239
08:21:39,-0.348751
08:21:39,-0.115451
08:21:39,-0.624852
08:21:39,-0.390218
08:21:39,-0.287283
08:21:39,0.081693
08:21:40,0.277344
08:21:40,0.153274
08:21:40,0.523159
08:21:40,0.120627
08:21:40,0.721332
08:21:40,0.850508
08:21:40,0.803436
08:21:40,0.670664
08:21:40,0.915403
08:21:40,0.37848
08:21:41,0.769427
08:21:41,0.796561
08:21:41,0.200409
08:21:41,0.789809
08:21:41,0.129225
08:21:41,0.345203
08:21:41,0.425366
08:21:41,0.062036
08:21:41,0.245206
08:21:41,0.132799
08:21:42,-0.287064
08:21:42,0.089287
08:21:42,-0.483767
08:21:42,0.482998
08:21:42,-0.449767
08:21:42,-0.904928
08:21:42,-0.910832
08:21:42,-0.222051
08:21:42,-0.808943
08:21:42,-1.168699
08:21:43,-0.401201
08:21:43,-0.836833
08:21:43,-0.437043
08:21:43,-0.296256
08:21:43,-0.47025
08:21:43,0.343593
08:21:43,-1.01511
08:21:43,-0.604076
08:21:43,-0.305894
08:21:43,0.681907
08:21:44,0.629301
08:21:44,0.560546
08:21:44,-0.061631
08:21:44,0.080663
08:21:44,0.121454
08:21:44,0.220775
08:21:44,1.088759
08:21:44,0.538386
08:21:44,0.626715
08:21:44,0.962417
08:21:45,0.117765
08:21:45,0.709808
08:21:45,0.281834
08:21:45,0.520659
08:21:45,0.361065
08:21:45,0.271681
08:21:45,0.490403
08:21:45,0.395218
08:21:45,0.139375
08:21:45,0.239244
08:21:46,-0.304015
08:21:46,0.129051
08:21:46,-0.288482
08:21:46,-0.487076
08:21:46,-0.689615
08:21:46,-0.579464
08:21:46,0.088412
08:21:46,-0.645864
08:21:46,-1.066281
08:21:46,-0.369795
08:21:47,-0.865175
08:21:47,-0.592066
08:21:47,-0.877721
08:21:47,-0.175434
08:21:47,-0.773078
08:21:47,-0.005724
08:21:47,-0.778691
08:21:47,-0.420311
08:21:47,0.273687
08:21:47,-0.050643
08:21:48,0.795013
08:21:48,0.015305
08:21:48,0.306277
08:21:48,0.984596
08:21:48,-0.118423
08:21:48,-0.078238
08:21:48,0.287884
08:21:48,0.908385
08:21:48,0.102292
08:21:48,0.900349
08:21:49,0.884347
08:21:49,1.396418
08:21:49,1.031659
08:21:49,0.751122
08:21:49,1.042008
08:21:49,0.683591
08:21:49,0.250425
08:21:49,-0.082819
08:21:49,0.017034
08:21:49,0.095478
08:21:50,0.061256
08:21:50,-0.856823
08:21:50,-0.293158
08:21:50,-0.30779
08:21:50,-0.219812
08:21:50,0.074406
08:21:50,-0.501333
08:21:50,-0.942052
08:21:50,-1.302067
08:21:50,-0.450928
08:21:51,-1.004181
08:21:51,-0.387989
08:21:51,-0.176643
08:21:51,-1.164131
08:21:51,-0.37245
08:21:51,-0.042557
08:21:51,-0.054786
08:21:51,-1.051526
08:21:51,-0.51509
08:21:51,-0.557567
08:21:52,0.183215
08:21:52,0.254168
08:21:52,-0.72795
08:21:52,0.212502
08:21:52,0.691702
08:21:52,0.546766
08:21:52,0.617505
08:21:52,0.495957
08:21:52,0.29511
08:21:52,0.685412
08:21:53,0.718233
08:21:53,0.906721
08:21:53,0.909515
08:21:53,0.653756
08:21:53,0.94953
08:21:53,0.363751
08:21:53,-0.093959
08:21:53,0.484762
08:21:53,0.260545
08:21:53,0.28343
08:21:54,-0.442558
08:21:54,0.517275
08:21:54,0.032364
08:21:54,-0.418592
08:21:54,-0.738858
08:21:54,-0.117971
08:21:54,-0.951931
08:21:54,0.167773
08:21:54,-0.880361
08:21:54,-0.089205
08:21:55,-0.764566
08:21:55,-0.13812
08:21:55,-0.922944
08:21:55,-0.617112
08:21:55,-0.28465
08:21:55,-0.263248
08:21:55,-0.026183
08:21:55,-0.488409
08:21:55,-0.186629
08:21:55,0.327432
08:21:56,-0.246839
08:21:56,0.309893
08:21:56,0.139606
08:21:56,0.389849
08:21:56,0.441042
08:21:56,0.219076
08:21:56,0.475069
08:21:56,0.674431
08:21:56,0.629786
08:21:56,1.241839
08:21:57,1.053484
08:21:57,0.792875
08:21:57,0.398638
08:21:57,0.335296
08:21:57,1.257146
08:21:57,0.141515
08:21:57,0.451301
08:21:57,0.444125
08:21:57,0.107349
08:21:57,-0.241267
08:21:58,-0.274714
08:21:58,-0.300781
08:21:58,-0.464634
08:21:58,0.146909
08:21:58,-0.414644
08:21:58,-0.678305
08:21:58,-0.528877
08:21:58,-0.38992
08:21:58,-0.786356
08:21:58,-0.375688
08:21:59,-1.144901
08:21:59,-0.281426
08:21:59,-0.668873
08:21:59,-0.640509
08:21:59,-0.808867
08:21:59,-0.924722
08:21:59,-0.994785
08:21:59,-0.584765
08:21:59,-0.010626
08:21:59,-0.445952
08:22:00,-0.185814
08:22:00,-0.109088
08:22:00,-0.04618
08:22:00,-0.04146
08:22:00,-0.015467
08:22:00,0.123913
08:22:00,0.149911
08:22:00,0.240656
08:22:00,-0.194989
08:22:00,-0.102706
08:22:01,0.083818
08:22:01,-0.054484
08:22:01,0.103294
08:22:01,0.024854
08:22:01,0.189505
08:22:01,0.125126
08:22:01,0.127322
08:22:01,-0.049425
08:22:01,-0.011695
08:22:01,-0.03663
08:22:02,-0.180707
08:22:02,0.176612
08:22:02,0.089446
08:22:02,-0.041403
08:22:02,0.156551
08:22:02,-0.075644
08:22:02,-0.220576
08:22:02,0.120884
08:22:02,-0.153427
08:22:02,-0.023493
08:22:03,0.024735
08:22:03,0.046256
08:22:03,0.101808
08:22:03,0.069702
08:22:03,0.065987
08:22:03,-0.09489
08:22:03,0.035309
08:22:03,-0.180666
08:22:03,0.187457
08:22:03,-0.168308
08:22:04,-0.041573
08:22:04,-0.158265
08:22:04,-0.08762
08:22:04,0.001611
08:22:04,-0.063451
08:22:04,0.13731
08:22:04,0.027228
08:22:04,-0.055549
08:22:04,-0.01603
08:22:04,0.146364
08:22:05,0.109065
08:22:05,-0.136653
08:22:05,-0.081678
08:22:05,0.056975
08:22:05,0.042404
08:22:05,-0.126046
08:22:05,0.089895
08:22:05,-0.106905
08:22:05,0.156459
08:22:05,0.063534
08:22:06,-0.135831
08:22:06,-0.063489
08:22:06,-0.065575
08:22:06,0.019185
08:22:06,-0.024477
08:22:06,-0.137459
08:22:06,-0.167311
08:22:06,0.065883
08:22:06,0.034348
08:22:06,0.012665
08:22:07,0.032488
08:22:07,-0.07427
08:22:07,0.022079
08:22:07,0.304621
08:22:07,0.140948
08:22:07,-0.034609
08:22:07,-0.062805
08:22:07,-0.343253
08:22:07,0.128243
08:22:07,0.094393
08:22:08,-0.065259
08:22:08,-0.171805
08:22:08,-0.138632
08:22:08,0.053328
08:22:08,-0.010721
08:22:08,0.082991
08:22:08,0.010373
08:22:08,0.116011
08:22:08,0.044349
08:22:08,0.099455
08:22:09,-0.250762
08:22:09,-0.148121
08:22:09,-0.043722
08:22:09,0.129548
08:22:09,0.225664
08:22:09,-0.019708
08:22:09,-0.07339
08:22:09,-0.234596
08:22:09,0.103628
08:22:09,-0.066023
08:22:10,0.355
08:22:10,-0.088728
08:22:10,0.252633
08:22:10,0.089804
08:22:10,-0.123392
08:22:10,0.027857
08:22:10,0.092566
08:22:10,-0.02703
08:22:10,0.100558
08:22:10,0.097915
08:22:11,0.071561
08:22:11,-0.001977
08:22:11,-0.140993
08:22:11,-0.009214
08:22:11,0.021128
08:22:11,-0.225126
08:22:11,0.020308
08:22:11,-0.011616
08:22:11,-0.155595
08:22:11,-0.039961
08:22:12,-0.037422
08:22:12,0.231611
08:22:12,0.026414
08:22:12,0.124325
08:22:12,-0.014138
08:22:12,-0.22487
08:22:12,0.080681
08:22:12,-0.078982
08:22:12,-0.040272
08:22:12,-0.126357
08:22:13,0.008732
08:22:13,0.127821
08:22:13,0.111929
08:22:13,0.190343
08:22:13,0.207355
08:22:13,-0.245505
08:22:13,-0.143234
08:22:13,-0.216983
08:22:13,0.075832
08:22:13,-0.08317
08:22:14,-0.058702
08:22:14,-0.025992
08:22:14,0.045908
08:22:14,-0.178239
08:22:14,-0.151064
08:22:14,0.000156
08:22:14,0.14385
08:22:14,-0.003048
08:22:14,-0.094999
08:22:14,-0.257785
08:22:15,0.114321
08:22:15,-0.088312
08:22:15,-0.137692
08:22:15,-0.205839
08:22:15,-0.172692
08:22:15,-0.115346
08:22:15,-0.028662
08:22:15,-0.145049
08:22:15,0.022285
08:22:15,-0.029574
08:22:16,0.266639
08:22:16,-0.204533
08:22:16,0.019378
08:22:16,0.020881
08:22:16,-0.123667
08:22:16,0.01143
08:22:16,0.092351
08:22:16,0.011579
08:22:16,0.166136
08:22:16,-0.261323
08:22:17,-0.101068
08:22:17,0.177007
08:22:17,0.109443
08:22:17,0.064861
08:22:17,0.147986
08:22:17,-0.229987
08:22:17,0.095473
08:22:17,0.127724
08:22:17,-0.079044
08:22:17,0.315508
08:22:18,0.023562
08:22:18,-0.263132
08:22:18,0.045753
08:22:18,-0.086383
08:22:18,0.139799
08:22:18,0.065753
08:22:18,-0.071751
08:22:18,0.180294
08:22:18,0.112734
08:22:18,-0.09935
08:22:19,-0.018245
08:22:19,0.06203
08:22:19,-0.043712
08:22:19,-0.040128
08:22:19,0.004407
08:22:19,-0.127896
08:22:19,-0.267932
08:22:19,0.028696
08:22:19,-0.238668
08:22:19,-0.119165
08:22:20,-0.21259
08:22:20,-0.197813
08:22:20,0.051163
08:22:20,-0.026677
08:22:20,-0.031008
08:22:20,-0.157908
08:22:20,-0.078702
08:22:20,0.045175
08:22:20,-0.00625
08:22:20,0.098721
08:22:21,0.115811
08:22:21,-0.030266
08:22:21,-0.22227
08:22:21,-0.090797
08:22:21,-0.011723
08:22:21,-0.093178
08:22:21,-0.126555
08:22:21,0.00837
08:22:21,0.291636
08:22:21,-0.058583
08:22:22,-0.000337
08:22:22,-0.157444
08:22:22,0.149208
08:22:22,0.104969
08:22:22,0.096688
08:22:22,0.163175
08:22:22,-0.051281
08:22:22,-0.03629
08:22:22,0.205185
08:22:22,0.075927
08:22:23,-0.266307
08:22:23,0.054579
08:22:23,-0.069804
08:22:23,0.107781
08:22:23,0.048983
08:22:23,-0.208865
08:22:23,0.03226
08:22:23,0.025275
08:22:23,0.043615
08:22:23,0.069063
08:22:24,0.179516
08:22:24,0.049667
08:22:24,0.002748
08:22:24,0.137756
08:22:24,0.269129
08:22:24,0.109808
08:22:24,0.024745
08:22:24,0.051904
08:22:24,0.030725
08:22:24,0.002222
08:22:25,0.25982
08:22:25,-0.089886
08:22:25,0.138589
08:22:25,-0.015103
08:22:25,-0.17765
08:22:25,-0.022598
08:22:25,-0.065613
08:22:25,0.069309
08:22:25,0.010956
08:22:25,-0.122643
08:22:26,0.176521
08:22:26,0.130816
08:22:26,0.190327
08:22:26,0.028436
08:22:26,-0.004288
08:22:26,0.084427
08:22:26,-0.069297
08:22:26,0.015607
08:22:26,-0.021081
08:22:26,-0.175324
08:22:27,0.015295
08:22:27,-0.052916
08:22:27,-0.029106
08:22:27,0.043654
08:22:27,0.152704
08:22:27,-0.101852
08:22:27,-0.040387
08:22:27,-0.09181
08:22:27,-0.099622
08:22:27,-0.071348
08:22:28,-0.023574
08:22:28,0.070305
08:22:28,0.038453
08:22:28,-0.126823
08:22:28,0.155299
08:22:28,0.113329
08:22:28,-0.108142
08:22:28,0.146893
08:22:28,0.039233
08:22:28,-0.018775
08:22:29,0.04297
08:22:29,-0.003092
08:22:29,0.065409
08:22:29,0.022478
08:22:29,-0.040491
08:22:29,-0.243099
08:22:29,0.063262
08:22:29,-0.044839
08:22:29,0.093354
08:22:29,0.057801
08:22:30,-0.04172
08:22:30,0.122759
08:22:30,0.024581
08:22:30,0.019637
08:22:30,-0.016573
08:22:30,0.202027
08:22:30,-0.085592
08:22:30,-0.038721
08:22:30,-0.14848
08:22:30,0.087208
08:22:31,-0.069858
08:22:31,-0.056404
08:22:31,-0.062032
08:22:31,0.007527
08:22:31,-0.150091
08:22:31,-0.269189
08:22:31,0.054924
08:22:31,-0.253627
08:22:31,0.102497
08:22:31,0.187023
08:22:32,-0.019707
08:22:32,0.155939
08:22:32,-0.002911
08:22:32,0.191909
08:22:32,-0.054746
08:22:32,-0.283786
08:22:32,-0.009589
08:22:32,0.204956
08:22:32,0.064196
08:22:32,-0.061839
08:22:33,0.039468
08:22:33,0.116535
08:22:33,-0.010274
08:22:33,0.315167
08:22:33,-0.06209
08:22:33,0.120301
08:22:33,0.091432
08:22:33,-0.083979
08:22:33,-0.050933
08:22:33,0.122172
08:22:34,0.017375
08:22:34,0.040569
08:22:34,-0.196316
08:22:34,0.07872
08:22:34,0.034476
08:22:34,-0.007669
08:22:34,0.043307
08:22:34,-0.049106
08:22:34,-0.071028
08:22:34,-0.029026
08:22:35,-0.055704
08:22:35,0.261664
08:22:35,0.109424
08:22:35,-0.116216
08:22:35,0.244356
08:22:35,-0.051943
08:22:35,0.003535
08:22:35,0.10769
08:22:35,-0.236399
08:22:35,-0.028443
08:22:36,-0.0688
08:22:36,0.02461
08:22:36,0.044406
08:22:36,-0.009271
08:22:36,-0.014838
08:22:36,0.127816
08:22:36,0.036178
08:22:36,0.004971
08:22:36,0.017744
08:22:36,0.220307
08:22:37,0.020721
08:22:37,-0.061734
08:22:37,-0.22908
08:22:37,-0.172072
08:22:37,-0.056043
08:22:37,-0.013005
08:22:37,-0.066675
08:22:37,0.042137
08:22:37,-0.068221
08:22:37,-0.109739
08:22:38,0.073517
08:22:38,0.164327
08:22:38,-0.13286
08:22:38,0.029246
08:22:38,-0.228601
08:22:38,-0.176945
08:22:38,-0.070652
08:22:38,0.136189
08:22:38,-0.093445
08:22:38,-0.097932
08:22:39,0.00433
08:22:39,0.00445
08:22:39,-0.094216
08:22:39,0.238347
08:22:39,-0.031844
08:22:39,0.01363
08:22:39,-0.048214
08:22:39,0.052797
08:22:39,0.148195
08:22:39,0.19964
08:22:40,-0.091472
08:22:40,0.132095
08:22:40,0.065962
08:22:40,0.116944
08:22:40,-0.011026
08:22:40,-0.022445
08:22:40,0.112286
08:22:40,0.114563
08:22:40,0.187886
08:22:40,0.023826
08:22:41,-0.01283
08:22:41,-0.295182
08:22:41,-0.193351
08:22:41,-0.04731
08:22:41,-0.132127
08:22:41,0.097696
08:22:41,-0.157203
08:22:41,-0.060157
08:22:41,-0.055443
08:22:41,0.144569
08:22:42,-0.072989
08:22:42,0.054289
08:22:42,0.023485
08:22:42,0.108395
08:22:42,0.102026
08:22:42,-0.004013
08:22:42,-0.203555
08:22:42,-0.027809
08:22:42,-0.002395
08:22:42,0.034321
08:22:43,-0.088507
08:22:43,0.136908
08:22:43,0.001634
08:22:43,-0.11046
08:22:43,-0.054987
08:22:43,0.231425
08:22:43,0.079725
08:22:43,0.125815
08:22:43,-0.12499
08:22:43,-0.08266
08:22:44,-0.081771
08:22:44,0.022127
08:22:44,-0.02088
08:22:44,-0.058739
08:22:44,-0.043688
08:22:44,-0.095284
08:22:44,-0.021581
08:22:44,0.133586
08:22:44,-0.181577
08:22:44,0.041578
08:22:45,0.165611
08:22:45,-0.021982
08:22:45,-0.063465
08:22:45,0.110908
08:22:45,-0.118107
08:22:45,-0.002723
08:22:45,-0.124781
08:22:45,-0.224412
08:22:45,-0.018238
08:22:45,-0.151607
08:22:46,-0.0014
08:22:46,0.133804
08:22:46,0.222511
08:22:46,0.011224
08:22:46,0.122306
08:22:46,0.047876
08:22:46,-0.045974
08:22:46,-0.230973
08:22:46,0.195179
08:22:46,-0.125892
08:22:47,0.165933
08:22:47,0.064417
08:22:47,-0.117122
08:22:47,0.03744
08:22:47,0.255949
08:22:47,0.184278
08:22:47,-0.061526
08:22:47,-0.085438
08:22:47,0.012025
08:22:47,-0.019862
08:22:48,0.143968
08:22:48,0.088751
08:22:48,-0.203069
08:22:48,0.055041
08:22:48,-0.021491
08:22:48,0.004453
08:22:48,0.029873
08:22:48,0.143847
08:22:48,0.117335
08:22:48,-0.089969
08:22:49,-0.007033
08:22:49,-0.053823
08:22:49,-0.201822
08:22:49,-0.013124
08:22:49,0.221371
08:22:49,-0.205445
08:22:49,-0.002887
08:22:49,-0.006737
08:22:49,0.034528
08:22:49,-0.115527
08:22:50,-0.171013
08:22:50,-0.165432
08:22:50,0.159712
08:22:50,-0.117922
08:22:50,-0.059947
08:22:50,0.252556
08:22:50,-0.088111
08:22:50,0.041088
08:22:50,0.127657
08:22:50,0.121886
08:22:51,-0.159789
08:22:51,-0.085602
08:22:51,0.036284
08:22:51,0.231482
08:22:51,-0.091381
08:22:51,-0.059234
08:22:51,0.050349
08:22:51,0.074359
08:22:51,0.08163
08:22:51,-0.101563
08:22:52,-0.063846
08:22:52,0.02586
08:22:52,0.151477
08:22:52,-0.028618
08:22:52,-0.002676
08:22:52,-0.123111
08:22:52,0.223587
08:22:52,0.018512
08:22:52,0.129331
08:22:52,0.003588
08:22:53,0.010232
08:22:53,-0.180037
08:22:53,-0.258091
08:22:53,0.150229
08:22:53,0.009367
08:22:53,0.024771
08:22:53,-0.149886
08:22:53,-0.108368
08:22:53,0.127476
08:22:53,0.208817
08:22:54,-0.074553
08:22:54,0.080578
08:22:54,0.022803
08:22:54,-0.014463
08:22:54,0.222235
08:22:54,-0.054384
08:22:54,0.148886
08:22:54,0.045771
08:22:54,-0.002027
08:22:54,0.164642
08:22:55,0.034816
08:22:55,-0.011571
08:22:55,0.165533
08:22:55,0.149911
08:22:55,0.144236
08:22:55,-0.466537
08:22:55,0.052821
08:22:55,0.025454
08:22:55,-0.004184
08:22:55,0.073174
08:22:56,0.031267
08:22:56,0.081337
08:22:56,-0.032155
08:22:56,0.179782
08:22:56,0.093473
08:22:56,0.065103
08:22:56,0.059245
08:22:56,0.138874
08:22:56,0.122603
08:22:56,-0.013533
08:22:57,0.118837
08:22:57,0.020886
08:22:57,0.230031
08:22:57,0.131727
08:22:57,-0.075073
08:22:57,0.279685
08:22:57,-0.252245
08:22:57,0.076483
08:22:57,-0.08355
08:22:57,0.225862
08:22:58,0.030337
08:22:58,-0.095255
08:22:58,-0.031979
08:22:58,-0.085672
08:22:58,-0.036693
08:22:58,-0.039438
08:22:58,-0.090139
08:22:58,0.032408
08:22:58,0.046947
08:22:58,-0.119557
08:22:59,-0.198992
08:22:59,0.037315
08:22:59,0.06383
08:22:59,0.087626
08:22:59,0.066141
08:22:59,0.188726
08:22:59,0.119648
08:22:59,0.321579
08:22:59,0.372078
08:22:59,-0.210972
08:23:00,-0.263657
08:23:00,-0.000887
08:23:00,0.060508
08:23:00,-0.009106
08:23:00,0.08443
08:23:00,-0.032429
08:23:00,-0.083274
08:23:00,-0.065147
08:23:00,-0.02402
08:23:00,0.101221
08:23:01,-0.058409
08:23:01,-0.034676
08:23:01,0.068426
08:23:01,-0.023856
08:23:01,0.134005
08:23:01,-0.110341
08:23:01,-0.136364
08:23:01,0.036555
08:23:01,0.048515
08:23:01,-0.103795
08:23:02,0.161231
08:23:02,0.230992
08:23:02,-0.075343
08:23:02,0.178476
08:23:02,-0.285856
08:23:02,0.129133
08:23:02,-0.102932
08:23:02,0.117129
08:23:02,-0.115353
08:23:02,-0.008219
08:23:03,-0.097214
08:23:03,-0.025666
08:23:03,0.219591
08:23:03,-0.012953
08:23:03,0.253236
08:23:03,-0.046298
08:23:03,0.179012
08:23:03,-0.195083
08:23:03,-0.034381
08:23:03,-0.064333
08:23:04,0.184525
08:23:04,0.02223
08:23:04,-0.25057
08:23:04,-0.157216
08:23:04,-0.121519
08:23:04,0.112086
08:23:04,0.096601
08:23:04,-0.036048
08:23:04,-0.065821
08:23:04,0.085967
08:23:05,-0.135543
08:23:05,0.05492
08:23:05,0.044702
08:23:05,-0.032951
08:23:05,0.047721
08:23:05,0.012251
08:23:05,0.05969
08:23:05,-0.160092
08:23:05,0.07374
08:23:05,0.123192
08:23:06,0.038514
08:23:06,0.072146
08:23:06,-0.01319
08:23:06,0.10696
08:23:06,0.00783
08:23:06,-0.137753
08:23:06,0.098426
08:23:06,-0.196098
08:23:06,0.033934
08:23:06,-0.046107
08:23:07,-0.053775
08:23:07,0.020639
08:23:07,-0.085115
08:23:07,0.061465
08:23:07,0.006816
08:23:07,-0.074075
08:23:07,0.160582
08:23:07,0.024574
08:23:07,0.075696
08:23:07,0.169991
08:23:08,0.168021
08:23:08,0.069574
08:23:08,-0.036319
08:23:08,-0.171564
08:23:08,0.024803
08:23:08,0.13135
08:23:08,0.042518
08:23:08,-0.41335
08:23:08,0.104407
08:23:08,0.11178
08:23:09,-0.036147
08:23:09,0.118603
08:23:09,0.075356
08:23:09,-0.082261
08:23:09,0.152556
08:23:09,-0.152097
08:23:09,-0.006869
08:23:09,-0.01884
08:23:09,-0.099053
08:23:09,0.036455
08:23:10,0.157244
08:23:10,0.149729
08:23:10,0.08684
08:23:10,-0.203511
08:23:10,-0.160314
08:23:10,0.01994
08:23:10,-0.004108
08:23:10,-0.05977
08:23:10,0.228639
08:23:10,0.012703
08:23:11,0.06509
08:23:11,0.118547
08:23:11,0.006595
08:23:11,0.310927
08:23:11,-0.112845
08:23:11,-0.072729
08:23:11,-0.113139
08:23:11,0.187519
08:23:11,0.09625
08:23:11,-0.065298
08:23:12,-0.103665
08:23:12,0.166187
08:23:12,0.043403
08:23:12,0.16925
08:23:12,-0.007218
08:23:12,0.061384
08:23:12,0.036027
08:23:12,-0.074893
08:23:12,-0.017297
08:23:12,-0.142116
08:23:13,0.059293
08:23:13,0.09135
08:23:13,0.118819
08:23:13,0.079985
08:23:13,-0.015385
08:23:13,0.186236
08:23:13,0.107077
08:23:13,0.166626
08:23:13,0.174154
08:23:13,-0.015072
08:23:14,0.046546
08:23:14,0.092948
08:23:14,-0.137897
08:23:14,-0.135237
08:23:14,-0.155917
08:23:14,-0.012972
08:23:14,-0.039998
08:23:14,-0.17228
08:23:14,0.017923
08:23:14,-0.011474
08:23:15,0.141869
08:23:15,0.241557
08:23:15,0.054774
08:23:15,-0.083596
08:23:15,0.077607
08:23:15,0.001116
08:23:15,-0.028815
08:23:15,-0.103392
08:23:15,-0.055706
08:23:15,-0.021335
08:23:16,0.096492
08:23:16,0.061323
08:23:16,0.219069
08:23:16,0.080921
08:23:16,0.050915
08:23:16,-0.036748
08:23:16,-0.124496
08:23:16,-0.068387
08:23:16,-0.083981
08:23:16,-0.307309
08:23:17,-0.121036
08:23:17,0.192265
08:23:17,0.044232
08:23:17,-0.045183
08:23:17,0.047818
08:23:17,-0.234409
08:23:17,0.033852
08:23:17,0.153299
08:23:17,-0.014534
08:23:17,-0.212639
08:23:18,-0.049673
08:23:18,0.153511
08:23:18,0.031036
08:23:18,-0.170197
08:23:18,0.284116
08:23:18,-0.150457
08:23:18,-0.029151
08:23:18,-0.124486
08:23:18,-0.12432
08:23:18,-0.054258
08:23:19,0.076338
08:23:19,0.154864
08:23:19,-0.04634
08:23:19,-0.121217
08:23:19,0.057437
08:23:19,0.060956
08:23:19,0.028845
08:23:19,0.033089
08:23:19,-0.013508
08:23:19,0.011778
08:23:20,-0.021798
08:23:20,0.128429
08:23:20,0.267415
08:23:20,0.021558
08:23:20,-0.000789
08:23:20,0.030703
08:23:20,-0.078951
08:23:20,0.091797
08:23:20,0.052941
08:23:20,-0.050456
08:23:21,0.108248
08:23:21,0.002279
08:23:21,-0.116407
08:23:21,0.042193
08:23:21,0.028439
08:23:21,0.11525
08:23:21,0.099786
08:23:21,-0.013107
08:23:21,-0.05665
08:23:21,0.000209
08:23:22,0.043597
08:23:22,0.058051
08:23:22,0.036169
08:23:22,-0.010891
08:23:22,0.119618
08:23:22,-0.080916
08:23:22,0.297528
08:23:22,0.091568
08:23:22,-0.135298
08:23:22,0.022228
08:23:23,0.092722
08:23:23,-0.041924
08:23:23,-0.179417
08:23:23,-0.124688
08:23:23,0.065051
08:23:23,-0.210554
08:23:23,-0.173921
08:23:23,0.06442
08:23:23,-0.026706
08:23:23,-0.083494
08:23:24,-0.059368
08:23:24,-0.176498
08:23:24,0.058134
08:23:24,-0.096785
08:23:24,-0.06429
08:23:24,0.041614
08:23:24,-0.030795
08:23:24,-0.084558
08:23:24,-0.238733
08:23:24,0.044091
08:23:25,0.009479
08:23:25,-0.062086
08:23:25,-0.124488
08:23:25,0.001531
08:23:25,0.057657
08:23:25,0.011731
08:23:25,0.196568
08:23:25,0.084573
08:23:25,-0.012874
08:23:25,0.088593
08:23:26,0.005839
08:23:26,0.005423
08:23:26,0.155564
08:23:26,-0.107767
08:23:26,0.002797
08:23:26,0.142765
08:23:26,0.037079
08:23:26,-0.044286
08:23:26,-0.204739
08:23:26,-0.272442
08:23:27,0.249142
08:23:27,0.037021
08:23:27,-0.070089
08:23:27,0.041935
08:23:27,-0.113721
08:23:27,-0.039744
08:23:27,-0.112913
08:23:27,-0.169593
08:23:27,-0.252598
08:23:27,-0.191719
08:23:28,0.122555
08:23:28,-0.118426
08:23:28,0.064187
08:23:28,0.114798
08:23:28,0.00199
08:23:28,-0.035828
08:23:28,0.015963
08:23:28,-0.049994
08:23:28,0.144469
08:23:28,0.225184
08:23:29,0.173977
08:23:29,-0.258188
08:23:29,-0.052443
08:23:29,0.000499
08:23:29,0.055567
08:23:29,-0.207278
08:23:29,-0.209213
08:23:29,0.156815
08:23:29,-0.067094
08:23:29,-0.178489
08:23:30,-0.132437
08:23:30,0.046857
08:23:30,-0.098706
08:23:30,0.028995
08:23:30,-0.117447
08:23:30,-0.209304
08:23:30,0.170926
08:23:30,0.047783
08:23:30,-0.04005
08:23:30,-0.062563
08:23:31,0.175788
08:23:31,0.070984
08:23:31,0.137618
08:23:31,-0.070043
08:23:31,0.00608
08:23:31,0.048264
08:23:31,-0.066008
08:23:31,-0.011464
08:23:31,-0.070033
08:23:31,0.047887
08:23:32,-0.158567
08:23:32,0.068636
08:23:32,0.037286
08:23:32,-0.024397
08:23:32,0.053942
08:23:32,-0.043793
08:23:32,-0.080416
08:23:32,0.065247
08:23:32,0.070442
08:23:32,-0.060872
08:23:33,-0.071166
08:23:33,-0.021957
08:23:33,-0.066241
08:23:33,0.183014
08:23:33,0.037977
08:23:33,0.001752
08:23:33,-0.111927
08:23:33,0.088679
08:23:33,-0.073393
08:23:33,-0.07833
08:23:34,0.092714
08:23:34,0.046479
08:23:34,-0.300414
08:23:34,-0.018932
08:23:34,0.015062
08:23:34,-0.040752
08:23:34,0.019244
08:23:34,-0.217163
08:23:34,-0.339722
08:23:34,-0.117056
08:23:35,0.03387
08:23:35,-0.386995
08:23:35,-0.101226
08:23:35,-0.230731
08:23:35,-0.029115
08:23:35,0.234948
08:23:35,-0.026061
08:23:35,-0.0129
08:23:35,0.100708
08:23:35,0.002557
08:23:36,-0.025799
08:23:36,0.111198
08:23:36,0.056626
08:23:36,0.034635
08:23:36,-0.016654
08:23:36,-0.041528
08:23:36,0.110061
08:23:36,-0.040376
08:23:36,0.14775
08:23:36,-0.125658
08:23:37,0.172054
08:23:37,0.056645
08:23:37,-0.116224
08:23:37,0.061077
08:23:37,-0.078036
08:23:37,0.004011
08:23:37,-0.058395
08:23:37,-0.015949
08:23:37,0.112972
08:23:37,0.062221
08:23:38,-0.135044
08:23:38,-0.128172
08:23:38,0.032493
08:23:38,0.041182
08:23:38,-0.080933
08:23:38,0.190958
08:23:38,0.097619
08:23:38,-0.075069
08:23:38,-0.086671
08:23:38,-0.027338
08:23:39,-0.039823
08:23:39,0.150739
08:23:39,0.118143
08:23:39,0.004208
08:23:39,0.081349
08:23:39,0.098757
08:23:39,0.006991
08:23:39,0.048314
08:23:39,0.071303
08:23:39,0.058513
08:23:40,-0.093456
08:23:40,-0.081325
08:23:40,-0.034631
08:23:40,-0.0848
08:23:40,-0.176772
08:23:40,0.081114
08:23:40,0.041569
08:23:40,-0.160724
08:23:40,-0.02891
08:23:40,-0.022114
08:23:41,0.021833
08:23:41,-0.129831
08:23:41,-0.162479
08:23:41,0.062367
08:23:41,-0.184075
08:23:41,-0.02792
08:23:41,-0.039129
08:23:41,-0.014794
08:23:41,0.030326
08:23:41,0.191828
08:23:42,-0.191939
08:23:42,0.10519
08:23:42,-0.301459
08:23:42,0.167245
08:23:42,-0.245144
08:23:42,0.292367
08:23:42,-0.046772
08:23:42,0.154846
08:23:42,0.130099
08:23:42,-0.052379
08:23:43,-0.04317
08:23:43,-0.100459
08:23:43,0.094484
08:23:43,-0.050816
08:23:43,-0.098278
08:23:43,0.064473
08:23:43,-0.107661
08:23:43,-0.039478
08:23:43,0.012853
08:23:43,-0.077092
08:23:44,-0.058986
08:23:44,0.184198
08:23:44,-0.024508
08:23:44,-0.043155
08:23:44,-0.021015
08:23:44,0.054535
08:23:44,-0.124064
08:23:44,0.051266
08:23:44,0.030698
08:23:44,-0.214639
08:23:45,0.215311
08:23:45,0.175298
08:23:45,-0.096068
08:23:45,-0.134691
08:23:45,0.027366
08:23:45,-0.171104
08:23:45,0.163714
08:23:45,-0.056214
08:23:45,0.194617
08:23:45,-0.098928
08:23:46,-0.013464
08:23:46,0.152066
08:23:46,-0.038789
08:23:46,0.032651
08:23:46,0.131119
08:23:46,-0.066726
08:23:46,-0.151409
08:23:46,-0.175045
08:23:46,0.070012
08:23:46,0.046653
08:23:47,0.1274
08:23:47,-0.032885
08:23:47,-0.171688
08:23:47,-0.28233
08:23:47,0.344156
08:23:47,0.063231
08:23:47,0.016415
08:23:47,0.033437
08:23:47,-0.171761
08:23:47,-0.095385
08:23:48,0.2092
08:23:48,0.079002
08:23:48,-0.091632
08:23:48,-0.147218
08:23:48,-0.061883
08:23:48,-0.037852
08:23:48,0.245898
08:23:48,-0.022592
08:23:48,-0.142746
08:23:48,-0.007032
08:23:49,0.031721
08:23:49,-0.153666
08:23:49,0.04826
08:23:49,0.14507
08:23:49,0.016641
08:23:49,-0.095648
08:23:49,-0.063464
08:23:49,-0.19906
08:23:49,-0.01606
08:23:49,0.037294
08:23:50,-0.107596
08:23:50,0.232764
08:23:50,0.095074
08:23:50,-0.215133
08:23:50,-0.212672
08:23:50,-0.118083
08:23:50,0.188782
08:23:50,0.106911
08:23:50,0.194845
08:23:50,0.001225
08:23:51,-0.025139
08:23:51,-0.149701
08:23:51,0.041962
08:23:51,-0.02354
08:23:51,-0.028161
08:23:51,0.194166
08:23:51,-0.015161
08:23:51,0.159718
08:23:51,-0.190569
08:23:51,0.322573
08:23:52,-0.044792
08:23:52,0.084862
08:23:52,0.103953
08:23:52,-0.059683
08:23:52,0.098284
08:23:52,0.10452
08:23:52,-0.085577
08:23:52,-0.084156
08:23:52,0.005437
08:23:52,-0.013859
08:23:53,0.167176
08:23:53,0.08432
08:23:53,-0.008451
08:23:53,0.072729
08:23:53,-0.245598
08:23:53,-0.073837
08:23:53,0.034539
08:23:53,0.133844
08:23:53,0.023972
08:23:53,0.174989
08:23:54,0.104153
08:23:54,-0.0586
08:23:54,-0.016804
08:23:54,0.049011
08:23:54,-0.053836
08:23:54,0.183755
08:23:54,-0.133047
08:23:54,0.037933
08:23:54,0.088254
08:23:54,-0.037614
08:23:55,-0.064656
08:23:55,-0.00913
08:23:55,0.09744
08:23:55,-0.059982
08:23:55,-0.128271
08:23:55,0.13807
08:23:55,0.047916
08:23:55,0.120943
08:23:55,0.09112
08:23:55,0.261587
08:23:56,0.133797
08:23:56,-0.08689
08:23:56,0.056432
08:23:56,-0.066899
08:23:56,-0.054495
08:23:56,-0.1695
08:23:56,-0.034334
08:23:56,0.065404
08:23:56,-0.007923
08:23:56,-0.131924
08:23:57,-0.182762
08:23:57,0.253422
08:23:57,0.039019
08:23:57,-0.098888
08:23:57,0.055414
08:23:57,0.262702
08:23:57,0.074455
08:23:57,-0.334448
08:23:57,0.318275
08:23:57,-0.22191
08:23:58,-0.024721
08:23:58,-0.136009
08:23:58,-0.0888
08:23:58,0.034129
08:23:58,-0.248523
08:23:58,-0.010829
08:23:58,0.137681
08:23:58,-0.101189
08:23:58,-0.166834
08:23:58,-0.016717
08:23:59,-0.040601
08:23:59,-0.071427
08:23:59,-0.142602
08:23:59,0.062302
08:23:59,0.071432
08:23:59,-0.127878
08:23:59,-0.11127
08:23:59,0.016379
08:23:59,-0.115797
08:23:59,0.021439
08:24:00,0.176166
08:24:00,-0.007179
08:24:00,-0.145634
08:24:00,0.047052
08:24:00,-0.021319
08:24:00,-0.018019
08:24:00,0.057039
08:24:00,0.082924
08:24:00,0.00426
08:24:00,-0.007282
08:24:01,0.247625
08:24:01,0.144066
08:24:01,0.100026
08:24:01,0.015745
08:24:01,-0.120689
08:24:01,0.135286
08:24:01,0.017315
08:24:01,-0.06926
08:24:01,-0.029177
08:24:01,-0.115942
08:24:02,0.126879
08:24:02,0.081964
08:24:02,0.021796
08:24:02,-0.005134
08:24:02,-0.08168
08:24:02,-0.255609
08:24:02,-0.169551
08:24:02,-0.089117
08:24:02,-0.107156
08:24:02,0.034723
08:24:03,0.097379
08:24:03,-0.015413
08:24:03,0.16907
08:24:03,-0.093948
08:24:03,-0.016264
08:24:03,-0.006118
08:24:03,0.131062
08:24:03,0.012706
08:24:03,0.016028
08:24:03,-0.198581
08:24:04,-0.107989
08:24:04,0.131514
08:24:04,-0.249041
08:24:04,0.161159
08:24:04,0.05996
08:24:04,-0.089703
08:24:04,-0.099846
08:24:04,0.227515
08:24:04,0.169369
08:24:04,-0.014333
08:24:05,0.016151
08:24:05,-0.077542
08:24:05,0.016174
08:24:05,-0.080868
08:24:05,-0.009425
08:24:05,0.21724
08:24:05,-0.011474
08:24:05,-0.125763
08:24:05,-0.163965
08:24:05,0.015254
08:24:06,-0.091307
08:24:06,0.029592
08:24:06,-0.19434
08:24:06,0.08283
08:24:06,-0.12722
08:24:06,0.005556
08:24:06,-0.040596
08:24:06,0.206207
08:24:06,0.020579
08:24:06,0.233457
08:24:07,0.067289
08:24:07,0.171049
08:24:07,-0.025056
08:24:07,0.04146
08:24:07,0.146237
08:24:07,0.108595
08:24:07,0.063719
08:24:07,-0.039352
08:24:07,-0.019053
08:24:07,0.136519
08:24:08,0.161509
08:24:08,-0.071144
08:24:08,-0.089251
08:24:08,-0.108496
08:24:08,0.099564
08:24:08,-0.111537
08:24:08,0.098112
08:24:08,0.065483
08:24:08,-0.065411
08:24:08,0.187663
08:24:09,-0.175471
08:24:09,0.199144
08:24:09,0.038266
08:24:09,-0.248816
08:24:09,0.191026
08:24:09,0.116666
08:24:09,-0.051385
08:24:09,-0.115766
08:24:09,-0.188288
08:24:09,0.289854
08:24:10,-0.110806
08:24:10,-0.151631
08:24:10,0.03215
08:24:10,-0.196547
08:24:10,-0.117786
08:24:10,0.119396
08:24:10,0.055705
08:24:10,-0.046364
08:24:10,0.002197
08:24:10,-0.053096
08:24:11,-0.00744
08:24:11,-0.091417
08:24:11,-0.069629
08:24:11,-0.073281
08:24:11,-0.087103
08:24:11,0.125269
08:24:11,0.092414
08:24:11,-0.111884
08:24:11,-0.143327
08:24:11,-0.018873
08:24:12,0.258635
08:24:12,-0.123325
08:24:12,-0.019347
08:24:12,0.010646
08:24:12,-0.013037
08:24:12,-0.054985
08:24:12,0.13861
08:24:12,0.054535
08:24:12,0.101497
08:24:12,0.070726
08:24:13,0.107274
08:24:13,0.190129
08:24:13,0.159725
08:24:13,0.278976
08:24:13,0.146081
08:24:13,-0.080334
08:24:13,0.101677
08:24:13,0.085252
08:24:13,0.230435
08:24:13,-0.116059
08:24:14,0.066954
08:24:14,-0.081728
08:24:14,0.061505
08:24:14,-0.02577
08:24:14,0.057536
08:24:14,-0.169241
08:24:14,0.095187
08:24:14,0.024727
08:24:14,0.018263
08:24:14,0.234027
08:24:15,-0.045898
08:24:15,0.041072
08:24:15,0.012032
08:24:15,0.023765
08:24:15,0.266616
08:24:15,0.007657
08:24:15,-0.068074
08:24:15,0.224508
08:24:15,-0.036923
08:24:15,-0.192621
08:24:16,-0.088901
08:24:16,-0.14959
08:24:16,-0.215996
08:24:16,-0.043562
08:24:16,-0.008426
08:24:16,0.141663
08:24:16,0.075528
08:24:16,0.07006
08:24:16,-0.107185
08:24:16,0.106192
08:24:17,0.166948
08:24:17,0.047349
08:24:17,0.050702
08:24:17,-0.151763
08:24:17,0.126532
08:24:17,0.2137
08:24:17,0.038754
08:24:17,-0.071323
08:24:17,-0.019439
08:24:17,-0.05045
08:24:18,-0.043254
08:24:18,0.077758
08:24:18,0.033536
08:24:18,0.120472
08:24:18,0.044508
08:24:18,-0.103691
08:24:18,-0.060083
08:24:18,-0.067541
08:24:18,-0.022376
08:24:18,0.215366
08:24:19,0.234588
08:24:19,0.100392
08:24:19,0.014252
08:24:19,-0.163398
08:24:19,0.026401
08:24:19,-0.094801
08:24:19,0.195663
08:24:19,-0.192733
08:24:19,0.046138
08:24:19,-0.104909
08:24:20,-0.001142
08:24:20,0.079928
08:24:20,0.122636
08:24:20,-0.007283
08:24:20,0.091346
08:24:20,-0.079496
08:24:20,0.029465
08:24:20,0.120265
08:24:20,0.039852
08:24:20,-0.063521
08:24:21,-0.033485
08:24:21,0.121879
08:24:21,-0.131021
08:24:21,-0.113318
08:24:21,0.072191
08:24:21,-0.052697
08:24:21,-0.174367
08:24:21,0.162098
08:24:21,-0.131952
08:24:21,-0.023932
08:24:22,-0.074342
08:24:22,-0.035722
08:24:22,-0.106154
08:24:22,0.085714
08:24:22,0.013299
08:24:22,0.118038
08:24:22,-0.0731
08:24:22,0.255963
08:24:22,-0.228558
08:24:22,-0.190216
08:24:23,0.21037
08:24:23,0.056885
08:24:23,0.040966
08:24:23,0.051753
08:24:23,0.068545
08:24:23,0.035972
08:24:23,-0.115909
08:24:23,0.098183
08:24:23,0.079281
08:24:23,0.171412
08:24:24,0.211709
08:24:24,0.039657
08:24:24,-0.147306
08:24:24,0.212703
08:24:24,-0.122178
08:24:24,0.040556
08:24:24,-0.030808
08:24:24,-0.051675
08:24:24,0.091716
08:24:24,0.029335
08:24:25,0.061589
08:24:25,-0.097882
08:24:25,-0.020889
08:24:25,-0.092344
08:24:25,-0.023889
08:24:25,-0.014251
08:24:25,0.221317
08:24:25,-0.031127
08:24:25,-0.255072
08:24:25,0.167411
08:24:26,0.053911
08:24:26,-0.015721
08:24:26,-0.052466
08:24:26,-0.113631
08:24:26,0.232566
08:24:26,0.006221
08:24:26,-0.20853
08:24:26,0.039329
08:24:26,0.144741
08:24:26,0.018772
08:24:27,-0.108191
08:24:27,-0.118929
08:24:27,-0.110078
08:24:27,0.182599
08:24:27,-0.0086
08:24:27,-0.201447
08:24:27,0.046096
08:24:27,0.016924
08:24:27,-0.053867
08:24:27,-0.122449
08:24:28,-0.127667
08:24:28,0.130396
08:24:28,0.029702
08:24:28,0.057437
08:24:28,0.029371
08:24:28,0.039323
08:24:28,-0.056207
08:24:28,-0.0247
08:24:28,0.139789
08:24:28,0.169751
08:24:29,-0.146651
08:24:29,-0.024991
08:24:29,0.100714
08:24:29,0.22585
08:24:29,0.213835
08:24:29,-0.095491
08:24:29,0.153006
08:24:29,0.007036
08:24:29,0.12533
08:24:29,0.094593
08:24:30,-0.151676
08:24:30,0.065997
08:24:30,0.120684
08:24:30,-0.002419
08:24:30,-0.029558
08:24:30,-0.1886
08:24:30,0.082034
08:24:30,0.02505
08:24:30,-0.110662
08:24:30,-0.039101
08:24:31,0.01854
08:24:31,-0.067036
08:24:31,0.000321
08:24:31,-0.209992
08:24:31,0.161931
08:24:31,0.001909
08:24:31,-0.131922
08:24:31,-0.295165
08:24:31,0.123496
08:24:31,0.066971
08:24:32,0.025282
08:24:32,0.103638
08:24:32,0.103308
08:24:32,0.023333
08:24:32,-0.030506
08:24:32,-0.050057
08:24:32,0.050513
08:24:32,0.167644
08:24:32,-0.012348
08:24:32,0.177177
08:24:33,0.044778
08:24:33,0.045683
08:24:33,0.288613
08:24:33,0.198321
08:24:33,0.201433
08:24:33,-0.095714
08:24:33,0.263062
08:24:33,-0.009866
08:24:33,-0.027299
08:24:33,-0.25911
08:24:34,0.039155
08:24:34,-0.130002
08:24:34,0.04899
08:24:34,-0.139388
08:24:34,0.215724
08:24:34,0.066189
08:24:34,0.273585
08:24:34,-0.122763
08:24:34,0.185902
08:24:34,-0.216325
08:24:35,0.024969
08:24:35,-0.075795
08:24:35,-0.053755
08:24:35,-0.06198
08:24:35,-0.109766
08:24:35,-0.151163
08:24:35,-0.053091
08:24:35,0.013923
08:24:35,0.139643
08:24:35,0.035442
08:24:36,0.139985
08:24:36,-0.177381
08:24:36,-0.051956
08:24:36,0.085321
08:24:36,0.041183
08:24:36,-0.103341
08:24:36,0.112088
08:24:36,-0.063753
08:24:36,-0.093284
08:24:36,0.058434
08:24:37,0.00074
08:24:37,-0.062749
08:24:37,-0.066824
08:24:37,-0.128376
08:24:37,-0.04749
08:24:37,0.132001
08:24:37,0.029346
08:24:37,0.115031
08:24:37,0.061928
08:24:37,-0.07347
08:24:38,-0.197897
08:24:38,-0.111223
08:24:38,-0.080548
08:24:38,-0.08983
08:24:38,0.117722
08:24:38,0.116471
08:24:38,0.265426
08:24:38,-0.091647
08:24:38,0.191694
08:24:38,0.190952
08:24:39,-0.027872
08:24:39,0.056827
08:24:39,0.148888
08:24:39,-0.007071
08:24:39,-0.016367
08:24:39,-0.07528
08:24:39,-0.283205
08:24:39,0.008457
08:24:39,-0.085184
08:24:39,-0.129042
08:24:40,0.050663
08:24:40,-0.174157
08:24:40,0.09673
08:24:40,0.058032
08:24:40,-0.048023
08:24:40,-0.007597
08:24:40,-0.142827
08:24:40,0.090041
08:24:40,0.022484
08:24:40,0.031422
08:24:41,0.060227
08:24:41,-0.07709
08:24:41,-0.182287
08:24:41,0.114878
08:24:41,0.082646
08:24:41,-0.064243
08:24:41,0.049093
08:24:41,0.150957
08:24:41,0.136644
08:24:41,-0.067747
08:24:42,-0.178651
08:24:42,-0.158066
08:24:42,-0.037407
08:24:42,0.175478
08:24:42,-0.087413
08:24:42,-0.071559
08:24:42,-0.074029
08:24:42,-0.063808
08:24:42,-0.001347
08:24:42,-0.153606
08:24:43,0.130123
08:24:43,-0.017379
08:24:43,0.297496
08:24:43,-0.140829
08:24:43,0.190784
08:24:43,0.166961
08:24:43,-0.049402
08:24:43,-0.047407
08:24:43,-0.110556
08:24:43,-0.109179
08:24:44,-7.3e-05
08:24:44,0.002484
08:24:44,-0.192283
08:24:44,0.275221
08:24:44,-0.031142
08:24:44,0.007873
08:24:44,-0.075148
08:24:44,-0.032041
08:24:44,-0.042945
08:24:44,-0.000352
08:24:45,-0.001751
08:24:45,0.096584
08:24:45,0.027266
08:24:45,0.084514
08:24:45,-0.001177
08:24:45,0.02775
08:24:45,-0.028957
08:24:45,0.120373
08:24:45,0.038715
08:24:45,-0.018969
08:24:46,-0.022549
08:24:46,-0.013109
08:24:46,0.003653
08:24:46,-0.006763
08:24:46,-0.067061
08:24:46,0.091788
08:24:46,0.099369
08:24:46,0.214063
08:24:46,-0.072436
08:24:46,0.079973
08:24:47,-0.229096
08:24:47,0.099485
08:24:47,-0.17479
08:24:47,-0.11812
08:24:47,0.039867
08:24:47,-0.07458
08:24:47,-0.091002
08:24:47,-0.058178
08:24:47,0.087555
08:24:47,-0.111947
08:24:48,-0.006499
08:24:48,-0.045439
08:24:48,0.098387
08:24:48,0.101751
08:24:48,-0.220234
08:24:48,0.125413
08:24:48,-0.073291
08:24:48,0.028355
08:24:48,-0.112669
08:24:48,0.044536
08:24:49,0.306162
08:24:49,0.01526
08:24:49,-0.055182
08:24:49,-0.027859
08:24:49,-0.176284
08:24:49,0.173876
08:24:49,0.037546
08:24:49,-0.125868
08:24:49,-0.121958
08:24:49,0.001834
08:24:50,0.111839
08:24:50,-0.138119
08:24:50,0.133609
08:24:50,-0.010996
08:24:50,-0.111629
08:24:50,-0.056123
08:24:50,0.209826
08:24:50,-0.166586
08:24:50,-0.087827
08:24:50,0.11431
08:24:51,0.025975
08:24:51,-0.094949
08:24:51,0.115775
08:24:51,0.121475
08:24:51,0.039767
08:24:51,-0.073488
08:24:51,-0.054997
08:24:51,0.034161
08:24:51,-0.157431
08:24:51,0.159334
08:24:52,0.204025
08:24:52,-0.028315
08:24:52,0.042733
08:24:52,0.142296
08:24:52,0.234667
08:24:52,0.186838
08:24:52,-0.208265
08:24:52,-0.037866
08:24:52,0.060083
08:24:52,-0.059306
08:24:53,0.213932
08:24:53,0.195525
08:24:53,-0.097912
08:24:53,-0.019488
08:24:53,-0.089946
08:24:53,-0.023415
08:24:53,-0.027052
08:24:53,0.114511
08:24:53,-0.106616
08:24:53,-0.31401
08:24:54,-0.192545
08:24:54,-0.123396
08:24:54,-0.078683
08:24:54,0.022461
08:24:54,-0.129575
08:24:54,-0.145332
08:24:54,-0.111534
08:24:54,-0.133878
08:24:54,-0.066539
08:24:54,-0.071674
08:24:55,0.082687
08:24:55,-0.118744
08:24:55,-0.042912
08:24:55,-0.065403
08:24:55,0.097066
08:24:55,-0.018514
08:24:55,0.126084
08:24:55,-0.138284
08:24:55,-0.005924
08:24:55,-0.069107
08:24:56,-0.147126
08:24:56,-0.008101
08:24:56,0.207951
08:24:56,-0.102349
08:24:56,-0.015295
08:24:56,-0.157468
08:24:56,-0.175107
08:24:56,-0.09447
08:24:56,-0.053998
08:24:56,-0.04867
08:24:57,-0.027123
08:24:57,-0.1978
08:24:57,-0.075114
08:24:57,0.060211
08:24:57,-0.162989
08:24:57,-0.042617
08:24:57,0.035141
08:24:57,-0.093872
08:24:57,0.040983
08:24:57,-0.182535
08:24:58,0.106614
08:24:58,0.043896
08:24:58,0.00668
08:24:58,0.134978
08:24:58,-0.039522
08:24:58,-0.074143
08:24:58,0.164705
08:24:58,0.220892
08:24:58,-0.083213
08:24:58,-0.013649
08:24:59,0.125405
08:24:59,-0.009377
08:24:59,0.071351
08:24:59,0.093648
08:24:59,-0.067477
08:24:59,0.050313
08:24:59,-0.000743
08:24:59,-0.146024
08:24:59,-0.118758
08:24:59,-0.07829
08:25:00,0.111422
08:25:00,0.115363
08:25:00,0.08999
08:25:00,0.052813
08:25:00,0.049539
08:25:00,0.033307
08:25:00,0.048912
08:25:00,0.057044
08:25:00,-0.168531
08:25:00,-0.09483
08:25:01,-0.123471
08:25:01,0.132857
08:25:01,0.198492
08:25:01,-0.260286
08:25:01,0.187778
08:25:01,0.010407
08:25:01,0.121526
08:25:01,0.060776
08:25:01,0.172847
08:25:01,0.025169
08:25:02,-0.163615
08:25:02,-0.012681
08:25:02,0.061879
08:25:02,-0.025915
08:25:02,0.078928
08:25:02,-0.007884
08:25:02,-0.071461
08:25:02,-0.130317
08:25:02,-0.047018
08:25:02,0.024549
08:25:03,-0.235127
08:25:03,-0.093609
08:25:03,-0.239603
08:25:03,-0.074049
08:25:03,0.143678
08:25:03,-0.142334
08:25:03,0.084379
08:25:03,0.341859
08:25:03,0.174425
08:25:03,0.016022
08:25:04,0.103012
08:25:04,-0.164362
08:25:04,-0.18881
08:25:04,0.003444
08:25:04,0.047833
08:25:04,0.131329
08:25:04,-0.068251
08:25:04,0.023207
08:25:04,0.019093
08:25:04,-0.015767
08:25:05,-0.008697
08:25:05,-0.102565
08:25:05,0.033565
08:25:05,0.023406
08:25:05,-0.052801
08:25:05,0.079893
08:25:05,0.12334
08:25:05,0.081285
08:25:05,-0.125093
08:25:05,0.011957
08:25:06,-0.109372
08:25:06,0.011587
08:25:06,-0.108904
08:25:06,0.15326
08:25:06,0.094
08:25:06,0.138359
08:25:06,0.126207
08:25:06,-0.032472
08:25:06,-0.051073
08:25:06,0.209007
08:25:07,-0.019814
08:25:07,-0.16255
08:25:07,0.120896
08:25:07,0.017253
08:25:07,0.180713
08:25:07,0.029156
08:25:07,-0.0024
08:25:07,0.183134
08:25:07,-0.184616
08:25:07,-0.070243
08:25:08,-0.106484
08:25:08,-0.26341
08:25:08,0.104781
08:25:08,-0.06689
08:25:08,0.108644
08:25:08,0.04669
08:25:08,0.072857
08:25:08,-0.054648
08:25:08,-0.09171
08:25:08,0.010771
08:25:09,0.1103
08:25:09,-0.006046
08:25:09,-0.084232
08:25:09,-0.143882
08:25:09,0.0245
08:25:09,-0.066488
08:25:09,-0.008609
08:25:09,-0.028653
08:25:09,-0.053332
08:25:09,0.035256
08:25:10,0.06654
08:25:10,0.235833
08:25:10,0.090956
08:25:10,0.191242
08:25:10,-0.098232
08:25:10,-0.192113
08:25:10,-0.001732
08:25:10,0.102963
08:25:10,0.084139
08:25:10,0.145366
08:25:11,-0.304385
08:25:11,0.150357
08:25:11,0.040256
08:25:11,-0.185282
08:25:11,0.086823
08:25:11,0.020338
08:25:11,0.045748
08:25:11,0.119893
08:25:11,0.051633
08:25:11,-0.176739
08:25:12,-0.017163
08:25:12,-0.194117
08:25:12,0.077887
08:25:12,0.167756
08:25:12,-0.148974
08:25:12,-0.080576
08:25:12,-0.105884
08:25:12,-0.054469
08:25:12,0.049491
08:25:12,-0.053168
08:25:13,0.078304
08:25:13,0.127846
08:25:13,0.132211
08:25:13,-0.134182
08:25:13,0.166311
08:25:13,0.175929
08:25:13,0.186322
08:25:13,-0.018938
08:25:13,-0.090221
08:25:13,-0.118109
08:25:14,-0.132214
08:25:14,0.001403
08:25:14,0.101742
08:25:14,0.156787
08:25:14,-0.058267
08:25:14,-0.004643
08:25:14,-0.012503
08:25:14,-0.076234
08:25:14,0.08829
08:25:14,0.043542
08:25:15,0.017019
08:25:15,0.042997
08:25:15,0.073854
08:25:15,0.072652
08:25:15,-0.100619
08:25:15,0.107559
08:25:15,0.030644
08:25:15,-0.052154
08:25:15,0.028108
08:25:15,0.041337
08:25:16,0.129814
08:25:16,-0.125539
08:25:16,0.158998
08:25:16,0.00278
08:25:16,-0.060738
08:25:16,-0.064411
08:25:16,-0.120164
08:25:16,-0.20891
08:25:16,0.081288
08:25:16,0.237706
08:25:17,-0.194114
08:25:17,-0.114051
08:25:17,0.09019
08:25:17,-0.005476
08:25:17,0.10013
08:25:17,-0.012206
08:25:17,-0.069675
08:25:17,-0.027101
08:25:17,-0.285851
08:25:17,-0.137218
08:25:18,0.113794
08:25:18,0.143028
08:25:18,0.16874
08:25:18,0.052904
08:25:18,-0.270728
08:25:18,-0.076201
08:25:18,0.158959
08:25:18,0.194767
08:25:18,0.163518
08:25:18,-0.02835
08:25:19,-0.156789
08:25:19,-0.004876
08:25:19,0.001777
08:25:19,0.187868
08:25:19,0.027335
08:25:19,0.002002
08:25:19,0.008819
08:25:19,0.047983
08:25:19,0.075173
08:25:19,-0.086944
08:25:20,-0.126914
08:25:20,0.164467
08:25:20,-0.196925
08:25:20,0.19653
08:25:20,-0.229281
08:25:20,-0.070145
08:25:20,0.116622
08:25:20,4.1e-05
08:25:20,-0.157977
08:25:20,0.051171
08:25:21,0.008041
08:25:21,-0.025926
08:25:21,-0.074871
08:25:21,-0.004153
08:25:21,-0.069831
08:25:21,0.292144
08:25:21,-0.028802
08:25:21,-0.044851
08:25:21,-0.064996
08:25:21,0.213234
08:25:22,-0.196688
08:25:22,0.043132
08:25:22,-0.028715
08:25:22,-0.170808
08:25:22,-0.098289
08:25:22,0.038034
08:25:22,-0.103727
08:25:22,0.031148
08:25:22,0.207498
08:25:22,0.020472
08:25:23,-0.174421
08:25:23,-0.101616
08:25:23,-0.034249
08:25:23,-0.042268
08:25:23,0.018242
08:25:23,0.037493
08:25:23,0.207663
08:25:23,-0.000446
08:25:23,-0.138263
08:25:23,0.138457
08:25:24,0.151563
08:25:24,0.027893
08:25:24,-0.029567
08:25:24,0.074706
08:25:24,-0.02533
08:25:24,-0.246685
08:25:24,0.067617
08:25:24,0.10707
08:25:24,0.17293
08:25:24,-0.087691
08:25:25,0.02714
08:25:25,0.029736
08:25:25,0.010246
08:25:25,0.013783
08:25:25,0.004456
08:25:25,0.02541
08:25:25,0.088882
08:25:25,0.146435
08:25:25,-0.09076
08:25:25,-0.020676
08:25:26,-0.050713
08:25:26,-0.067881
08:25:26,-0.193924
08:25:26,0.002907
08:25:26,0.057518
08:25:26,-0.018612
08:25:26,-0.001075
08:25:26,0.050212
08:25:26,0.169334
08:25:26,-0.050372
08:25:27,-0.140593
08:25:27,-0.010853
08:25:27,0.226027
08:25:27,-0.139308
08:25:27,0.078016
08:25:27,0.13895
08:25:27,-0.283864
08:25:27,0.049227
08:25:27,0.072409
08:25:27,-0.03208
08:25:28,-0.077573
08:25:28,-0.070879
08:25:28,-0.039428
08:25:28,-0.036252
08:25:28,-0.058893
08:25:28,-0.041337
08:25:28,0.142895
08:25:28,-0.145731
08:25:28,-0.209887
08:25:28,0.144814
08:25:29,-0.023042
08:25:29,-0.046588
08:25:29,-0.013346
08:25:29,0.025113
08:25:29,-0.062886
08:25:29,0.060712
08:25:29,-0.115472
08:25:29,-0.036219
08:25:29,-0.265764
08:25:29,0.140668
08:25:30,-0.021131
08:25:30,0.080412
08:25:30,0.057189
08:25:30,0.065978
08:25:30,-0.000933
08:25:30,0.046587
08:25:30,-0.115354
08:25:30,-0.140541
08:25:30,-0.012133
08:25:30,-0.081573
08:25:31,0.171056
08:25:31,0.045017
08:25:31,-0.085978
08:25:31,-0.032585
08:25:31,0.015961
08:25:31,-0.00816
08:25:31,0.03261
08:25:31,0.008239
08:25:31,-0.166879
08:25:31,-0.258109
08:25:32,-0.044833
08:25:32,0.067259
08:25:32,-0.043484
08:25:32,0.148388
08:25:32,-0.005626
08:25:32,0.162864
08:25:32,0.138228
08:25:32,0.126154
08:25:32,-0.144421
08:25:32,0.002057
08:25:33,0.146733
08:25:33,0.032681
08:25:33,0.066523
08:25:33,-0.166546
08:25:33,0.230255
08:25:33,-0.094965
08:25:33,-0.239331
08:25:33,-0.042135
08:25:33,-0.293698
08:25:33,-0.130215
08:25:34,0.307021
08:25:34,-0.045605
08:25:34,-0.171334
08:25:34,0.003036
08:25:34,-0.107736
08:25:34,0.103742
08:25:34,-0.106745
08:25:34,0.032488
08:25:34,-0.137647
08:25:34,0.311883
08:25:35,0.060435
08:25:35,-0.017461
08:25:35,-0.035155
08:25:35,-0.066432
08:25:35,-0.09131
08:25:35,-0.094608
08:25:35,0.201399
08:25:35,-0.066314
08:25:35,-0.25553
08:25:35,-0.139916
08:25:36,0.111327
08:25:36,-0.030279
08:25:36,-0.01609
08:25:36,0.140378
08:25:36,-0.09326
08:25:36,0.07589
08:25:36,-0.080146
08:25:36,0.069105
08:25:36,-0.046936
08:25:36,-0.028986
08:25:37,0.098416
08:25:37,0.089763
08:25:37,-0.019851
08:25:37,-0.056595
08:25:37,0.191898
08:25:37,0.07072
08:25:37,-0.046937
08:25:37,-0.07837
08:25:37,0.122988
08:25:37,0.013848
08:25:38,-0.019626
08:25:38,0.013797
08:25:38,0.040536
08:25:38,-0.006803
08:25:38,0.144442
08:25:38,0.151121
08:25:38,0.063827
08:25:38,0.164966
08:25:38,0.00102
08:25:38,0.08284
08:25:39,0.120535
08:25:39,0.122285
08:25:39,0.10992
08:25:39,0.075743
08:25:39,0.234855
08:25:39,-0.064763
08:25:39,-0.018626
08:25:39,-0.025741
08:25:39,-0.044168
08:25:39,-0.238653
08:25:40,0.164984
08:25:40,-0.123125
08:25:40,0.020378
08:25:40,-0.170623
08:25:40,0.074486
08:25:40,-0.094248
08:25:40,-0.136315
08:25:40,0.023321
08:25:40,-0.084088
08:25:40,-0.068899
08:25:41,0.020615
08:25:41,0.095999
08:25:41,-0.098208
08:25:41,-0.118943
08:25:41,0.002818
08:25:41,0.06471
08:25:41,0.175531
08:25:41,-0.12856
08:25:41,-0.038156
08:25:41,0.141094
08:25:42,0.236771
08:25:42,-0.119171
08:25:42,-0.088657
08:25:42,0.045732
08:25:42,-0.069329
08:25:42,-0.091108
08:25:42,0.029336
08:25:42,0.18593
08:25:42,-0.157138
08:25:42,0.1798
08:25:43,-0.068972
08:25:43,0.041495
08:25:43,0.190902
08:25:43,0.039039
08:25:43,-0.035699
08:25:43,0.086181
08:25:43,-0.02078
08:25:43,0.062562
08:25:43,-0.024562
08:25:43,0.103338
08:25:44,-0.167308
08:25:44,-0.121623
08:25:44,-0.169071
08:25:44,-0.006772
08:25:44,-0.183545
08:25:44,-0.08302
08:25:44,-0.132901
08:25:44,0.177561
08:25:44,-0.118882
08:25:44,-0.154385
08:25:45,0.029801
08:25:45,0.202419
08:25:45,-0.013928
08:25:45,-0.004646
08:25:45,0.154891
08:25:45,0.105388
08:25:45,0.05105
08:25:45,-0.069881
08:25:45,0.054715
08:25:45,-0.163294
08:25:46,-0.074841
08:25:46,0.171776
08:25:46,0.156239
08:25:46,0.052498
08:25:46,-0.231522
08:25:46,-0.144987
08:25:46,-0.081537
08:25:46,-0.020604
08:25:46,-0.150049
08:25:46,-0.029558
08:25:47,0.212075
08:25:47,0.0481
08:25:47,0.026259
08:25:47,-0.122107
08:25:47,-0.196678
08:25:47,-0.147384
08:25:47,-0.201527
08:25:47,0.009004
08:25:47,0.046066
08:25:47,-0.115835
08:25:48,0.01775
08:25:48,0.176279
08:25:48,0.234924
08:25:48,0.092449
08:25:48,-0.020981
08:25:48,0.088573
08:25:48,0.162217
08:25:48,-0.240867
08:25:48,0.177848
08:25:48,-0.06535
08:25:49,-0.064196
08:25:49,-0.042591
08:25:49,0.03841
08:25:49,-0.133351
08:25:49,-0.034178
08:25:49,0.063033
08:25:49,0.026229
08:25:49,0.045698
08:25:49,-0.038876
08:25:49,0.083245
08:25:50,0.12677
08:25:50,0.119573
08:25:50,0.051313
08:25:50,0.112667
08:25:50,0.104527
08:25:50,0.321181
08:25:50,0.146168
08:25:50,-0.010649
08:25:50,-0.109402
08:25:50,-0.031337
08:25:51,-0.039814
08:25:51,0.061371
08:25:51,-0.084031
08:25:51,0.143061
08:25:51,-0.166748
08:25:51,-0.195903
08:25:51,-0.016214
08:25:51,-0.101107
08:25:51,-0.150988
08:25:51,-0.076448
08:25:52,-0.091378
08:25:52,0.001216
08:25:52,-0.074456
08:25:52,-0.064696
08:25:52,-0.000584
08:25:52,0.121709
08:25:52,0.176489
08:25:52,0.017732
08:25:52,0.027065
08:25:52,-0.021982
08:25:53,0.05775
08:25:53,0.046826
08:25:53,0.159102
08:25:53,-0.226645
08:25:53,-0.02814
08:25:53,0.040703
08:25:53,-0.003154
08:25:53,-0.112701
08:25:53,-0.155924
08:25:53,0.096759
08:25:54,-0.090831
08:25:54,-0.210588
08:25:54,0.102789
08:25:54,0.055078
08:25:54,-0.013905
08:25:54,-0.109746
08:25:54,-0.013613
08:25:54,0.145871
08:25:54,-0.193764
08:25:54,-0.187677
08:25:55,-0.075332
08:25:55,-0.003197
08:25:55,-0.059555
08:25:55,0.077138
08:25:55,0.13066
08:25:55,0.033452
08:25:55,0.067252
08:25:55,0.032652
08:25:55,0.001141
08:25:55,-0.155227
08:25:56,-0.123359
08:25:56,-0.16211
08:25:56,-0.017821
08:25:56,0.027873
08:25:56,-0.173911
08:25:56,0.008711
08:25:56,-0.105026
08:25:56,-0.128304
08:25:56,-0.075042
08:25:56,-0.134457
08:25:57,0.072799
08:25:57,-0.020161
08:25:57,0.097826
08:25:57,-0.05322
08:25:57,-0.048682
08:25:57,0.224806
08:25:57,-0.194767
08:25:57,0.154138
08:25:57,0.198543
08:25:57,0.091898
08:25:58,-0.039656
08:25:58,0.171228
08:25:58,-0.038611
08:25:58,-0.084694
08:25:58,-0.046592
08:25:58,-0.068423
08:25:58,-0.113595
08:25:58,0.133201
08:25:58,-0.092814
08:25:58,-0.003558
08:25:59,-0.173253
08:25:59,0.003697
08:25:59,-0.138711
08:25:59,-0.141658
08:25:59,-0.013115
08:25:59,0.126837
08:25:59,0.05285
08:25:59,0.061094
08:25:59,-0.01559
08:25:59,-0.040277
08:26:00,0.094937
08:26:00,-0.067581
08:26:00,0.100132
08:26:00,0.148314
08:26:00,-0.100966
08:26:00,-0.083333
08:26:00,-0.065483
08:26:00,-0.176036
08:26:00,-0.056328
08:26:00,0.156174
08:26:01,-0.125469
08:26:01,0.159024
08:26:01,-0.052013
08:26:01,0.253684
08:26:01,-0.081818
08:26:01,-0.017278
08:26:01,-0.109222
08:26:01,-0.082524
08:26:01,0.160582
08:26:01,0.056944
08:26:02,0.123458
08:26:02,-0.157871
08:26:02,0.078579
08:26:02,-0.116573
08:26:02,-0.160478
08:26:02,0.028652
08:26:02,0.027425
08:26:02,0.006401
08:26:02,0.086107
08:26:02,0.104828
08:26:03,0.176368
08:26:03,-0.142841
08:26:03,0.180242
08:26:03,0.225877
08:26:03,-0.043948
08:26:03,-0.200219
08:26:03,-0.16602
08:26:03,-0.055422
08:26:03,0.241697
08:26:03,0.00205
08:26:04,-0.074062
08:26:04,-0.082248
08:26:04,-0.158727
08:26:04,0.104949
08:26:04,-0.011048
08:26:04,0.25198
08:26:04,0.075385
08:26:04,0.099592
08:26:04,-0.029053
08:26:04,-0.130924
08:26:05,-0.10483
08:26:05,-0.16431
08:26:05,0.109247
08:26:05,-0.04619
08:26:05,0.1143
08:26:05,0.01631
08:26:05,-0.035138
08:26:05,-0.140352
08:26:05,0.036196
08:26:05,-0.026236
08:26:06,0.108262
08:26:06,-0.085849
08:26:06,0.073933
08:26:06,0.196902
08:26:06,0.032707
08:26:06,0.094235
08:26:06,0.068627
08:26:06,0.227771
08:26:06,0.044587
08:26:06,0.083995
08:26:07,-0.004353
08:26:07,-0.092927
08:26:07,-0.144981
08:26:07,0.152031
08:26:07,-0.121003
08:26:07,0.089504
08:26:07,0.049922
08:26:07,0.110134
08:26:07,-0.061765
08:26:07,-0.094888
08:26:08,0.045405
08:26:08,-0.035081
08:26:08,-0.147723
08:26:08,0.232623
08:26:08,-0.094969
08:26:08,-0.119236
08:26:08,-0.029056
08:26:08,0.150343
08:26:08,-0.260008
08:26:08,0.140386
08:26:09,-0.109377
08:26:09,0.031743
08:26:09,-0.081121
08:26:09,0.23903
08:26:09,0.014954
08:26:09,-0.084971
08:26:09,-0.036131
08:26:09,0.010756
08:26:09,0.021321
08:26:09,0.052651
08:26:10,-0.000169
08:26:10,-0.165259
08:26:10,-0.040832
08:26:10,0.072799
08:26:10,-0.080386
08:26:10,0.080734
08:26:10,0.003806
08:26:10,-0.026129
08:26:10,0.143297
08:26:10,-0.208576
08:26:11,-0.081039
08:26:11,0.147891
08:26:11,0.219606
08:26:11,0.274319
08:26:11,0.006043
08:26:11,0.054948
08:26:11,0.098091
08:26:11,0.153009
08:26:11,0.037571
08:26:11,0.111138
08:26:12,0.055173
08:26:12,0.062667
08:26:12,-0.110204
08:26:12,-0.039506
08:26:12,-0.062732
08:26:12,-0.142667
08:26:12,-0.198193
08:26:12,-0.050835
08:26:12,-0.031666
08:26:12,0.012604
08:26:13,0.066689
08:26:13,0.022575
08:26:13,-0.030829
08:26:13,-0.109815
08:26:13,0.105248
08:26:13,-0.012219
08:26:13,-0.052055
08:26:13,-0.022375
08:26:13,-0.087929
08:26:13,-0.063681
08:26:14,-0.067495
08:26:14,-0.03448
08:26:14,0.078691
08:26:14,0.048853
08:26:14,0.185608
08:26:14,0.145407
08:26:14,0.234771
08:26:14,0.067099
08:26:14,0.065173
08:26:14,-0.05849
08:26:15,0.099122
08:26:15,-0.078734
08:26:15,-0.176455
08:26:15,0.183159
08:26:15,-0.149902
08:26:15,0.052662
08:26:15,-0.10564
08:26:15,0.1352
08:26:15,0.151554
08:26:15,0.063501
08:26:16,0.149564
08:26:16,0.00088
08:26:16,0.268101
08:26:16,0.08954
08:26:16,-0.108066
08:26:16,0.008353
08:26:16,-0.0183
08:26:16,-0.030051
08:26:16,-0.198857
08:26:16,0.046424
08:26:17,-0.16629
08:26:17,-0.303049
08:26:17,-0.041282
08:26:17,-0.090707
08:26:17,-0.103384
08:26:17,-0.372372
08:26:17,-0.102101
08:26:17,-0.020837
08:26:17,-0.076098
08:26:17,0.046481
08:26:18,0.167119
08:26:18,0.061964
08:26:18,0.123167
08:26:18,0.133095
08:26:18,-0.122263
08:26:18,0.052694
08:26:18,0.119419
08:26:18,-0.052315
08:26:18,-0.094875
08:26:18,0.063649
08:26:19,-0.177795
08:26:19,-0.130561
08:26:19,-0.080011
08:26:19,0.054062
08:26:19,0.02627
08:26:19,0.123885
08:26:19,-0.110624
08:26:19,-0.117057
08:26:19,0.062869
08:26:19,-0.09584
08:26:20,-0.07242
08:26:20,-0.222812
08:26:20,0.034902
08:26:20,0.184955
08:26:20,-0.123515
08:26:20,0.122604
08:26:20,-0.007128
08:26:20,-0.21185
08:26:20,-0.107367
08:26:20,-0.114776
08:26:21,-0.037983
08:26:21,0.050342
08:26:21,0.221871
08:26:21,-0.171737
08:26:21,-0.058173
08:26:21,-0.107518
08:26:21,-0.152158
08:26:21,0.011454
08:26:21,0.000178
08:26:21,-0.217656
08:26:22,0.002178
08:26:22,-0.144648
08:26:22,0.001419
08:26:22,0.15234
08:26:22,0.055568
08:26:22,0.021302
08:26:22,-0.063452
08:26:22,0.008024
08:26:22,0.067591
08:26:22,0.0557
08:26:23,-0.011906
08:26:23,0.026085
08:26:23,-0.157987
08:26:23,-0.08812
08:26:23,0.084907
08:26:23,0.101044
08:26:23,0.011232
08:26:23,0.177476
08:26:23,0.060962
08:26:23,-0.027975
08:26:24,-0.14637
08:26:24,0.172648
08:26:24,0.092438
08:26:24,0.215797
08:26:24,0.260022
08:26:24,-0.154433
08:26:24,-0.15412
08:26:24,-0.343584
08:26:24,0.110203
08:26:24,0.078778
08:26:25,0.011733
08:26:25,-0.147136
08:26:25,-0.010684
08:26:25,0.022165
08:26:25,0.093927
08:26:25,0.032758
08:26:25,0.079656
08:26:25,-0.014896
08:26:25,0.141778
08:26:25,0.075808
08:26:26,-0.142432
08:26:26,0.166706
08:26:26,0.147069
08:26:26,0.055857
08:26:26,0.033686
08:26:26,0.199033
08:26:26,-0.195998
08:26:26,0.148947
08:26:26,-0.057145
08:26:26,0.131421
08:26:27,0.014445
08:26:27,-0.149151
08:26:27,-0.059582
08:26:27,0.122607
08:26:27,-0.025225
08:26:27,-0.074578
08:26:27,-0.075381
08:26:27,0.07707
08:26:27,0.210076
08:26:27,-0.256906
08:26:28,0.336082
08:26:28,0.02445
08:26:28,0.069627
08:26:28,-0.052351
08:26:28,-0.000422
08:26:28,0.023102
08:26:28,-0.125892
08:26:28,-0.096682
08:26:28,0.142148
08:26:28,-0.186282
08:26:29,0.052925
08:26:29,-0.044462
08:26:29,-0.115285
08:26:29,0.236632
08:26:29,-0.11454
08:26:29,-0.135612
08:26:29,-0.022437
08:26:29,-0.092227
08:26:29,0.000766
08:26:29,0.018648
08:26:30,0.028159
08:26:30,-0.014867
08:26:30,-0.084259
08:26:30,0.077208
08:26:30,-0.013403
08:26:30,-0.059474
08:26:30,0.177599
08:26:30,-0.014557
08:26:30,0.131038
08:26:30,0.147221
08:26:31,0.154521
08:26:31,0.082939
08:26:31,-7.6e-05
08:26:31,-0.007685
08:26:31,-0.029294
08:26:31,-0.260027
08:26:31,0.086257
08:26:31,0.029336
08:26:31,0.099063
08:26:31,-0.01404
08:26:32,0.079779
08:26:32,-0.165301
08:26:32,-0.140312
08:26:32,-0.297145
08:26:32,-0.016122
08:26:32,-0.092703
08:26:32,-0.108406
08:26:32,0.040158
08:26:32,-0.051061
08:26:32,-0.171971
08:26:33,0.305372
08:26:33,-0.004441
08:26:33,-0.12998
08:26:33,-0.08038
08:26:33,-0.020777
08:26:33,-0.02103
08:26:33,0.15626
08:26:33,-0.009532
08:26:33,0.222625
08:26:33,-0.051891
08:26:34,0.051172
08:26:34,0.122638
08:26:34,0.143418
08:26:34,0.157425
08:26:34,-0.032641
08:26:34,-0.000659
08:26:34,-0.297531
08:26:34,-0.023521
08:26:34,0.130951
08:26:34,0.10762
08:26:35,-0.010378
08:26:35,0.203897
08:26:35,-0.046081
08:26:35,-0.085937
08:26:35,-0.056179
08:26:35,-0.134696
08:26:35,0.074687
08:26:35,0.034618
08:26:35,0.073198
08:26:35,-0.049725
08:26:36,-0.006969
08:26:36,-0.26141
08:26:36,0.045147
08:26:36,0.011861
08:26:36,-0.132063
08:26:36,-0.012559
08:26:36,-0.030942
08:26:36,0.211717
08:26:36,-0.127335
08:26:36,0.039771
08:26:37,-0.130892
08:26:37,-0.066945
08:26:37,0.033218
08:26:37,-0.025364
08:26:37,-0.000719
08:26:37,0.039927
08:26:37,-0.059243
08:26:37,0.106098
08:26:37,-0.036658
08:26:37,-0.011707
08:26:38,0.043357
08:26:38,0.02724
08:26:38,0.077307
08:26:38,0.038036
08:26:38,0.056284
08:26:38,-0.039045
08:26:38,-0.128253
08:26:38,-0.171317
08:26:38,-0.200485
08:26:38,0.211527
08:26:39,-0.265533
08:26:39,0.143247
08:26:39,-0.098504
08:26:39,0.142373
08:26:39,-0.264305
08:26:39,-0.028211
08:26:39,0.174483
08:26:39,0.085585
08:26:39,-0.040472
08:26:39,-0.233157
08:26:40,-0.158699
08:26:40,0.166698
08:26:40,-0.041789
08:26:40,-0.008619
08:26:40,0.034024
08:26:40,-0.156341
08:26:40,0.048875
08:26:40,-0.050354
08:26:40,0.035244
08:26:40,-0.069366
08:26:41,-0.188774
08:26:41,-0.051285
08:26:41,0.076893
08:26:41,0.047287
08:26:41,0.003712
08:26:41,0.107776
08:26:41,-0.024431
08:26:41,0.006753
08:26:41,-0.057572
08:26:41,0.114794
08:26:42,0.034983
08:26:42,-0.066835
08:26:42,-0.178684
08:26:42,0.132595
08:26:42,-0.089288
08:26:42,0.008648
08:26:42,0.282312
08:26:42,0.096181
08:26:42,0.193338
08:26:42,-0.064575
08:26:43,0.128517
08:26:43,0.0032
08:26:43,0.043922
08:26:43,0.242501
08:26:43,-0.033437
08:26:43,0.002311
08:26:43,-0.108386
08:26:43,0.106616
08:26:43,-0.067275
08:26:43,0.122725
08:26:44,-0.19799
08:26:44,0.065837
08:26:44,-0.077243
08:26:44,0.087662
08:26:44,-0.001627
08:26:44,-0.064241
08:26:44,-0.046387
08:26:44,-0.102047
08:26:44,0.100535
08:26:44,-0.125836
08:26:45,-0.032049
08:26:45,0.041429
08:26:45,0.193619
08:26:45,-0.001116
08:26:45,-0.029101
08:26:45,0.032836
08:26:45,-0.248816
08:26:45,-0.143837
08:26:45,-0.045044
08:26:45,-0.085556
08:26:46,-0.1921
08:26:46,0.102933
08:26:46,0.031171
08:26:46,0.016832
08:26:46,-0.083279
08:26:46,0.009527
08:26:46,0.061734
08:26:46,-0.031788
08:26:46,0.053349
08:26:46,-0.095527
08:26:47,0.011698
08:26:47,0.1371
08:26:47,0.147842
08:26:47,0.159311
08:26:47,0.034268
08:26:47,0.003794
08:26:47,-0.053855
08:26:47,-0.216898
08:26:47,-0.161388
08:26:47,-0.020167
08:26:48,-0.012995
08:26:48,0.169467
08:26:48,0.157776
08:26:48,-0.082378
08:26:48,0.098199
08:26:48,-0.057248
08:26:48,0.081914
08:26:48,0.096722
08:26:48,0.149051
08:26:48,-0.059117
08:26:49,0.121716
08:26:49,-0.224738
08:26:49,0.155546
08:26:49,-0.003002
08:26:49,-0.000447
08:26:49,-0.244492
08:26:49,-0.04664
08:26:49,0.162658
08:26:49,-0.051204
08:26:49,0.085616
08:26:50,0.004147
08:26:50,0.12752
08:26:50,0.02298
08:26:50,-0.111817
08:26:50,0.006774
08:26:50,0.192146
08:26:50,0.059717
08:26:50,-0.013974
08:26:50,0.270689
08:26:50,0.139106
08:26:51,0.098008
08:26:51,0.038081
08:26:51,0.087633
08:26:51,0.091528
08:26:51,-0.261938
08:26:51,0.047392
08:26:51,-0.019297
08:26:51,-0.059973
08:26:51,-0.023452
08:26:51,-0.186702
08:26:52,-0.216553
08:26:52,0.14958
08:26:52,0.055459
08:26:52,-0.289561
08:26:52,-0.069166
08:26:52,0.105666
08:26:52,-0.033602
08:26:52,0.149401
08:26:52,0.12597
08:26:52,-0.162805
08:26:53,-0.017199
08:26:53,-0.053771
08:26:53,-0.166709
08:26:53,-0.174513
08:26:53,-0.096723
08:26:53,-0.076911
08:26:53,0.033988
08:26:53,0.125306
08:26:53,0.061637
08:26:53,0.090045
08:26:54,-0.031994
08:26:54,0.07236
08:26:54,-0.017805
08:26:54,-0.052977
08:26:54,0.227652
08:26:54,-0.279657
08:26:54,-0.224797
08:26:54,0.045924
08:26:54,-0.031798
08:26:54,-0.172438
08:26:55,-0.126553
08:26:55,-0.110929
08:26:55,0.10708
08:26:55,0.145489
08:26:55,0.196748
08:26:55,-0.190681
08:26:55,-0.164055
08:26:55,-0.172275
08:26:55,0.154663
08:26:55,0.050067
08:26:56,0.009624
08:26:56,0.027555
08:26:56,-0.006813
08:26:56,-0.134537
08:26:56,0.061581
08:26:56,-0.022337
08:26:56,-0.144039
08:26:56,0.068914
08:26:56,-0.051095
08:26:56,0.027298
08:26:57,-0.014997
08:26:57,0.106965
08:26:57,0.02642
08:26:57,-0.106044
08:26:57,0.03864
08:26:57,0.042563
08:26:57,0.06136
08:26:57,0.124305
08:26:57,-0.073918
08:26:57,0.080152
08:26:58,-0.206978
08:26:58,-0.014398
08:26:58,-0.032959
08:26:58,0.173741
08:26:58,-0.01876
08:26:58,0.072959
08:26:58,-0.211413
08:26:58,-0.042211
08:26:58,-0.101563
08:26:58,0.297061
08:26:59,-0.080016
08:26:59,0.008793
08:26:59,0.015189
08:26:59,-0.190737
08:26:59,-0.063124
08:26:59,0.048572
08:26:59,0.010287
08:26:59,-0.276049
08:26:59,-0.068039
08:26:59,0.122499
08:27:00,0.070587
08:27:00,0.146164
08:27:00,-0.118278
08:27:00,0.153712
08:27:00,-0.005329
08:27:00,0.191067
08:27:00,0.000397
08:27:00,-0.245697
08:27:00,0.101911
08:27:00,-0.053222
08:27:01,-0.045148
08:27:01,-0.174372
08:27:01,0.194664
08:27:01,-0.062532
08:27:01,0.189004
08:27:01,-0.051749
08:27:01,-0.111329
08:27:01,0.158344
08:27:01,-0.0088
08:27:01,-0.007629
08:27:02,-0.153795
08:27:02,-0.054915
08:27:02,0.051443
08:27:02,-0.155902
08:27:02,-0.064691
08:27:02,-0.050454
08:27:02,0.007973
08:27:02,0.177547
08:27:02,-0.035994
08:27:02,-0.08286
08:27:03,0.329564
08:27:03,-0.051982
08:27:03,-0.022879
08:27:03,-0.042942
08:27:03,-0.033212
08:27:03,0.009331
08:27:03,0.110496
08:27:03,0.048479
08:27:03,0.129251
08:27:03,0.125283
08:27:04,0.025026
08:27:04,0.045157
08:27:04,0.133048
08:27:04,-0.133345
08:27:04,0.299785
08:27:04,-0.06151
08:27:04,-0.042116
08:27:04,-0.145428
08:27:04,-0.141858
08:27:04,0.116884
08:27:05,0.272423
08:27:05,-0.068069
08:27:05,0.041678
08:27:05,0.02642
08:27:05,0.120029
08:27:05,0.266246
08:27:05,0.182517
08:27:05,-0.028639
08:27:05,0.063452
08:27:05,0.075367
08:27:06,-0.002411
08:27:06,-0.131512
08:27:06,-0.095853
08:27:06,0.137778
08:27:06,0.150157
08:27:06,-0.024908
08:27:06,0.031327
08:27:06,0.143672
08:27:06,-0.204512
08:27:06,-0.053562
08:27:07,0.242145
08:27:07,0.035917
08:27:07,-0.135506
08:27:07,0.014074
08:27:07,0.122572
08:27:07,-0.305584
08:27:07,0.021154
08:27:07,-0.04469
08:27:07,-0.19704
08:27:07,0.009831
08:27:08,-0.016378
08:27:08,-0.002891
08:27:08,-0.041791
08:27:08,-0.122561
08:27:08,-0.174576
08:27:08,-0.082883
08:27:08,0.10311
08:27:08,0.027968
08:27:08,-0.008301
08:27:08,-0.124772
08:27:09,-0.04487
08:27:09,0.088459
08:27:09,0.060574
08:27:09,-0.057264
08:27:09,-0.313368
08:27:09,-0.080982
08:27:09,-0.057923
08:27:09,-0.108853
08:27:09,-0.049581
08:27:09,0.097986
08:27:10,-0.004476
08:27:10,0.118764
08:27:10,-0.181005
08:27:10,-0.036608
08:27:10,-0.232683
08:27:10,-0.051189
08:27:10,-0.125479
08:27:10,0.15375
08:27:10,0.049165
08:27:10,0.12178
08:27:11,-0.051522
08:27:11,-0.122366
08:27:11,-0.126188
08:27:11,0.031853
08:27:11,0.217219
08:27:11,0.049486
08:27:11,-0.044972
08:27:11,-0.022653
08:27:11,-0.003756
08:27:11,0.243197
08:27:12,0.148033
08:27:12,0.031195
08:27:12,0.013168
08:27:12,0.035922
08:27:12,0.059313
08:27:12,-0.049584
08:27:12,-0.101289
08:27:12,0.123866
08:27:12,0.002638
08:27:12,0.113847
08:27:13,0.197539
08:27:13,0.062474
08:27:13,0.043026
08:27:13,0.384029
08:27:13,0.024842
08:27:13,-0.130866
08:27:13,-0.033747
08:27:13,0.186202
08:27:13,-0.1553
08:27:13,-0.090295
08:27:14,0.132771
08:27:14,-0.032594
08:27:14,-0.013229
08:27:14,0.128805
08:27:14,-0.086019
08:27:14,-0.176232
08:27:14,-0.166666
08:27:14,0.069814
08:27:14,0.031096
08:27:14,-0.083108
08:27:15,-0.139055
08:27:15,-0.032469
08:27:15,0.133982
08:27:15,-0.100298
08:27:15,-0.079522
08:27:15,-0.142863
08:27:15,-0.04409
08:27:15,0.040569
08:27:15,0.25382
08:27:15,0.026134
08:27:16,-0.006441
08:27:16,0.103552
08:27:16,0.083546
08:27:16,-0.069319
08:27:16,0.276247
08:27:16,-0.002926
08:27:16,0.028365
08:27:16,0.066162
08:27:16,0.041505
08:27:16,0.183048
08:27:17,-0.070789
08:27:17,0.094006
08:27:17,0.019748
08:27:17,0.117927
08:27:17,-0.025798
08:27:17,-0.04205
08:27:17,0.087849
08:27:17,0.042959
08:27:17,-0.098435
08:27:17,0.161473
08:27:18,0.087901
08:27:18,-0.008905
08:27:18,-0.056188
08:27:18,0.043696
08:27:18,0.079258
08:27:18,-0.191289
08:27:18,0.045082
08:27:18,0.078307
08:27:18,-0.282294
08:27:18,0.023543
08:27:19,0.083353
08:27:19,0.069705
08:27:19,0.096294
08:27:19,-0.039308
08:27:19,-0.124789
08:27:19,-0.215969
08:27:19,0.131067
08:27:19,0.084368
08:27:19,0.140219
08:27:19,-0.087017
08:27:20,0.09646
08:27:20,-0.180322
08:27:20,-0.104339
08:27:20,0.015117
08:27:20,0.079585
08:27:20,0.201481
08:27:20,-0.028808
08:27:20,-0.10389
08:27:20,-0.110058
08:27:20,-0.082542
08:27:21,0.266523
08:27:21,0.090825
08:27:21,0.133504
08:27:21,-0.028678
08:27:21,-0.000198
08:27:21,0.083912
08:27:21,-0.060696
08:27:21,-0.034957
08:27:21,-0.080965
08:27:21,-0.053699
08:27:22,0.005877
08:27:22,-0.098605
08:27:22,0.034317
08:27:22,0.03415
08:27:22,-0.02151
08:27:22,-0.099295
08:27:22,0.012596
08:27:22,-0.060589
08:27:22,0.005591
08:27:22,0.131775
08:27:23,-0.150353
08:27:23,0.260818
08:27:23,-0.008703
08:27:23,0.049421
08:27:23,-0.09033
08:27:23,0.137065
08:27:23,-0.015075
08:27:23,-0.047294
08:27:23,-0.069062
08:27:23,-0.032219
08:27:24,0.050202
08:27:24,0.020737
08:27:24,-0.004783
08:27:24,-0.085371
08:27:24,-0.092301
08:27:24,-0.055305
08:27:24,0.055233
08:27:24,0.079471
08:27:24,0.095645
08:27:24,-0.000176
08:27:25,0.046027
08:27:25,-0.020214
08:27:25,-0.209076
08:27:25,-0.025911
08:27:25,-0.045039
08:27:25,-0.124685
08:27:25,-0.068087
08:27:25,0.016211
08:27:25,-0.13599
08:27:25,-0.085294
08:27:26,0.185748
08:27:26,-0.192325
08:27:26,-0.021982
08:27:26,-0.139957
08:27:26,-0.090196
08:27:26,-0.023728
08:27:26,-0.118509
08:27:26,0.068872
08:27:26,0.162138
08:27:26,0.101001
08:27:27,0.122954
08:27:27,-0.165568
08:27:27,-0.029169
08:27:27,0.056091
08:27:27,0.104543
08:27:27,0.210402
08:27:27,0.128285
08:27:27,0.107579
08:27:27,0.316031
08:27:27,0.011557
08:27:28,-0.034687
08:27:28,0.021283
08:27:28,-0.109806
08:27:28,0.008116
08:27:28,-0.207222
08:27:28,-0.063542
08:27:28,-0.01384
08:27:28,0.113956
08:27:28,0.133331
08:27:28,-0.115634
08:27:29,0.249124
08:27:29,0.017805
08:27:29,0.028805
08:27:29,-0.194123
08:27:29,-0.074407
08:27:29,0.125979
08:27:29,0.020373
08:27:29,0.012938
08:27:29,0.027261
08:27:29,-0.173185
08:27:30,-0.011593
08:27:30,0.169
08:27:30,0.130405
08:27:30,-0.015024
08:27:30,0.18764
08:27:30,-0.151092
08:27:30,-0.116604
08:27:30,0.223635
08:27:30,0.069357
08:27:30,-0.034666
08:27:31,-0.006638
08:27:31,-0.096796
08:27:31,0.033191
08:27:31,0.023687
08:27:31,0.002386
08:27:31,-0.139171
08:27:31,0.031771
08:27:31,-0.063541
08:27:31,-0.118317
08:27:31,0.152009
08:27:32,0.260367
08:27:32,0.233114
08:27:32,0.078015
08:27:32,-0.03187
08:27:32,-0.008443
08:27:32,0.048672
08:27:32,-0.05043
08:27:32,0.158257
08:27:32,-0.244287
08:27:32,-0.035487
08:27:33,0.096129
08:27:33,-0.101419
08:27:33,-0.028818
08:27:33,0.071237
08:27:33,0.182192
08:27:33,-0.155273
08:27:33,-0.164169
08:27:33,-0.113524
08:27:33,-0.184504
08:27:33,-0.175965
08:27:34,-0.116719
08:27:34,0.148019
08:27:34,-0.037449
08:27:34,0.003765
08:27:34,-0.114656
08:27:34,0.076024
08:27:34,0.225092
08:27:34,-0.106516
08:27:34,0.20697
08:27:34,0.043731
08:27:35,0.002024
08:27:35,0.048015
08:27:35,0.046863
08:27:35,0.222853
08:27:35,0.062426
08:27:35,0.064933
08:27:35,-0.05058
08:27:35,0.100689
08:27:35,-0.114822
08:27:35,0.01308
08:27:36,0.345994
08:27:36,-0.300503
08:27:36,0.027978
08:27:36,0.032595
08:27:36,-0.027371
08:27:36,-0.024542
08:27:36,0.010969
08:27:36,-0.03024
08:27:36,0.026638
08:27:36,-0.058513
08:27:37,0.242687
08:27:37,-0.030242
08:27:37,0.068353
08:27:37,-0.080284
08:27:37,0.111977
08:27:37,0.088016
08:27:37,0.050311
08:27:37,-0.12328
08:27:37,-0.090288
08:27:37,0.202341
08:27:38,-0.091617
08:27:38,0.076908
08:27:38,-0.113361
08:27:38,0.121006
08:27:38,-0.082368
08:27:38,-0.115583
08:27:38,-0.085481
08:27:38,-0.066456
08:27:38,0.048561
08:27:38,0.008326
08:27:39,-0.131419
08:27:39,-0.003354
08:27:39,-0.13722
08:27:39,0.077227
08:27:39,0.099228
08:27:39,-0.002874
08:27:39,0.032598
08:27:39,0.210255
08:27:39,-0.018912
08:27:39,-0.113311
08:27:40,0.069503
08:27:40,-0.135918
08:27:40,-0.025268
08:27:40,-0.071879
08:27:40,-0.084218
08:27:40,-0.030011
08:27:40,0.107987
08:27:40,0.13268
08:27:40,0.111145
08:27:40,0.040362
08:27:41,-0.030926
08:27:41,-0.282939
08:27:41,0.044119
08:27:41,-0.27352
08:27:41,-0.230804
08:27:41,-0.0194
08:27:41,0.031749
08:27:41,-0.05413
08:27:41,0.184264
08:27:41,0.055452
08:27:42,-0.029929
08:27:42,0.166357
08:27:42,0.187814
08:27:42,0.061507
08:27:42,-0.093031
08:27:42,-0.066032
08:27:42,-0.173609
08:27:42,-0.00509
08:27:42,-0.126005
08:27:42,-0.039489
08:27:43,0.031272
08:27:43,-0.238045
08:27:43,-0.151649
08:27:43,-0.060822
08:27:43,-0.006303
08:27:43,-0.059267
08:27:43,-0.032462
08:27:43,-0.084742
08:27:43,-0.173928
08:27:43,-0.06417
08:27:44,-0.02558
08:27:44,-0.037247
08:27:44,0.013416
08:27:44,0.050267
08:27:44,0.081807
08:27:44,-0.076026
08:27:44,-0.189096
08:27:44,0.152592
08:27:44,0.046254
08:27:44,-0.114559
08:27:45,0.033325
08:27:45,0.128159
08:27:45,0.207501
08:27:45,0.030073
08:27:45,0.12716
08:27:45,-0.145152
08:27:45,-0.004308
08:27:45,-0.040202
08:27:45,0.041108
08:27:45,0.193343
08:27:46,0.029987
08:27:46,-0.112523
08:27:46,-0.151613
08:27:46,0.197494
08:27:46,0.061655
08:27:46,0.05377
08:27:46,-0.041248
08:27:46,0.032143
08:27:46,-0.118435
08:27:46,0.046464
08:27:47,-0.140984
08:27:47,-0.043115
08:27:47,-0.077147
08:27:47,-0.390884
08:27:47,-0.041612
08:27:47,-0.107864
08:27:47,-0.025247
08:27:47,0.000207
08:27:47,0.212152
08:27:47,0.036565
08:27:48,0.040094
08:27:48,0.059474
08:27:48,0.104617
08:27:48,0.054514
08:27:48,0.033806
08:27:48,0.08535
08:27:48,-0.291196
08:27:48,0.250686
08:27:48,0.190768
08:27:48,0.026056
08:27:49,-0.169561
08:27:49,0.145242
08:27:49,-0.083265
08:27:49,0.064061
08:27:49,-0.153949
08:27:49,0.267169
08:27:49,-0.173066
08:27:49,0.008278
08:27:49,-0.254662
08:27:49,-0.004947
08:27:50,-0.051034
08:27:50,0.136462
08:27:50,-0.051046
08:27:50,0.136635
08:27:50,-0.122894
08:27:50,-0.033835
08:27:50,-0.031429
08:27:50,0.059471
08:27:50,0.044205
08:27:50,0.086667
08:27:51,0.03202
08:27:51,0.079358
08:27:51,-0.107744
08:27:51,0.046656
08:27:51,0.192985
08:27:51,-0.201599
08:27:51,0.058681
08:27:51,0.081214
08:27:51,0.175342
08:27:51,0.087126
08:27:52,0.012038
08:27:52,0.051609
08:27:52,-0.088205
08:27:52,-0.046556
08:27:52,-0.160284
08:27:52,0.178444
08:27:52,0.054019
08:27:52,-0.109933
08:27:52,0.032563
08:27:52,0.139122
08:27:53,0.119135
08:27:53,-0.111317
08:27:53,-0.376061
08:27:53,0.047446
08:27:53,-0.106424
08:27:53,0.074679
08:27:53,0.114032
08:27:53,0.133636
08:27:53,0.209369
08:27:53,0.148363
08:27:54,0.209946
08:27:54,0.165487
08:27:54,0.175946
08:27:54,-0.004904
08:27:54,-0.154719
08:27:54,0.297872
08:27:54,0.007554
08:27:54,0.147445
08:27:54,-0.066033
08:27:54,0.115671
08:27:55,-0.293396
08:27:55,-0.049253
08:27:55,-0.011809
08:27:55,0.055513
08:27:55,0.128643
08:27:55,-0.131297
08:27:55,0.079196
08:27:55,0.1472
08:27:55,0.281509
08:27:55,0.084795
08:27:56,-0.055141
08:27:56,-0.152612
08:27:56,0.219504
08:27:56,0.088481
08:27:56,-0.002637
08:27:56,-0.194378
08:27:56,-0.111742
08:27:56,0.075758
08:27:56,0.04246
08:27:56,-0.23356
08:27:57,0.075914
08:27:57,-0.188212
08:27:57,0.162481
08:27:57,0.025027
08:27:57,-0.055611
08:27:57,0.118819
08:27:57,0.04242
08:27:57,0.158991
08:27:57,0.009657
08:27:57,0.016658
08:27:58,-0.03423
08:27:58,0.031556
08:27:58,0.203754
08:27:58,-0.060332
08:27:58,0.077755
08:27:58,-0.105653
08:27:58,-0.248008
08:27:58,0.024895
08:27:58,0.044449
08:27:58,-0.013206
08:27:59,-0.179518
08:27:59,0.036516
08:27:59,0.031958
08:27:59,-0.106654
08:27:59,-0.162419
08:27:59,-0.030287
08:27:59,0.078352
08:27:59,0.049999
08:27:59,-0.1057
08:27:59,0.016431
08:28:00,0.106455
08:28:00,-0.14072
08:28:00,0.007579
08:28:00,0.160757
08:28:00,-0.152992
08:28:00,0.138663
08:28:00,0.194302
08:28:00,-0.026665
08:28:00,-0.041161
08:28:00,0.123971
08:28:01,-0.022336
08:28:01,-0.282375
08:28:01,-0.011855
08:28:01,0.056448
08:28:01,0.08881
08:28:01,-0.105675
08:28:01,-0.032376
08:28:01,0.117229
08:28:01,-0.0072
08:28:01,-0.183449
08:28:02,0.148517
08:28:02,-0.025693
08:28:02,0.130946
08:28:02,-0.167455
08:28:02,-0.014518
08:28:02,0.061168
08:28:02,-0.010457
08:28:02,-0.141961
08:28:02,-0.286416
08:28:02,0.182792
08:28:03,0.029765
08:28:03,0.140016
08:28:03,0.11144
08:28:03,0.071622
08:28:03,-0.03856
08:28:03,0.058772
08:28:03,0.171904
08:28:03,0.009961
08:28:03,0.228204
08:28:03,-0.179931
08:28:04,-0.192829
08:28:04,0.118569
08:28:04,-0.098249
08:28:04,0.2452
08:28:04,0.160481
08:28:04,0.190509
08:28:04,0.106132
08:28:04,-0.11059
08:28:04,-0.199121
08:28:04,0.179435
08:28:05,-0.179948
08:28:05,0.190186
08:28:05,0.080354
08:28:05,-0.00915
08:28:05,0.053046
08:28:05,0.055835
08:28:05,-0.024289
08:28:05,0.171082
08:28:05,0.166968
08:28:05,0.018679
08:28:06,-0.071999
08:28:06,0.156714
08:28:06,-0.242707
08:28:06,0.053267
08:28:06,0.088749
08:28:06,-0.099402
08:28:06,0.116854
08:28:06,-0.003166
08:28:06,-0.065484
08:28:06,0.115587
08:28:07,-0.130282
08:28:07,0.104303
08:28:07,-0.237882
08:28:07,0.034285
08:28:07,0.005261
08:28:07,-0.064763
08:28:07,0.046755
08:28:07,-0.009548
08:28:07,0.126563
08:28:07,0.067218
08:28:08,0.054323
08:28:08,0.035023
08:28:08,-0.05666
08:28:08,-0.036216
08:28:08,0.029786
08:28:08,-0.020803
08:28:08,0.133374
08:28:08,0.011214
08:28:08,0.045116
08:28:08,-0.168322
08:28:09,0.113188
08:28:09,-0.069741
08:28:09,-0.125118
08:28:09,0.197542
08:28:09,0.083715
08:28:09,0.117251
08:28:09,0.05454
08:28:09,-0.011178
08:28:09,-0.033552
08:28:09,0.093493
08:28:10,0.135902
08:28:10,-0.008182
08:28:10,0.248705
08:28:10,-0.023678
08:28:10,-0.167281
08:28:10,-0.206583
08:28:10,-0.202533
08:28:10,-0.049657
08:28:10,-0.027842
08:28:10,0.081912
08:28:11,-0.003433
08:28:11,0.101205
08:28:11,0.005387
08:28:11,0.001623
08:28:11,-0.069302
08:28:11,0.170711
08:28:11,-0.183778
08:28:11,0.036157
08:28:11,-0.021798
08:28:11,0.093811
08:28:12,-0.0025
08:28:12,0.001037
08:28:12,-0.031997
08:28:12,0.167191
08:28:12,0.000289
08:28:12,0.236358
08:28:12,0.03267
08:28:12,0.002611
08:28:12,-0.017439
08:28:12,0.06771
08:28:13,-0.070607
08:28:13,0.017489
08:28:13,0.000976
08:28:13,0.03903
08:28:13,0.042004
08:28:13,0.048239
08:28:13,0.011389
08:28:13,0.188273
08:28:13,0.050708
08:28:13,0.312718
08:28:14,0.005982
08:28:14,0.11507
08:28:14,-0.087126
08:28:14,0.168095
08:28:14,-0.084514
08:28:14,0.054705
08:28:14,-0.031731
08:28:14,0.054241
08:28:14,-0.028176
08:28:14,-0.09471
08:28:15,-0.032591
08:28:15,0.18499
08:28:15,0.056073
08:28:15,-0.154662
08:28:15,0.131446
08:28:15,-0.106982
08:28:15,0.089203
08:28:15,0.06638
08:28:15,0.073957
08:28:15,0.222383
08:28:16,-0.099437
08:28:16,0.073295
08:28:16,0.151151
08:28:16,-0.077201
08:28:16,-0.08949
08:28:16,-0.034463
08:28:16,0.038968
08:28:16,-0.169257
08:28:16,0.066168
08:28:16,-0.169006
08:28:17,0.1552
08:28:17,0.061652
08:28:17,0.229577
08:28:17,0.080254
08:28:17,-0.036571
08:28:17,-0.095841
08:28:17,0.028667
08:28:17,-0.00363
08:28:17,0.142337
08:28:17,-0.111434
08:28:18,0.242508
08:28:18,0.152973
08:28:18,-0.024423
08:28:18,0.215739
08:28:18,-0.093975
08:28:18,0.024671
08:28:18,-0.153177
08:28:18,0.221588
08:28:18,-0.197686
08:28:18,-0.172853
08:28:19,-0.076166
08:28:19,0.158679
08:28:19,0.114581
08:28:19,0.014646
08:28:19,0.122271
08:28:19,-0.01385
08:28:19,0.050691
08:28:19,0.198207
08:28:19,-0.029594
08:28:19,-0.091965
08:28:20,0.056445
08:28:20,0.088833
08:28:20,0.013254
08:28:20,0.120406
08:28:20,-0.024151
08:28:20,0.015306
08:28:20,0.044949
08:28:20,0.034483
08:28:20,0.193593
08:28:20,0.044347
08:28:21,-0.036468
08:28:21,0.063358
08:28:21,0.121062
08:28:21,0.092908
08:28:21,0.086257
08:28:21,-0.179766
08:28:21,-0.299102
08:28:21,0.153032
08:28:21,0.052663
08:28:21,-0.002589
08:28:22,0.083318
08:28:22,0.231277
08:28:22,0.169624
08:28:22,0.115466
08:28:22,-0.106407
08:28:22,-0.090815
08:28:22,-0.286369
08:28:22,0.076022
08:28:22,0.133035
08:28:22,0.142821
08:28:23,0.081052
08:28:23,-0.018488
08:28:23,-0.067713
08:28:23,-0.099044
08:28:23,-0.019611
08:28:23,-0.117339
08:28:23,0.210714
08:28:23,-0.156285
08:28:23,-0.023646
08:28:23,-0.232346
08:28:24,0.035587
08:28:24,-0.000286
08:28:24,-0.042815
08:28:24,-0.111934
08:28:24,0.000295
08:28:24,-0.065335
08:28:24,-0.016424
08:28:24,0.234892
08:28:24,0.020661
08:28:24,0.063944
08:28:25,-0.055736
08:28:25,-0.094132
08:28:25,-0.002755
08:28:25,0.300471
08:28:25,-0.034491
08:28:25,0.043373
08:28:25,-0.099408
08:28:25,-0.330633
08:28:25,-0.09478
08:28:25,0.285685
08:28:26,0.071447
08:28:26,0.196911
08:28:26,-0.041727
08:28:26,-0.28282
08:28:26,-0.133045
08:28:26,0.047643
08:28:26,0.028514
08:28:26,-0.001251
08:28:26,-0.06363
08:28:26,0.112766
08:28:27,-0.060162
08:28:27,0.036938
08:28:27,0.023439
08:28:27,-0.04422
08:28:27,-0.105756
08:28:27,-0.05128
08:28:27,0.224835
08:28:27,0.133494
08:28:27,0.122447
08:28:27,-0.094376
08:28:28,-0.172523
08:28:28,0.131579
08:28:28,0.108572
08:28:28,0.01647
08:28:28,-0.044465
08:28:28,-0.175673
08:28:28,0.104088
08:28:28,0.142336
08:28:28,-0.081491
08:28:28,-0.091512
08:28:29,0.148927
08:28:29,-0.077024
08:28:29,0.213487
08:28:29,-0.013086
08:28:29,-0.046387
08:28:29,0.005413
08:28:29,-0.046396
08:28:29,0.135145
08:28:29,0.106297
08:28:29,0.130573
08:28:30,0.022142
08:28:30,-0.054763
08:28:30,-0.001088
08:28:30,-0.051084
08:28:30,0.175992
08:28:30,0.120273
08:28:30,-0.010983
08:28:30,-0.111177
08:28:30,0.184901
08:28:30,0.016402
08:28:31,-0.01562
08:28:31,0.185958
08:28:31,-0.061194
08:28:31,-0.038271
08:28:31,-0.027691
08:28:31,-0.157988
08:28:31,0.037888
08:28:31,-0.091481
08:28:31,-0.068487
08:28:31,-0.084532
08:28:32,-0.070448
08:28:32,-0.10067
08:28:32,0.029666
08:28:32,-0.018671
08:28:32,0.005761
08:28:32,0.282455
08:28:32,-0.018667
08:28:32,0.072594
08:28:32,0.08625
08:28:32,-0.007543
08:28:33,0.032856
08:28:33,0.002484
08:28:33,0.024307
08:28:33,-0.070382
08:28:33,-0.059305
08:28:33,0.002031
08:28:33,-0.236628
08:28:33,0.179529
08:28:33,0.259303
08:28:33,0.020442
08:28:34,0.079856
08:28:34,0.129727
08:28:34,-0.15896
08:28:34,0.111393
08:28:34,-0.051173
08:28:34,0.274887
08:28:34,-0.022591
08:28:34,0.108982
08:28:34,-0.02141
08:28:34,0.263603
08:28:35,-0.061482
08:28:35,0.139811
08:28:35,0.075201
08:28:35,0.048517
08:28:35,0.027481
08:28:35,-0.080042
08:28:35,-0.310327
08:28:35,0.128927
08:28:35,-0.058661
08:28:35,0.140352
08:28:36,0.042204
08:28:36,0.144031
08:28:36,0.096227
08:28:36,-0.295763
08:28:36,0.073787
08:28:36,-0.041241
08:28:36,0.139801
08:28:36,0.070945
08:28:36,0.072356
08:28:36,-0.032669
08:28:37,-0.109513
08:28:37,-0.051946
08:28:37,-0.215987
08:28:37,-0.070841
08:28:37,-0.175699
08:28:37,-0.172529
08:28:37,0.013977
08:28:37,0.064086
08:28:37,-0.003815
08:28:37,-0.059855
08:28:38,-0.113689
08:28:38,-0.038063
08:28:38,-0.098667
08:28:38,-0.00754
08:28:38,-0.182584
08:28:38,0.084158
08:28:38,-0.068044
08:28:38,0.045151
08:28:38,0.106467
08:28:38,0.039345
08:28:39,0.095895
08:28:39,-0.247997
08:28:39,-0.059143
08:28:39,0.132369
08:28:39,0.061108
08:28:39,0.221816
08:28:39,0.204526
08:28:39,0.035951
08:28:39,-0.030237
08:28:39,-0.115013
08:28:40,-0.057097
08:28:40,-0.04899
08:28:40,-0.07119
08:28:40,-0.110201
08:28:40,0.048189
08:28:40,0.203597
08:28:40,0.111991
08:28:40,-0.03869
08:28:40,0.121683
08:28:40,0.041598
08:28:41,-0.004885
08:28:41,-0.012375
08:28:41,-0.023993
08:28:41,0.078128
08:28:41,0.01676
08:28:41,-0.087411
08:28:41,-0.093222
08:28:41,0.036708
08:28:41,0.051438
08:28:41,-0.037576
08:28:42,-0.135841
08:28:42,0.150116
08:28:42,0.124633
08:28:42,-0.238485
08:28:42,0.16075
08:28:42,-0.025077
08:28:42,0.022798
08:28:42,0.136587
08:28:42,0.198305
08:28:42,0.120344
08:28:43,0.028924
08:28:43,-0.165077
08:28:43,-0.243148
08:28:43,0.105379
08:28:43,0.161044
08:28:43,-0.097757
08:28:43,-0.032374
08:28:43,-0.066872
08:28:43,-0.070068
08:28:43,0.128995
08:28:44,0.026205
08:28:44,-0.027501
08:28:44,0.318902
08:28:44,-0.172131
08:28:44,0.065749
08:28:44,-0.125877
08:28:44,-0.018892
08:28:44,0.017837
08:28:44,0.101351
08:28:44,-0.031342
08:28:45,-0.044034
08:28:45,-0.03349
08:28:45,-0.129594
08:28:45,0.075877
08:28:45,0.03376
08:28:45,0.05222
08:28:45,-0.008345
08:28:45,-0.023145
08:28:45,0.141072
08:28:45,0.122614
08:28:46,0.169776
08:28:46,0.044711
08:28:46,0.16232
08:28:46,-0.04993
08:28:46,-0.024102
08:28:46,0.143412
08:28:46,0.101211
08:28:46,-0.034854
08:28:46,-0.125551
08:28:46,-0.024476
08:28:47,-0.082184
08:28:47,0.20694
08:28:47,0.091205
08:28:47,-0.091911
08:28:47,-0.125399
08:28:47,-0.093398
08:28:47,-0.067059
08:28:47,-0.020004
08:28:47,0.133746
08:28:47,-0.115982
08:28:48,0.274744
08:28:48,-0.113196
08:28:48,-0.169086
08:28:48,0.202597
08:28:48,0.158551
08:28:48,-0.021882
08:28:48,0.04576
08:28:48,0.048788
08:28:48,0.016405
08:28:48,-0.155578
08:28:49,-0.297836
08:28:49,-0.101367
08:28:49,0.217939
08:28:49,0.22265
08:28:49,-0.03142
08:28:49,-0.114956
08:28:49,0.033375
08:28:49,0.052678
08:28:49,0.072086
08:28:49,-0.303243
08:28:50,0.378931
08:28:50,0.135897
08:28:50,-0.023744
08:28:50,-0.086217
08:28:50,0.118477
08:28:50,0.059447
08:28:50,0.011058
08:28:50,0.055
08:28:50,-0.013526
08:28:50,0.048223
08:28:51,0.087164
08:28:51,0.041198
08:28:51,0.034911
08:28:51,0.167143
08:28:51,-0.191653
08:28:51,-0.095746
08:28:51,0.003187
08:28:51,-0.087584
08:28:51,-0.047524
08:28:51,0.154529
08:28:52,-0.017877
08:28:52,-0.219505
08:28:52,-0.050801
08:28:52,0.006974
08:28:52,0.004763
08:28:52,0.066724
08:28:52,0.056927
08:28:52,-0.016659
08:28:52,-0.143165
08:28:52,-0.052937
08:28:53,-0.074733
08:28:53,-0.034212
08:28:53,0.08294
08:28:53,0.048492
08:28:53,0.098881
08:28:53,-0.04609
08:28:53,0.181003
08:28:53,0.080741
08:28:53,0.013468
08:28:53,0.072402
08:28:54,-0.081091
08:28:54,-0.253051
08:28:54,-0.072804
08:28:54,0.089695
08:28:54,0.009626
08:28:54,-0.01642
08:28:54,-0.101741
08:28:54,-0.234699
08:28:54,0.170981
08:28:54,-0.024947
08:28:55,-0.051545
08:28:55,-0.080598
08:28:55,0.150543
08:28:55,0.105762
08:28:55,-0.116069
08:28:55,0.139745
08:28:55,-0.017408
08:28:55,-0.073265
08:28:55,-0.035233
08:28:55,-0.093996
08:28:56,-0.158505
08:28:56,0.093136
08:28:56,-0.026485
08:28:56,0.074065
08:28:56,0.034466
08:28:56,0.065825
08:28:56,-0.245518
08:28:56,-0.104011
08:28:56,0.068324
08:28:56,-0.15298
08:28:57,0.044768
08:28:57,-0.166885
08:28:57,0.001973
08:28:57,0.193199
08:28:57,0.092952
08:28:57,-0.222089
08:28:57,0.101805
08:28:57,0.218669
08:28:57,0.335642
08:28:57,0.057009
08:28:58,-0.16373
08:28:58,0.052161
08:28:58,0.191524
08:28:58,-0.022451
08:28:58,0.125173
08:28:58,-0.100752
08:28:58,0.044682
08:28:58,-0.29875
08:28:58,-0.11404
08:28:58,-0.000734
08:28:59,-0.043603
08:28:59,-0.156074
08:28:59,-0.059959
08:28:59,0.039559
08:28:59,-0.010347
08:28:59,0.007313
08:28:59,0.087836
08:28:59,-0.04118
08:28:59,0.163101
08:28:59,-0.118713
08:29:00,0.23136
08:29:00,0.133565
08:29:00,-0.04272
08:29:00,-0.034718
08:29:00,0.024808
08:29:00,0.071841
08:29:00,0.131346
08:29:00,-0.160871
08:29:00,0.052493
08:29:00,-0.253982
08:29:01,-0.021276
08:29:01,0.17447
08:29:01,-0.170113
08:29:01,-0.191909
08:29:01,0.026495
08:29:01,0.166491
08:29:01,0.039047
08:29:01,-0.228554
08:29:01,-0.201975
08:29:01,0.01173
08:29:02,-0.141509
08:29:02,0.016402
08:29:02,0.023519
08:29:02,-0.058771
08:29:02,0.217771
08:29:02,0.070856
08:29:02,0.145391
08:29:02,0.11047
08:29:02,-0.018009
08:29:02,-0.023334
08:29:03,-0.035714
08:29:03,0.081732
08:29:03,-0.078044
08:29:03,0.207004
08:29:03,-0.089504
08:29:03,0.025737
08:29:03,-0.02749
08:29:03,-0.054095
08:29:03,0.260682
08:29:03,-0.052687
08:29:04,-0.036567
08:29:04,-0.079696
08:29:04,0.004925
08:29:04,-0.012157
08:29:04,-0.13431
08:29:04,-0.050924
08:29:04,0.073162
08:29:04,0.123238
08:29:04,0.00288
08:29:04,0.007079
08:29:05,-0.043319
08:29:05,-0.060293
08:29:05,-0.110349
08:29:05,-0.186798
08:29:05,-0.084294
08:29:05,0.108486
08:29:05,-0.05093
08:29:05,-0.041522
08:29:05,-0.043858
08:29:05,0.149365
08:29:06,-0.111406
08:29:06,0.033246
08:29:06,-0.008216
08:29:06,0.008151
08:29:06,0.029322
08:29:06,0.00686
08:29:06,0.095163
08:29:06,-0.003511
08:29:06,0.209325
08:29:06,0.005338
08:29:07,-0.204416
08:29:07,0.076597
08:29:07,0.047052
08:29:07,0.003905
08:29:07,-0.031149
08:29:07,-0.253754
08:29:07,-0.233621
08:29:07,0.197702
08:29:07,-0.07026
08:29:07,0.115874
08:29:08,-0.192364
08:29:08,-0.125623
08:29:08,0.081437
08:29:08,-0.0123
08:29:08,0.06452
08:29:08,-0.001636
08:29:08,-0.024921
08:29:08,-0.081605
08:29:08,-0.14328
08:29:08,0.168324
08:29:09,0.188077
08:29:09,-0.124644
08:29:09,-0.132489
08:29:09,-0.041733
08:29:09,0.040852
08:29:09,-0.021818
08:29:09,0.059942
08:29:09,-0.00591
08:29:09,-0.013756
08:29:09,0.289569
08:29:10,-0.063024
08:29:10,0.196794
08:29:10,0.173624
08:29:10,0.060491
08:29:10,-0.231136
08:29:10,0.003727
08:29:10,-0.061763
08:29:10,0.002411
08:29:10,-0.127556
08:29:10,0.090751
08:29:11,0.118198
08:29:11,0.140403
08:29:11,-0.045861
08:29:11,-0.127131
08:29:11,0.042202
08:29:11,0.210729
08:29:11,0.008327
08:29:11,0.054276
08:29:11,-0.028191
08:29:11,-0.060416
08:29:12,0.078993
08:29:12,-0.012728
08:29:12,0.048423
08:29:12,0.060901
08:29:12,0.041702
08:29:12,0.066943
08:29:12,-0.102361
08:29:12,-0.109684
08:29:12,-0.005115
08:29:12,-0.002227
08:29:13,-0.062679
08:29:13,0.02892
08:29:13,0.108986
08:29:13,0.142501
08:29:13,0.169471
08:29:13,-0.157776
08:29:13,-0.13956
08:29:13,-0.034757
08:29:13,0.009634
08:29:13,-0.02861
08:29:14,-0.066317
08:29:14,-0.03653
08:29:14,0.057998
08:29:14,-0.159555
08:29:14,0.281203
08:29:14,0.002519
08:29:14,0.126102
08:29:14,-0.069601
08:29:14,0.068922
08:29:14,0.012011
08:29:15,0.102817
08:29:15,-0.023838
08:29:15,0.186188
08:29:15,-0.179047
08:29:15,0.113925
08:29:15,0.014246
08:29:15,-0.122199
08:29:15,0.234248
08:29:15,0.221844
08:29:15,-0.248864
08:29:16,0.021214
08:29:16,0.08468
08:29:16,0.053005
08:29:16,0.181864
08:29:16,0.156916
08:29:16,0.031822
08:29:16,0.273252
08:29:16,0.112422
08:29:16,-0.04217
08:29:16,-0.066282
08:29:17,0.149201
08:29:17,-0.095155
08:29:17,-0.049169
08:29:17,-0.028749
08:29:17,0.042678
08:29:17,-0.023215
08:29:17,-0.158037
08:29:17,0.13945
08:29:17,-0.048528
08:29:17,0.242392
08:29:18,0.036479
08:29:18,0.152065
08:29:18,0.075703
08:29:18,0.157807
08:29:18,0.068441
08:29:18,0.02822
08:29:18,0.131188
08:29:18,0.298317
08:29:18,-0.032376
08:29:18,0.095391
08:29:19,-0.000629
08:29:19,0.060727
08:29:19,0.005059
08:29:19,-0.258929
08:29:19,-0.024022
08:29:19,0.119947
08:29:19,-0.091825
08:29:19,0.110514
08:29:19,0.022033
08:29:19,-0.022979
08:29:20,0.108698
08:29:20,0.081724
08:29:20,0.050466
08:29:20,0.121908
08:29:20,0.024372
08:29:20,-0.19736
08:29:20,-0.045375
08:29:20,-0.216528
08:29:20,0.078884
08:29:20,0.107544
08:29:21,0.113004
08:29:21,0.058691
08:29:21,0.116151
08:29:21,-0.189192
08:29:21,-0.012908
08:29:21,-0.16979
08:29:21,-0.043
08:29:21,0.19395
08:29:21,0.131188
08:29:21,0.079474
08:29:22,-0.021794
08:29:22,-0.119231
08:29:22,0.022443
08:29:22,0.133281
08:29:22,0.049185
08:29:22,-0.190283
08:29:22,0.012553
08:29:22,-0.229599
08:29:22,0.096502
08:29:22,-0.083161
08:29:23,-0.146775
08:29:23,0.098152
08:29:23,0.067125
08:29:23,0.027888
08:29:23,0.263005
08:29:23,0.0762
08:29:23,-0.077395
08:29:23,0.062304
08:29:23,-0.034329
08:29:23,0.152011
08:29:24,0.033717
08:29:24,0.045591
08:29:24,-0.173084
08:29:24,0.007362
08:29:24,-0.006752
08:29:24,-0.122906
08:29:24,-0.02658
08:29:24,0.05229
08:29:24,-0.000522
08:29:24,-0.169452
08:29:25,-0.032786
08:29:25,-0.056163
08:29:25,0.023222
08:29:25,0.010264
08:29:25,-0.049394
08:29:25,-0.05408
08:29:25,0.008067
08:29:25,0.115557
08:29:25,0.033437
08:29:25,0.170768
08:29:26,0.135983
08:29:26,0.179602
08:29:26,0.164235
08:29:26,0.187554
08:29:26,-0.138377
08:29:26,0.077691
08:29:26,0.146198
08:29:26,0.167883
08:29:26,-0.092486
08:29:26,0.078886
08:29:27,0.009024
08:29:27,0.221647
08:29:27,-0.166475
08:29:27,-0.092315
08:29:27,-0.217276
08:29:27,0.017354
08:29:27,0.271661
08:29:27,-0.005321
08:29:27,0.012124
08:29:27,0.066029
08:29:28,-0.013955
08:29:28,0.043923
08:29:28,0.047065
08:29:28,-0.101467
08:29:28,-0.011286
08:29:28,0.089032
08:29:28,0.111429
08:29:28,0.15582
08:29:28,0.040252
08:29:28,0.042694
08:29:29,0.090022
08:29:29,-0.071372
08:29:29,-0.076293
08:29:29,-0.014976
08:29:29,-0.153002
08:29:29,0.048828
08:29:29,0.12589
08:29:29,-0.085205
08:29:29,0.052218
08:29:29,-0.075496
08:29:30,-0.121989
08:29:30,0.246667
08:29:30,-0.120268
08:29:30,-0.153518
08:29:30,0.025766
08:29:30,0.032223
08:29:30,0.080068
08:29:30,0.240147
08:29:30,-0.093256
08:29:30,-0.069412
08:29:31,0.193057
08:29:31,0.112695
08:29:31,0.09601
08:29:31,-0.070784
08:29:31,0.135107
08:29:31,0.096382
08:29:31,0.022744
08:29:31,-0.070191
08:29:31,0.012803
08:29:31,0.197818
08:29:32,-0.131276
08:29:32,-0.095976
08:29:32,-0.075336
08:29:32,-0.049299
08:29:32,-0.001888
08:29:32,0.115029
08:29:32,0.05537
08:29:32,0.007301
08:29:32,0.033239
08:29:32,0.074879
08:29:33,-0.201805
08:29:33,0.12859
08:29:33,-0.09917
08:29:33,-0.053221
08:29:33,0.040852
08:29:33,-0.009049
08:29:33,0.058432
08:29:33,0.017019
08:29:33,-0.03472
08:29:33,0.183451
08:29:34,0.084968
08:29:34,0.036254
08:29:34,0.083102
08:29:34,-0.08464
08:29:34,0.260973
08:29:34,-0.130516
08:29:34,0.01358
08:29:34,-0.034371
08:29:34,-0.03893
08:29:34,-0.054511
08:29:35,-0.092605
08:29:35,0.142601
08:29:35,-0.144564
08:29:35,0.118028
08:29:35,0.077825
08:29:35,-0.045707
08:29:35,0.063913
08:29:35,-0.018948
08:29:35,-0.132121
08:29:35,-0.130852
08:29:36,0.078653
08:29:36,0.072428
08:29:36,0.029041
08:29:36,-0.046982
08:29:36,-0.022852
08:29:36,-0.039066
08:29:36,-0.209633
08:29:36,0.00735
08:29:36,0.062695
08:29:36,0.008113
08:29:37,0.212298
08:29:37,-0.120547
08:29:37,-0.079332
08:29:37,0.015962
08:29:37,0.029252
08:29:37,-0.228145
08:29:37,0.072324
08:29:37,0.029798
08:29:37,-0.254327
08:29:37,-0.014005
08:29:38,-0.097025
08:29:38,-0.054399
08:29:38,-0.160572
08:29:38,0.049943
08:29:38,0.211413
08:29:38,0.031803
08:29:38,-0.259126
08:29:38,0.034272
08:29:38,-0.023357
08:29:38,-0.132122
08:29:39,0.042435
08:29:39,0.105572
08:29:39,-0.080219
08:29:39,-0.197248
08:29:39,-0.241401
08:29:39,-0.079882
08:29:39,-0.01866
08:29:39,-0.061921
08:29:39,-0.081994
08:29:39,0.068148
08:29:40,0.055539
08:29:40,0.023951
08:29:40,0.097979
08:29:40,-0.078757
08:29:40,-0.131347
08:29:40,-0.06268
08:29:40,-0.070956
08:29:40,-0.246155
08:29:40,-0.065468
08:29:40,0.132582
08:29:41,0.096102
08:29:41,0.063022
08:29:41,0.015794
08:29:41,0.173868
08:29:41,-0.12722
08:29:41,-0.115779
08:29:41,0.134915
08:29:41,0.003313
08:29:41,-0.080541
08:29:41,0.066231
08:29:42,-0.052616
08:29:42,-0.100503
08:29:42,-0.103842
08:29:42,0.038586
08:29:42,0.024698
08:29:42,0.18201
08:29:42,-0.034811
08:29:42,-0.036858
08:29:42,0.172756
08:29:42,0.118278
08:29:43,0.017388
08:29:43,-0.187322
08:29:43,-0.097423
08:29:43,-0.126491
08:29:43,0.004374
08:29:43,-0.061001
08:29:43,0.192349
08:29:43,-0.188572
08:29:43,-0.139361
08:29:43,0.029355
08:29:44,0.062572
08:29:44,-0.310456
08:29:44,-0.208249
08:29:44,-0.031632
08:29:44,0.162725
08:29:44,0.226531
08:29:44,-0.04974
08:29:44,-0.020478
08:29:44,-0.100424
08:29:44,0.075985
08:29:45,0.183424
08:29:45,0.150722
08:29:45,-0.00348
08:29:45,-0.100624
08:29:45,0.000984
08:29:45,0.165694
08:29:45,-0.048062
08:29:45,-0.217851
08:29:45,-0.043201
08:29:45,-0.033483
08:29:46,-0.218556
08:29:46,0.027844
08:29:46,0.060721
08:29:46,0.223187
08:29:46,-0.159885
08:29:46,0.087663
08:29:46,0.11602
08:29:46,0.062355
08:29:46,-0.120816
08:29:46,-0.127791
08:29:47,0.011664
08:29:47,0.010821
08:29:47,-0.067132
08:29:47,0.154996
08:29:47,-0.04809
08:29:47,-0.227244
08:29:47,-0.026887
08:29:47,0.057633
08:29:47,0.041035
08:29:47,0.040107
08:29:48,0.179279
08:29:48,-0.133775
08:29:48,-0.050845
08:29:48,0.185406
08:29:48,-0.236082
08:29:48,-0.006443
08:29:48,0.147471
08:29:48,0.145682
08:29:48,0.079214
08:29:48,0.082253
08:29:49,-0.124923
08:29:49,0.164781
08:29:49,-0.144007
08:29:49,-0.13685
08:29:49,0.046545
08:29:49,-0.059162
08:29:49,0.024804
08:29:49,0.051692
08:29:49,0.213373
08:29:49,0.052047
08:29:50,-0.074224
08:29:50,0.081179
08:29:50,-0.099811
08:29:50,0.109579
08:29:50,0.007755
08:29:50,0.048065
08:29:50,-0.213678
08:29:50,-0.270089
08:29:50,-0.180171
08:29:50,0.209493
08:29:51,-0.137779
08:29:51,0.087877
08:29:51,-0.077029
08:29:51,-0.028804
08:29:51,-0.005366
08:29:51,0.197253
08:29:51,0.070141
08:29:51,0.046204
08:29:51,0.155604
08:29:51,-0.075984
08:29:52,0.128201
08:29:52,0.108156
08:29:52,0.106788
08:29:52,-0.018602
08:29:52,-0.052478
08:29:52,-0.104379
08:29:52,-0.096862
08:29:52,-0.110042
08:29:52,0.044022
08:29:52,-0.0274
08:29:53,0.051768
08:29:53,0.058546
08:29:53,-0.127171
08:29:53,-0.130772
08:29:53,-0.027439
08:29:53,-0.093014
08:29:53,-0.105649
08:29:53,0.203482
08:29:53,-0.184003
08:29:53,0.242768
08:29:54,0.034665
08:29:54,0.118349
08:29:54,0.1042
08:29:54,0.074035
08:29:54,0.19942
08:29:54,-0.12989
08:29:54,-0.018765
08:29:54,-0.102342
08:29:54,-0.20353
08:29:54,-0.079349
08:29:55,0.224706
08:29:55,-0.020816
08:29:55,0.238022
08:29:55,0.250299
08:29:55,0.359416
08:29:55,0.228659
08:29:55,0.282976
08:29:55,0.03902
08:29:55,0.027399
08:29:55,0.035381
08:29:56,7e-06
08:29:56,0.01796
08:29:56,0.090262
08:29:56,-0.055898
08:29:56,-0.165315
08:29:56,0.043634
08:29:56,-0.083137
08:29:56,-0.070713
08:29:56,-0.01713
08:29:56,-0.044657
08:29:57,0.133205
08:29:57,-0.020009
08:29:57,0.139254
08:29:57,0.024722
08:29:57,-0.010623
08:29:57,0.018986
08:29:57,-0.154996
08:29:57,0.040569
08:29:57,0.101903
08:29:57,0.118902
08:29:58,-0.162261
08:29:58,-0.182278
08:29:58,-0.064418
08:29:58,0.166159
08:29:58,0.026517
08:29:58,-0.092963
08:29:58,-0.174353
08:29:58,-0.082079
08:29:58,-0.090186
08:29:58,0.112274
08:29:59,0.121505
08:29:59,-0.125988
08:29:59,0.09038
08:29:59,0.078091
08:29:59,-0.141562
08:29:59,-0.010058
08:29:59,0.040898
08:29:59,0.019588
08:29:59,-0.205265
08:29:59,0.015742
